{
    "acc1": 0.723783960245203,
    "acc5": [
        0.9419275272951504
    ],
    "mean_per_class_recall": 0.7105083960379242,
    "classification_report": {
        "0": {
            "precision": 0.4269005847953216,
            "recall": 0.19109947643979058,
            "f1-score": 0.2640144665461121,
            "support": 382.0
        },
        "1": {
            "precision": 0.533724340175953,
            "recall": 0.2940226171243942,
            "f1-score": 0.37916666666666665,
            "support": 619.0
        },
        "2": {
            "precision": 0.7686274509803922,
            "recall": 0.9074074074074074,
            "f1-score": 0.832271762208068,
            "support": 432.0
        },
        "3": {
            "precision": 0.856020942408377,
            "recall": 0.9575402635431918,
            "f1-score": 0.9039391845196959,
            "support": 683.0
        },
        "4": {
            "precision": 0.9605263157894737,
            "recall": 0.8588235294117647,
            "f1-score": 0.906832298136646,
            "support": 680.0
        },
        "5": {
            "precision": 0.8032786885245902,
            "recall": 0.45161290322580644,
            "f1-score": 0.5781710914454278,
            "support": 434.0
        },
        "6": {
            "precision": 0.6134585289514867,
            "recall": 0.9311163895486936,
            "f1-score": 0.7396226415094339,
            "support": 421.0
        },
        "7": {
            "precision": 0.358974358974359,
            "recall": 0.32558139534883723,
            "f1-score": 0.34146341463414637,
            "support": 430.0
        },
        "8": {
            "precision": 0.8712273641851107,
            "recall": 0.8712273641851107,
            "f1-score": 0.8712273641851107,
            "support": 497.0
        },
        "9": {
            "precision": 0.7254901960784313,
            "recall": 0.581151832460733,
            "f1-score": 0.6453488372093024,
            "support": 382.0
        },
        "10": {
            "precision": 0.8224101479915433,
            "recall": 0.8702460850111857,
            "f1-score": 0.8456521739130435,
            "support": 447.0
        },
        "11": {
            "precision": 0.8528735632183908,
            "recall": 0.9004854368932039,
            "f1-score": 0.8760330578512396,
            "support": 412.0
        },
        "12": {
            "precision": 0.5031645569620253,
            "recall": 0.5688729874776386,
            "f1-score": 0.5340050377833753,
            "support": 559.0
        },
        "13": {
            "precision": 0.5809312638580931,
            "recall": 0.6405867970660146,
            "f1-score": 0.6093023255813953,
            "support": 409.0
        },
        "14": {
            "precision": 0.9668874172185431,
            "recall": 0.8390804597701149,
            "f1-score": 0.8984615384615384,
            "support": 522.0
        },
        "15": {
            "precision": 0.5825545171339563,
            "recall": 0.6862385321100918,
            "f1-score": 0.6301600673967986,
            "support": 545.0
        },
        "16": {
            "precision": 0.7065217391304348,
            "recall": 0.1790633608815427,
            "f1-score": 0.2857142857142857,
            "support": 363.0
        },
        "17": {
            "precision": 0.3087797619047619,
            "recall": 0.7293497363796133,
            "f1-score": 0.43387349712493467,
            "support": 569.0
        },
        "18": {
            "precision": 0.5655172413793104,
            "recall": 0.3166023166023166,
            "f1-score": 0.40594059405940597,
            "support": 518.0
        },
        "19": {
            "precision": 0.7276264591439688,
            "recall": 0.82560706401766,
            "f1-score": 0.7735263702171665,
            "support": 453.0
        },
        "20": {
            "precision": 0.8763157894736842,
            "recall": 0.8430379746835444,
            "f1-score": 0.8593548387096774,
            "support": 395.0
        },
        "21": {
            "precision": 0.6924265842349304,
            "recall": 0.7272727272727273,
            "f1-score": 0.7094220110847189,
            "support": 616.0
        },
        "22": {
            "precision": 0.7703826955074875,
            "recall": 0.8638059701492538,
            "f1-score": 0.8144239226033422,
            "support": 536.0
        },
        "23": {
            "precision": 0.8629579375848032,
            "recall": 0.9271137026239067,
            "f1-score": 0.8938861560084329,
            "support": 686.0
        },
        "24": {
            "precision": 0.7901701323251418,
            "recall": 0.9565217391304348,
            "f1-score": 0.865424430641822,
            "support": 437.0
        },
        "25": {
            "precision": 0.5777777777777777,
            "recall": 0.5168195718654435,
            "f1-score": 0.5456012913640033,
            "support": 654.0
        },
        "26": {
            "precision": 0.9087018544935807,
            "recall": 0.9191919191919192,
            "f1-score": 0.9139167862266858,
            "support": 693.0
        },
        "27": {
            "precision": 0.6146272855133614,
            "recall": 0.617231638418079,
            "f1-score": 0.6159267089499648,
            "support": 708.0
        },
        "28": {
            "precision": 0.7549194991055456,
            "recall": 0.8846960167714885,
            "f1-score": 0.8146718146718147,
            "support": 477.0
        },
        "29": {
            "precision": 0.8747390396659708,
            "recall": 0.7429078014184397,
            "f1-score": 0.8034515819750719,
            "support": 564.0
        },
        "30": {
            "precision": 0.4927536231884058,
            "recall": 0.6481802426343154,
            "f1-score": 0.5598802395209581,
            "support": 577.0
        },
        "31": {
            "precision": 0.5873983739837398,
            "recall": 0.613588110403397,
            "f1-score": 0.6002076843198338,
            "support": 471.0
        },
        "32": {
            "precision": 0.8199513381995134,
            "recall": 0.8209500609013398,
            "f1-score": 0.8204503956177723,
            "support": 821.0
        },
        "33": {
            "precision": 0.8565965583173997,
            "recall": 0.6818873668188736,
            "f1-score": 0.7593220338983051,
            "support": 657.0
        },
        "34": {
            "precision": 0.8562874251497006,
            "recall": 0.7743682310469314,
            "f1-score": 0.8132701421800947,
            "support": 554.0
        },
        "35": {
            "precision": 0.8186813186813187,
            "recall": 0.7174959871589085,
            "f1-score": 0.7647562018819504,
            "support": 623.0
        },
        "36": {
            "precision": 0.803921568627451,
            "recall": 0.7376311844077961,
            "f1-score": 0.7693510555121188,
            "support": 667.0
        },
        "37": {
            "precision": 0.9437819420783645,
            "recall": 0.869701726844584,
            "f1-score": 0.9052287581699346,
            "support": 637.0
        },
        "38": {
            "precision": 0.8711180124223602,
            "recall": 0.9639175257731959,
            "f1-score": 0.9151712887438825,
            "support": 582.0
        },
        "39": {
            "precision": 0.839607201309329,
            "recall": 0.7978227060653188,
            "f1-score": 0.8181818181818182,
            "support": 643.0
        },
        "40": {
            "precision": 0.7238805970149254,
            "recall": 0.6006191950464397,
            "f1-score": 0.6565143824027073,
            "support": 646.0
        },
        "41": {
            "precision": 0.8299445471349353,
            "recall": 0.8408239700374532,
            "f1-score": 0.8353488372093023,
            "support": 534.0
        },