{
    "acc1": 0.6317137394942828,
    "acc5": [
        0.8494030227608844
    ],
    "mean_per_class_recall": 0.6473237713744505,
    "classification_report": {
        "0": {
            "precision": 0.49079754601226994,
            "recall": 0.9070294784580499,
            "f1-score": 0.6369426751592356,
            "support": 441.0
        },
        "1": {
            "precision": 0.7824074074074074,
            "recall": 0.4482758620689655,
            "f1-score": 0.5699831365935919,
            "support": 377.0
        },
        "2": {
            "precision": 0.5520833333333334,
            "recall": 0.8582995951417004,
            "f1-score": 0.6719492868462758,
            "support": 494.0
        },
        "3": {
            "precision": 0.704225352112676,
            "recall": 0.9516837481698389,
            "f1-score": 0.8094645080946451,
            "support": 683.0
        },
        "4": {
            "precision": 0.8407960199004975,
            "recall": 0.8125,
            "f1-score": 0.8264058679706602,
            "support": 416.0
        },
        "5": {
            "precision": 0.9250398724082934,
            "recall": 0.841799709724238,
            "f1-score": 0.8814589665653495,
            "support": 689.0
        },
        "6": {
            "precision": 0.54296875,
            "recall": 0.7700831024930748,
            "f1-score": 0.6368843069873997,
            "support": 361.0
        },
        "7": {
            "precision": 0.9393939393939394,
            "recall": 0.9035874439461884,
            "f1-score": 0.9211428571428572,
            "support": 446.0
        },
        "8": {
            "precision": 0.5238095238095238,
            "recall": 0.7575757575757576,
            "f1-score": 0.6193693693693694,
            "support": 363.0
        },
        "9": {
            "precision": 0.6754250386398764,
            "recall": 0.753448275862069,
            "f1-score": 0.7123064384678076,
            "support": 580.0
        },
        "10": {
            "precision": 0.43776824034334766,
            "recall": 0.49434571890145396,
            "f1-score": 0.464339908952959,
            "support": 619.0
        },
        "11": {
            "precision": 0.9099378881987578,
            "recall": 0.5580952380952381,
            "f1-score": 0.69185360094451,
            "support": 525.0
        },
        "12": {
            "precision": 0.6439024390243903,
            "recall": 0.7586206896551724,
            "f1-score": 0.6965699208443272,
            "support": 522.0
        },
        "13": {
            "precision": 0.5785536159600998,
            "recall": 0.9115913555992141,
            "f1-score": 0.7078565980167811,
            "support": 509.0
        },
        "14": {
            "precision": 0.9005102040816326,
            "recall": 0.812428078250863,
            "f1-score": 0.8542044767090139,
            "support": 869.0
        },
        "15": {
            "precision": 0.09071504802561366,
            "recall": 0.13911620294599017,
            "f1-score": 0.10981912144702842,
            "support": 611.0
        },
        "16": {
            "precision": 0.5718390804597702,
            "recall": 0.31240188383045525,
            "f1-score": 0.4040609137055838,
            "support": 637.0
        },
        "17": {
            "precision": 0.5,
            "recall": 0.03818953323903819,
            "f1-score": 0.07095926412614981,
            "support": 707.0
        },
        "18": {
            "precision": 0.8066860465116279,
            "recall": 0.9359190556492412,
            "f1-score": 0.8665105386416861,
            "support": 593.0
        },
        "19": {
            "precision": 0.5466417910447762,
            "recall": 0.8592375366568915,
            "f1-score": 0.6681870011402509,
            "support": 341.0
        },
        "20": {
            "precision": 0.5205843293492696,
            "recall": 0.7075812274368231,
            "f1-score": 0.5998469778117828,
            "support": 554.0
        },
        "21": {
            "precision": 0.9054373522458629,
            "recall": 0.6309719934102141,
            "f1-score": 0.7436893203883496,
            "support": 607.0
        },
        "22": {
            "precision": 0.6294642857142857,
            "recall": 0.24911660777385158,
            "f1-score": 0.3569620253164557,
            "support": 566.0
        },
        "23": {
            "precision": 0.7795484727755644,
            "recall": 0.7795484727755644,
            "f1-score": 0.7795484727755644,
            "support": 753.0
        },
        "24": {
            "precision": 0.3225806451612903,
            "recall": 0.028368794326241134,
            "f1-score": 0.05215123859191656,
            "support": 705.0
        },
        "25": {
            "precision": 0.7013996889580093,
            "recall": 0.6992248062015504,
            "f1-score": 0.7003105590062112,
            "support": 645.0
        },
        "26": {
            "precision": 0.8422496570644719,
            "recall": 0.8575418994413407,
            "f1-score": 0.8498269896193772,
            "support": 716.0
        },
        "27": {
            "precision": 0.9153605015673981,
            "recall": 0.7891891891891892,
            "f1-score": 0.8476052249637155,
            "support": 370.0
        },
        "28": {
            "precision": 0.0033444816053511705,
            "recall": 0.0021929824561403508,
            "f1-score": 0.0026490066225165563,
            "support": 912.0
        },
        "29": {
            "precision": 0.5689655172413793,
            "recall": 0.7484536082474227,
            "f1-score": 0.6464826357969724,
            "support": 485.0
        },
        "30": {
            "precision": 0.7160194174757282,
            "recall": 0.5008488964346349,
            "f1-score": 0.5894105894105894,
            "support": 589.0
        },
        "31": {
            "precision": 0.4924924924924925,
            "recall": 0.845360824742268,
            "f1-score": 0.6223908918406073,
            "support": 388.0
        },
        "32": {
            "precision": 0.8659420289855072,
            "recall": 0.5843520782396088,
            "f1-score": 0.6978102189781021,
            "support": 409.0
        },
        "33": {
            "precision": 0.2625,
            "recall": 0.08284023668639054,
            "f1-score": 0.12593703148425786,
            "support": 507.0
        },
        "34": {
            "precision": 0.8686371100164204,
            "recall": 0.9346289752650176,
            "f1-score": 0.9004255319148936,
            "support": 566.0
        },
        "35": {
            "precision": 0.2372093023255814,
            "recall": 0.09751434034416825,
            "f1-score": 0.13821138211382114,
            "support": 523.0
        },
        "36": {
            "precision": 0.8226744186046512,
            "recall": 0.8998410174880763,
            "f1-score": 0.8595292331055429,
            "support": 629.0
        },
        "37": {
            "precision": 0.6143884892086331,
            "recall": 0.869653767820774,
            "f1-score": 0.7200674536256324,
            "support": 491.0
        },
        "38": {
            "precision": 0.43509127789046653,
            "recall": 0.8125,
            "f1-score": 0.5667107001321003,
            "support": 528.0
        },
        "39": {
            "precision": 0.6102941176470589,
            "recall": 0.4715909090909091,
            "f1-score": 0.532051282051282,
            "support": 528.0
        },
        "40": {
            "precision": 0.9102564102564102,
            "recall": 0.361323155216285,
            "f1-score": 0.517304189435337,
            "support": 393.0
        },
        "41": {
            "precision": 0.928,
            "recall": 0.9456521739130435,
            "f1-score": 0.9367429340511441,
            "support": 736.0
        },