{
    "acc1": 0.7375103704505285,
    "acc5": [
        0.9387872885329871
    ],
    "mean_per_class_recall": 0.743735905997529,
    "classification_report": {
        "0": {
            "precision": 0.7972972972972973,
            "recall": 0.8027210884353742,
            "f1-score": 0.8,
            "support": 441.0
        },
        "1": {
            "precision": 0.7929515418502202,
            "recall": 0.47745358090185674,
            "f1-score": 0.5960264900662252,
            "support": 377.0
        },
        "2": {
            "precision": 0.6806853582554517,
            "recall": 0.8846153846153846,
            "f1-score": 0.7693661971830986,
            "support": 494.0
        },
        "3": {
            "precision": 0.8927576601671309,
            "recall": 0.9385065885797951,
            "f1-score": 0.9150606709493219,
            "support": 683.0
        },
        "4": {
            "precision": 0.8529411764705882,
            "recall": 0.8365384615384616,
            "f1-score": 0.8446601941747572,
            "support": 416.0
        },
        "5": {
            "precision": 0.9234167893961709,
            "recall": 0.9100145137880987,
            "f1-score": 0.9166666666666666,
            "support": 689.0
        },
        "6": {
            "precision": 0.6153846153846154,
            "recall": 0.7977839335180056,
            "f1-score": 0.6948130277442702,
            "support": 361.0
        },
        "7": {
            "precision": 0.9489559164733179,
            "recall": 0.9170403587443946,
            "f1-score": 0.9327251995438997,
            "support": 446.0
        },
        "8": {
            "precision": 0.8125,
            "recall": 0.6088154269972452,
            "f1-score": 0.6960629921259842,
            "support": 363.0
        },
        "9": {
            "precision": 0.7339743589743589,
            "recall": 0.7896551724137931,
            "f1-score": 0.760797342192691,
            "support": 580.0
        },
        "10": {
            "precision": 0.6129032258064516,
            "recall": 0.3683360258481422,
            "f1-score": 0.4601412714429869,
            "support": 619.0
        },
        "11": {
            "precision": 0.9114583333333334,
            "recall": 0.6666666666666666,
            "f1-score": 0.77007700770077,
            "support": 525.0
        },
        "12": {
            "precision": 0.6430769230769231,
            "recall": 0.8007662835249042,
            "f1-score": 0.7133105802047781,
            "support": 522.0
        },
        "13": {
            "precision": 0.7061688311688312,
            "recall": 0.8546168958742633,
            "f1-score": 0.7733333333333333,
            "support": 509.0
        },
        "14": {
            "precision": 0.8487486398258978,
            "recall": 0.8975834292289988,
            "f1-score": 0.87248322147651,
            "support": 869.0
        },
        "15": {
            "precision": 0.41960447119518485,
            "recall": 0.7986906710310966,
            "f1-score": 0.5501691093573844,
            "support": 611.0
        },
        "16": {
            "precision": 0.6529850746268657,
            "recall": 0.8241758241758241,
            "f1-score": 0.7286606523247745,
            "support": 637.0
        },
        "17": {
            "precision": 0.7282608695652174,
            "recall": 0.6633663366336634,
            "f1-score": 0.694300518134715,
            "support": 707.0
        },
        "18": {
            "precision": 0.9247863247863248,
            "recall": 0.9123102866779089,
            "f1-score": 0.9185059422750425,
            "support": 593.0
        },
        "19": {
            "precision": 0.6984478935698448,
            "recall": 0.9237536656891495,
            "f1-score": 0.7954545454545454,
            "support": 341.0
        },
        "20": {
            "precision": 0.7049504950495049,
            "recall": 0.6425992779783394,
            "f1-score": 0.67233238904627,
            "support": 554.0
        },
        "21": {
            "precision": 0.9073275862068966,
            "recall": 0.6935749588138386,
            "f1-score": 0.7861811391223156,
            "support": 607.0
        },
        "22": {
            "precision": 0.6780684104627767,
            "recall": 0.5954063604240283,
            "f1-score": 0.6340545625587959,
            "support": 566.0
        },
        "23": {
            "precision": 0.9078341013824884,
            "recall": 0.7848605577689243,
            "f1-score": 0.8418803418803419,
            "support": 753.0
        },
        "24": {
            "precision": 0.7250608272506083,
            "recall": 0.8453900709219858,
            "f1-score": 0.7806155861165684,
            "support": 705.0
        },
        "25": {
            "precision": 0.8483920367534457,
            "recall": 0.8589147286821706,
            "f1-score": 0.8536209553158706,
            "support": 645.0
        },
        "26": {
            "precision": 0.9003164556962026,
            "recall": 0.7946927374301676,
            "f1-score": 0.844213649851632,
            "support": 716.0
        },
        "27": {
            "precision": 0.8888888888888888,
            "recall": 0.8432432432432433,
            "f1-score": 0.8654646324549237,
            "support": 370.0
        },
        "28": {
            "precision": 0.47023809523809523,
            "recall": 0.08662280701754387,
            "f1-score": 0.14629629629629629,
            "support": 912.0
        },
        "29": {
            "precision": 0.5,
            "recall": 0.8597938144329897,
            "f1-score": 0.6322971948445792,
            "support": 485.0
        },
        "30": {
            "precision": 0.7588235294117647,
            "recall": 0.6570458404074703,
            "f1-score": 0.7042766151046406,
            "support": 589.0
        },
        "31": {
            "precision": 0.5804311774461028,
            "recall": 0.9020618556701031,
            "f1-score": 0.7063572149344097,
            "support": 388.0
        },
        "32": {
            "precision": 0.8389057750759878,
            "recall": 0.6748166259168704,
            "f1-score": 0.7479674796747967,
            "support": 409.0
        },
        "33": {
            "precision": 0.6432432432432432,
            "recall": 0.46942800788954636,
            "f1-score": 0.5427594070695553,
            "support": 507.0
        },
        "34": {
            "precision": 0.9163822525597269,
            "recall": 0.9487632508833922,
            "f1-score": 0.9322916666666666,
            "support": 566.0
        },
        "35": {
            "precision": 0.4304635761589404,
            "recall": 0.248565965583174,
            "f1-score": 0.3151515151515151,
            "support": 523.0
        },
        "36": {
            "precision": 0.8775510204081632,
            "recall": 0.9570747217806042,
            "f1-score": 0.9155893536121673,
            "support": 629.0
        },
        "37": {
            "precision": 0.6782884310618067,
            "recall": 0.8716904276985743,
            "f1-score": 0.7629233511586453,
            "support": 491.0
        },
        "38": {
            "precision": 0.5024154589371981,
            "recall": 0.7878787878787878,
            "f1-score": 0.6135693215339233,
            "support": 528.0
        },
        "39": {
            "precision": 0.6926713947990544,
            "recall": 0.5549242424242424,
            "f1-score": 0.6161934805467929,
            "support": 528.0
        },
        "40": {
            "precision": 0.7560321715817694,
            "recall": 0.7175572519083969,
            "f1-score": 0.7362924281984334,
            "support": 393.0
        },
        "41": {
            "precision": 0.9250985545335085,
            "recall": 0.9565217391304348,
            "f1-score": 0.9405477621910487,
            "support": 736.0
        },