{
    "acc1": 0.7403242772679459,
    "acc5": [
        0.9371395407885669
    ],
    "mean_per_class_recall": 0.7283718737423223,
    "classification_report": {
        "0": {
            "precision": 0.21649484536082475,
            "recall": 0.0549738219895288,
            "f1-score": 0.08768267223382047,
            "support": 382.0
        },
        "1": {
            "precision": 0.4695201037613489,
            "recall": 0.5848142164781907,
            "f1-score": 0.520863309352518,
            "support": 619.0
        },
        "2": {
            "precision": 0.8024948024948025,
            "recall": 0.8935185185185185,
            "f1-score": 0.8455640744797371,
            "support": 432.0
        },
        "3": {
            "precision": 0.905160390516039,
            "recall": 0.9502196193265008,
            "f1-score": 0.9271428571428572,
            "support": 683.0
        },
        "4": {
            "precision": 0.9633333333333334,
            "recall": 0.85,
            "f1-score": 0.903125,
            "support": 680.0
        },
        "5": {
            "precision": 0.8759124087591241,
            "recall": 0.5529953917050692,
            "f1-score": 0.6779661016949152,
            "support": 434.0
        },
        "6": {
            "precision": 0.7087198515769945,
            "recall": 0.9073634204275535,
            "f1-score": 0.7958333333333333,
            "support": 421.0
        },
        "7": {
            "precision": 0.3937007874015748,
            "recall": 0.3488372093023256,
            "f1-score": 0.36991368680641185,
            "support": 430.0
        },
        "8": {
            "precision": 0.8446969696969697,
            "recall": 0.89738430583501,
            "f1-score": 0.8702439024390244,
            "support": 497.0
        },
        "9": {
            "precision": 0.7674418604651163,
            "recall": 0.6047120418848168,
            "f1-score": 0.6764275256222547,
            "support": 382.0
        },
        "10": {
            "precision": 0.8438818565400844,
            "recall": 0.8948545861297539,
            "f1-score": 0.8686210640608035,
            "support": 447.0
        },
        "11": {
            "precision": 0.8344370860927153,
            "recall": 0.9174757281553398,
            "f1-score": 0.8739884393063584,
            "support": 412.0
        },
        "12": {
            "precision": 0.44653349001175086,
            "recall": 0.6797853309481217,
            "f1-score": 0.5390070921985816,
            "support": 559.0
        },
        "13": {
            "precision": 0.5877192982456141,
            "recall": 0.6552567237163814,
            "f1-score": 0.6196531791907515,
            "support": 409.0
        },
        "14": {
            "precision": 0.9700214132762313,
            "recall": 0.867816091954023,
            "f1-score": 0.916076845298281,
            "support": 522.0
        },
        "15": {
            "precision": 0.6363636363636364,
            "recall": 0.655045871559633,
            "f1-score": 0.6455696202531646,
            "support": 545.0
        },
        "16": {
            "precision": 0.5433962264150943,
            "recall": 0.39669421487603307,
            "f1-score": 0.4585987261146497,
            "support": 363.0
        },
        "17": {
            "precision": 0.40923076923076923,
            "recall": 0.7012302284710018,
            "f1-score": 0.5168393782383419,
            "support": 569.0
        },
        "18": {
            "precision": 0.6106194690265486,
            "recall": 0.666023166023166,
            "f1-score": 0.6371191135734072,
            "support": 518.0
        },
        "19": {
            "precision": 0.742,
            "recall": 0.8189845474613686,
            "f1-score": 0.7785939139559287,
            "support": 453.0
        },
        "20": {
            "precision": 0.893048128342246,
            "recall": 0.8455696202531645,
            "f1-score": 0.8686605981794538,
            "support": 395.0
        },
        "21": {
            "precision": 0.6555716353111433,
            "recall": 0.7353896103896104,
            "f1-score": 0.6931905126243305,
            "support": 616.0
        },
        "22": {
            "precision": 0.7885615251299827,
            "recall": 0.8488805970149254,
            "f1-score": 0.8176100628930818,
            "support": 536.0
        },
        "23": {
            "precision": 0.8755129958960328,
            "recall": 0.9329446064139941,
            "f1-score": 0.903316866619619,
            "support": 686.0
        },
        "24": {
            "precision": 0.7806691449814126,
            "recall": 0.9610983981693364,
            "f1-score": 0.8615384615384616,
            "support": 437.0
        },
        "25": {
            "precision": 0.5592417061611374,
            "recall": 0.5412844036697247,
            "f1-score": 0.5501165501165501,
            "support": 654.0
        },
        "26": {
            "precision": 0.8748299319727891,
            "recall": 0.9278499278499278,
            "f1-score": 0.9005602240896359,
            "support": 693.0
        },
        "27": {
            "precision": 0.5982478097622027,
            "recall": 0.6751412429378532,
            "f1-score": 0.6343729263437292,
            "support": 708.0
        },
        "28": {
            "precision": 0.7886792452830189,
            "recall": 0.8763102725366876,
            "f1-score": 0.8301886792452831,
            "support": 477.0
        },
        "29": {
            "precision": 0.9084967320261438,
            "recall": 0.7393617021276596,
            "f1-score": 0.8152492668621701,
            "support": 564.0
        },
        "30": {
            "precision": 0.5687203791469194,
            "recall": 0.6239168110918544,
            "f1-score": 0.5950413223140496,
            "support": 577.0
        },
        "31": {
            "precision": 0.6229205175600739,
            "recall": 0.7154989384288747,
            "f1-score": 0.66600790513834,
            "support": 471.0
        },
        "32": {
            "precision": 0.8210399032648126,
            "recall": 0.8270401948842875,
            "f1-score": 0.8240291262135923,
            "support": 821.0
        },
        "33": {
            "precision": 0.8327205882352942,
            "recall": 0.6894977168949772,
            "f1-score": 0.7543713572023314,
            "support": 657.0
        },
        "34": {
            "precision": 0.8599605522682445,
            "recall": 0.7870036101083032,
            "f1-score": 0.82186616399623,
            "support": 554.0
        },
        "35": {
            "precision": 0.8201438848920863,
            "recall": 0.7319422150882825,
            "f1-score": 0.7735368956743003,
            "support": 623.0
        },
        "36": {
            "precision": 0.8075040783034257,
            "recall": 0.7421289355322339,
            "f1-score": 0.7734375,
            "support": 667.0
        },
        "37": {
            "precision": 0.9343434343434344,
            "recall": 0.8712715855572999,
            "f1-score": 0.9017059301380991,
            "support": 637.0
        },
        "38": {
            "precision": 0.8692307692307693,
            "recall": 0.9707903780068728,
            "f1-score": 0.9172077922077922,
            "support": 582.0
        },
        "39": {
            "precision": 0.872072072072072,
            "recall": 0.7527216174183515,
            "f1-score": 0.8080133555926544,
            "support": 643.0
        },
        "40": {
            "precision": 0.7672955974842768,
            "recall": 0.56656346749226,
            "f1-score": 0.6518254674977738,
            "support": 646.0
        },
        "41": {
            "precision": 0.8318264014466547,
            "recall": 0.8614232209737828,
            "f1-score": 0.8463661453541859,
            "support": 534.0
        },