{
    "acc1": 0.7354637455112627,
    "acc5": [
        0.938263992165113
    ],
    "mean_per_class_recall": 0.7232356840462743,
    "classification_report": {
        "0": {
            "precision": 0.22935779816513763,
            "recall": 0.06544502617801047,
            "f1-score": 0.10183299389002037,
            "support": 382.0
        },
        "1": {
            "precision": 0.4706814580031696,
            "recall": 0.4798061389337641,
            "f1-score": 0.4752,
            "support": 619.0
        },
        "2": {
            "precision": 0.8261802575107297,
            "recall": 0.8912037037037037,
            "f1-score": 0.8574610244988864,
            "support": 432.0
        },
        "3": {
            "precision": 0.8843537414965986,
            "recall": 0.9516837481698389,
            "f1-score": 0.9167842031029619,
            "support": 683.0
        },
        "4": {
            "precision": 0.9693877551020408,
            "recall": 0.8382352941176471,
            "f1-score": 0.8990536277602523,
            "support": 680.0
        },
        "5": {
            "precision": 0.8888888888888888,
            "recall": 0.5714285714285714,
            "f1-score": 0.6956521739130435,
            "support": 434.0
        },
        "6": {
            "precision": 0.7505030181086519,
            "recall": 0.8859857482185273,
            "f1-score": 0.8126361655773421,
            "support": 421.0
        },
        "7": {
            "precision": 0.3180952380952381,
            "recall": 0.3883720930232558,
            "f1-score": 0.34973821989528797,
            "support": 430.0
        },
        "8": {
            "precision": 0.8615984405458089,
            "recall": 0.8893360160965795,
            "f1-score": 0.8752475247524752,
            "support": 497.0
        },
        "9": {
            "precision": 0.711764705882353,
            "recall": 0.6335078534031413,
            "f1-score": 0.6703601108033241,
            "support": 382.0
        },
        "10": {
            "precision": 0.8292181069958847,
            "recall": 0.901565995525727,
            "f1-score": 0.8638799571275455,
            "support": 447.0
        },
        "11": {
            "precision": 0.8236559139784946,
            "recall": 0.9296116504854369,
            "f1-score": 0.8734321550741163,
            "support": 412.0
        },
        "12": {
            "precision": 0.4624203821656051,
            "recall": 0.6493738819320215,
            "f1-score": 0.5401785714285714,
            "support": 559.0
        },
        "13": {
            "precision": 0.5811965811965812,
            "recall": 0.6650366748166259,
            "f1-score": 0.6202964652223489,
            "support": 409.0
        },
        "14": {
            "precision": 0.9658848614072495,
            "recall": 0.867816091954023,
            "f1-score": 0.9142280524722503,
            "support": 522.0
        },
        "15": {
            "precision": 0.594551282051282,
            "recall": 0.6807339449541284,
            "f1-score": 0.6347305389221557,
            "support": 545.0
        },
        "16": {
            "precision": 0.5656565656565656,
            "recall": 0.15426997245179064,
            "f1-score": 0.24242424242424243,
            "support": 363.0
        },
        "17": {
            "precision": 0.37637362637362637,
            "recall": 0.7223198594024605,
            "f1-score": 0.4948826008428657,
            "support": 569.0
        },
        "18": {
            "precision": 0.5993031358885017,
            "recall": 0.6640926640926641,
            "f1-score": 0.63003663003663,
            "support": 518.0
        },
        "19": {
            "precision": 0.7844827586206896,
            "recall": 0.8035320088300221,
            "f1-score": 0.7938931297709924,
            "support": 453.0
        },
        "20": {
            "precision": 0.893048128342246,
            "recall": 0.8455696202531645,
            "f1-score": 0.8686605981794538,
            "support": 395.0
        },
        "21": {
            "precision": 0.6804915514592934,
            "recall": 0.7191558441558441,
            "f1-score": 0.6992896606156275,
            "support": 616.0
        },
        "22": {
            "precision": 0.7913043478260869,
            "recall": 0.8488805970149254,
            "f1-score": 0.819081908190819,
            "support": 536.0
        },
        "23": {
            "precision": 0.8719346049046321,
            "recall": 0.9329446064139941,
            "f1-score": 0.9014084507042254,
            "support": 686.0
        },
        "24": {
            "precision": 0.7977099236641222,
            "recall": 0.9565217391304348,
            "f1-score": 0.8699271592091571,
            "support": 437.0
        },
        "25": {
            "precision": 0.5330396475770925,
            "recall": 0.555045871559633,
            "f1-score": 0.5438202247191011,
            "support": 654.0
        },
        "26": {
            "precision": 0.8835616438356164,
            "recall": 0.9307359307359307,
            "f1-score": 0.9065354884047786,
            "support": 693.0
        },
        "27": {
            "precision": 0.6163101604278075,
            "recall": 0.6511299435028248,
            "f1-score": 0.6332417582417582,
            "support": 708.0
        },
        "28": {
            "precision": 0.7111853088480802,
            "recall": 0.8930817610062893,
            "f1-score": 0.79182156133829,
            "support": 477.0
        },
        "29": {
            "precision": 0.8794178794178794,
            "recall": 0.75,
            "f1-score": 0.8095693779904306,
            "support": 564.0
        },
        "30": {
            "precision": 0.5392592592592592,
            "recall": 0.6308492201039861,
            "f1-score": 0.5814696485623003,
            "support": 577.0
        },
        "31": {
            "precision": 0.6435643564356436,
            "recall": 0.6900212314225053,
            "f1-score": 0.6659836065573771,
            "support": 471.0
        },
        "32": {
            "precision": 0.8046783625730994,
            "recall": 0.8380024360535931,
            "f1-score": 0.8210023866348448,
            "support": 821.0
        },
        "33": {
            "precision": 0.8435754189944135,
            "recall": 0.6894977168949772,
            "f1-score": 0.7587939698492462,
            "support": 657.0
        },
        "34": {
            "precision": 0.8807531380753139,
            "recall": 0.759927797833935,
            "f1-score": 0.8158914728682171,
            "support": 554.0
        },
        "35": {
            "precision": 0.7798013245033113,
            "recall": 0.7560192616372392,
            "f1-score": 0.7677261613691931,
            "support": 623.0
        },
        "36": {
            "precision": 0.802610114192496,
            "recall": 0.7376311844077961,
            "f1-score": 0.76875,
            "support": 667.0
        },
        "37": {
            "precision": 0.9337748344370861,
            "recall": 0.8854003139717426,
            "f1-score": 0.9089443996776793,
            "support": 637.0
        },
        "38": {
            "precision": 0.8791208791208791,
            "recall": 0.9621993127147767,
            "f1-score": 0.918785890073831,
            "support": 582.0
        },
        "39": {
            "precision": 0.8756756756756757,
            "recall": 0.7558320373250389,
            "f1-score": 0.8113522537562604,
            "support": 643.0
        },
        "40": {
            "precision": 0.7730061349693251,
            "recall": 0.5851393188854489,
            "f1-score": 0.6660792951541851,
            "support": 646.0
        },
        "41": {
            "precision": 0.8096085409252669,
            "recall": 0.8520599250936329,
            "f1-score": 0.8302919708029197,
            "support": 534.0
        },