{
    "acc1": 0.6803447011367804,
    "acc5": [
        0.91001100110011
    ],
    "mean_per_class_recall": 0.6808535127289985,
    "classification_report": {
        "0": {
            "precision": 0.9160714285714285,
            "recall": 0.8287560581583199,
            "f1-score": 0.8702290076335878,
            "support": 619.0
        },
        "1": {
            "precision": 0.7893738140417458,
            "recall": 0.9433106575963719,
            "f1-score": 0.859504132231405,
            "support": 441.0
        },
        "2": {
            "precision": 0.7308868501529052,
            "recall": 0.657496561210454,
            "f1-score": 0.6922519913106444,
            "support": 727.0
        },
        "3": {
            "precision": 0.5930470347648262,
            "recall": 0.6318082788671024,
            "f1-score": 0.6118143459915611,
            "support": 459.0
        },
        "4": {
            "precision": 0.7673913043478261,
            "recall": 0.8022727272727272,
            "f1-score": 0.7844444444444445,
            "support": 440.0
        },
        "5": {
            "precision": 0.9657142857142857,
            "recall": 0.9184782608695652,
            "f1-score": 0.9415041782729805,
            "support": 920.0
        },
        "6": {
            "precision": 0.5746887966804979,
            "recall": 0.5082568807339449,
            "f1-score": 0.5394352482960078,
            "support": 545.0
        },
        "7": {
            "precision": 0.34767441860465115,
            "recall": 0.6659242761692651,
            "f1-score": 0.45683728036669213,
            "support": 449.0
        },
        "8": {
            "precision": 0.6452762923351159,
            "recall": 0.8743961352657005,
            "f1-score": 0.7425641025641025,
            "support": 414.0
        },
        "9": {
            "precision": 0.2773645058448459,
            "recall": 0.7767857142857143,
            "f1-score": 0.40877055599060297,
            "support": 336.0
        },
        "10": {
            "precision": 0.7381756756756757,
            "recall": 0.695859872611465,
            "f1-score": 0.7163934426229508,
            "support": 628.0
        },
        "11": {
            "precision": 0.587378640776699,
            "recall": 0.9075,
            "f1-score": 0.7131630648330058,
            "support": 800.0
        },
        "12": {
            "precision": 0.9246323529411765,
            "recall": 0.8855633802816901,
            "f1-score": 0.9046762589928058,
            "support": 568.0
        },
        "13": {
            "precision": 0.48538754764930114,
            "recall": 0.9160671462829736,
            "f1-score": 0.6345514950166113,
            "support": 417.0
        },
        "14": {
            "precision": 0.6592920353982301,
            "recall": 0.7487437185929648,
            "f1-score": 0.7011764705882353,
            "support": 597.0
        },
        "15": {
            "precision": 0.6290322580645161,
            "recall": 0.30077120822622105,
            "f1-score": 0.40695652173913044,
            "support": 389.0
        },
        "16": {
            "precision": 0.5608782435129741,
            "recall": 0.5805785123966942,
            "f1-score": 0.5705583756345177,
            "support": 484.0
        },
        "17": {
            "precision": 0.8575498575498576,
            "recall": 0.7678571428571429,
            "f1-score": 0.8102288021534321,
            "support": 392.0
        },
        "18": {
            "precision": 0.5526315789473685,
            "recall": 0.05384615384615385,
            "f1-score": 0.09813084112149532,
            "support": 390.0
        },
        "19": {
            "precision": 0.7782426778242678,
            "recall": 0.9185185185185185,
            "f1-score": 0.8425821064552661,
            "support": 405.0
        },
        "20": {
            "precision": 0.40463917525773196,
            "recall": 0.8532608695652174,
            "f1-score": 0.548951048951049,
            "support": 368.0
        },
        "21": {
            "precision": 0.9528301886792453,
            "recall": 0.45701357466063347,
            "f1-score": 0.617737003058104,
            "support": 442.0
        },
        "22": {
            "precision": 0.9137380191693291,
            "recall": 0.7576158940397351,
            "f1-score": 0.8283852280955829,
            "support": 755.0
        },
        "23": {
            "precision": 0.7463768115942029,
            "recall": 0.533678756476684,
            "f1-score": 0.622356495468278,
            "support": 386.0
        },
        "24": {
            "precision": 0.8542199488491049,
            "recall": 0.8166259168704156,
            "f1-score": 0.835,
            "support": 409.0
        },
        "25": {
            "precision": 0.5404896421845574,
            "recall": 0.5942028985507246,
            "f1-score": 0.5660749506903353,
            "support": 483.0
        },
        "26": {
            "precision": 0.7996575342465754,
            "recall": 0.6847507331378299,
            "f1-score": 0.7377567140600316,
            "support": 682.0
        },
        "27": {
            "precision": 0.90625,
            "recall": 0.8095238095238095,
            "f1-score": 0.8551604509973981,
            "support": 609.0
        },
        "28": {
            "precision": 0.6143667296786389,
            "recall": 0.8104738154613467,
            "f1-score": 0.6989247311827957,
            "support": 401.0
        },
        "29": {
            "precision": 0.837593984962406,
            "recall": 0.8954983922829582,
            "f1-score": 0.8655788655788655,
            "support": 622.0
        },
        "30": {
            "precision": 0.9495495495495495,
            "recall": 0.8260188087774295,
            "f1-score": 0.8834870075440067,
            "support": 638.0
        },
        "31": {
            "precision": 0.3949843260188088,
            "recall": 0.22380106571936056,
            "f1-score": 0.2857142857142857,
            "support": 563.0
        },
        "32": {
            "precision": 0.3488372093023256,
            "recall": 0.06696428571428571,
            "f1-score": 0.11235955056179775,
            "support": 448.0
        },
        "33": {
            "precision": 0.7843137254901961,
            "recall": 0.6285714285714286,
            "f1-score": 0.6978588421887391,
            "support": 700.0
        },
        "34": {
            "precision": 0.566607460035524,
            "recall": 0.8529411764705882,
            "f1-score": 0.6808964781216649,
            "support": 374.0
        },
        "35": {
            "precision": 0.4725085910652921,
            "recall": 0.6610576923076923,
            "f1-score": 0.5511022044088176,
            "support": 416.0
        },
        "36": {
            "precision": 0.6002994011976048,
            "recall": 0.7893700787401575,
            "f1-score": 0.6819727891156463,
            "support": 508.0
        },
        "37": {
            "precision": 0.8622754491017964,
            "recall": 0.6912,
            "f1-score": 0.7673179396092362,
            "support": 625.0
        },
        "38": {
            "precision": 0.9150779896013865,
            "recall": 0.9345132743362832,
            "f1-score": 0.9246935201401051,
            "support": 565.0
        },
        "39": {
            "precision": 0.6847457627118644,
            "recall": 0.8706896551724138,
            "f1-score": 0.7666034155597723,
            "support": 696.0
        },
        "40": {
            "precision": 0.8,
            "recall": 0.04145077720207254,
            "f1-score": 0.07881773399014778,
            "support": 386.0
        },
        "41": {
            "precision": 0.488013698630137,
            "recall": 0.4797979797979798,
            "f1-score": 0.4838709677419355,
            "support": 594.0
        },