{
    "acc1": 0.7140447378071141,
    "acc5": [
        0.9293362669600294
    ],
    "mean_per_class_recall": 0.7140564611236959,
    "classification_report": {
        "0": {
            "precision": 0.9147826086956522,
            "recall": 0.8497576736672051,
            "f1-score": 0.88107202680067,
            "support": 619.0
        },
        "1": {
            "precision": 0.8167330677290837,
            "recall": 0.9297052154195011,
            "f1-score": 0.8695652173913043,
            "support": 441.0
        },
        "2": {
            "precision": 0.7760736196319018,
            "recall": 0.6960110041265475,
            "f1-score": 0.7338651196519217,
            "support": 727.0
        },
        "3": {
            "precision": 0.6255506607929515,
            "recall": 0.6187363834422658,
            "f1-score": 0.6221248630887185,
            "support": 459.0
        },
        "4": {
            "precision": 0.811529933481153,
            "recall": 0.8318181818181818,
            "f1-score": 0.8215488215488216,
            "support": 440.0
        },
        "5": {
            "precision": 0.9681093394077449,
            "recall": 0.9239130434782609,
            "f1-score": 0.9454949944382648,
            "support": 920.0
        },
        "6": {
            "precision": 0.5327102803738317,
            "recall": 0.6275229357798165,
            "f1-score": 0.5762426284751474,
            "support": 545.0
        },
        "7": {
            "precision": 0.4337152209492635,
            "recall": 0.5902004454342984,
            "f1-score": 0.5,
            "support": 449.0
        },
        "8": {
            "precision": 0.6580882352941176,
            "recall": 0.8647342995169082,
            "f1-score": 0.7473903966597077,
            "support": 414.0
        },
        "9": {
            "precision": 0.33046683046683045,
            "recall": 0.8005952380952381,
            "f1-score": 0.4678260869565217,
            "support": 336.0
        },
        "10": {
            "precision": 0.7504302925989673,
            "recall": 0.6942675159235668,
            "f1-score": 0.7212572373862697,
            "support": 628.0
        },
        "11": {
            "precision": 0.7139852786540484,
            "recall": 0.84875,
            "f1-score": 0.7755568246716162,
            "support": 800.0
        },
        "12": {
            "precision": 0.9218181818181819,
            "recall": 0.8926056338028169,
            "f1-score": 0.9069767441860465,
            "support": 568.0
        },
        "13": {
            "precision": 0.631578947368421,
            "recall": 0.8633093525179856,
            "f1-score": 0.729483282674772,
            "support": 417.0
        },
        "14": {
            "precision": 0.7409326424870466,
            "recall": 0.7185929648241206,
            "f1-score": 0.7295918367346939,
            "support": 597.0
        },
        "15": {
            "precision": 0.6459143968871596,
            "recall": 0.4267352185089974,
            "f1-score": 0.5139318885448917,
            "support": 389.0
        },
        "16": {
            "precision": 0.6096385542168675,
            "recall": 0.5227272727272727,
            "f1-score": 0.5628476084538376,
            "support": 484.0
        },
        "17": {
            "precision": 0.8757396449704142,
            "recall": 0.7551020408163265,
            "f1-score": 0.810958904109589,
            "support": 392.0
        },
        "18": {
            "precision": 0.7142857142857143,
            "recall": 0.34615384615384615,
            "f1-score": 0.46632124352331605,
            "support": 390.0
        },
        "19": {
            "precision": 0.8341013824884793,
            "recall": 0.8938271604938272,
            "f1-score": 0.8629320619785459,
            "support": 405.0
        },
        "20": {
            "precision": 0.3863912515188335,
            "recall": 0.8641304347826086,
            "f1-score": 0.5340050377833753,
            "support": 368.0
        },
        "21": {
            "precision": 0.9206349206349206,
            "recall": 0.6561085972850679,
            "f1-score": 0.7661822985468957,
            "support": 442.0
        },
        "22": {
            "precision": 0.9050535987748851,
            "recall": 0.7827814569536424,
            "f1-score": 0.8394886363636364,
            "support": 755.0
        },
        "23": {
            "precision": 0.7435064935064936,
            "recall": 0.5932642487046632,
            "f1-score": 0.659942363112392,
            "support": 386.0
        },
        "24": {
            "precision": 0.8809523809523809,
            "recall": 0.8141809290953546,
            "f1-score": 0.8462515883100381,
            "support": 409.0
        },
        "25": {
            "precision": 0.5688976377952756,
            "recall": 0.598343685300207,
            "f1-score": 0.5832492431886983,
            "support": 483.0
        },
        "26": {
            "precision": 0.8040435458786936,
            "recall": 0.7580645161290323,
            "f1-score": 0.780377358490566,
            "support": 682.0
        },
        "27": {
            "precision": 0.9168207024029574,
            "recall": 0.8144499178981938,
            "f1-score": 0.8626086956521739,
            "support": 609.0
        },
        "28": {
            "precision": 0.6029143897996357,
            "recall": 0.8254364089775561,
            "f1-score": 0.6968421052631579,
            "support": 401.0
        },
        "29": {
            "precision": 0.84375,
            "recall": 0.9115755627009646,
            "f1-score": 0.8763523956723338,
            "support": 622.0
        },
        "30": {
            "precision": 0.9523809523809523,
            "recall": 0.8463949843260188,
            "f1-score": 0.8962655601659751,
            "support": 638.0
        },
        "31": {
            "precision": 0.6372549019607843,
            "recall": 0.11545293072824156,
            "f1-score": 0.19548872180451127,
            "support": 563.0
        },
        "32": {
            "precision": 0.5807365439093485,
            "recall": 0.4575892857142857,
            "f1-score": 0.5118601747815231,
            "support": 448.0
        },
        "33": {
            "precision": 0.7444279346210996,
            "recall": 0.7157142857142857,
            "f1-score": 0.7297887836853605,
            "support": 700.0
        },
        "34": {
            "precision": 0.5691489361702128,
            "recall": 0.8582887700534759,
            "f1-score": 0.6844349680170576,
            "support": 374.0
        },
        "35": {
            "precision": 0.4165497896213184,
            "recall": 0.7139423076923077,
            "f1-score": 0.5261293179805138,
            "support": 416.0
        },
        "36": {
            "precision": 0.6373801916932907,
            "recall": 0.7854330708661418,
            "f1-score": 0.7037037037037037,
            "support": 508.0
        },
        "37": {
            "precision": 0.8700787401574803,
            "recall": 0.7072,
            "f1-score": 0.7802294792586054,
            "support": 625.0
        },
        "38": {
            "precision": 0.9015280135823429,
            "recall": 0.9398230088495575,
            "f1-score": 0.9202772963604853,
            "support": 565.0
        },
        "39": {
            "precision": 0.7136204889406287,
            "recall": 0.8807471264367817,
            "f1-score": 0.7884244372990353,
            "support": 696.0
        },
        "40": {
            "precision": 0.6923076923076923,
            "recall": 0.046632124352331605,
            "f1-score": 0.08737864077669903,
            "support": 386.0
        },
        "41": {
            "precision": 0.5641447368421053,
            "recall": 0.5774410774410774,
            "f1-score": 0.5707154742096506,
            "support": 594.0
        },