{
    "acc1": 0.7288148486231554,
    "acc5": [
        0.9300167351285562
    ],
    "mean_per_class_recall": 0.7269015903697214,
    "classification_report": {
        "0": {
            "precision": 0.8964757709251101,
            "recall": 0.791828793774319,
            "f1-score": 0.8409090909090909,
            "support": 514.0
        },
        "1": {
            "precision": 0.7513812154696132,
            "recall": 0.8259109311740891,
            "f1-score": 0.7868852459016393,
            "support": 494.0
        },
        "2": {
            "precision": 0.868995633187773,
            "recall": 0.8240165631469979,
            "f1-score": 0.8459086078639745,
            "support": 483.0
        },
        "3": {
            "precision": 0.6085858585858586,
            "recall": 0.37019969278033793,
            "f1-score": 0.4603629417382999,
            "support": 651.0
        },
        "4": {
            "precision": 0.7378787878787879,
            "recall": 0.7204142011834319,
            "f1-score": 0.7290419161676647,
            "support": 676.0
        },
        "5": {
            "precision": 0.2692307692307692,
            "recall": 0.1346153846153846,
            "f1-score": 0.1794871794871795,
            "support": 364.0
        },
        "6": {
            "precision": 0.8392370572207084,
            "recall": 0.8591352859135286,
            "f1-score": 0.8490696071674707,
            "support": 717.0
        },
        "7": {
            "precision": 0.6089108910891089,
            "recall": 0.8601398601398601,
            "f1-score": 0.7130434782608696,
            "support": 429.0
        },
        "8": {
            "precision": 0.7286501377410468,
            "recall": 0.8546042003231018,
            "f1-score": 0.7866171003717473,
            "support": 619.0
        },
        "9": {
            "precision": 0.8074433656957929,
            "recall": 0.9633204633204633,
            "f1-score": 0.8785211267605634,
            "support": 518.0
        },
        "10": {
            "precision": 0.7752808988764045,
            "recall": 0.6230248306997742,
            "f1-score": 0.690863579474343,
            "support": 443.0
        },
        "11": {
            "precision": 0.5530612244897959,
            "recall": 0.584051724137931,
            "f1-score": 0.5681341719077568,
            "support": 464.0
        },
        "12": {
            "precision": 0.8321513002364066,
            "recall": 0.9238845144356955,
            "f1-score": 0.8756218905472637,
            "support": 381.0
        },
        "13": {
            "precision": 0.7280334728033473,
            "recall": 0.7733333333333333,
            "f1-score": 0.75,
            "support": 450.0
        },
        "14": {
            "precision": 0.8722294654498044,
            "recall": 0.9570815450643777,
            "f1-score": 0.91268758526603,
            "support": 699.0
        },
        "15": {
            "precision": 0.2446043165467626,
            "recall": 0.06284658040665435,
            "f1-score": 0.1,
            "support": 541.0
        },
        "16": {
            "precision": 0.9258241758241759,
            "recall": 0.6934156378600823,
            "f1-score": 0.7929411764705883,
            "support": 486.0
        },
        "17": {
            "precision": 0.5596026490066225,
            "recall": 0.689795918367347,
            "f1-score": 0.6179159049360147,
            "support": 490.0
        },
        "18": {
            "precision": 0.7070422535211267,
            "recall": 0.7382352941176471,
            "f1-score": 0.7223021582733813,
            "support": 340.0
        },
        "19": {
            "precision": 0.7913385826771654,
            "recall": 0.8701298701298701,
            "f1-score": 0.8288659793814434,
            "support": 462.0
        },
        "20": {
            "precision": 0.7094339622641509,
            "recall": 0.8604118993135011,
            "f1-score": 0.7776628748707343,
            "support": 437.0
        },
        "21": {
            "precision": 0.7505376344086021,
            "recall": 0.9064935064935065,
            "f1-score": 0.8211764705882353,
            "support": 385.0
        },
        "22": {
            "precision": 0.8721461187214612,
            "recall": 0.5667655786350149,
            "f1-score": 0.6870503597122302,
            "support": 337.0
        },
        "23": {
            "precision": 0.8053892215568862,
            "recall": 0.7935103244837758,
            "f1-score": 0.799405646359584,
            "support": 339.0
        },
        "24": {
            "precision": 0.768348623853211,
            "recall": 0.7362637362637363,
            "f1-score": 0.7519640852974186,
            "support": 910.0
        },
        "25": {
            "precision": 0.43993231810490696,
            "recall": 0.5038759689922481,
            "f1-score": 0.46973803071364045,
            "support": 516.0
        },
        "26": {
            "precision": 0.822680412371134,
            "recall": 0.9236111111111112,
            "f1-score": 0.8702290076335878,
            "support": 432.0
        },
        "27": {
            "precision": 0.9305019305019305,
            "recall": 0.6025,
            "f1-score": 0.7314112291350531,
            "support": 400.0
        },
        "28": {
            "precision": 0.6932084309133489,
            "recall": 0.8131868131868132,
            "f1-score": 0.7484197218710493,
            "support": 364.0
        },
        "29": {
            "precision": 0.7229166666666667,
            "recall": 0.8943298969072165,
            "f1-score": 0.7995391705069125,
            "support": 388.0
        },
        "30": {
            "precision": 0.6485013623978202,
            "recall": 0.8545780969479354,
            "f1-score": 0.737412858249419,
            "support": 557.0
        },
        "31": {
            "precision": 0.8841911764705882,
            "recall": 0.9196940726577438,
            "f1-score": 0.901593252108716,
            "support": 523.0
        },
        "32": {
            "precision": 0.6552197802197802,
            "recall": 0.7315950920245399,
            "f1-score": 0.691304347826087,
            "support": 652.0
        },
        "33": {
            "precision": 0.638728323699422,
            "recall": 0.6278409090909091,
            "f1-score": 0.6332378223495702,
            "support": 352.0
        },
        "34": {
            "precision": 0.8765957446808511,
            "recall": 0.6290076335877862,
            "f1-score": 0.7324444444444445,
            "support": 655.0
        },
        "35": {
            "precision": 0.677007299270073,
            "recall": 0.7745302713987474,
            "f1-score": 0.7224926971762414,
            "support": 479.0
        },
        "36": {
            "precision": 0.725,
            "recall": 0.8114355231143552,
            "f1-score": 0.7657864523536165,
            "support": 822.0
        },
        "37": {
            "precision": 0.9768875192604006,
            "recall": 0.8590785907859079,
            "f1-score": 0.9142033165104542,
            "support": 738.0
        },
        "38": {
            "precision": 0.7334109429569267,
            "recall": 0.875,
            "f1-score": 0.7979734008866372,
            "support": 720.0
        },
        "39": {
            "precision": 0.5639386189258312,
            "recall": 0.6116504854368932,
            "f1-score": 0.5868263473053892,
            "support": 721.0
        },
        "40": {
            "precision": 0.768172888015717,
            "recall": 0.681184668989547,
            "f1-score": 0.7220683287165282,
            "support": 574.0
        },
        "41": {
            "precision": 0.9048316251830161,
            "recall": 0.7923076923076923,
            "f1-score": 0.8448393711551606,
            "support": 780.0
        },
        "42": {
            "precision": 0.34974747474747475,