{
    "acc1": 0.7101576824349102,
    "acc5": [
        0.925999266593326
    ],
    "mean_per_class_recall": 0.7109649499000841,
    "classification_report": {
        "0": {
            "precision": 0.908289241622575,
            "recall": 0.8319870759289176,
            "f1-score": 0.8684654300168634,
            "support": 619.0
        },
        "1": {
            "precision": 0.810379241516966,
            "recall": 0.9206349206349206,
            "f1-score": 0.861995753715499,
            "support": 441.0
        },
        "2": {
            "precision": 0.7953321364452424,
            "recall": 0.609353507565337,
            "f1-score": 0.6900311526479751,
            "support": 727.0
        },
        "3": {
            "precision": 0.6400911161731208,
            "recall": 0.6122004357298475,
            "f1-score": 0.6258351893095768,
            "support": 459.0
        },
        "4": {
            "precision": 0.8106904231625836,
            "recall": 0.8272727272727273,
            "f1-score": 0.8188976377952756,
            "support": 440.0
        },
        "5": {
            "precision": 0.9691428571428572,
            "recall": 0.9217391304347826,
            "f1-score": 0.9448467966573816,
            "support": 920.0
        },
        "6": {
            "precision": 0.5666666666666667,
            "recall": 0.5302752293577981,
            "f1-score": 0.547867298578199,
            "support": 545.0
        },
        "7": {
            "precision": 0.4015957446808511,
            "recall": 0.6726057906458798,
            "f1-score": 0.5029142381348876,
            "support": 449.0
        },
        "8": {
            "precision": 0.6842105263157895,
            "recall": 0.8478260869565217,
            "f1-score": 0.7572815533980582,
            "support": 414.0
        },
        "9": {
            "precision": 0.389937106918239,
            "recall": 0.7380952380952381,
            "f1-score": 0.5102880658436214,
            "support": 336.0
        },
        "10": {
            "precision": 0.7222222222222222,
            "recall": 0.7452229299363057,
            "f1-score": 0.7335423197492164,
            "support": 628.0
        },
        "11": {
            "precision": 0.722400857449089,
            "recall": 0.8425,
            "f1-score": 0.7778418926716676,
            "support": 800.0
        },
        "12": {
            "precision": 0.9287020109689214,
            "recall": 0.8943661971830986,
            "f1-score": 0.9112107623318386,
            "support": 568.0
        },
        "13": {
            "precision": 0.6119929453262787,
            "recall": 0.8321342925659473,
            "f1-score": 0.7052845528455285,
            "support": 417.0
        },
        "14": {
            "precision": 0.7357512953367875,
            "recall": 0.7135678391959799,
            "f1-score": 0.7244897959183674,
            "support": 597.0
        },
        "15": {
            "precision": 0.6486486486486487,
            "recall": 0.4318766066838046,
            "f1-score": 0.5185185185185185,
            "support": 389.0
        },
        "16": {
            "precision": 0.5615550755939525,
            "recall": 0.5371900826446281,
            "f1-score": 0.5491024287222809,
            "support": 484.0
        },
        "17": {
            "precision": 0.901840490797546,
            "recall": 0.75,
            "f1-score": 0.8189415041782729,
            "support": 392.0
        },
        "18": {
            "precision": 0.7489361702127659,
            "recall": 0.4512820512820513,
            "f1-score": 0.5632,
            "support": 390.0
        },
        "19": {
            "precision": 0.8283752860411899,
            "recall": 0.8938271604938272,
            "f1-score": 0.8598574821852731,
            "support": 405.0
        },
        "20": {
            "precision": 0.4104979811574697,
            "recall": 0.8288043478260869,
            "f1-score": 0.549054905490549,
            "support": 368.0
        },
        "21": {
            "precision": 0.9333333333333333,
            "recall": 0.6018099547511312,
            "f1-score": 0.7317744154057771,
            "support": 442.0
        },
        "22": {
            "precision": 0.8970358814352574,
            "recall": 0.7615894039735099,
            "f1-score": 0.8237822349570201,
            "support": 755.0
        },
        "23": {
            "precision": 0.7178683385579937,
            "recall": 0.5932642487046632,
            "f1-score": 0.649645390070922,
            "support": 386.0
        },
        "24": {
            "precision": 0.8997289972899729,
            "recall": 0.8117359413202934,
            "f1-score": 0.8534704370179949,
            "support": 409.0
        },
        "25": {
            "precision": 0.609375,
            "recall": 0.5652173913043478,
            "f1-score": 0.5864661654135338,
            "support": 483.0
        },
        "26": {
            "precision": 0.7988077496274217,
            "recall": 0.7859237536656891,
            "f1-score": 0.7923133776792314,
            "support": 682.0
        },
        "27": {
            "precision": 0.9001814882032668,
            "recall": 0.8144499178981938,
            "f1-score": 0.8551724137931035,
            "support": 609.0
        },
        "28": {
            "precision": 0.6218809980806143,
            "recall": 0.8079800498753117,
            "f1-score": 0.702819956616052,
            "support": 401.0
        },
        "29": {
            "precision": 0.8350824587706147,
            "recall": 0.8954983922829582,
            "f1-score": 0.8642358417377812,
            "support": 622.0
        },
        "30": {
            "precision": 0.9243697478991597,
            "recall": 0.8620689655172413,
            "f1-score": 0.8921330089213301,
            "support": 638.0
        },
        "31": {
            "precision": 0.5221238938053098,
            "recall": 0.10479573712255773,
            "f1-score": 0.17455621301775148,
            "support": 563.0
        },
        "32": {
            "precision": 0.6246056782334385,
            "recall": 0.4419642857142857,
            "f1-score": 0.5176470588235295,
            "support": 448.0
        },
        "33": {
            "precision": 0.725,
            "recall": 0.7042857142857143,
            "f1-score": 0.7144927536231884,
            "support": 700.0
        },
        "34": {
            "precision": 0.529886914378029,
            "recall": 0.8770053475935828,
            "f1-score": 0.6606243705941591,
            "support": 374.0
        },
        "35": {
            "precision": 0.4159891598915989,
            "recall": 0.7379807692307693,
            "f1-score": 0.5320623916811091,
            "support": 416.0
        },
        "36": {
            "precision": 0.6283464566929133,
            "recall": 0.7854330708661418,
            "f1-score": 0.6981627296587927,
            "support": 508.0
        },
        "37": {
            "precision": 0.8446969696969697,
            "recall": 0.7136,
            "f1-score": 0.7736339982653946,
            "support": 625.0
        },
        "38": {
            "precision": 0.8917089678510999,
            "recall": 0.9327433628318584,
            "f1-score": 0.9117647058823529,
            "support": 565.0
        },
        "39": {
            "precision": 0.7477707006369426,
            "recall": 0.8433908045977011,
            "f1-score": 0.7927076299797434,
            "support": 696.0
        },
        "40": {
            "precision": 0.7619047619047619,
            "recall": 0.04145077720207254,
            "f1-score": 0.07862407862407862,
            "support": 386.0
        },
        "41": {
            "precision": 0.5547112462006079,
            "recall": 0.6144781144781145,
            "f1-score": 0.5830670926517572,
            "support": 594.0
        },
        "42": {
            "precision": 0.39787234042553193,