{
    "acc1": 0.7118811881188118,
    "acc5": [
        0.9202786945361203
    ],
    "mean_per_class_recall": 0.71113462262257,
    "classification_report": {
        "0": {
            "precision": 0.9113043478260869,
            "recall": 0.8465266558966075,
            "f1-score": 0.8777219430485762,
            "support": 619.0
        },
        "1": {
            "precision": 0.8316221765913757,
            "recall": 0.9183673469387755,
            "f1-score": 0.8728448275862069,
            "support": 441.0
        },
        "2": {
            "precision": 0.7702702702702703,
            "recall": 0.7056396148555708,
            "f1-score": 0.7365398420674802,
            "support": 727.0
        },
        "3": {
            "precision": 0.5703422053231939,
            "recall": 0.6535947712418301,
            "f1-score": 0.6091370558375635,
            "support": 459.0
        },
        "4": {
            "precision": 0.8450363196125908,
            "recall": 0.7931818181818182,
            "f1-score": 0.8182883939038686,
            "support": 440.0
        },
        "5": {
            "precision": 0.9649717514124294,
            "recall": 0.9282608695652174,
            "f1-score": 0.9462603878116344,
            "support": 920.0
        },
        "6": {
            "precision": 0.6446700507614214,
            "recall": 0.46605504587155966,
            "f1-score": 0.5410010649627263,
            "support": 545.0
        },
        "7": {
            "precision": 0.3782051282051282,
            "recall": 0.6570155902004454,
            "f1-score": 0.48006509357200977,
            "support": 449.0
        },
        "8": {
            "precision": 0.6605504587155964,
            "recall": 0.8695652173913043,
            "f1-score": 0.7507820646506778,
            "support": 414.0
        },
        "9": {
            "precision": 0.349002849002849,
            "recall": 0.7291666666666666,
            "f1-score": 0.4720616570327553,
            "support": 336.0
        },
        "10": {
            "precision": 0.7309644670050761,
            "recall": 0.6878980891719745,
            "f1-score": 0.7087776866283839,
            "support": 628.0
        },
        "11": {
            "precision": 0.7383390216154722,
            "recall": 0.81125,
            "f1-score": 0.7730792138177487,
            "support": 800.0
        },
        "12": {
            "precision": 0.9340659340659341,
            "recall": 0.897887323943662,
            "f1-score": 0.9156193895870736,
            "support": 568.0
        },
        "13": {
            "precision": 0.6678507992895204,
            "recall": 0.9016786570743405,
            "f1-score": 0.7673469387755102,
            "support": 417.0
        },
        "14": {
            "precision": 0.7304964539007093,
            "recall": 0.6901172529313233,
            "f1-score": 0.7097329888027563,
            "support": 597.0
        },
        "15": {
            "precision": 0.6307692307692307,
            "recall": 0.42159383033419023,
            "f1-score": 0.5053929121725732,
            "support": 389.0
        },
        "16": {
            "precision": 0.5163297045101088,
            "recall": 0.6859504132231405,
            "f1-score": 0.5891748003549245,
            "support": 484.0
        },
        "17": {
            "precision": 0.8620689655172413,
            "recall": 0.7653061224489796,
            "f1-score": 0.8108108108108109,
            "support": 392.0
        },
        "18": {
            "precision": 0.7368421052631579,
            "recall": 0.2512820512820513,
            "f1-score": 0.37476099426386233,
            "support": 390.0
        },
        "19": {
            "precision": 0.8325688073394495,
            "recall": 0.8962962962962963,
            "f1-score": 0.8632580261593341,
            "support": 405.0
        },
        "20": {
            "precision": 0.35412026726057905,
            "recall": 0.8641304347826086,
            "f1-score": 0.5023696682464455,
            "support": 368.0
        },
        "21": {
            "precision": 0.9127725856697819,
            "recall": 0.6628959276018099,
            "f1-score": 0.7680209698558322,
            "support": 442.0
        },
        "22": {
            "precision": 0.9078125,
            "recall": 0.7695364238410596,
            "f1-score": 0.8329749103942652,
            "support": 755.0
        },
        "23": {
            "precision": 0.7635135135135135,
            "recall": 0.5854922279792746,
            "f1-score": 0.6627565982404692,
            "support": 386.0
        },
        "24": {
            "precision": 0.9,
            "recall": 0.8141809290953546,
            "f1-score": 0.8549422336328626,
            "support": 409.0
        },
        "25": {
            "precision": 0.579957356076759,
            "recall": 0.5631469979296067,
            "f1-score": 0.5714285714285714,
            "support": 483.0
        },
        "26": {
            "precision": 0.7592847317744154,
            "recall": 0.8093841642228738,
            "f1-score": 0.7835344215755855,
            "support": 682.0
        },
        "27": {
            "precision": 0.9212007504690432,
            "recall": 0.80623973727422,
            "f1-score": 0.8598949211908932,
            "support": 609.0
        },
        "28": {
            "precision": 0.6666666666666666,
            "recall": 0.7930174563591023,
            "f1-score": 0.724373576309795,
            "support": 401.0
        },
        "29": {
            "precision": 0.8888888888888888,
            "recall": 0.887459807073955,
            "f1-score": 0.8881737731295254,
            "support": 622.0
        },
        "30": {
            "precision": 0.9247135842880524,
            "recall": 0.8855799373040752,
            "f1-score": 0.9047237790232185,
            "support": 638.0
        },
        "31": {
            "precision": 0.592948717948718,
            "recall": 0.3285968028419183,
            "f1-score": 0.4228571428571429,
            "support": 563.0
        },
        "32": {
            "precision": 0.6434426229508197,
            "recall": 0.35044642857142855,
            "f1-score": 0.45375722543352603,
            "support": 448.0
        },
        "33": {
            "precision": 0.7481804949053857,
            "recall": 0.7342857142857143,
            "f1-score": 0.7411679884643114,
            "support": 700.0
        },
        "34": {
            "precision": 0.5968688845401174,
            "recall": 0.8155080213903744,
            "f1-score": 0.6892655367231638,
            "support": 374.0
        },
        "35": {
            "precision": 0.39077340569877883,
            "recall": 0.6923076923076923,
            "f1-score": 0.49956634865568084,
            "support": 416.0
        },
        "36": {
            "precision": 0.6548387096774193,
            "recall": 0.7992125984251969,
            "f1-score": 0.7198581560283688,
            "support": 508.0
        },
        "37": {
            "precision": 0.8682634730538922,
            "recall": 0.696,
            "f1-score": 0.7726465364120781,
            "support": 625.0
        },
        "38": {
            "precision": 0.9122203098106713,
            "recall": 0.9380530973451328,
            "f1-score": 0.924956369982548,
            "support": 565.0
        },
        "39": {
            "precision": 0.6906392694063926,
            "recall": 0.8692528735632183,
            "f1-score": 0.7697201017811705,
            "support": 696.0
        },
        "40": {
            "precision": 0.5263157894736842,
            "recall": 0.025906735751295335,
            "f1-score": 0.04938271604938271,
            "support": 386.0
        },
        "41": {
            "precision": 0.5899159663865546,
            "recall": 0.5909090909090909,
            "f1-score": 0.5904121110176619,
            "support": 594.0
        },