{
    "acc1": 0.7292629262926292,
    "acc5": [
        0.9334433443344334
    ],
    "mean_per_class_recall": 0.7183987519472863,
    "classification_report": {
        "0": {
            "precision": 0.928698752228164,
            "recall": 0.8416801292407108,
            "f1-score": 0.8830508474576271,
            "support": 619.0
        },
        "1": {
            "precision": 0.8167006109979633,
            "recall": 0.909297052154195,
            "f1-score": 0.8605150214592274,
            "support": 441.0
        },
        "2": {
            "precision": 0.7791798107255521,
            "recall": 0.6795048143053645,
            "f1-score": 0.7259368111682586,
            "support": 727.0
        },
        "3": {
            "precision": 0.6633416458852868,
            "recall": 0.579520697167756,
            "f1-score": 0.6186046511627907,
            "support": 459.0
        },
        "4": {
            "precision": 0.7965367965367965,
            "recall": 0.8363636363636363,
            "f1-score": 0.8159645232815964,
            "support": 440.0
        },
        "5": {
            "precision": 0.9542920847268673,
            "recall": 0.9304347826086956,
            "f1-score": 0.9422124380847551,
            "support": 920.0
        },
        "6": {
            "precision": 0.5105740181268882,
            "recall": 0.6201834862385321,
            "f1-score": 0.56006628003314,
            "support": 545.0
        },
        "7": {
            "precision": 0.3994878361075544,
            "recall": 0.6948775055679287,
            "f1-score": 0.5073170731707317,
            "support": 449.0
        },
        "8": {
            "precision": 0.6241379310344828,
            "recall": 0.8743961352657005,
            "f1-score": 0.7283702213279678,
            "support": 414.0
        },
        "9": {
            "precision": 0.4980769230769231,
            "recall": 0.7708333333333334,
            "f1-score": 0.6051401869158879,
            "support": 336.0
        },
        "10": {
            "precision": 0.7474226804123711,
            "recall": 0.6926751592356688,
            "f1-score": 0.71900826446281,
            "support": 628.0
        },
        "11": {
            "precision": 0.693089430894309,
            "recall": 0.8525,
            "f1-score": 0.7645739910313901,
            "support": 800.0
        },
        "12": {
            "precision": 0.9356617647058824,
            "recall": 0.8961267605633803,
            "f1-score": 0.9154676258992805,
            "support": 568.0
        },
        "13": {
            "precision": 0.7142857142857143,
            "recall": 0.815347721822542,
            "f1-score": 0.761478163493841,
            "support": 417.0
        },
        "14": {
            "precision": 0.7166123778501629,
            "recall": 0.7370184254606366,
            "f1-score": 0.726672171758877,
            "support": 597.0
        },
        "15": {
            "precision": 0.6652360515021459,
            "recall": 0.39845758354755784,
            "f1-score": 0.4983922829581994,
            "support": 389.0
        },
        "16": {
            "precision": 0.5845070422535211,
            "recall": 0.5144628099173554,
            "f1-score": 0.5472527472527473,
            "support": 484.0
        },
        "17": {
            "precision": 0.8587570621468926,
            "recall": 0.7755102040816326,
            "f1-score": 0.8150134048257373,
            "support": 392.0
        },
        "18": {
            "precision": 0.803680981595092,
            "recall": 0.33589743589743587,
            "f1-score": 0.47377938517179025,
            "support": 390.0
        },
        "19": {
            "precision": 0.8064516129032258,
            "recall": 0.8641975308641975,
            "f1-score": 0.834326579261025,
            "support": 405.0
        },
        "20": {
            "precision": 0.3556058890147225,
            "recall": 0.8532608695652174,
            "f1-score": 0.5019984012789768,
            "support": 368.0
        },
        "21": {
            "precision": 0.9222972972972973,
            "recall": 0.6176470588235294,
            "f1-score": 0.7398373983739838,
            "support": 442.0
        },
        "22": {
            "precision": 0.8852691218130312,
            "recall": 0.8278145695364238,
            "f1-score": 0.8555783709787816,
            "support": 755.0
        },
        "23": {
            "precision": 0.7178683385579937,
            "recall": 0.5932642487046632,
            "f1-score": 0.649645390070922,
            "support": 386.0
        },
        "24": {
            "precision": 0.8932291666666666,
            "recall": 0.8386308068459658,
            "f1-score": 0.8650693568726355,
            "support": 409.0
        },
        "25": {
            "precision": 0.5829787234042553,
            "recall": 0.567287784679089,
            "f1-score": 0.5750262329485835,
            "support": 483.0
        },
        "26": {
            "precision": 0.8062015503875969,
            "recall": 0.7624633431085044,
            "f1-score": 0.7837226827430294,
            "support": 682.0
        },
        "27": {
            "precision": 0.9191176470588235,
            "recall": 0.8210180623973727,
            "f1-score": 0.8673026886383348,
            "support": 609.0
        },
        "28": {
            "precision": 0.6003649635036497,
            "recall": 0.8204488778054863,
            "f1-score": 0.6933614330874605,
            "support": 401.0
        },
        "29": {
            "precision": 0.8814102564102564,
            "recall": 0.8842443729903537,
            "f1-score": 0.8828250401284109,
            "support": 622.0
        },
        "30": {
            "precision": 0.9401709401709402,
            "recall": 0.8620689655172413,
            "f1-score": 0.8994276369582993,
            "support": 638.0
        },
        "31": {
            "precision": 0.6196581196581197,
            "recall": 0.25754884547069273,
            "f1-score": 0.36386449184441655,
            "support": 563.0
        },
        "32": {
            "precision": 0.6320754716981132,
            "recall": 0.4486607142857143,
            "f1-score": 0.5248041775456919,
            "support": 448.0
        },
        "33": {
            "precision": 0.7955706984667802,
            "recall": 0.6671428571428571,
            "f1-score": 0.7257187257187258,
            "support": 700.0
        },
        "34": {
            "precision": 0.5706806282722513,
            "recall": 0.8743315508021391,
            "f1-score": 0.6906019007391764,
            "support": 374.0
        },
        "35": {
            "precision": 0.42673107890499196,
            "recall": 0.6370192307692307,
            "f1-score": 0.5110896817743491,
            "support": 416.0
        },
        "36": {
            "precision": 0.6757679180887372,
            "recall": 0.7795275590551181,
            "f1-score": 0.7239488117001828,
            "support": 508.0
        },
        "37": {
            "precision": 0.8314393939393939,
            "recall": 0.7024,
            "f1-score": 0.7614917606244579,
            "support": 625.0
        },
        "38": {
            "precision": 0.9228070175438596,
            "recall": 0.9309734513274336,
            "f1-score": 0.9268722466960353,
            "support": 565.0
        },
        "39": {
            "precision": 0.7329192546583851,
            "recall": 0.8477011494252874,
            "f1-score": 0.7861425716189208,
            "support": 696.0
        },
        "40": {
            "precision": 0.25,
            "recall": 0.0051813471502590676,
            "f1-score": 0.01015228426395939,
            "support": 386.0
        },
        "41": {
            "precision": 0.5285285285285285,
            "recall": 0.5925925925925926,
            "f1-score": 0.5587301587301587,
            "support": 594.0
        },