{
    "acc1": 0.7262285105735585,
    "acc5": [
        0.9300167351285562
    ],
    "mean_per_class_recall": 0.7272734088479982,
    "classification_report": {
        "0": {
            "precision": 0.8577235772357723,
            "recall": 0.8210116731517509,
            "f1-score": 0.8389662027833003,
            "support": 514.0
        },
        "1": {
            "precision": 0.6976744186046512,
            "recall": 0.8502024291497976,
            "f1-score": 0.7664233576642335,
            "support": 494.0
        },
        "2": {
            "precision": 0.8356713426853707,
            "recall": 0.8633540372670807,
            "f1-score": 0.8492871690427699,
            "support": 483.0
        },
        "3": {
            "precision": 0.7272727272727273,
            "recall": 0.1597542242703533,
            "f1-score": 0.2619647355163728,
            "support": 651.0
        },
        "4": {
            "precision": 0.7420289855072464,
            "recall": 0.757396449704142,
            "f1-score": 0.7496339677891655,
            "support": 676.0
        },
        "5": {
            "precision": 0.4788732394366197,
            "recall": 0.5604395604395604,
            "f1-score": 0.5164556962025316,
            "support": 364.0
        },
        "6": {
            "precision": 0.8301369863013699,
            "recall": 0.8451882845188284,
            "f1-score": 0.8375950241879752,
            "support": 717.0
        },
        "7": {
            "precision": 0.7649769585253456,
            "recall": 0.7738927738927739,
            "f1-score": 0.7694090382387022,
            "support": 429.0
        },
        "8": {
            "precision": 0.7885802469135802,
            "recall": 0.8255250403877221,
            "f1-score": 0.8066298342541437,
            "support": 619.0
        },
        "9": {
            "precision": 0.8456260720411664,
            "recall": 0.9517374517374517,
            "f1-score": 0.8955495004541326,
            "support": 518.0
        },
        "10": {
            "precision": 0.8088737201365188,
            "recall": 0.5349887133182845,
            "f1-score": 0.6440217391304348,
            "support": 443.0
        },
        "11": {
            "precision": 0.5516014234875445,
            "recall": 0.6681034482758621,
            "f1-score": 0.6042884990253411,
            "support": 464.0
        },
        "12": {
            "precision": 0.8099547511312217,
            "recall": 0.9396325459317585,
            "f1-score": 0.8699878493317132,
            "support": 381.0
        },
        "13": {
            "precision": 0.722567287784679,
            "recall": 0.7755555555555556,
            "f1-score": 0.7481243301178992,
            "support": 450.0
        },
        "14": {
            "precision": 0.9009370816599732,
            "recall": 0.9628040057224606,
            "f1-score": 0.9308437067773168,
            "support": 699.0
        },
        "15": {
            "precision": 0.3793103448275862,
            "recall": 0.5693160813308688,
            "f1-score": 0.45528455284552843,
            "support": 541.0
        },
        "16": {
            "precision": 0.9266304347826086,
            "recall": 0.7016460905349794,
            "f1-score": 0.7985948477751756,
            "support": 486.0
        },
        "17": {
            "precision": 0.5617597292724196,
            "recall": 0.6775510204081633,
            "f1-score": 0.6142460684551342,
            "support": 490.0
        },
        "18": {
            "precision": 0.713091922005571,
            "recall": 0.7529411764705882,
            "f1-score": 0.7324749642346209,
            "support": 340.0
        },
        "19": {
            "precision": 0.8104166666666667,
            "recall": 0.841991341991342,
            "f1-score": 0.8259023354564756,
            "support": 462.0
        },
        "20": {
            "precision": 0.7955665024630542,
            "recall": 0.7391304347826086,
            "f1-score": 0.7663107947805456,
            "support": 437.0
        },
        "21": {
            "precision": 0.7745535714285714,
            "recall": 0.9012987012987013,
            "f1-score": 0.8331332533013205,
            "support": 385.0
        },
        "22": {
            "precision": 0.9132653061224489,
            "recall": 0.5311572700296736,
            "f1-score": 0.6716697936210131,
            "support": 337.0
        },
        "23": {
            "precision": 0.7771260997067448,
            "recall": 0.7817109144542773,
            "f1-score": 0.7794117647058824,
            "support": 339.0
        },
        "24": {
            "precision": 0.7660944206008584,
            "recall": 0.7846153846153846,
            "f1-score": 0.7752442996742671,
            "support": 910.0
        },
        "25": {
            "precision": 0.34870317002881845,
            "recall": 0.7034883720930233,
            "f1-score": 0.4662813102119461,
            "support": 516.0
        },
        "26": {
            "precision": 0.8278008298755186,
            "recall": 0.9236111111111112,
            "f1-score": 0.8730853391684902,
            "support": 432.0
        },
        "27": {
            "precision": 0.8996282527881041,
            "recall": 0.605,
            "f1-score": 0.7234678624813154,
            "support": 400.0
        },
        "28": {
            "precision": 0.7272727272727273,
            "recall": 0.8131868131868132,
            "f1-score": 0.767833981841764,
            "support": 364.0
        },
        "29": {
            "precision": 0.7962529274004684,
            "recall": 0.8762886597938144,
            "f1-score": 0.8343558282208589,
            "support": 388.0
        },
        "30": {
            "precision": 0.72,
            "recall": 0.6786355475763016,
            "f1-score": 0.6987060998151571,
            "support": 557.0
        },
        "31": {
            "precision": 0.903041825095057,
            "recall": 0.9082217973231358,
            "f1-score": 0.9056244041944709,
            "support": 523.0
        },
        "32": {
            "precision": 0.5988095238095238,
            "recall": 0.7714723926380368,
            "f1-score": 0.6742627345844504,
            "support": 652.0
        },
        "33": {
            "precision": 0.6109589041095891,
            "recall": 0.6335227272727273,
            "f1-score": 0.6220362622036262,
            "support": 352.0
        },
        "34": {
            "precision": 0.8862559241706162,
            "recall": 0.5709923664122137,
            "f1-score": 0.6945218198700093,
            "support": 655.0
        },
        "35": {
            "precision": 0.7295597484276729,
            "recall": 0.7265135699373695,
            "f1-score": 0.7280334728033473,
            "support": 479.0
        },
        "36": {
            "precision": 0.6871287128712872,
            "recall": 0.8442822384428224,
            "f1-score": 0.75764192139738,
            "support": 822.0
        },
        "37": {
            "precision": 0.9736434108527132,
            "recall": 0.8509485094850948,
            "f1-score": 0.9081706435285611,
            "support": 738.0
        },
        "38": {
            "precision": 0.6581532416502947,
            "recall": 0.9305555555555556,
            "f1-score": 0.7710011507479861,
            "support": 720.0
        },
        "39": {
            "precision": 0.6623376623376623,
            "recall": 0.21220527045769763,
            "f1-score": 0.32142857142857145,
            "support": 721.0
        },
        "40": {
            "precision": 0.844097995545657,
            "recall": 0.6602787456445993,
            "f1-score": 0.7409579667644184,
            "support": 574.0
        },
        "41": {
            "precision": 0.873015873015873,
            "recall": 0.8461538461538461,
            "f1-score": 0.859375,
            "support": 780.0
        },