{
    "acc1": 0.7144481114778144,
    "acc5": [
        0.9262192885955263
    ],
    "mean_per_class_recall": 0.7142090420995829,
    "classification_report": {
        "0": {
            "precision": 0.9157894736842105,
            "recall": 0.8432956381260097,
            "f1-score": 0.8780487804878049,
            "support": 619.0
        },
        "1": {
            "precision": 0.8222222222222222,
            "recall": 0.9229024943310657,
            "f1-score": 0.8696581196581197,
            "support": 441.0
        },
        "2": {
            "precision": 0.7848101265822784,
            "recall": 0.6822558459422283,
            "f1-score": 0.7299484915378955,
            "support": 727.0
        },
        "3": {
            "precision": 0.6004098360655737,
            "recall": 0.6383442265795207,
            "f1-score": 0.6187961985216474,
            "support": 459.0
        },
        "4": {
            "precision": 0.8372093023255814,
            "recall": 0.8181818181818182,
            "f1-score": 0.8275862068965517,
            "support": 440.0
        },
        "5": {
            "precision": 0.957351290684624,
            "recall": 0.9271739130434783,
            "f1-score": 0.9420209828823854,
            "support": 920.0
        },
        "6": {
            "precision": 0.5895522388059702,
            "recall": 0.5798165137614679,
            "f1-score": 0.5846438482886216,
            "support": 545.0
        },
        "7": {
            "precision": 0.40186915887850466,
            "recall": 0.6703786191536748,
            "f1-score": 0.5025041736227045,
            "support": 449.0
        },
        "8": {
            "precision": 0.6635859519408502,
            "recall": 0.8671497584541062,
            "f1-score": 0.7518324607329843,
            "support": 414.0
        },
        "9": {
            "precision": 0.3394495412844037,
            "recall": 0.7708333333333334,
            "f1-score": 0.4713375796178344,
            "support": 336.0
        },
        "10": {
            "precision": 0.7240829346092504,
            "recall": 0.7229299363057324,
            "f1-score": 0.7235059760956175,
            "support": 628.0
        },
        "11": {
            "precision": 0.6797257590597453,
            "recall": 0.8675,
            "f1-score": 0.7622185612300933,
            "support": 800.0
        },
        "12": {
            "precision": 0.9305301645338209,
            "recall": 0.8961267605633803,
            "f1-score": 0.9130044843049328,
            "support": 568.0
        },
        "13": {
            "precision": 0.6487455197132617,
            "recall": 0.86810551558753,
            "f1-score": 0.7425641025641025,
            "support": 417.0
        },
        "14": {
            "precision": 0.7272727272727273,
            "recall": 0.7236180904522613,
            "f1-score": 0.72544080604534,
            "support": 597.0
        },
        "15": {
            "precision": 0.6491935483870968,
            "recall": 0.4138817480719794,
            "f1-score": 0.5054945054945055,
            "support": 389.0
        },
        "16": {
            "precision": 0.5781893004115226,
            "recall": 0.5805785123966942,
            "f1-score": 0.5793814432989691,
            "support": 484.0
        },
        "17": {
            "precision": 0.8790560471976401,
            "recall": 0.7602040816326531,
            "f1-score": 0.8153214774281806,
            "support": 392.0
        },
        "18": {
            "precision": 0.7383720930232558,
            "recall": 0.32564102564102565,
            "f1-score": 0.45195729537366547,
            "support": 390.0
        },
        "19": {
            "precision": 0.8276643990929705,
            "recall": 0.9012345679012346,
            "f1-score": 0.8628841607565012,
            "support": 405.0
        },
        "20": {
            "precision": 0.3800243605359318,
            "recall": 0.8478260869565217,
            "f1-score": 0.5248107653490328,
            "support": 368.0
        },
        "21": {
            "precision": 0.913312693498452,
            "recall": 0.667420814479638,
            "f1-score": 0.7712418300653595,
            "support": 442.0
        },
        "22": {
            "precision": 0.9097978227060654,
            "recall": 0.7748344370860927,
            "f1-score": 0.8369098712446352,
            "support": 755.0
        },
        "23": {
            "precision": 0.7344262295081967,
            "recall": 0.5803108808290155,
            "f1-score": 0.6483357452966715,
            "support": 386.0
        },
        "24": {
            "precision": 0.8891820580474934,
            "recall": 0.823960880195599,
            "f1-score": 0.8553299492385786,
            "support": 409.0
        },
        "25": {
            "precision": 0.5731958762886598,
            "recall": 0.5755693581780539,
            "f1-score": 0.5743801652892562,
            "support": 483.0
        },
        "26": {
            "precision": 0.7884057971014493,
            "recall": 0.7976539589442815,
            "f1-score": 0.793002915451895,
            "support": 682.0
        },
        "27": {
            "precision": 0.9269662921348315,
            "recall": 0.812807881773399,
            "f1-score": 0.8661417322834646,
            "support": 609.0
        },
        "28": {
            "precision": 0.6318897637795275,
            "recall": 0.800498753117207,
            "f1-score": 0.7062706270627063,
            "support": 401.0
        },
        "29": {
            "precision": 0.8549618320610687,
            "recall": 0.9003215434083601,
            "f1-score": 0.8770555990602976,
            "support": 622.0
        },
        "30": {
            "precision": 0.9378151260504202,
            "recall": 0.8746081504702194,
            "f1-score": 0.9051094890510949,
            "support": 638.0
        },
        "31": {
            "precision": 0.6906077348066298,
            "recall": 0.22202486678507993,
            "f1-score": 0.33602150537634407,
            "support": 563.0
        },
        "32": {
            "precision": 0.6026936026936027,
            "recall": 0.39955357142857145,
            "f1-score": 0.48053691275167787,
            "support": 448.0
        },
        "33": {
            "precision": 0.7795527156549521,
            "recall": 0.6971428571428572,
            "f1-score": 0.7360482654600302,
            "support": 700.0
        },
        "34": {
            "precision": 0.5972762645914397,
            "recall": 0.820855614973262,
            "f1-score": 0.6914414414414415,
            "support": 374.0
        },
        "35": {
            "precision": 0.4177777777777778,
            "recall": 0.6778846153846154,
            "f1-score": 0.5169569202566453,
            "support": 416.0
        },
        "36": {
            "precision": 0.6236391912908242,
            "recall": 0.7893700787401575,
            "f1-score": 0.6967854039965248,
            "support": 508.0
        },
        "37": {
            "precision": 0.8601941747572815,
            "recall": 0.7088,
            "f1-score": 0.7771929824561403,
            "support": 625.0
        },
        "38": {
            "precision": 0.905982905982906,
            "recall": 0.9380530973451328,
            "f1-score": 0.9217391304347826,
            "support": 565.0
        },
        "39": {
            "precision": 0.7192353643966547,
            "recall": 0.8649425287356322,
            "f1-score": 0.7853881278538812,
            "support": 696.0
        },
        "40": {
            "precision": 0.6451612903225806,
            "recall": 0.05181347150259067,
            "f1-score": 0.09592326139088729,
            "support": 386.0
        },
        "41": {
            "precision": 0.5752961082910322,
            "recall": 0.5723905723905723,
            "f1-score": 0.5738396624472574,
            "support": 594.0
        },