{
    "acc1": 0.6939493949394939,
    "acc5": [
        0.9000733406674001
    ],
    "mean_per_class_recall": 0.6957048139663031,
    "classification_report": {
        "0": {
            "precision": 0.8537360890302067,
            "recall": 0.8675282714054927,
            "f1-score": 0.8605769230769231,
            "support": 619.0
        },
        "1": {
            "precision": 0.80990099009901,
            "recall": 0.927437641723356,
            "f1-score": 0.864693446088795,
            "support": 441.0
        },
        "2": {
            "precision": 0.8045375218150087,
            "recall": 0.6341127922971114,
            "f1-score": 0.7092307692307692,
            "support": 727.0
        },
        "3": {
            "precision": 0.6576819407008087,
            "recall": 0.5315904139433552,
            "f1-score": 0.5879518072289157,
            "support": 459.0
        },
        "4": {
            "precision": 0.7908496732026143,
            "recall": 0.825,
            "f1-score": 0.8075639599555061,
            "support": 440.0
        },
        "5": {
            "precision": 0.9653979238754326,
            "recall": 0.9097826086956522,
            "f1-score": 0.9367655288192501,
            "support": 920.0
        },
        "6": {
            "precision": 0.5251798561151079,
            "recall": 0.6697247706422018,
            "f1-score": 0.5887096774193549,
            "support": 545.0
        },
        "7": {
            "precision": 0.4028056112224449,
            "recall": 0.44766146993318484,
            "f1-score": 0.4240506329113924,
            "support": 449.0
        },
        "8": {
            "precision": 0.6378091872791519,
            "recall": 0.8719806763285024,
            "f1-score": 0.736734693877551,
            "support": 414.0
        },
        "9": {
            "precision": 0.1916971916971917,
            "recall": 0.9345238095238095,
            "f1-score": 0.3181357649442756,
            "support": 336.0
        },
        "10": {
            "precision": 0.7567567567567568,
            "recall": 0.7133757961783439,
            "f1-score": 0.7344262295081967,
            "support": 628.0
        },
        "11": {
            "precision": 0.5957983193277311,
            "recall": 0.88625,
            "f1-score": 0.7125628140703517,
            "support": 800.0
        },
        "12": {
            "precision": 0.9157706093189965,
            "recall": 0.8996478873239436,
            "f1-score": 0.9076376554174067,
            "support": 568.0
        },
        "13": {
            "precision": 0.7473903966597077,
            "recall": 0.8585131894484412,
            "f1-score": 0.7991071428571429,
            "support": 417.0
        },
        "14": {
            "precision": 0.6935483870967742,
            "recall": 0.7202680067001676,
            "f1-score": 0.7066557107641742,
            "support": 597.0
        },
        "15": {
            "precision": 0.700507614213198,
            "recall": 0.35475578406169667,
            "f1-score": 0.4709897610921502,
            "support": 389.0
        },
        "16": {
            "precision": 0.6161417322834646,
            "recall": 0.6466942148760331,
            "f1-score": 0.6310483870967742,
            "support": 484.0
        },
        "17": {
            "precision": 0.8213333333333334,
            "recall": 0.7857142857142857,
            "f1-score": 0.803129074315515,
            "support": 392.0
        },
        "18": {
            "precision": 0.6875,
            "recall": 0.16923076923076924,
            "f1-score": 0.2716049382716049,
            "support": 390.0
        },
        "19": {
            "precision": 0.8411214953271028,
            "recall": 0.8888888888888888,
            "f1-score": 0.8643457382953181,
            "support": 405.0
        },
        "20": {
            "precision": 0.4080536912751678,
            "recall": 0.8260869565217391,
            "f1-score": 0.5462713387241689,
            "support": 368.0
        },
        "21": {
            "precision": 0.8756906077348067,
            "recall": 0.7171945701357466,
            "f1-score": 0.7885572139303483,
            "support": 442.0
        },
        "22": {
            "precision": 0.8872180451127819,
            "recall": 0.7814569536423841,
            "f1-score": 0.8309859154929577,
            "support": 755.0
        },
        "23": {
            "precision": 0.72,
            "recall": 0.6062176165803109,
            "f1-score": 0.6582278481012658,
            "support": 386.0
        },
        "24": {
            "precision": 0.8631578947368421,
            "recall": 0.8019559902200489,
            "f1-score": 0.8314321926489227,
            "support": 409.0
        },
        "25": {
            "precision": 0.5546719681908548,
            "recall": 0.577639751552795,
            "f1-score": 0.565922920892495,
            "support": 483.0
        },
        "26": {
            "precision": 0.804416403785489,
            "recall": 0.7478005865102639,
            "f1-score": 0.7750759878419453,
            "support": 682.0
        },
        "27": {
            "precision": 0.9143389199255121,
            "recall": 0.80623973727422,
            "f1-score": 0.8568935427574171,
            "support": 609.0
        },
        "28": {
            "precision": 0.673036093418259,
            "recall": 0.7905236907730673,
            "f1-score": 0.7270642201834863,
            "support": 401.0
        },
        "29": {
            "precision": 0.8685015290519877,
            "recall": 0.9131832797427653,
            "f1-score": 0.890282131661442,
            "support": 622.0
        },
        "30": {
            "precision": 0.9444444444444444,
            "recall": 0.8526645768025078,
            "f1-score": 0.8962108731466227,
            "support": 638.0
        },
        "31": {
            "precision": 0.6,
            "recall": 0.13854351687388988,
            "f1-score": 0.22510822510822512,
            "support": 563.0
        },
        "32": {
            "precision": 0.24,
            "recall": 0.04017857142857143,
            "f1-score": 0.06883365200764818,
            "support": 448.0
        },
        "33": {
            "precision": 0.804,
            "recall": 0.5742857142857143,
            "f1-score": 0.67,
            "support": 700.0
        },
        "34": {
            "precision": 0.5424836601307189,
            "recall": 0.8877005347593583,
            "f1-score": 0.6734279918864098,
            "support": 374.0
        },
        "35": {
            "precision": 0.506872852233677,
            "recall": 0.7091346153846154,
            "f1-score": 0.591182364729459,
            "support": 416.0
        },
        "36": {
            "precision": 0.6403940886699507,
            "recall": 0.7677165354330708,
            "f1-score": 0.6982990152193375,
            "support": 508.0
        },
        "37": {
            "precision": 0.8458574181117534,
            "recall": 0.7024,
            "f1-score": 0.7674825174825175,
            "support": 625.0
        },
        "38": {
            "precision": 0.9283216783216783,
            "recall": 0.9398230088495575,
            "f1-score": 0.9340369393139841,
            "support": 565.0
        },
        "39": {
            "precision": 0.6293634496919918,
            "recall": 0.8807471264367817,
            "f1-score": 0.7341317365269461,
            "support": 696.0
        },
        "40": {
            "precision": 0.8285714285714286,
            "recall": 0.15025906735751296,
            "f1-score": 0.2543859649122807,
            "support": 386.0
        },
        "41": {
            "precision": 0.4950354609929078,
            "recall": 0.5875420875420876,
            "f1-score": 0.5373364126250962,
            "support": 594.0
        },
        "42": {
            "precision": 0.4464751958224543,
            "recall": 0.789838337182448,