{
    "acc1": 0.7152184107059121,
    "acc5": [
        0.92511632940158
    ],
    "mean_per_class_recall": 0.7111868208262977,
    "classification_report": {
        "0": {
            "precision": 0.7281947261663286,
            "recall": 0.8140589569160998,
            "f1-score": 0.7687366167023555,
            "support": 441.0
        },
        "1": {
            "precision": 0.7833333333333333,
            "recall": 0.4986737400530504,
            "f1-score": 0.6094003241491086,
            "support": 377.0
        },
        "2": {
            "precision": 0.7426326129666012,
            "recall": 0.7651821862348178,
            "f1-score": 0.7537387836490529,
            "support": 494.0
        },
        "3": {
            "precision": 0.8595800524934383,
            "recall": 0.95900439238653,
            "f1-score": 0.9065743944636678,
            "support": 683.0
        },
        "4": {
            "precision": 0.8162790697674419,
            "recall": 0.84375,
            "f1-score": 0.8297872340425532,
            "support": 416.0
        },
        "5": {
            "precision": 0.9545454545454546,
            "recall": 0.8838896952104499,
            "f1-score": 0.9178598342125094,
            "support": 689.0
        },
        "6": {
            "precision": 0.5164835164835165,
            "recall": 0.7811634349030471,
            "f1-score": 0.6218302094818081,
            "support": 361.0
        },
        "7": {
            "precision": 0.9345794392523364,
            "recall": 0.8968609865470852,
            "f1-score": 0.9153318077803204,
            "support": 446.0
        },
        "8": {
            "precision": 0.6916890080428955,
            "recall": 0.7107438016528925,
            "f1-score": 0.7010869565217391,
            "support": 363.0
        },
        "9": {
            "precision": 0.7369308600337268,
            "recall": 0.753448275862069,
            "f1-score": 0.7450980392156863,
            "support": 580.0
        },
        "10": {
            "precision": 0.39303482587064675,
            "recall": 0.2552504038772213,
            "f1-score": 0.3095004897159647,
            "support": 619.0
        },
        "11": {
            "precision": 0.9327485380116959,
            "recall": 0.6076190476190476,
            "f1-score": 0.7358708189158016,
            "support": 525.0
        },
        "12": {
            "precision": 0.7763975155279503,
            "recall": 0.7183908045977011,
            "f1-score": 0.746268656716418,
            "support": 522.0
        },
        "13": {
            "precision": 0.7319587628865979,
            "recall": 0.8369351669941061,
            "f1-score": 0.7809349220898258,
            "support": 509.0
        },
        "14": {
            "precision": 0.9135802469135802,
            "recall": 0.8515535097813579,
            "f1-score": 0.8814770696843359,
            "support": 869.0
        },
        "15": {
            "precision": 0.4659090909090909,
            "recall": 0.6039279869067103,
            "f1-score": 0.5260156806842481,
            "support": 611.0
        },
        "16": {
            "precision": 0.6977777777777778,
            "recall": 0.7394034536891679,
            "f1-score": 0.7179878048780488,
            "support": 637.0
        },
        "17": {
            "precision": 0.8005390835579514,
            "recall": 0.4200848656294201,
            "f1-score": 0.5510204081632653,
            "support": 707.0
        },
        "18": {
            "precision": 0.8584905660377359,
            "recall": 0.9207419898819561,
            "f1-score": 0.8885272579332791,
            "support": 593.0
        },
        "19": {
            "precision": 0.7575,
            "recall": 0.8885630498533724,
            "f1-score": 0.8178137651821862,
            "support": 341.0
        },
        "20": {
            "precision": 0.4895259095920617,
            "recall": 0.8014440433212996,
            "f1-score": 0.6078028747433265,
            "support": 554.0
        },
        "21": {
            "precision": 0.8772277227722772,
            "recall": 0.729818780889621,
            "f1-score": 0.7967625899280576,
            "support": 607.0
        },
        "22": {
            "precision": 0.5766129032258065,
            "recall": 0.7579505300353356,
            "f1-score": 0.6549618320610687,
            "support": 566.0
        },
        "23": {
            "precision": 0.9284525790349417,
            "recall": 0.7410358565737052,
            "f1-score": 0.8242245199409158,
            "support": 753.0
        },
        "24": {
            "precision": 0.6636271529888551,
            "recall": 0.9290780141843972,
            "f1-score": 0.7742316784869976,
            "support": 705.0
        },
        "25": {
            "precision": 0.6494597839135654,
            "recall": 0.8387596899224806,
            "f1-score": 0.7320703653585927,
            "support": 645.0
        },
        "26": {
            "precision": 0.841313269493844,
            "recall": 0.8589385474860335,
            "f1-score": 0.8500345542501728,
            "support": 716.0
        },
        "27": {
            "precision": 0.8661202185792349,
            "recall": 0.8567567567567568,
            "f1-score": 0.8614130434782609,
            "support": 370.0
        },
        "28": {
            "precision": 0.5672727272727273,
            "recall": 0.5131578947368421,
            "f1-score": 0.538860103626943,
            "support": 912.0
        },
        "29": {
            "precision": 0.7314410480349345,
            "recall": 0.6907216494845361,
            "f1-score": 0.7104984093319194,
            "support": 485.0
        },
        "30": {
            "precision": 0.7410071942446043,
            "recall": 0.5246179966044142,
            "f1-score": 0.614314115308151,
            "support": 589.0
        },
        "31": {
            "precision": 0.6746411483253588,
            "recall": 0.7268041237113402,
            "f1-score": 0.6997518610421837,
            "support": 388.0
        },
        "32": {
            "precision": 0.8171428571428572,
            "recall": 0.6992665036674817,
            "f1-score": 0.7536231884057971,
            "support": 409.0
        },
        "33": {
            "precision": 0.5741239892183289,
            "recall": 0.42011834319526625,
            "f1-score": 0.48519362186788156,
            "support": 507.0
        },
        "34": {
            "precision": 0.9163822525597269,
            "recall": 0.9487632508833922,
            "f1-score": 0.9322916666666666,
            "support": 566.0
        },
        "35": {
            "precision": 0.5874125874125874,
            "recall": 0.16061185468451242,
            "f1-score": 0.25225225225225223,
            "support": 523.0
        },
        "36": {
            "precision": 0.8214285714285714,
            "recall": 0.9507154213036566,
            "f1-score": 0.8813559322033898,
            "support": 629.0
        },
        "37": {
            "precision": 0.5757575757575758,
            "recall": 0.890020366598778,
            "f1-score": 0.6992,
            "support": 491.0
        },
        "38": {
            "precision": 0.41472868217054265,
            "recall": 0.8106060606060606,
            "f1-score": 0.5487179487179488,
            "support": 528.0
        },
        "39": {
            "precision": 0.7244318181818182,
            "recall": 0.48295454545454547,
            "f1-score": 0.5795454545454546,
            "support": 528.0
        },
        "40": {
            "precision": 0.7226890756302521,
            "recall": 0.21882951653944022,
            "f1-score": 0.3359375,
            "support": 393.0
        },
        "41": {
            "precision": 0.906856403622251,
            "recall": 0.9524456521739131,
            "f1-score": 0.92909211398277,
            "support": 736.0
        },