{
    "acc1": 0.7001100110011002,
    "acc5": [
        0.8983865053171984
    ],
    "mean_per_class_recall": 0.7011685578543928,
    "classification_report": {
        "0": {
            "precision": 0.9095652173913044,
            "recall": 0.8449111470113085,
            "f1-score": 0.8760469011725294,
            "support": 619.0
        },
        "1": {
            "precision": 0.808,
            "recall": 0.9160997732426304,
            "f1-score": 0.8586609989373007,
            "support": 441.0
        },
        "2": {
            "precision": 0.7777777777777778,
            "recall": 0.7028885832187071,
            "f1-score": 0.7384393063583815,
            "support": 727.0
        },
        "3": {
            "precision": 0.6137787056367432,
            "recall": 0.6405228758169934,
            "f1-score": 0.6268656716417911,
            "support": 459.0
        },
        "4": {
            "precision": 0.8215859030837004,
            "recall": 0.8477272727272728,
            "f1-score": 0.8344519015659956,
            "support": 440.0
        },
        "5": {
            "precision": 0.9780600461893765,
            "recall": 0.9206521739130434,
            "f1-score": 0.948488241881299,
            "support": 920.0
        },
        "6": {
            "precision": 0.6188436830835118,
            "recall": 0.5302752293577981,
            "f1-score": 0.5711462450592886,
            "support": 545.0
        },
        "7": {
            "precision": 0.40554821664464996,
            "recall": 0.6837416481069042,
            "f1-score": 0.5091210613598673,
            "support": 449.0
        },
        "8": {
            "precision": 0.6053511705685619,
            "recall": 0.8743961352657005,
            "f1-score": 0.7154150197628458,
            "support": 414.0
        },
        "9": {
            "precision": 0.37359098228663445,
            "recall": 0.6904761904761905,
            "f1-score": 0.48484848484848486,
            "support": 336.0
        },
        "10": {
            "precision": 0.6521145975443383,
            "recall": 0.7611464968152867,
            "f1-score": 0.7024246877296105,
            "support": 628.0
        },
        "11": {
            "precision": 0.5706436420722135,
            "recall": 0.90875,
            "f1-score": 0.7010607521697203,
            "support": 800.0
        },
        "12": {
            "precision": 0.9390018484288355,
            "recall": 0.8943661971830986,
            "f1-score": 0.9161406672678089,
            "support": 568.0
        },
        "13": {
            "precision": 0.7221052631578947,
            "recall": 0.8225419664268585,
            "f1-score": 0.7690582959641256,
            "support": 417.0
        },
        "14": {
            "precision": 0.6389684813753582,
            "recall": 0.7470686767169179,
            "f1-score": 0.6888030888030888,
            "support": 597.0
        },
        "15": {
            "precision": 0.6231884057971014,
            "recall": 0.442159383033419,
            "f1-score": 0.5172932330827068,
            "support": 389.0
        },
        "16": {
            "precision": 0.5017301038062284,
            "recall": 0.5991735537190083,
            "f1-score": 0.5461393596986818,
            "support": 484.0
        },
        "17": {
            "precision": 0.8952095808383234,
            "recall": 0.7627551020408163,
            "f1-score": 0.8236914600550964,
            "support": 392.0
        },
        "18": {
            "precision": 0.7,
            "recall": 0.16153846153846155,
            "f1-score": 0.2625,
            "support": 390.0
        },
        "19": {
            "precision": 0.8447058823529412,
            "recall": 0.8864197530864197,
            "f1-score": 0.8650602409638555,
            "support": 405.0
        },
        "20": {
            "precision": 0.36042402826855124,
            "recall": 0.8315217391304348,
            "f1-score": 0.5028759244042728,
            "support": 368.0
        },
        "21": {
            "precision": 0.9116719242902208,
            "recall": 0.6538461538461539,
            "f1-score": 0.761528326745718,
            "support": 442.0
        },
        "22": {
            "precision": 0.9043887147335423,
            "recall": 0.7642384105960265,
            "f1-score": 0.8284278535534817,
            "support": 755.0
        },
        "23": {
            "precision": 0.7428571428571429,
            "recall": 0.6062176165803109,
            "f1-score": 0.6676176890156919,
            "support": 386.0
        },
        "24": {
            "precision": 0.8536585365853658,
            "recall": 0.7701711491442543,
            "f1-score": 0.8097686375321337,
            "support": 409.0
        },
        "25": {
            "precision": 0.6443914081145584,
            "recall": 0.5590062111801242,
            "f1-score": 0.5986696230598669,
            "support": 483.0
        },
        "26": {
            "precision": 0.7710487444608567,
            "recall": 0.7653958944281525,
            "f1-score": 0.7682119205298014,
            "support": 682.0
        },
        "27": {
            "precision": 0.9016100178890877,
            "recall": 0.8275862068965517,
            "f1-score": 0.863013698630137,
            "support": 609.0
        },
        "28": {
            "precision": 0.6374501992031872,
            "recall": 0.7980049875311721,
            "f1-score": 0.70874861572536,
            "support": 401.0
        },
        "29": {
            "precision": 0.842026825633383,
            "recall": 0.9083601286173634,
            "f1-score": 0.8739365815931941,
            "support": 622.0
        },
        "30": {
            "precision": 0.9419795221843004,
            "recall": 0.8652037617554859,
            "f1-score": 0.9019607843137255,
            "support": 638.0
        },
        "31": {
            "precision": 0.5921985815602837,
            "recall": 0.2966252220248668,
            "f1-score": 0.3952662721893491,
            "support": 563.0
        },
        "32": {
            "precision": 0.6443148688046647,
            "recall": 0.49330357142857145,
            "f1-score": 0.5587863463969659,
            "support": 448.0
        },
        "33": {
            "precision": 0.7756183745583038,
            "recall": 0.6271428571428571,
            "f1-score": 0.693522906793049,
            "support": 700.0
        },
        "34": {
            "precision": 0.5674255691768827,
            "recall": 0.8663101604278075,
            "f1-score": 0.6857142857142857,
            "support": 374.0
        },
        "35": {
            "precision": 0.4267716535433071,
            "recall": 0.6514423076923077,
            "f1-score": 0.5156993339676499,
            "support": 416.0
        },
        "36": {
            "precision": 0.6159754224270353,
            "recall": 0.7893700787401575,
            "f1-score": 0.6919758412424504,
            "support": 508.0
        },
        "37": {
            "precision": 0.899736147757256,
            "recall": 0.5456,
            "f1-score": 0.6792828685258964,
            "support": 625.0
        },
        "38": {
            "precision": 0.9021922428330523,
            "recall": 0.9469026548672567,
            "f1-score": 0.924006908462867,
            "support": 565.0
        },
        "39": {
            "precision": 0.6958041958041958,
            "recall": 0.8577586206896551,
            "f1-score": 0.7683397683397684,
            "support": 696.0
        },
        "40": {
            "precision": 0.625,
            "recall": 0.012953367875647668,
            "f1-score": 0.025380710659898477,
            "support": 386.0
        },
        "41": {
            "precision": 0.5009174311926605,
            "recall": 0.4595959595959596,
            "f1-score": 0.4793678665496049,
            "support": 594.0
        },
        "42": {
            "precision": 0.35969141755062684,