{
    "acc1": 0.7083975064173084,
    "acc5": [
        0.9192519251925193
    ],
    "mean_per_class_recall": 0.7094982280685261,
    "classification_report": {
        "0": {
            "precision": 0.9146341463414634,
            "recall": 0.8481421647819063,
            "f1-score": 0.8801341156747695,
            "support": 619.0
        },
        "1": {
            "precision": 0.812375249500998,
            "recall": 0.9229024943310657,
            "f1-score": 0.8641188959660298,
            "support": 441.0
        },
        "2": {
            "precision": 0.802610114192496,
            "recall": 0.6767537826685007,
            "f1-score": 0.7343283582089553,
            "support": 727.0
        },
        "3": {
            "precision": 0.6170212765957447,
            "recall": 0.6318082788671024,
            "f1-score": 0.6243272335844995,
            "support": 459.0
        },
        "4": {
            "precision": 0.8275862068965517,
            "recall": 0.8181818181818182,
            "f1-score": 0.8228571428571428,
            "support": 440.0
        },
        "5": {
            "precision": 0.9758897818599311,
            "recall": 0.9239130434782609,
            "f1-score": 0.9491903964265773,
            "support": 920.0
        },
        "6": {
            "precision": 0.5714285714285714,
            "recall": 0.5724770642201835,
            "f1-score": 0.5719523373052245,
            "support": 545.0
        },
        "7": {
            "precision": 0.41120218579234974,
            "recall": 0.6703786191536748,
            "f1-score": 0.5097375105842507,
            "support": 449.0
        },
        "8": {
            "precision": 0.6241379310344828,
            "recall": 0.8743961352657005,
            "f1-score": 0.7283702213279678,
            "support": 414.0
        },
        "9": {
            "precision": 0.32917705735660846,
            "recall": 0.7857142857142857,
            "f1-score": 0.46397188049209137,
            "support": 336.0
        },
        "10": {
            "precision": 0.7023255813953488,
            "recall": 0.7213375796178344,
            "f1-score": 0.7117046347211312,
            "support": 628.0
        },
        "11": {
            "precision": 0.6357969723953696,
            "recall": 0.8925,
            "f1-score": 0.7425897035881436,
            "support": 800.0
        },
        "12": {
            "precision": 0.9262589928057554,
            "recall": 0.9066901408450704,
            "f1-score": 0.9163701067615658,
            "support": 568.0
        },
        "13": {
            "precision": 0.654054054054054,
            "recall": 0.8705035971223022,
            "f1-score": 0.7469135802469136,
            "support": 417.0
        },
        "14": {
            "precision": 0.6896024464831805,
            "recall": 0.7554438860971524,
            "f1-score": 0.7210231814548361,
            "support": 597.0
        },
        "15": {
            "precision": 0.6236162361623616,
            "recall": 0.43444730077120824,
            "f1-score": 0.5121212121212121,
            "support": 389.0
        },
        "16": {
            "precision": 0.5578093306288032,
            "recall": 0.5681818181818182,
            "f1-score": 0.5629477993858751,
            "support": 484.0
        },
        "17": {
            "precision": 0.8839285714285714,
            "recall": 0.7576530612244898,
            "f1-score": 0.8159340659340659,
            "support": 392.0
        },
        "18": {
            "precision": 0.7536231884057971,
            "recall": 0.26666666666666666,
            "f1-score": 0.3939393939393939,
            "support": 390.0
        },
        "19": {
            "precision": 0.8375870069605569,
            "recall": 0.891358024691358,
            "f1-score": 0.8636363636363636,
            "support": 405.0
        },
        "20": {
            "precision": 0.36619718309859156,
            "recall": 0.8478260869565217,
            "f1-score": 0.5114754098360655,
            "support": 368.0
        },
        "21": {
            "precision": 0.9247648902821317,
            "recall": 0.667420814479638,
            "f1-score": 0.7752956636005256,
            "support": 442.0
        },
        "22": {
            "precision": 0.9027355623100304,
            "recall": 0.7867549668874172,
            "f1-score": 0.8407643312101911,
            "support": 755.0
        },
        "23": {
            "precision": 0.7450980392156863,
            "recall": 0.5906735751295337,
            "f1-score": 0.6589595375722543,
            "support": 386.0
        },
        "24": {
            "precision": 0.9027027027027027,
            "recall": 0.8166259168704156,
            "f1-score": 0.8575096277278562,
            "support": 409.0
        },
        "25": {
            "precision": 0.5685884691848907,
            "recall": 0.5921325051759835,
            "f1-score": 0.5801217038539553,
            "support": 483.0
        },
        "26": {
            "precision": 0.7768115942028986,
            "recall": 0.7859237536656891,
            "f1-score": 0.7813411078717201,
            "support": 682.0
        },
        "27": {
            "precision": 0.911275415896488,
            "recall": 0.8095238095238095,
            "f1-score": 0.8573913043478261,
            "support": 609.0
        },
        "28": {
            "precision": 0.6242774566473989,
            "recall": 0.8079800498753117,
            "f1-score": 0.7043478260869566,
            "support": 401.0
        },
        "29": {
            "precision": 0.8639876352395672,
            "recall": 0.8987138263665595,
            "f1-score": 0.8810086682427108,
            "support": 622.0
        },
        "30": {
            "precision": 0.940677966101695,
            "recall": 0.8699059561128527,
            "f1-score": 0.9039087947882736,
            "support": 638.0
        },
        "31": {
            "precision": 0.6565217391304348,
            "recall": 0.2682060390763766,
            "f1-score": 0.38083228247162676,
            "support": 563.0
        },
        "32": {
            "precision": 0.5993031358885017,
            "recall": 0.38392857142857145,
            "f1-score": 0.46802721088435373,
            "support": 448.0
        },
        "33": {
            "precision": 0.7527386541471048,
            "recall": 0.6871428571428572,
            "f1-score": 0.7184466019417476,
            "support": 700.0
        },
        "34": {
            "precision": 0.5917602996254682,
            "recall": 0.8449197860962567,
            "f1-score": 0.6960352422907489,
            "support": 374.0
        },
        "35": {
            "precision": 0.4475743348982786,
            "recall": 0.6875,
            "f1-score": 0.5421800947867299,
            "support": 416.0
        },
        "36": {
            "precision": 0.6349206349206349,
            "recall": 0.7874015748031497,
            "f1-score": 0.70298769771529,
            "support": 508.0
        },
        "37": {
            "precision": 0.8733333333333333,
            "recall": 0.6288,
            "f1-score": 0.7311627906976744,
            "support": 625.0
        },
        "38": {
            "precision": 0.9106529209621993,
            "recall": 0.9380530973451328,
            "f1-score": 0.9241499564080209,
            "support": 565.0
        },
        "39": {
            "precision": 0.7090261282660333,
            "recall": 0.8577586206896551,
            "f1-score": 0.776332899869961,
            "support": 696.0
        },
        "40": {
            "precision": 0.55,
            "recall": 0.02849740932642487,
            "f1-score": 0.054187192118226604,
            "support": 386.0
        },
        "41": {
            "precision": 0.5422138836772983,
            "recall": 0.48653198653198654,
            "f1-score": 0.5128660159716061,
            "support": 594.0
        },