{
    "acc1": 0.7433711777721353,
    "acc5": [
        0.9344190939098262
    ],
    "mean_per_class_recall": 0.7315072997697258,
    "classification_report": {
        "0": {
            "precision": 0.20512820512820512,
            "recall": 0.041884816753926704,
            "f1-score": 0.06956521739130435,
            "support": 382.0
        },
        "1": {
            "precision": 0.5187353629976581,
            "recall": 0.715670436187399,
            "f1-score": 0.6014935505770537,
            "support": 619.0
        },
        "2": {
            "precision": 0.7696850393700787,
            "recall": 0.9050925925925926,
            "f1-score": 0.8319148936170213,
            "support": 432.0
        },
        "3": {
            "precision": 0.8824324324324324,
            "recall": 0.9560761346998536,
            "f1-score": 0.9177793394237527,
            "support": 683.0
        },
        "4": {
            "precision": 0.9633333333333334,
            "recall": 0.85,
            "f1-score": 0.903125,
            "support": 680.0
        },
        "5": {
            "precision": 0.8802816901408451,
            "recall": 0.576036866359447,
            "f1-score": 0.6963788300835655,
            "support": 434.0
        },
        "6": {
            "precision": 0.7306201550387597,
            "recall": 0.8954869358669834,
            "f1-score": 0.8046958377801494,
            "support": 421.0
        },
        "7": {
            "precision": 0.39667458432304037,
            "recall": 0.3883720930232558,
            "f1-score": 0.39247943595769685,
            "support": 430.0
        },
        "8": {
            "precision": 0.8370786516853933,
            "recall": 0.8993963782696177,
            "f1-score": 0.8671193016488846,
            "support": 497.0
        },
        "9": {
            "precision": 0.7666666666666667,
            "recall": 0.6020942408376964,
            "f1-score": 0.6744868035190615,
            "support": 382.0
        },
        "10": {
            "precision": 0.8371134020618557,
            "recall": 0.9082774049217002,
            "f1-score": 0.871244635193133,
            "support": 447.0
        },
        "11": {
            "precision": 0.8318777292576419,
            "recall": 0.9247572815533981,
            "f1-score": 0.8758620689655172,
            "support": 412.0
        },
        "12": {
            "precision": 0.4539877300613497,
            "recall": 0.6618962432915921,
            "f1-score": 0.5385735080058224,
            "support": 559.0
        },
        "13": {
            "precision": 0.5735930735930735,
            "recall": 0.6479217603911981,
            "f1-score": 0.6084959816303099,
            "support": 409.0
        },
        "14": {
            "precision": 0.9661016949152542,
            "recall": 0.8735632183908046,
            "f1-score": 0.9175050301810865,
            "support": 522.0
        },
        "15": {
            "precision": 0.6146010186757216,
            "recall": 0.6642201834862386,
            "f1-score": 0.6384479717813051,
            "support": 545.0
        },
        "16": {
            "precision": 0.611764705882353,
            "recall": 0.4297520661157025,
            "f1-score": 0.5048543689320388,
            "support": 363.0
        },
        "17": {
            "precision": 0.42331932773109243,
            "recall": 0.7082601054481547,
            "f1-score": 0.5299145299145299,
            "support": 569.0
        },
        "18": {
            "precision": 0.5831960461285008,
            "recall": 0.6833976833976834,
            "f1-score": 0.6293333333333333,
            "support": 518.0
        },
        "19": {
            "precision": 0.8062360801781737,
            "recall": 0.7991169977924945,
            "f1-score": 0.802660753880266,
            "support": 453.0
        },
        "20": {
            "precision": 0.9016393442622951,
            "recall": 0.8354430379746836,
            "f1-score": 0.8672798948751642,
            "support": 395.0
        },
        "21": {
            "precision": 0.6964586846543002,
            "recall": 0.6704545454545454,
            "f1-score": 0.6832092638544252,
            "support": 616.0
        },
        "22": {
            "precision": 0.8078291814946619,
            "recall": 0.8470149253731343,
            "f1-score": 0.8269581056466302,
            "support": 536.0
        },
        "23": {
            "precision": 0.8700947225981055,
            "recall": 0.9373177842565598,
            "f1-score": 0.9024561403508772,
            "support": 686.0
        },
        "24": {
            "precision": 0.8257425742574257,
            "recall": 0.954233409610984,
            "f1-score": 0.8853503184713376,
            "support": 437.0
        },
        "25": {
            "precision": 0.5974025974025974,
            "recall": 0.4923547400611621,
            "f1-score": 0.539815590947192,
            "support": 654.0
        },
        "26": {
            "precision": 0.888121546961326,
            "recall": 0.9278499278499278,
            "f1-score": 0.9075511644318984,
            "support": 693.0
        },
        "27": {
            "precision": 0.5848595848595849,
            "recall": 0.6765536723163842,
            "f1-score": 0.627373935821873,
            "support": 708.0
        },
        "28": {
            "precision": 0.779467680608365,
            "recall": 0.859538784067086,
            "f1-score": 0.8175473579262214,
            "support": 477.0
        },
        "29": {
            "precision": 0.8794178794178794,
            "recall": 0.75,
            "f1-score": 0.8095693779904306,
            "support": 564.0
        },
        "30": {
            "precision": 0.5714285714285714,
            "recall": 0.5961871750433275,
            "f1-score": 0.5835453774385072,
            "support": 577.0
        },
        "31": {
            "precision": 0.6119929453262787,
            "recall": 0.7367303609341825,
            "f1-score": 0.6685934489402697,
            "support": 471.0
        },
        "32": {
            "precision": 0.8210399032648126,
            "recall": 0.8270401948842875,
            "f1-score": 0.8240291262135923,
            "support": 821.0
        },
        "33": {
            "precision": 0.8409090909090909,
            "recall": 0.6757990867579908,
            "f1-score": 0.7493670886075949,
            "support": 657.0
        },
        "34": {
            "precision": 0.8825995807127882,
            "recall": 0.759927797833935,
            "f1-score": 0.8166828322017459,
            "support": 554.0
        },
        "35": {
            "precision": 0.8034188034188035,
            "recall": 0.7544141252006421,
            "f1-score": 0.7781456953642384,
            "support": 623.0
        },
        "36": {
            "precision": 0.7993579454253612,
            "recall": 0.7466266866566716,
            "f1-score": 0.772093023255814,
            "support": 667.0
        },
        "37": {
            "precision": 0.9394957983193277,
            "recall": 0.8775510204081632,
            "f1-score": 0.9074675324675324,
            "support": 637.0
        },
        "38": {
            "precision": 0.8767550702028081,
            "recall": 0.9656357388316151,
            "f1-score": 0.9190515126737531,
            "support": 582.0
        },
        "39": {
            "precision": 0.8611111111111112,
            "recall": 0.7713841368584758,
            "f1-score": 0.8137817883511075,
            "support": 643.0
        },
        "40": {
            "precision": 0.7377049180327869,
            "recall": 0.5572755417956656,
            "f1-score": 0.6349206349206349,
            "support": 646.0
        },
        "41": {
            "precision": 0.8296703296703297,
            "recall": 0.848314606741573,
            "f1-score": 0.8388888888888889,
            "support": 534.0
        },