{
    "acc1": 0.72641868248897,
    "acc5": [
        0.93024494142705
    ],
    "mean_per_class_recall": 0.7271011451269312,
    "classification_report": {
        "0": {
            "precision": 0.8133086876155268,
            "recall": 0.8560311284046692,
            "f1-score": 0.8341232227488151,
            "support": 514.0
        },
        "1": {
            "precision": 0.7649253731343284,
            "recall": 0.8299595141700404,
            "f1-score": 0.7961165048543689,
            "support": 494.0
        },
        "2": {
            "precision": 0.8621399176954733,
            "recall": 0.8674948240165632,
            "f1-score": 0.8648090815273478,
            "support": 483.0
        },
        "3": {
            "precision": 0.7433628318584071,
            "recall": 0.25806451612903225,
            "f1-score": 0.3831242873432155,
            "support": 651.0
        },
        "4": {
            "precision": 0.7344877344877345,
            "recall": 0.7529585798816568,
            "f1-score": 0.743608473338203,
            "support": 676.0
        },
        "5": {
            "precision": 0.5025380710659898,
            "recall": 0.27197802197802196,
            "f1-score": 0.35294117647058826,
            "support": 364.0
        },
        "6": {
            "precision": 0.8342541436464088,
            "recall": 0.8423988842398884,
            "f1-score": 0.8383067314365025,
            "support": 717.0
        },
        "7": {
            "precision": 0.6156462585034014,
            "recall": 0.8438228438228438,
            "f1-score": 0.711897738446411,
            "support": 429.0
        },
        "8": {
            "precision": 0.8451730418943534,
            "recall": 0.7495961227786753,
            "f1-score": 0.7945205479452054,
            "support": 619.0
        },
        "9": {
            "precision": 0.826955074875208,
            "recall": 0.9594594594594594,
            "f1-score": 0.8882931188561215,
            "support": 518.0
        },
        "10": {
            "precision": 0.8571428571428571,
            "recall": 0.5553047404063205,
            "f1-score": 0.673972602739726,
            "support": 443.0
        },
        "11": {
            "precision": 0.4827586206896552,
            "recall": 0.6637931034482759,
            "f1-score": 0.558983666061706,
            "support": 464.0
        },
        "12": {
            "precision": 0.8476658476658476,
            "recall": 0.905511811023622,
            "f1-score": 0.8756345177664975,
            "support": 381.0
        },
        "13": {
            "precision": 0.774712643678161,
            "recall": 0.7488888888888889,
            "f1-score": 0.7615819209039548,
            "support": 450.0
        },
        "14": {
            "precision": 0.9077340569877883,
            "recall": 0.9570815450643777,
            "f1-score": 0.9317548746518106,
            "support": 699.0
        },
        "15": {
            "precision": 0.42408376963350786,
            "recall": 0.29944547134935307,
            "f1-score": 0.35102925243770317,
            "support": 541.0
        },
        "16": {
            "precision": 0.9411764705882353,
            "recall": 0.6584362139917695,
            "f1-score": 0.774818401937046,
            "support": 486.0
        },
        "17": {
            "precision": 0.5359281437125748,
            "recall": 0.7306122448979592,
            "f1-score": 0.6183074265975821,
            "support": 490.0
        },
        "18": {
            "precision": 0.6488372093023256,
            "recall": 0.8205882352941176,
            "f1-score": 0.7246753246753247,
            "support": 340.0
        },
        "19": {
            "precision": 0.7807692307692308,
            "recall": 0.8787878787878788,
            "f1-score": 0.8268839103869654,
            "support": 462.0
        },
        "20": {
            "precision": 0.7404921700223713,
            "recall": 0.7574370709382151,
            "f1-score": 0.748868778280543,
            "support": 437.0
        },
        "21": {
            "precision": 0.7687224669603524,
            "recall": 0.9064935064935065,
            "f1-score": 0.831942789034565,
            "support": 385.0
        },
        "22": {
            "precision": 0.9411764705882353,
            "recall": 0.47477744807121663,
            "f1-score": 0.631163708086785,
            "support": 337.0
        },
        "23": {
            "precision": 0.7419354838709677,
            "recall": 0.8141592920353983,
            "f1-score": 0.7763713080168776,
            "support": 339.0
        },
        "24": {
            "precision": 0.8198992443324937,
            "recall": 0.7153846153846154,
            "f1-score": 0.7640845070422535,
            "support": 910.0
        },
        "25": {
            "precision": 0.34185848252344414,
            "recall": 0.7771317829457365,
            "f1-score": 0.47483718176435763,
            "support": 516.0
        },
        "26": {
            "precision": 0.7948717948717948,
            "recall": 0.9328703703703703,
            "f1-score": 0.858359957401491,
            "support": 432.0
        },
        "27": {
            "precision": 0.8986486486486487,
            "recall": 0.665,
            "f1-score": 0.764367816091954,
            "support": 400.0
        },
        "28": {
            "precision": 0.8035714285714286,
            "recall": 0.7417582417582418,
            "f1-score": 0.7714285714285715,
            "support": 364.0
        },
        "29": {
            "precision": 0.762114537444934,
            "recall": 0.8917525773195877,
            "f1-score": 0.8218527315914489,
            "support": 388.0
        },
        "30": {
            "precision": 0.7848101265822784,
            "recall": 0.7791741472172352,
            "f1-score": 0.781981981981982,
            "support": 557.0
        },
        "31": {
            "precision": 0.916504854368932,
            "recall": 0.9024856596558317,
            "f1-score": 0.9094412331406551,
            "support": 523.0
        },
        "32": {
            "precision": 0.5576923076923077,
            "recall": 0.8006134969325154,
            "f1-score": 0.6574307304785895,
            "support": 652.0
        },
        "33": {
            "precision": 0.6220238095238095,
            "recall": 0.59375,
            "f1-score": 0.6075581395348837,
            "support": 352.0
        },
        "34": {
            "precision": 0.8969072164948454,
            "recall": 0.5312977099236641,
            "f1-score": 0.6673058485139022,
            "support": 655.0
        },
        "35": {
            "precision": 0.6629422718808193,
            "recall": 0.7432150313152401,
            "f1-score": 0.7007874015748031,
            "support": 479.0
        },
        "36": {
            "precision": 0.7026178010471205,
            "recall": 0.816301703163017,
            "f1-score": 0.7552054023635341,
            "support": 822.0
        },
        "37": {
            "precision": 0.9765625,
            "recall": 0.8468834688346883,
            "f1-score": 0.9071117561683599,
            "support": 738.0
        },
        "38": {
            "precision": 0.7351598173515982,
            "recall": 0.8944444444444445,
            "f1-score": 0.8070175438596491,
            "support": 720.0
        },
        "39": {
            "precision": 0.5913461538461539,
            "recall": 0.34119278779472956,
            "f1-score": 0.43271767810026385,
            "support": 721.0
        },
        "40": {
            "precision": 0.8333333333333334,
            "recall": 0.6968641114982579,
            "f1-score": 0.7590132827324478,
            "support": 574.0
        },
        "41": {
            "precision": 0.869220607661823,
            "recall": 0.8435897435897436,
            "f1-score": 0.8562134027325959,
            "support": 780.0
        },