{
    "acc1": 0.7320858055682337,
    "acc5": [
        0.9321846949642477
    ],
    "mean_per_class_recall": 0.7325766457996049,
    "classification_report": {
        "0": {
            "precision": 0.8615071283095723,
            "recall": 0.8229571984435797,
            "f1-score": 0.8417910447761194,
            "support": 514.0
        },
        "1": {
            "precision": 0.7509025270758123,
            "recall": 0.8421052631578947,
            "f1-score": 0.7938931297709924,
            "support": 494.0
        },
        "2": {
            "precision": 0.8696581196581197,
            "recall": 0.8426501035196687,
            "f1-score": 0.8559411146161935,
            "support": 483.0
        },
        "3": {
            "precision": 0.6595744680851063,
            "recall": 0.19047619047619047,
            "f1-score": 0.29558998808104886,
            "support": 651.0
        },
        "4": {
            "precision": 0.7653543307086614,
            "recall": 0.7189349112426036,
            "f1-score": 0.7414187643020596,
            "support": 676.0
        },
        "5": {
            "precision": 0.5573770491803278,
            "recall": 0.37362637362637363,
            "f1-score": 0.4473684210526316,
            "support": 364.0
        },
        "6": {
            "precision": 0.825503355704698,
            "recall": 0.8577405857740585,
            "f1-score": 0.841313269493844,
            "support": 717.0
        },
        "7": {
            "precision": 0.6859344894026975,
            "recall": 0.8298368298368298,
            "f1-score": 0.7510548523206751,
            "support": 429.0
        },
        "8": {
            "precision": 0.8021978021978022,
            "recall": 0.8255250403877221,
            "f1-score": 0.8136942675159236,
            "support": 619.0
        },
        "9": {
            "precision": 0.7856025039123631,
            "recall": 0.9691119691119691,
            "f1-score": 0.867761452031115,
            "support": 518.0
        },
        "10": {
            "precision": 0.7472826086956522,
            "recall": 0.6207674943566591,
            "f1-score": 0.6781750924784217,
            "support": 443.0
        },
        "11": {
            "precision": 0.6073752711496746,
            "recall": 0.603448275862069,
            "f1-score": 0.6054054054054054,
            "support": 464.0
        },
        "12": {
            "precision": 0.8058035714285714,
            "recall": 0.94750656167979,
            "f1-score": 0.8709288299155609,
            "support": 381.0
        },
        "13": {
            "precision": 0.7263779527559056,
            "recall": 0.82,
            "f1-score": 0.7703549060542797,
            "support": 450.0
        },
        "14": {
            "precision": 0.8945260347129506,
            "recall": 0.9585121602288984,
            "f1-score": 0.925414364640884,
            "support": 699.0
        },
        "15": {
            "precision": 0.3882978723404255,
            "recall": 0.2698706099815157,
            "f1-score": 0.31842966194111233,
            "support": 541.0
        },
        "16": {
            "precision": 0.9408450704225352,
            "recall": 0.6872427983539094,
            "f1-score": 0.7942925089179548,
            "support": 486.0
        },
        "17": {
            "precision": 0.571157495256167,
            "recall": 0.6142857142857143,
            "f1-score": 0.591937069813176,
            "support": 490.0
        },
        "18": {
            "precision": 0.7052631578947368,
            "recall": 0.788235294117647,
            "f1-score": 0.7444444444444445,
            "support": 340.0
        },
        "19": {
            "precision": 0.768796992481203,
            "recall": 0.8852813852813853,
            "f1-score": 0.8229376257545271,
            "support": 462.0
        },
        "20": {
            "precision": 0.700952380952381,
            "recall": 0.8421052631578947,
            "f1-score": 0.7650727650727651,
            "support": 437.0
        },
        "21": {
            "precision": 0.7467532467532467,
            "recall": 0.8961038961038961,
            "f1-score": 0.8146399055489965,
            "support": 385.0
        },
        "22": {
            "precision": 0.8840579710144928,
            "recall": 0.543026706231454,
            "f1-score": 0.6727941176470589,
            "support": 337.0
        },
        "23": {
            "precision": 0.7563739376770539,
            "recall": 0.7876106194690266,
            "f1-score": 0.7716763005780347,
            "support": 339.0
        },
        "24": {
            "precision": 0.7484342379958246,
            "recall": 0.7879120879120879,
            "f1-score": 0.7676659528907923,
            "support": 910.0
        },
        "25": {
            "precision": 0.3278282411230388,
            "recall": 0.7693798449612403,
            "f1-score": 0.4597568037058483,
            "support": 516.0
        },
        "26": {
            "precision": 0.8672566371681416,
            "recall": 0.9074074074074074,
            "f1-score": 0.8868778280542986,
            "support": 432.0
        },
        "27": {
            "precision": 0.8721311475409836,
            "recall": 0.665,
            "f1-score": 0.7546099290780142,
            "support": 400.0
        },
        "28": {
            "precision": 0.7526041666666666,
            "recall": 0.7939560439560439,
            "f1-score": 0.7727272727272727,
            "support": 364.0
        },
        "29": {
            "precision": 0.8549618320610687,
            "recall": 0.865979381443299,
            "f1-score": 0.8604353393085787,
            "support": 388.0
        },
        "30": {
            "precision": 0.7808471454880295,
            "recall": 0.7612208258527827,
            "f1-score": 0.7709090909090909,
            "support": 557.0
        },
        "31": {
            "precision": 0.9146110056925996,
            "recall": 0.9216061185468452,
            "f1-score": 0.9180952380952381,
            "support": 523.0
        },
        "32": {
            "precision": 0.6211180124223602,
            "recall": 0.7668711656441718,
            "f1-score": 0.6863417982155113,
            "support": 652.0
        },
        "33": {
            "precision": 0.6448598130841121,
            "recall": 0.5880681818181818,
            "f1-score": 0.6151560178306092,
            "support": 352.0
        },
        "34": {
            "precision": 0.9023136246786633,
            "recall": 0.5358778625954198,
            "f1-score": 0.6724137931034483,
            "support": 655.0
        },
        "35": {
            "precision": 0.6642066420664207,
            "recall": 0.7515657620041754,
            "f1-score": 0.7051909892262488,
            "support": 479.0
        },
        "36": {
            "precision": 0.7094379639448568,
            "recall": 0.8138686131386861,
            "f1-score": 0.7580736543909349,
            "support": 822.0
        },
        "37": {
            "precision": 0.975346687211094,
            "recall": 0.8577235772357723,
            "f1-score": 0.912761355443403,
            "support": 738.0
        },
        "38": {
            "precision": 0.7174638487208009,
            "recall": 0.8958333333333334,
            "f1-score": 0.7967881408276714,
            "support": 720.0
        },
        "39": {
            "precision": 0.6934673366834171,
            "recall": 0.3828016643550624,
            "f1-score": 0.4932975871313673,
            "support": 721.0
        },
        "40": {
            "precision": 0.8112449799196787,
            "recall": 0.7038327526132404,
            "f1-score": 0.753731343283582,
            "support": 574.0
        },
        "41": {
            "precision": 0.889344262295082,
            "recall": 0.8346153846153846,
            "f1-score": 0.8611111111111112,
            "support": 780.0
        },