{
    "acc1": 0.7007381507381507,
    "acc5": [
        0.9371794871794872
    ],
    "mean_per_class_recall": 0.7016398902555748,
    "classification_report": {
        "0": {
            "precision": 0.6666666666666666,
            "recall": 0.6512820512820513,
            "f1-score": 0.6588845654993515,
            "support": 390.0
        },
        "1": {
            "precision": 0.7552581261950286,
            "recall": 0.6433224755700325,
            "f1-score": 0.6948109058927001,
            "support": 614.0
        },
        "2": {
            "precision": 0.884469696969697,
            "recall": 0.8192982456140351,
            "f1-score": 0.8506375227686703,
            "support": 570.0
        },
        "3": {
            "precision": 0.9588336192109777,
            "recall": 0.5721596724667349,
            "f1-score": 0.7166666666666667,
            "support": 977.0
        },
        "4": {
            "precision": 0.6053511705685619,
            "recall": 0.793859649122807,
            "f1-score": 0.6869070208728653,
            "support": 456.0
        },
        "5": {
            "precision": 0.7701149425287356,
            "recall": 0.7127659574468085,
            "f1-score": 0.7403314917127072,
            "support": 564.0
        },
        "6": {
            "precision": 0.7249357326478149,
            "recall": 0.47554806070826305,
            "f1-score": 0.5743380855397149,
            "support": 593.0
        },
        "7": {
            "precision": 0.8782161234991424,
            "recall": 0.7562776957163959,
            "f1-score": 0.8126984126984127,
            "support": 677.0
        },
        "8": {
            "precision": 0.5650224215246636,
            "recall": 0.3095823095823096,
            "f1-score": 0.4,
            "support": 407.0
        },
        "9": {
            "precision": 0.5829787234042553,
            "recall": 0.927765237020316,
            "f1-score": 0.7160278745644599,
            "support": 443.0
        },
        "10": {
            "precision": 0.7327327327327328,
            "recall": 0.47195357833655704,
            "f1-score": 0.5741176470588235,
            "support": 517.0
        },
        "11": {
            "precision": 0.9096509240246407,
            "recall": 0.9326315789473684,
            "f1-score": 0.920997920997921,
            "support": 475.0
        },
        "12": {
            "precision": 0.6400966183574879,
            "recall": 0.6777493606138107,
            "f1-score": 0.6583850931677019,
            "support": 391.0
        },
        "13": {
            "precision": 0.747072599531616,
            "recall": 0.7088888888888889,
            "f1-score": 0.7274800456100342,
            "support": 450.0
        },
        "14": {
            "precision": 0.9028268551236749,
            "recall": 0.9393382352941176,
            "f1-score": 0.9207207207207208,
            "support": 544.0
        },
        "15": {
            "precision": 0.7076612903225806,
            "recall": 0.7680525164113785,
            "f1-score": 0.7366211962224554,
            "support": 457.0
        },
        "16": {
            "precision": 0.869983948635634,
            "recall": 0.8727858293075684,
            "f1-score": 0.8713826366559485,
            "support": 621.0
        },
        "17": {
            "precision": 0.865546218487395,
            "recall": 0.8583333333333333,
            "f1-score": 0.8619246861924686,
            "support": 600.0
        },
        "18": {
            "precision": 0.775,
            "recall": 0.9575289575289575,
            "f1-score": 0.8566493955094991,
            "support": 518.0
        },
        "19": {
            "precision": 0.7724665391969407,
            "recall": 0.7467652495378928,
            "f1-score": 0.7593984962406015,
            "support": 541.0
        },
        "20": {
            "precision": 0.5006418485237484,
            "recall": 0.6914893617021277,
            "f1-score": 0.580789277736411,
            "support": 564.0
        },
        "21": {
            "precision": 0.6216216216216216,
            "recall": 0.35294117647058826,
            "f1-score": 0.45024469820554647,
            "support": 391.0
        },
        "22": {
            "precision": 0.7650862068965517,
            "recall": 0.5282738095238095,
            "f1-score": 0.625,
            "support": 672.0
        },
        "23": {
            "precision": 0.7650602409638554,
            "recall": 0.6365914786967418,
            "f1-score": 0.6949384404924761,
            "support": 399.0
        },
        "24": {
            "precision": 0.8781818181818182,
            "recall": 0.8846153846153846,
            "f1-score": 0.8813868613138686,
            "support": 546.0
        },
        "25": {
            "precision": 0.8830409356725146,
            "recall": 0.8628571428571429,
            "f1-score": 0.8728323699421965,
            "support": 350.0
        },
        "26": {
            "precision": 0.9325581395348838,
            "recall": 0.8717391304347826,
            "f1-score": 0.9011235955056179,
            "support": 460.0
        },
        "27": {
            "precision": 0.5879120879120879,
            "recall": 0.14172185430463577,
            "f1-score": 0.22838847385272146,
            "support": 755.0
        },
        "28": {
            "precision": 0.9252615844544095,
            "recall": 0.9116347569955817,
            "f1-score": 0.9183976261127597,
            "support": 679.0
        },
        "29": {
            "precision": 0.4817432273262662,
            "recall": 0.7546125461254612,
            "f1-score": 0.5880661394680087,
            "support": 542.0
        },
        "30": {
            "precision": 0.8558558558558559,
            "recall": 0.749211356466877,
            "f1-score": 0.798990748528175,
            "support": 634.0
        },
        "31": {
            "precision": 0.5210355987055016,
            "recall": 0.5908256880733945,
            "f1-score": 0.5537403267411866,
            "support": 545.0
        },
        "32": {
            "precision": 0.8747967479674796,
            "recall": 0.8580542264752791,
            "f1-score": 0.8663446054750402,
            "support": 627.0
        },
        "33": {
            "precision": 0.6552346570397112,
            "recall": 0.7756410256410257,
            "f1-score": 0.7103718199608611,
            "support": 468.0
        },
        "34": {
            "precision": 0.49608763693270735,
            "recall": 0.8233766233766234,
            "f1-score": 0.619140625,
            "support": 385.0
        },
        "35": {
            "precision": 0.7721518987341772,
            "recall": 0.4790575916230366,
            "f1-score": 0.5912762520193862,
            "support": 382.0
        },
        "36": {
            "precision": 0.6215538847117794,
            "recall": 0.5610859728506787,
            "f1-score": 0.5897740784780023,
            "support": 442.0
        },
        "37": {
            "precision": 0.6357308584686775,
            "recall": 0.6462264150943396,
            "f1-score": 0.6409356725146199,
            "support": 424.0
        },
        "38": {
            "precision": 0.5367647058823529,
            "recall": 0.4591194968553459,
            "f1-score": 0.49491525423728816,
            "support": 318.0
        },
        "39": {
            "precision": 0.4378531073446328,
            "recall": 0.7093821510297483,
            "f1-score": 0.5414847161572053,
            "support": 437.0
        },
        "40": {
            "precision": 0.5816186556927297,
            "recall": 0.803030303030303,
            "f1-score": 0.6746221161495625,
            "support": 528.0
        },
        "41": {
            "precision": 0.9329173166926678,
            "recall": 0.8807069219440353,
            "f1-score": 0.906060606060606,
            "support": 679.0
        },