{
    "acc1": 0.7197273022400174,
    "acc5": [
        0.9287234426288641
    ],
    "mean_per_class_recall": 0.7258048282046518,
    "classification_report": {
        "0": {
            "precision": 0.7216890595009597,
            "recall": 0.8526077097505669,
            "f1-score": 0.7817047817047817,
            "support": 441.0
        },
        "1": {
            "precision": 0.7758620689655172,
            "recall": 0.47745358090185674,
            "f1-score": 0.5911330049261084,
            "support": 377.0
        },
        "2": {
            "precision": 0.6656394453004623,
            "recall": 0.8744939271255061,
            "f1-score": 0.7559055118110236,
            "support": 494.0
        },
        "3": {
            "precision": 0.9110169491525424,
            "recall": 0.9443631039531479,
            "f1-score": 0.9273903666427031,
            "support": 683.0
        },
        "4": {
            "precision": 0.8397129186602871,
            "recall": 0.84375,
            "f1-score": 0.841726618705036,
            "support": 416.0
        },
        "5": {
            "precision": 0.9254843517138599,
            "recall": 0.9013062409288825,
            "f1-score": 0.913235294117647,
            "support": 689.0
        },
        "6": {
            "precision": 0.6072186836518046,
            "recall": 0.7922437673130194,
            "f1-score": 0.6875,
            "support": 361.0
        },
        "7": {
            "precision": 0.9501187648456056,
            "recall": 0.8968609865470852,
            "f1-score": 0.922722029988466,
            "support": 446.0
        },
        "8": {
            "precision": 0.8513513513513513,
            "recall": 0.5206611570247934,
            "f1-score": 0.6461538461538462,
            "support": 363.0
        },
        "9": {
            "precision": 0.7408026755852842,
            "recall": 0.7637931034482759,
            "f1-score": 0.7521222410865874,
            "support": 580.0
        },
        "10": {
            "precision": 0.3888888888888889,
            "recall": 0.10177705977382875,
            "f1-score": 0.1613316261203585,
            "support": 619.0
        },
        "11": {
            "precision": 0.9177718832891246,
            "recall": 0.659047619047619,
            "f1-score": 0.7671840354767184,
            "support": 525.0
        },
        "12": {
            "precision": 0.592747559274756,
            "recall": 0.814176245210728,
            "f1-score": 0.6860371267150929,
            "support": 522.0
        },
        "13": {
            "precision": 0.6818181818181818,
            "recall": 0.8840864440078585,
            "f1-score": 0.7698887938408896,
            "support": 509.0
        },
        "14": {
            "precision": 0.845054945054945,
            "recall": 0.8849252013808976,
            "f1-score": 0.8645306351883081,
            "support": 869.0
        },
        "15": {
            "precision": 0.2850729517396184,
            "recall": 0.4157119476268412,
            "f1-score": 0.3382157123834887,
            "support": 611.0
        },
        "16": {
            "precision": 0.6531713900134952,
            "recall": 0.7598116169544741,
            "f1-score": 0.7024673439767779,
            "support": 637.0
        },
        "17": {
            "precision": 0.7752613240418118,
            "recall": 0.6294200848656294,
            "f1-score": 0.6947697111631538,
            "support": 707.0
        },
        "18": {
            "precision": 0.9024390243902439,
            "recall": 0.9359190556492412,
            "f1-score": 0.9188741721854304,
            "support": 593.0
        },
        "19": {
            "precision": 0.7736318407960199,
            "recall": 0.9120234604105572,
            "f1-score": 0.8371467025572006,
            "support": 341.0
        },
        "20": {
            "precision": 0.6911196911196911,
            "recall": 0.6462093862815884,
            "f1-score": 0.667910447761194,
            "support": 554.0
        },
        "21": {
            "precision": 0.9155555555555556,
            "recall": 0.6787479406919276,
            "f1-score": 0.7795648060548723,
            "support": 607.0
        },
        "22": {
            "precision": 0.7024793388429752,
            "recall": 0.450530035335689,
            "f1-score": 0.5489773950484392,
            "support": 566.0
        },
        "23": {
            "precision": 0.936,
            "recall": 0.7768924302788844,
            "f1-score": 0.8490566037735849,
            "support": 753.0
        },
        "24": {
            "precision": 0.6625891946992865,
            "recall": 0.9219858156028369,
            "f1-score": 0.7710557532621589,
            "support": 705.0
        },
        "25": {
            "precision": 0.8379629629629629,
            "recall": 0.8418604651162791,
            "f1-score": 0.839907192575406,
            "support": 645.0
        },
        "26": {
            "precision": 0.896875,
            "recall": 0.8016759776536313,
            "f1-score": 0.8466076696165191,
            "support": 716.0
        },
        "27": {
            "precision": 0.8927536231884058,
            "recall": 0.8324324324324325,
            "f1-score": 0.8615384615384616,
            "support": 370.0
        },
        "28": {
            "precision": 0.5848214285714286,
            "recall": 0.14364035087719298,
            "f1-score": 0.2306338028169014,
            "support": 912.0
        },
        "29": {
            "precision": 0.49813200498132004,
            "recall": 0.8247422680412371,
            "f1-score": 0.6211180124223602,
            "support": 485.0
        },
        "30": {
            "precision": 0.8048245614035088,
            "recall": 0.6230899830220713,
            "f1-score": 0.7023923444976077,
            "support": 589.0
        },
        "31": {
            "precision": 0.5385779122541604,
            "recall": 0.9175257731958762,
            "f1-score": 0.678741658722593,
            "support": 388.0
        },
        "32": {
            "precision": 0.8855218855218855,
            "recall": 0.6430317848410758,
            "f1-score": 0.7450424929178471,
            "support": 409.0
        },
        "33": {
            "precision": 0.654434250764526,
            "recall": 0.42209072978303747,
            "f1-score": 0.513189448441247,
            "support": 507.0
        },
        "34": {
            "precision": 0.9148211243611585,
            "recall": 0.9487632508833922,
            "f1-score": 0.9314830875975716,
            "support": 566.0
        },
        "35": {
            "precision": 0.45584045584045585,
            "recall": 0.6118546845124283,
            "f1-score": 0.5224489795918368,
            "support": 523.0
        },
        "36": {
            "precision": 0.8977443609022556,
            "recall": 0.9491255961844197,
            "f1-score": 0.9227202472952086,
            "support": 629.0
        },
        "37": {
            "precision": 0.56125,
            "recall": 0.9144602851323829,
            "f1-score": 0.6955848179705655,
            "support": 491.0
        },
        "38": {
            "precision": 0.5987525987525988,
            "recall": 0.5454545454545454,
            "f1-score": 0.5708622398414271,
            "support": 528.0
        },
        "39": {
            "precision": 0.6860759493670886,
            "recall": 0.5132575757575758,
            "f1-score": 0.5872156013001083,
            "support": 528.0
        },
        "40": {
            "precision": 0.6725888324873096,
            "recall": 0.6743002544529262,
            "f1-score": 0.6734434561626429,
            "support": 393.0
        },
        "41": {
            "precision": 0.9227748691099477,
            "recall": 0.9578804347826086,
            "f1-score": 0.94,
            "support": 736.0
        },
        "42": {
            "precision": 0.8686567164179104,