{
    "acc1": 0.6986402486402487,
    "acc5": [
        0.9374902874902875
    ],
    "mean_per_class_recall": 0.6980497589483795,
    "classification_report": {
        "0": {
            "precision": 0.6934097421203438,
            "recall": 0.6205128205128205,
            "f1-score": 0.6549391069012178,
            "support": 390.0
        },
        "1": {
            "precision": 0.71850699844479,
            "recall": 0.752442996742671,
            "f1-score": 0.7350835322195705,
            "support": 614.0
        },
        "2": {
            "precision": 0.8706099815157117,
            "recall": 0.8263157894736842,
            "f1-score": 0.8478847884788479,
            "support": 570.0
        },
        "3": {
            "precision": 0.9565217391304348,
            "recall": 0.5404298874104401,
            "f1-score": 0.6906474820143885,
            "support": 977.0
        },
        "4": {
            "precision": 0.6627218934911243,
            "recall": 0.7368421052631579,
            "f1-score": 0.6978193146417445,
            "support": 456.0
        },
        "5": {
            "precision": 0.7550274223034735,
            "recall": 0.7322695035460993,
            "f1-score": 0.7434743474347435,
            "support": 564.0
        },
        "6": {
            "precision": 0.6841121495327103,
            "recall": 0.6172006745362564,
            "f1-score": 0.648936170212766,
            "support": 593.0
        },
        "7": {
            "precision": 0.8709122203098106,
            "recall": 0.7474150664697193,
            "f1-score": 0.8044515103338633,
            "support": 677.0
        },
        "8": {
            "precision": 0.5431034482758621,
            "recall": 0.3095823095823096,
            "f1-score": 0.39436619718309857,
            "support": 407.0
        },
        "9": {
            "precision": 0.5254452926208651,
            "recall": 0.9322799097065463,
            "f1-score": 0.6720911310008136,
            "support": 443.0
        },
        "10": {
            "precision": 0.7567567567567568,
            "recall": 0.4332688588007737,
            "f1-score": 0.5510455104551045,
            "support": 517.0
        },
        "11": {
            "precision": 0.9182389937106918,
            "recall": 0.9221052631578948,
            "f1-score": 0.9201680672268907,
            "support": 475.0
        },
        "12": {
            "precision": 0.6396588486140725,
            "recall": 0.7672634271099744,
            "f1-score": 0.6976744186046512,
            "support": 391.0
        },
        "13": {
            "precision": 0.7308641975308642,
            "recall": 0.6577777777777778,
            "f1-score": 0.6923976608187135,
            "support": 450.0
        },
        "14": {
            "precision": 0.8834782608695653,
            "recall": 0.9338235294117647,
            "f1-score": 0.9079535299374442,
            "support": 544.0
        },
        "15": {
            "precision": 0.7333333333333333,
            "recall": 0.7461706783369803,
            "f1-score": 0.7396963123644251,
            "support": 457.0
        },
        "16": {
            "precision": 0.8879598662207357,
            "recall": 0.855072463768116,
            "f1-score": 0.8712059064807219,
            "support": 621.0
        },
        "17": {
            "precision": 0.8649122807017544,
            "recall": 0.8216666666666667,
            "f1-score": 0.8427350427350427,
            "support": 600.0
        },
        "18": {
            "precision": 0.7167381974248928,
            "recall": 0.9671814671814671,
            "f1-score": 0.8233360723089564,
            "support": 518.0
        },
        "19": {
            "precision": 0.7495527728085868,
            "recall": 0.7744916820702403,
            "f1-score": 0.7618181818181818,
            "support": 541.0
        },
        "20": {
            "precision": 0.4930643127364439,
            "recall": 0.6932624113475178,
            "f1-score": 0.576271186440678,
            "support": 564.0
        },
        "21": {
            "precision": 0.6345381526104418,
            "recall": 0.4040920716112532,
            "f1-score": 0.49375,
            "support": 391.0
        },
        "22": {
            "precision": 0.7426326129666012,
            "recall": 0.5625,
            "f1-score": 0.6401354784081287,
            "support": 672.0
        },
        "23": {
            "precision": 0.7150537634408602,
            "recall": 0.6666666666666666,
            "f1-score": 0.6900129701686122,
            "support": 399.0
        },
        "24": {
            "precision": 0.8324873096446701,
            "recall": 0.9010989010989011,
            "f1-score": 0.8654353562005277,
            "support": 546.0
        },
        "25": {
            "precision": 0.8753623188405797,
            "recall": 0.8628571428571429,
            "f1-score": 0.8690647482014389,
            "support": 350.0
        },
        "26": {
            "precision": 0.9502369668246445,
            "recall": 0.8717391304347826,
            "f1-score": 0.909297052154195,
            "support": 460.0
        },
        "27": {
            "precision": 0.6513761467889908,
            "recall": 0.1880794701986755,
            "f1-score": 0.2918807810894142,
            "support": 755.0
        },
        "28": {
            "precision": 0.9287878787878788,
            "recall": 0.9027982326951399,
            "f1-score": 0.9156086631814787,
            "support": 679.0
        },
        "29": {
            "precision": 0.5013368983957219,
            "recall": 0.6918819188191881,
            "f1-score": 0.5813953488372093,
            "support": 542.0
        },
        "30": {
            "precision": 0.8686440677966102,
            "recall": 0.6466876971608833,
            "f1-score": 0.7414104882459313,
            "support": 634.0
        },
        "31": {
            "precision": 0.4380165289256198,
            "recall": 0.6807339449541284,
            "f1-score": 0.5330459770114943,
            "support": 545.0
        },
        "32": {
            "precision": 0.8866666666666667,
            "recall": 0.8484848484848485,
            "f1-score": 0.8671556642216789,
            "support": 627.0
        },
        "33": {
            "precision": 0.6837782340862423,
            "recall": 0.7115384615384616,
            "f1-score": 0.6973821989528796,
            "support": 468.0
        },
        "34": {
            "precision": 0.5506216696269982,
            "recall": 0.8051948051948052,
            "f1-score": 0.6540084388185654,
            "support": 385.0
        },
        "35": {
            "precision": 0.8118811881188119,
            "recall": 0.4293193717277487,
            "f1-score": 0.5616438356164384,
            "support": 382.0
        },
        "36": {
            "precision": 0.5653153153153153,
            "recall": 0.5678733031674208,
            "f1-score": 0.5665914221218962,
            "support": 442.0
        },
        "37": {
            "precision": 0.6816720257234726,
            "recall": 0.5,
            "f1-score": 0.5768707482993197,
            "support": 424.0
        },
        "38": {
            "precision": 0.48109965635738833,
            "recall": 0.44025157232704404,
            "f1-score": 0.45977011494252873,
            "support": 318.0
        },
        "39": {
            "precision": 0.46273291925465837,
            "recall": 0.6819221967963387,
            "f1-score": 0.5513413506012951,
            "support": 437.0
        },
        "40": {
            "precision": 0.6353503184713376,
            "recall": 0.7556818181818182,
            "f1-score": 0.6903114186851211,
            "support": 528.0
        },
        "41": {
            "precision": 0.9483037156704361,
            "recall": 0.8645066273932254,
            "f1-score": 0.9044684129429892,
            "support": 679.0
        },