{
    "acc1": 0.705623489521336,
    "acc5": [
        0.920751722396566
    ],
    "mean_per_class_recall": 0.7100865053390903,
    "classification_report": {
        "0": {
            "precision": 0.8229885057471265,
            "recall": 0.8117913832199547,
            "f1-score": 0.817351598173516,
            "support": 441.0
        },
        "1": {
            "precision": 0.7521367521367521,
            "recall": 0.46684350132625996,
            "f1-score": 0.5761047463175123,
            "support": 377.0
        },
        "2": {
            "precision": 0.7338262476894639,
            "recall": 0.8036437246963563,
            "f1-score": 0.7671497584541063,
            "support": 494.0
        },
        "3": {
            "precision": 0.8507853403141361,
            "recall": 0.9516837481698389,
            "f1-score": 0.8984105044920525,
            "support": 683.0
        },
        "4": {
            "precision": 0.887468030690537,
            "recall": 0.8341346153846154,
            "f1-score": 0.8599752168525403,
            "support": 416.0
        },
        "5": {
            "precision": 0.9121037463976945,
            "recall": 0.918722786647315,
            "f1-score": 0.9154013015184381,
            "support": 689.0
        },
        "6": {
            "precision": 0.5394990366088632,
            "recall": 0.775623268698061,
            "f1-score": 0.6363636363636364,
            "support": 361.0
        },
        "7": {
            "precision": 0.9548693586698337,
            "recall": 0.9013452914798207,
            "f1-score": 0.9273356401384083,
            "support": 446.0
        },
        "8": {
            "precision": 0.4747663551401869,
            "recall": 0.699724517906336,
            "f1-score": 0.5657015590200446,
            "support": 363.0
        },
        "9": {
            "precision": 0.625,
            "recall": 0.5258620689655172,
            "f1-score": 0.5711610486891385,
            "support": 580.0
        },
        "10": {
            "precision": 0.4455337690631808,
            "recall": 0.6607431340872375,
            "f1-score": 0.5322055953155498,
            "support": 619.0
        },
        "11": {
            "precision": 0.9166666666666666,
            "recall": 0.6495238095238095,
            "f1-score": 0.7603121516164995,
            "support": 525.0
        },
        "12": {
            "precision": 0.7091561938958707,
            "recall": 0.7567049808429118,
            "f1-score": 0.732159406858202,
            "support": 522.0
        },
        "13": {
            "precision": 0.6666666666666666,
            "recall": 0.7779960707269156,
            "f1-score": 0.7180417044424298,
            "support": 509.0
        },
        "14": {
            "precision": 0.8033763654419066,
            "recall": 0.9309551208285386,
            "f1-score": 0.8624733475479744,
            "support": 869.0
        },
        "15": {
            "precision": 0.6066411238825032,
            "recall": 0.7774140752864157,
            "f1-score": 0.6814921090387375,
            "support": 611.0
        },
        "16": {
            "precision": 0.7616822429906542,
            "recall": 0.25588697017268447,
            "f1-score": 0.38307873090481787,
            "support": 637.0
        },
        "17": {
            "precision": 0.6557591623036649,
            "recall": 0.7086280056577087,
            "f1-score": 0.681169272603671,
            "support": 707.0
        },
        "18": {
            "precision": 0.9126712328767124,
            "recall": 0.8988195615514334,
            "f1-score": 0.9056924384027187,
            "support": 593.0
        },
        "19": {
            "precision": 0.5804701627486437,
            "recall": 0.9413489736070382,
            "f1-score": 0.7181208053691275,
            "support": 341.0
        },
        "20": {
            "precision": 0.557980900409277,
            "recall": 0.7382671480144405,
            "f1-score": 0.6355866355866356,
            "support": 554.0
        },
        "21": {
            "precision": 0.9023354564755839,
            "recall": 0.700164744645799,
            "f1-score": 0.7884972170686456,
            "support": 607.0
        },
        "22": {
            "precision": 0.6468330134357005,
            "recall": 0.5954063604240283,
            "f1-score": 0.6200551977920883,
            "support": 566.0
        },
        "23": {
            "precision": 0.9274725274725275,
            "recall": 0.5604249667994687,
            "f1-score": 0.6986754966887417,
            "support": 753.0
        },
        "24": {
            "precision": 0.7148058252427184,
            "recall": 0.8354609929078014,
            "f1-score": 0.7704381948986265,
            "support": 705.0
        },
        "25": {
            "precision": 0.890495867768595,
            "recall": 0.6682170542635659,
            "f1-score": 0.7635075287865367,
            "support": 645.0
        },
        "26": {
            "precision": 0.9204946996466431,
            "recall": 0.7276536312849162,
            "f1-score": 0.8127925117004681,
            "support": 716.0
        },
        "27": {
            "precision": 0.9240506329113924,
            "recall": 0.7891891891891892,
            "f1-score": 0.8513119533527697,
            "support": 370.0
        },
        "28": {
            "precision": 0.6861313868613139,
            "recall": 0.20614035087719298,
            "f1-score": 0.31703204047217537,
            "support": 912.0
        },
        "29": {
            "precision": 0.25443425076452597,
            "recall": 0.8577319587628865,
            "f1-score": 0.39245283018867927,
            "support": 485.0
        },
        "30": {
            "precision": 0.7175572519083969,
            "recall": 0.6383701188455009,
            "f1-score": 0.6756513926325247,
            "support": 589.0
        },
        "31": {
            "precision": 0.8297213622291022,
            "recall": 0.6907216494845361,
            "f1-score": 0.7538677918424754,
            "support": 388.0
        },
        "32": {
            "precision": 0.7877906976744186,
            "recall": 0.6625916870415648,
            "f1-score": 0.7197875166002656,
            "support": 409.0
        },
        "33": {
            "precision": 0.6984126984126984,
            "recall": 0.2603550295857988,
            "f1-score": 0.3793103448275862,
            "support": 507.0
        },
        "34": {
            "precision": 0.9252173913043479,
            "recall": 0.9399293286219081,
            "f1-score": 0.9325153374233128,
            "support": 566.0
        },
        "35": {
            "precision": 0.4037900874635568,
            "recall": 0.5296367112810707,
            "f1-score": 0.45822994210090984,
            "support": 523.0
        },
        "36": {
            "precision": 0.8162162162162162,
            "recall": 0.9602543720190779,
            "f1-score": 0.8823959094229364,
            "support": 629.0
        },
        "37": {
            "precision": 0.6260623229461756,
            "recall": 0.90020366598778,
            "f1-score": 0.7385129490392648,
            "support": 491.0
        },
        "38": {
            "precision": 0.5863192182410424,
            "recall": 0.6818181818181818,
            "f1-score": 0.6304728546409807,
            "support": 528.0
        },
        "39": {
            "precision": 0.7606060606060606,
            "recall": 0.4753787878787879,
            "f1-score": 0.585081585081585,
            "support": 528.0
        },
        "40": {
            "precision": 0.7387640449438202,
            "recall": 0.6692111959287532,
            "f1-score": 0.7022696929238985,
            "support": 393.0
        },
        "41": {
            "precision": 0.9180977542932629,
            "recall": 0.9442934782608695,
            "f1-score": 0.9310113864701942,
            "support": 736.0
        },