{
    "acc1": 0.7051670551670551,
    "acc5": [
        0.937956487956488
    ],
    "mean_per_class_recall": 0.7047339820853037,
    "classification_report": {
        "0": {
            "precision": 0.712166172106825,
            "recall": 0.6153846153846154,
            "f1-score": 0.6602475928473177,
            "support": 390.0
        },
        "1": {
            "precision": 0.7481481481481481,
            "recall": 0.6579804560260586,
            "f1-score": 0.7001733102253033,
            "support": 614.0
        },
        "2": {
            "precision": 0.8676470588235294,
            "recall": 0.8280701754385965,
            "f1-score": 0.8473967684021544,
            "support": 570.0
        },
        "3": {
            "precision": 0.9599271402550091,
            "recall": 0.5394063459570113,
            "f1-score": 0.690694626474443,
            "support": 977.0
        },
        "4": {
            "precision": 0.6534296028880866,
            "recall": 0.793859649122807,
            "f1-score": 0.7168316831683168,
            "support": 456.0
        },
        "5": {
            "precision": 0.7413479052823315,
            "recall": 0.7216312056737588,
            "f1-score": 0.7313566936208445,
            "support": 564.0
        },
        "6": {
            "precision": 0.7446808510638298,
            "recall": 0.5311973018549747,
            "f1-score": 0.6200787401574803,
            "support": 593.0
        },
        "7": {
            "precision": 0.8972972972972973,
            "recall": 0.7355982274741507,
            "f1-score": 0.8084415584415584,
            "support": 677.0
        },
        "8": {
            "precision": 0.5518672199170125,
            "recall": 0.32678132678132676,
            "f1-score": 0.4104938271604938,
            "support": 407.0
        },
        "9": {
            "precision": 0.6162079510703364,
            "recall": 0.909706546275395,
            "f1-score": 0.7347310847766636,
            "support": 443.0
        },
        "10": {
            "precision": 0.7343283582089553,
            "recall": 0.4758220502901354,
            "f1-score": 0.5774647887323944,
            "support": 517.0
        },
        "11": {
            "precision": 0.9122448979591836,
            "recall": 0.9410526315789474,
            "f1-score": 0.9264248704663213,
            "support": 475.0
        },
        "12": {
            "precision": 0.6372093023255814,
            "recall": 0.7007672634271099,
            "f1-score": 0.6674786845310596,
            "support": 391.0
        },
        "13": {
            "precision": 0.7414965986394558,
            "recall": 0.7266666666666667,
            "f1-score": 0.734006734006734,
            "support": 450.0
        },
        "14": {
            "precision": 0.9285714285714286,
            "recall": 0.9319852941176471,
            "f1-score": 0.9302752293577982,
            "support": 544.0
        },
        "15": {
            "precision": 0.6880733944954128,
            "recall": 0.8205689277899344,
            "f1-score": 0.7485029940119761,
            "support": 457.0
        },
        "16": {
            "precision": 0.8791390728476821,
            "recall": 0.855072463768116,
            "f1-score": 0.866938775510204,
            "support": 621.0
        },
        "17": {
            "precision": 0.8573825503355704,
            "recall": 0.8516666666666667,
            "f1-score": 0.8545150501672241,
            "support": 600.0
        },
        "18": {
            "precision": 0.8274111675126904,
            "recall": 0.944015444015444,
            "f1-score": 0.8818755635707844,
            "support": 518.0
        },
        "19": {
            "precision": 0.7701149425287356,
            "recall": 0.7430683918669131,
            "f1-score": 0.7563499529633114,
            "support": 541.0
        },
        "20": {
            "precision": 0.4641255605381166,
            "recall": 0.7340425531914894,
            "f1-score": 0.5686813186813187,
            "support": 564.0
        },
        "21": {
            "precision": 0.6039603960396039,
            "recall": 0.31202046035805625,
            "f1-score": 0.4114671163575042,
            "support": 391.0
        },
        "22": {
            "precision": 0.7676767676767676,
            "recall": 0.5654761904761905,
            "f1-score": 0.6512425021422451,
            "support": 672.0
        },
        "23": {
            "precision": 0.7655786350148368,
            "recall": 0.6466165413533834,
            "f1-score": 0.7010869565217391,
            "support": 399.0
        },
        "24": {
            "precision": 0.8876404494382022,
            "recall": 0.8681318681318682,
            "f1-score": 0.8777777777777778,
            "support": 546.0
        },
        "25": {
            "precision": 0.8782608695652174,
            "recall": 0.8657142857142858,
            "f1-score": 0.8719424460431655,
            "support": 350.0
        },
        "26": {
            "precision": 0.9428571428571428,
            "recall": 0.8608695652173913,
            "f1-score": 0.9,
            "support": 460.0
        },
        "27": {
            "precision": 0.6483050847457628,
            "recall": 0.20264900662251656,
            "f1-score": 0.3087790110998991,
            "support": 755.0
        },
        "28": {
            "precision": 0.924924924924925,
            "recall": 0.9072164948453608,
            "f1-score": 0.9159851301115242,
            "support": 679.0
        },
        "29": {
            "precision": 0.5116279069767442,
            "recall": 0.7306273062730627,
            "f1-score": 0.601823708206687,
            "support": 542.0
        },
        "30": {
            "precision": 0.835725677830941,
            "recall": 0.8264984227129337,
            "f1-score": 0.8310864393338621,
            "support": 634.0
        },
        "31": {
            "precision": 0.4881450488145049,
            "recall": 0.6422018348623854,
            "f1-score": 0.554675118858954,
            "support": 545.0
        },
        "32": {
            "precision": 0.8664546899841018,
            "recall": 0.8692185007974481,
            "f1-score": 0.8678343949044586,
            "support": 627.0
        },
        "33": {
            "precision": 0.627318718381113,
            "recall": 0.7948717948717948,
            "f1-score": 0.7012252591894439,
            "support": 468.0
        },
        "34": {
            "precision": 0.5429553264604811,
            "recall": 0.8207792207792208,
            "f1-score": 0.6535677352637022,
            "support": 385.0
        },
        "35": {
            "precision": 0.751004016064257,
            "recall": 0.4895287958115183,
            "f1-score": 0.5927099841521395,
            "support": 382.0
        },
        "36": {
            "precision": 0.6177474402730375,
            "recall": 0.4095022624434389,
            "f1-score": 0.4925170068027211,
            "support": 442.0
        },
        "37": {
            "precision": 0.6297968397291196,
            "recall": 0.6580188679245284,
            "f1-score": 0.643598615916955,
            "support": 424.0
        },
        "38": {
            "precision": 0.45671641791044776,
            "recall": 0.4811320754716981,
            "f1-score": 0.4686064318529862,
            "support": 318.0
        },
        "39": {
            "precision": 0.44574780058651026,
            "recall": 0.6956521739130435,
            "f1-score": 0.5433422698838248,
            "support": 437.0
        },
        "40": {
            "precision": 0.6322378716744914,
            "recall": 0.7651515151515151,
            "f1-score": 0.6923736075407027,
            "support": 528.0
        },
        "41": {
            "precision": 0.9374021909233177,
            "recall": 0.882179675994109,
            "f1-score": 0.9089529590288316,
            "support": 679.0
        },