{
    "acc1": 0.7397801878921978,
    "acc5": [
        0.9386629910406616
    ],
    "mean_per_class_recall": 0.7291047788810738,
    "classification_report": {
        "0": {
            "precision": 0.2830188679245283,
            "recall": 0.07853403141361257,
            "f1-score": 0.12295081967213115,
            "support": 382.0
        },
        "1": {
            "precision": 0.5139318885448917,
            "recall": 0.5363489499192245,
            "f1-score": 0.524901185770751,
            "support": 619.0
        },
        "2": {
            "precision": 0.7626459143968871,
            "recall": 0.9074074074074074,
            "f1-score": 0.828752642706131,
            "support": 432.0
        },
        "3": {
            "precision": 0.8860244233378561,
            "recall": 0.9560761346998536,
            "f1-score": 0.9197183098591549,
            "support": 683.0
        },
        "4": {
            "precision": 0.9665551839464883,
            "recall": 0.85,
            "f1-score": 0.9045383411580594,
            "support": 680.0
        },
        "5": {
            "precision": 0.8976377952755905,
            "recall": 0.5253456221198156,
            "f1-score": 0.6627906976744186,
            "support": 434.0
        },
        "6": {
            "precision": 0.7586206896551724,
            "recall": 0.8883610451306413,
            "f1-score": 0.8183807439824945,
            "support": 421.0
        },
        "7": {
            "precision": 0.3854625550660793,
            "recall": 0.4069767441860465,
            "f1-score": 0.39592760180995473,
            "support": 430.0
        },
        "8": {
            "precision": 0.8252788104089219,
            "recall": 0.8933601609657947,
            "f1-score": 0.8579710144927536,
            "support": 497.0
        },
        "9": {
            "precision": 0.7839721254355401,
            "recall": 0.5890052356020943,
            "f1-score": 0.672645739910314,
            "support": 382.0
        },
        "10": {
            "precision": 0.8416666666666667,
            "recall": 0.9038031319910514,
            "f1-score": 0.8716289104638619,
            "support": 447.0
        },
        "11": {
            "precision": 0.8344370860927153,
            "recall": 0.9174757281553398,
            "f1-score": 0.8739884393063584,
            "support": 412.0
        },
        "12": {
            "precision": 0.4431687715269805,
            "recall": 0.6905187835420393,
            "f1-score": 0.5398601398601398,
            "support": 559.0
        },
        "13": {
            "precision": 0.5817409766454352,
            "recall": 0.6699266503667481,
            "f1-score": 0.6227272727272727,
            "support": 409.0
        },
        "14": {
            "precision": 0.9678111587982833,
            "recall": 0.8639846743295019,
            "f1-score": 0.9129554655870445,
            "support": 522.0
        },
        "15": {
            "precision": 0.6272401433691757,
            "recall": 0.6422018348623854,
            "f1-score": 0.6346328195829556,
            "support": 545.0
        },
        "16": {
            "precision": 0.6254980079681275,
            "recall": 0.4325068870523416,
            "f1-score": 0.511400651465798,
            "support": 363.0
        },
        "17": {
            "precision": 0.3804347826086957,
            "recall": 0.7381370826010545,
            "f1-score": 0.502092050209205,
            "support": 569.0
        },
        "18": {
            "precision": 0.5945017182130584,
            "recall": 0.667953667953668,
            "f1-score": 0.6290909090909091,
            "support": 518.0
        },
        "19": {
            "precision": 0.7956521739130434,
            "recall": 0.8079470198675497,
            "f1-score": 0.8017524644030668,
            "support": 453.0
        },
        "20": {
            "precision": 0.9065934065934066,
            "recall": 0.8354430379746836,
            "f1-score": 0.8695652173913043,
            "support": 395.0
        },
        "21": {
            "precision": 0.6204188481675392,
            "recall": 0.7694805194805194,
            "f1-score": 0.6869565217391305,
            "support": 616.0
        },
        "22": {
            "precision": 0.7846153846153846,
            "recall": 0.8563432835820896,
            "f1-score": 0.8189116859946476,
            "support": 536.0
        },
        "23": {
            "precision": 0.8662162162162163,
            "recall": 0.934402332361516,
            "f1-score": 0.8990182328190743,
            "support": 686.0
        },
        "24": {
            "precision": 0.8148148148148148,
            "recall": 0.9565217391304348,
            "f1-score": 0.88,
            "support": 437.0
        },
        "25": {
            "precision": 0.547550432276657,
            "recall": 0.581039755351682,
            "f1-score": 0.5637982195845698,
            "support": 654.0
        },
        "26": {
            "precision": 0.8969359331476323,
            "recall": 0.9292929292929293,
            "f1-score": 0.9128277817150957,
            "support": 693.0
        },
        "27": {
            "precision": 0.6547619047619048,
            "recall": 0.6214689265536724,
            "f1-score": 0.6376811594202898,
            "support": 708.0
        },
        "28": {
            "precision": 0.776735459662289,
            "recall": 0.8679245283018868,
            "f1-score": 0.8198019801980198,
            "support": 477.0
        },
        "29": {
            "precision": 0.8726899383983573,
            "recall": 0.7535460992907801,
            "f1-score": 0.8087535680304472,
            "support": 564.0
        },
        "30": {
            "precision": 0.5901360544217688,
            "recall": 0.6013864818024264,
            "f1-score": 0.5957081545064378,
            "support": 577.0
        },
        "31": {
            "precision": 0.6449704142011834,
            "recall": 0.6942675159235668,
            "f1-score": 0.6687116564417178,
            "support": 471.0
        },
        "32": {
            "precision": 0.8221680876979294,
            "recall": 0.8221680876979294,
            "f1-score": 0.8221680876979294,
            "support": 821.0
        },
        "33": {
            "precision": 0.8549618320610687,
            "recall": 0.6818873668188736,
            "f1-score": 0.7586790855207451,
            "support": 657.0
        },
        "34": {
            "precision": 0.8662674650698603,
            "recall": 0.7833935018050542,
            "f1-score": 0.8227488151658767,
            "support": 554.0
        },
        "35": {
            "precision": 0.8041237113402062,
            "recall": 0.7512038523274478,
            "f1-score": 0.7767634854771784,
            "support": 623.0
        },
        "36": {
            "precision": 0.7861635220125787,
            "recall": 0.7496251874062968,
            "f1-score": 0.7674597083653109,
            "support": 667.0
        },
        "37": {
            "precision": 0.9375,
            "recall": 0.8712715855572999,
            "f1-score": 0.903173311635476,
            "support": 637.0
        },
        "38": {
            "precision": 0.8547655068078669,
            "recall": 0.9707903780068728,
            "f1-score": 0.9090909090909091,
            "support": 582.0
        },
        "39": {
            "precision": 0.8773234200743495,
            "recall": 0.7340590979782271,
            "f1-score": 0.7993226079593565,
            "support": 643.0
        },
        "40": {
            "precision": 0.7804347826086957,
            "recall": 0.5557275541795665,
            "f1-score": 0.6491862567811935,
            "support": 646.0
        },
        "41": {
            "precision": 0.8149466192170819,
            "recall": 0.8576779026217228,
            "f1-score": 0.8357664233576643,
            "support": 534.0
        },