{
    "acc1": 0.7198019801980198,
    "acc5": [
        0.9347634763476348
    ],
    "mean_per_class_recall": 0.7165191925689217,
    "classification_report": {
        "0": {
            "precision": 0.8942953020134228,
            "recall": 0.8610662358642972,
            "f1-score": 0.8773662551440329,
            "support": 619.0
        },
        "1": {
            "precision": 0.80990099009901,
            "recall": 0.927437641723356,
            "f1-score": 0.864693446088795,
            "support": 441.0
        },
        "2": {
            "precision": 0.7673716012084593,
            "recall": 0.6987620357634112,
            "f1-score": 0.7314614830813535,
            "support": 727.0
        },
        "3": {
            "precision": 0.6274944567627494,
            "recall": 0.616557734204793,
            "f1-score": 0.621978021978022,
            "support": 459.0
        },
        "4": {
            "precision": 0.8153153153153153,
            "recall": 0.8227272727272728,
            "f1-score": 0.8190045248868778,
            "support": 440.0
        },
        "5": {
            "precision": 0.9648526077097506,
            "recall": 0.925,
            "f1-score": 0.9445061043285239,
            "support": 920.0
        },
        "6": {
            "precision": 0.5752508361204013,
            "recall": 0.6311926605504588,
            "f1-score": 0.6019247594050744,
            "support": 545.0
        },
        "7": {
            "precision": 0.39707835325365204,
            "recall": 0.6659242761692651,
            "f1-score": 0.49750415973377704,
            "support": 449.0
        },
        "8": {
            "precision": 0.6805293005671077,
            "recall": 0.8695652173913043,
            "f1-score": 0.7635206786850477,
            "support": 414.0
        },
        "9": {
            "precision": 0.3433962264150943,
            "recall": 0.8125,
            "f1-score": 0.4827586206896552,
            "support": 336.0
        },
        "10": {
            "precision": 0.7631578947368421,
            "recall": 0.6926751592356688,
            "f1-score": 0.7262103505843072,
            "support": 628.0
        },
        "11": {
            "precision": 0.644808743169399,
            "recall": 0.885,
            "f1-score": 0.7460484720758693,
            "support": 800.0
        },
        "12": {
            "precision": 0.9244604316546763,
            "recall": 0.9049295774647887,
            "f1-score": 0.9145907473309609,
            "support": 568.0
        },
        "13": {
            "precision": 0.7433035714285714,
            "recall": 0.7985611510791367,
            "f1-score": 0.7699421965317919,
            "support": 417.0
        },
        "14": {
            "precision": 0.7240802675585284,
            "recall": 0.7252931323283082,
            "f1-score": 0.7246861924686192,
            "support": 597.0
        },
        "15": {
            "precision": 0.6436781609195402,
            "recall": 0.4318766066838046,
            "f1-score": 0.5169230769230769,
            "support": 389.0
        },
        "16": {
            "precision": 0.5824634655532359,
            "recall": 0.5764462809917356,
            "f1-score": 0.5794392523364486,
            "support": 484.0
        },
        "17": {
            "precision": 0.8892215568862275,
            "recall": 0.7576530612244898,
            "f1-score": 0.8181818181818182,
            "support": 392.0
        },
        "18": {
            "precision": 0.718562874251497,
            "recall": 0.3076923076923077,
            "f1-score": 0.43087971274685816,
            "support": 390.0
        },
        "19": {
            "precision": 0.8272727272727273,
            "recall": 0.8987654320987655,
            "f1-score": 0.8615384615384616,
            "support": 405.0
        },
        "20": {
            "precision": 0.37529411764705883,
            "recall": 0.8668478260869565,
            "f1-score": 0.5238095238095238,
            "support": 368.0
        },
        "21": {
            "precision": 0.9161490683229814,
            "recall": 0.667420814479638,
            "f1-score": 0.7722513089005235,
            "support": 442.0
        },
        "22": {
            "precision": 0.9359605911330049,
            "recall": 0.7549668874172185,
            "f1-score": 0.8357771260997068,
            "support": 755.0
        },
        "23": {
            "precision": 0.7635135135135135,
            "recall": 0.5854922279792746,
            "f1-score": 0.6627565982404692,
            "support": 386.0
        },
        "24": {
            "precision": 0.8766756032171582,
            "recall": 0.7995110024449877,
            "f1-score": 0.8363171355498721,
            "support": 409.0
        },
        "25": {
            "precision": 0.5805785123966942,
            "recall": 0.5817805383022774,
            "f1-score": 0.5811789038262668,
            "support": 483.0
        },
        "26": {
            "precision": 0.800302571860817,
            "recall": 0.7756598240469208,
            "f1-score": 0.7877885331347729,
            "support": 682.0
        },
        "27": {
            "precision": 0.9104204753199269,
            "recall": 0.8177339901477833,
            "f1-score": 0.8615916955017301,
            "support": 609.0
        },
        "28": {
            "precision": 0.6374501992031872,
            "recall": 0.7980049875311721,
            "f1-score": 0.70874861572536,
            "support": 401.0
        },
        "29": {
            "precision": 0.8615384615384616,
            "recall": 0.9003215434083601,
            "f1-score": 0.8805031446540881,
            "support": 622.0
        },
        "30": {
            "precision": 0.9482758620689655,
            "recall": 0.8620689655172413,
            "f1-score": 0.90311986863711,
            "support": 638.0
        },
        "31": {
            "precision": 0.7136150234741784,
            "recall": 0.2699822380106572,
            "f1-score": 0.3917525773195876,
            "support": 563.0
        },
        "32": {
            "precision": 0.594488188976378,
            "recall": 0.33705357142857145,
            "f1-score": 0.4301994301994302,
            "support": 448.0
        },
        "33": {
            "precision": 0.7978910369068541,
            "recall": 0.6485714285714286,
            "f1-score": 0.7155240346729709,
            "support": 700.0
        },
        "34": {
            "precision": 0.581981981981982,
            "recall": 0.8636363636363636,
            "f1-score": 0.6953713670613563,
            "support": 374.0
        },
        "35": {
            "precision": 0.45121951219512196,
            "recall": 0.7115384615384616,
            "f1-score": 0.5522388059701493,
            "support": 416.0
        },
        "36": {
            "precision": 0.6401273885350318,
            "recall": 0.7913385826771654,
            "f1-score": 0.7077464788732394,
            "support": 508.0
        },
        "37": {
            "precision": 0.8656126482213439,
            "recall": 0.7008,
            "f1-score": 0.7745358090185677,
            "support": 625.0
        },
        "38": {
            "precision": 0.9104991394148021,
            "recall": 0.9362831858407079,
            "f1-score": 0.9232111692844677,
            "support": 565.0
        },
        "39": {
            "precision": 0.7096018735362998,
            "recall": 0.8706896551724138,
            "f1-score": 0.7819354838709678,
            "support": 696.0
        },
        "40": {
            "precision": 0.7368421052631579,
            "recall": 0.03626943005181347,
            "f1-score": 0.0691358024691358,
            "support": 386.0
        },
        "41": {
            "precision": 0.5547826086956522,
            "recall": 0.5370370370370371,
            "f1-score": 0.5457656116338752,
            "support": 594.0
        },