{
    "acc1": 0.7414060527359954,
    "acc5": [
        0.9398694225011723
    ],
    "mean_per_class_recall": 0.7466808291842254,
    "classification_report": {
        "0": {
            "precision": 0.7654584221748401,
            "recall": 0.8140589569160998,
            "f1-score": 0.789010989010989,
            "support": 441.0
        },
        "1": {
            "precision": 0.7955555555555556,
            "recall": 0.47480106100795755,
            "f1-score": 0.5946843853820598,
            "support": 377.0
        },
        "2": {
            "precision": 0.6738461538461539,
            "recall": 0.8866396761133604,
            "f1-score": 0.7657342657342657,
            "support": 494.0
        },
        "3": {
            "precision": 0.8801089918256131,
            "recall": 0.9458272327964861,
            "f1-score": 0.9117854622441779,
            "support": 683.0
        },
        "4": {
            "precision": 0.8519417475728155,
            "recall": 0.84375,
            "f1-score": 0.8478260869565217,
            "support": 416.0
        },
        "5": {
            "precision": 0.9235294117647059,
            "recall": 0.9114658925979681,
            "f1-score": 0.9174579985390796,
            "support": 689.0
        },
        "6": {
            "precision": 0.6238938053097345,
            "recall": 0.7811634349030471,
            "f1-score": 0.6937269372693727,
            "support": 361.0
        },
        "7": {
            "precision": 0.9402298850574713,
            "recall": 0.9170403587443946,
            "f1-score": 0.9284903518728718,
            "support": 446.0
        },
        "8": {
            "precision": 0.7978723404255319,
            "recall": 0.6198347107438017,
            "f1-score": 0.6976744186046512,
            "support": 363.0
        },
        "9": {
            "precision": 0.7524752475247525,
            "recall": 0.7862068965517242,
            "f1-score": 0.7689713322091062,
            "support": 580.0
        },
        "10": {
            "precision": 0.6179775280898876,
            "recall": 0.3554119547657512,
            "f1-score": 0.4512820512820513,
            "support": 619.0
        },
        "11": {
            "precision": 0.9128205128205128,
            "recall": 0.6780952380952381,
            "f1-score": 0.7781420765027323,
            "support": 525.0
        },
        "12": {
            "precision": 0.6634615384615384,
            "recall": 0.7931034482758621,
            "f1-score": 0.7225130890052356,
            "support": 522.0
        },
        "13": {
            "precision": 0.7431972789115646,
            "recall": 0.8585461689587426,
            "f1-score": 0.796718322698268,
            "support": 509.0
        },
        "14": {
            "precision": 0.8544652701212789,
            "recall": 0.8918296892980437,
            "f1-score": 0.8727477477477478,
            "support": 869.0
        },
        "15": {
            "precision": 0.4248310810810811,
            "recall": 0.823240589198036,
            "f1-score": 0.5604456824512535,
            "support": 611.0
        },
        "16": {
            "precision": 0.6552567237163814,
            "recall": 0.8414442700156985,
            "f1-score": 0.7367697594501719,
            "support": 637.0
        },
        "17": {
            "precision": 0.7807971014492754,
            "recall": 0.6096181046676096,
            "f1-score": 0.6846703733121525,
            "support": 707.0
        },
        "18": {
            "precision": 0.9190556492411467,
            "recall": 0.9190556492411467,
            "f1-score": 0.9190556492411467,
            "support": 593.0
        },
        "19": {
            "precision": 0.6889848812095032,
            "recall": 0.9354838709677419,
            "f1-score": 0.7935323383084577,
            "support": 341.0
        },
        "20": {
            "precision": 0.6762075134168157,
            "recall": 0.6823104693140795,
            "f1-score": 0.6792452830188679,
            "support": 554.0
        },
        "21": {
            "precision": 0.9035639412997903,
            "recall": 0.7100494233937397,
            "f1-score": 0.7952029520295203,
            "support": 607.0
        },
        "22": {
            "precision": 0.6838842975206612,
            "recall": 0.5848056537102474,
            "f1-score": 0.6304761904761905,
            "support": 566.0
        },
        "23": {
            "precision": 0.905688622754491,
            "recall": 0.8034528552456839,
            "f1-score": 0.8515130190007038,
            "support": 753.0
        },
        "24": {
            "precision": 0.7261761158021713,
            "recall": 0.8539007092198582,
            "f1-score": 0.7848761408083442,
            "support": 705.0
        },
        "25": {
            "precision": 0.8431372549019608,
            "recall": 0.8666666666666667,
            "f1-score": 0.8547400611620795,
            "support": 645.0
        },
        "26": {
            "precision": 0.895800933125972,
            "recall": 0.8044692737430168,
            "f1-score": 0.847682119205298,
            "support": 716.0
        },
        "27": {
            "precision": 0.8885714285714286,
            "recall": 0.8405405405405405,
            "f1-score": 0.8638888888888889,
            "support": 370.0
        },
        "28": {
            "precision": 0.5238095238095238,
            "recall": 0.14473684210526316,
            "f1-score": 0.2268041237113402,
            "support": 912.0
        },
        "29": {
            "precision": 0.5201511335012594,
            "recall": 0.8515463917525773,
            "f1-score": 0.6458170445660673,
            "support": 485.0
        },
        "30": {
            "precision": 0.7869565217391304,
            "recall": 0.6146010186757216,
            "f1-score": 0.6901811248808389,
            "support": 589.0
        },
        "31": {
            "precision": 0.5742251223491027,
            "recall": 0.9072164948453608,
            "f1-score": 0.7032967032967034,
            "support": 388.0
        },
        "32": {
            "precision": 0.8384146341463414,
            "recall": 0.6723716381418093,
            "f1-score": 0.746268656716418,
            "support": 409.0
        },
        "33": {
            "precision": 0.6469002695417789,
            "recall": 0.47337278106508873,
            "f1-score": 0.5466970387243736,
            "support": 507.0
        },
        "34": {
            "precision": 0.9225473321858864,
            "recall": 0.9469964664310954,
            "f1-score": 0.934612031386225,
            "support": 566.0
        },
        "35": {
            "precision": 0.45023696682464454,
            "recall": 0.18164435946462715,
            "f1-score": 0.25885558583106266,
            "support": 523.0
        },
        "36": {
            "precision": 0.8890532544378699,
            "recall": 0.9554848966613673,
            "f1-score": 0.9210727969348659,
            "support": 629.0
        },
        "37": {
            "precision": 0.6740157480314961,
            "recall": 0.8716904276985743,
            "f1-score": 0.7602131438721137,
            "support": 491.0
        },
        "38": {
            "precision": 0.47956989247311826,
            "recall": 0.8446969696969697,
            "f1-score": 0.6117969821673526,
            "support": 528.0
        },
        "39": {
            "precision": 0.6932367149758454,
            "recall": 0.5435606060606061,
            "f1-score": 0.6093418259023354,
            "support": 528.0
        },
        "40": {
            "precision": 0.7650273224043715,
            "recall": 0.712468193384224,
            "f1-score": 0.7378129117259552,
            "support": 393.0
        },
        "41": {
            "precision": 0.9298013245033112,
            "recall": 0.9538043478260869,
            "f1-score": 0.9416498993963782,
            "support": 736.0
        },