{
    "acc1": 0.667070040337367,
    "acc5": [
        0.8887055372203887
    ],
    "mean_per_class_recall": 0.6664267781043239,
    "classification_report": {
        "0": {
            "precision": 0.9166666666666666,
            "recall": 0.7641357027463651,
            "f1-score": 0.8334801762114538,
            "support": 619.0
        },
        "1": {
            "precision": 0.8484162895927602,
            "recall": 0.8503401360544217,
            "f1-score": 0.8493771234428086,
            "support": 441.0
        },
        "2": {
            "precision": 0.33224043715846996,
            "recall": 0.41815680880330125,
            "f1-score": 0.3702801461632156,
            "support": 727.0
        },
        "3": {
            "precision": 0.5195530726256983,
            "recall": 0.6078431372549019,
            "f1-score": 0.5602409638554217,
            "support": 459.0
        },
        "4": {
            "precision": 0.7251461988304093,
            "recall": 0.8454545454545455,
            "f1-score": 0.7806925498426023,
            "support": 440.0
        },
        "5": {
            "precision": 0.977906976744186,
            "recall": 0.9141304347826087,
            "f1-score": 0.9449438202247191,
            "support": 920.0
        },
        "6": {
            "precision": 0.40285400658616904,
            "recall": 0.673394495412844,
            "f1-score": 0.5041208791208791,
            "support": 545.0
        },
        "7": {
            "precision": 0.35958395245170877,
            "recall": 0.5389755011135857,
            "f1-score": 0.43137254901960786,
            "support": 449.0
        },
        "8": {
            "precision": 0.6158088235294118,
            "recall": 0.8091787439613527,
            "f1-score": 0.6993736951983298,
            "support": 414.0
        },
        "9": {
            "precision": 0.40372670807453415,
            "recall": 0.19345238095238096,
            "f1-score": 0.26156941649899396,
            "support": 336.0
        },
        "10": {
            "precision": 0.8004158004158004,
            "recall": 0.6130573248407644,
            "f1-score": 0.6943192064923355,
            "support": 628.0
        },
        "11": {
            "precision": 0.9244897959183673,
            "recall": 0.56625,
            "f1-score": 0.7023255813953488,
            "support": 800.0
        },
        "12": {
            "precision": 0.8963730569948186,
            "recall": 0.9137323943661971,
            "f1-score": 0.9049694856146469,
            "support": 568.0
        },
        "13": {
            "precision": 0.7533039647577092,
            "recall": 0.8201438848920863,
            "f1-score": 0.7853042479908151,
            "support": 417.0
        },
        "14": {
            "precision": 0.7330960854092526,
            "recall": 0.6901172529313233,
            "f1-score": 0.7109577221742882,
            "support": 597.0
        },
        "15": {
            "precision": 0.668141592920354,
            "recall": 0.38817480719794345,
            "f1-score": 0.49105691056910566,
            "support": 389.0
        },
        "16": {
            "precision": 0.6006944444444444,
            "recall": 0.3574380165289256,
            "f1-score": 0.4481865284974093,
            "support": 484.0
        },
        "17": {
            "precision": 0.896551724137931,
            "recall": 0.7295918367346939,
            "f1-score": 0.8045007032348804,
            "support": 392.0
        },
        "18": {
            "precision": 0.6170212765957447,
            "recall": 0.4461538461538462,
            "f1-score": 0.5178571428571429,
            "support": 390.0
        },
        "19": {
            "precision": 0.8603491271820449,
            "recall": 0.8518518518518519,
            "f1-score": 0.8560794044665012,
            "support": 405.0
        },
        "20": {
            "precision": 0.29874776386404295,
            "recall": 0.907608695652174,
            "f1-score": 0.44952893674293404,
            "support": 368.0
        },
        "21": {
            "precision": 0.8819875776397516,
            "recall": 0.6425339366515838,
            "f1-score": 0.743455497382199,
            "support": 442.0
        },
        "22": {
            "precision": 0.9079365079365079,
            "recall": 0.7576158940397351,
            "f1-score": 0.8259927797833935,
            "support": 755.0
        },
        "23": {
            "precision": 0.7234726688102894,
            "recall": 0.582901554404145,
            "f1-score": 0.6456241032998565,
            "support": 386.0
        },
        "24": {
            "precision": 0.8497267759562842,
            "recall": 0.7603911980440098,
            "f1-score": 0.8025806451612904,
            "support": 409.0
        },
        "25": {
            "precision": 0.6437659033078881,
            "recall": 0.5238095238095238,
            "f1-score": 0.5776255707762558,
            "support": 483.0
        },
        "26": {
            "precision": 0.6924242424242424,
            "recall": 0.6700879765395894,
            "f1-score": 0.6810730253353204,
            "support": 682.0
        },
        "27": {
            "precision": 0.932806324110672,
            "recall": 0.7750410509031199,
            "f1-score": 0.8466367713004485,
            "support": 609.0
        },
        "28": {
            "precision": 0.5952813067150635,
            "recall": 0.8179551122194514,
            "f1-score": 0.6890756302521008,
            "support": 401.0
        },
        "29": {
            "precision": 0.8340874811463047,
            "recall": 0.8890675241157556,
            "f1-score": 0.8607003891050584,
            "support": 622.0
        },
        "30": {
            "precision": 0.9628252788104089,
            "recall": 0.8119122257053292,
            "f1-score": 0.8809523809523809,
            "support": 638.0
        },
        "31": {
            "precision": 0.049886621315192746,
            "recall": 0.03907637655417407,
            "f1-score": 0.043824701195219126,
            "support": 563.0
        },
        "32": {
            "precision": 0.3482642777155655,
            "recall": 0.6941964285714286,
            "f1-score": 0.4638329604772558,
            "support": 448.0
        },
        "33": {
            "precision": 0.6484284051222352,
            "recall": 0.7957142857142857,
            "f1-score": 0.7145606157793457,
            "support": 700.0
        },
        "34": {
            "precision": 0.5366795366795367,
            "recall": 0.7433155080213903,
            "f1-score": 0.6233183856502242,
            "support": 374.0
        },
        "35": {
            "precision": 0.3725806451612903,
            "recall": 0.5552884615384616,
            "f1-score": 0.44594594594594594,
            "support": 416.0
        },
        "36": {
            "precision": 0.6438127090301003,
            "recall": 0.7578740157480315,
            "f1-score": 0.6962025316455697,
            "support": 508.0
        },
        "37": {
            "precision": 0.772887323943662,
            "recall": 0.7024,
            "f1-score": 0.7359597652975691,
            "support": 625.0
        },
        "38": {
            "precision": 0.9065743944636678,
            "recall": 0.9274336283185841,
            "f1-score": 0.9168853893263342,
            "support": 565.0
        },
        "39": {
            "precision": 0.70267131242741,
            "recall": 0.8692528735632183,
            "f1-score": 0.7771355170199101,
            "support": 696.0
        },
        "40": {
            "precision": 0.0,
            "recall": 0.0,
            "f1-score": 0.0,
            "support": 386.0
        },
        "41": {
            "precision": 0.49387254901960786,
            "recall": 0.6784511784511784,
            "f1-score": 0.5716312056737589,
            "support": 594.0
        },