{
    "acc1": 0.6328932893289329,
    "acc5": [
        0.9074074074074074
    ],
    "mean_per_class_recall": 0.6395362747334083,
    "classification_report": {
        "0": {
            "precision": 0.9343629343629344,
            "recall": 0.7819063004846527,
            "f1-score": 0.851363236587511,
            "support": 619.0
        },
        "1": {
            "precision": 0.7841584158415842,
            "recall": 0.8979591836734694,
            "f1-score": 0.8372093023255814,
            "support": 441.0
        },
        "2": {
            "precision": 0.7403314917127072,
            "recall": 0.1843191196698762,
            "f1-score": 0.29515418502202645,
            "support": 727.0
        },
        "3": {
            "precision": 0.6098191214470284,
            "recall": 0.514161220043573,
            "f1-score": 0.557919621749409,
            "support": 459.0
        },
        "4": {
            "precision": 0.506265664160401,
            "recall": 0.9181818181818182,
            "f1-score": 0.6526655896607432,
            "support": 440.0
        },
        "5": {
            "precision": 0.9332591768631813,
            "recall": 0.9119565217391304,
            "f1-score": 0.9224848818031886,
            "support": 920.0
        },
        "6": {
            "precision": 0.5719298245614035,
            "recall": 0.29908256880733947,
            "f1-score": 0.3927710843373494,
            "support": 545.0
        },
        "7": {
            "precision": 0.31859410430839,
            "recall": 0.6258351893095768,
            "f1-score": 0.4222389181066867,
            "support": 449.0
        },
        "8": {
            "precision": 0.5983333333333334,
            "recall": 0.8671497584541062,
            "f1-score": 0.7080867850098619,
            "support": 414.0
        },
        "9": {
            "precision": 0.4297029702970297,
            "recall": 0.6458333333333334,
            "f1-score": 0.5160523186682521,
            "support": 336.0
        },
        "10": {
            "precision": 0.7350597609561753,
            "recall": 0.5875796178343949,
            "f1-score": 0.6530973451327433,
            "support": 628.0
        },
        "11": {
            "precision": 0.7388268156424581,
            "recall": 0.66125,
            "f1-score": 0.6978891820580475,
            "support": 800.0
        },
        "12": {
            "precision": 0.9169675090252708,
            "recall": 0.8943661971830986,
            "f1-score": 0.9055258467023173,
            "support": 568.0
        },
        "13": {
            "precision": 0.3467600700525394,
            "recall": 0.4748201438848921,
            "f1-score": 0.4008097165991903,
            "support": 417.0
        },
        "14": {
            "precision": 0.7296786389413988,
            "recall": 0.6465661641541038,
            "f1-score": 0.6856127886323268,
            "support": 597.0
        },
        "15": {
            "precision": 0.4477124183006536,
            "recall": 0.35218508997429304,
            "f1-score": 0.3942446043165468,
            "support": 389.0
        },
        "16": {
            "precision": 0.5756880733944955,
            "recall": 0.518595041322314,
            "f1-score": 0.5456521739130434,
            "support": 484.0
        },
        "17": {
            "precision": 0.9238410596026491,
            "recall": 0.7117346938775511,
            "f1-score": 0.8040345821325648,
            "support": 392.0
        },
        "18": {
            "precision": 0.6392405063291139,
            "recall": 0.258974358974359,
            "f1-score": 0.3686131386861314,
            "support": 390.0
        },
        "19": {
            "precision": 0.8483412322274881,
            "recall": 0.8839506172839506,
            "f1-score": 0.8657799274486094,
            "support": 405.0
        },
        "20": {
            "precision": 0.33756613756613757,
            "recall": 0.8668478260869565,
            "f1-score": 0.4859101294744859,
            "support": 368.0
        },
        "21": {
            "precision": 0.8357771260997068,
            "recall": 0.6447963800904978,
            "f1-score": 0.7279693486590039,
            "support": 442.0
        },
        "22": {
            "precision": 0.9043062200956937,
            "recall": 0.7509933774834437,
            "f1-score": 0.8205499276410999,
            "support": 755.0
        },
        "23": {
            "precision": 0.8367346938775511,
            "recall": 0.5310880829015544,
            "f1-score": 0.6497622820919176,
            "support": 386.0
        },
        "24": {
            "precision": 0.847769028871391,
            "recall": 0.7897310513447433,
            "f1-score": 0.8177215189873418,
            "support": 409.0
        },
        "25": {
            "precision": 0.4240924092409241,
            "recall": 0.5320910973084886,
            "f1-score": 0.4719926538108356,
            "support": 483.0
        },
        "26": {
            "precision": 0.3684210526315789,
            "recall": 0.051319648093841645,
            "f1-score": 0.09009009009009009,
            "support": 682.0
        },
        "27": {
            "precision": 0.9602649006622517,
            "recall": 0.7142857142857143,
            "f1-score": 0.8192090395480226,
            "support": 609.0
        },
        "28": {
            "precision": 0.6817155756207675,
            "recall": 0.7531172069825436,
            "f1-score": 0.7156398104265402,
            "support": 401.0
        },
        "29": {
            "precision": 0.8551181102362204,
            "recall": 0.8729903536977492,
            "f1-score": 0.863961813842482,
            "support": 622.0
        },
        "30": {
            "precision": 0.9837728194726166,
            "recall": 0.7601880877742947,
            "f1-score": 0.8576480990274093,
            "support": 638.0
        },
        "31": {
            "precision": 0.6674418604651163,
            "recall": 0.5097690941385435,
            "f1-score": 0.5780463242698892,
            "support": 563.0
        },
        "32": {
            "precision": 0.304552590266876,
            "recall": 0.4330357142857143,
            "f1-score": 0.3576036866359447,
            "support": 448.0
        },
        "33": {
            "precision": 0.6708333333333333,
            "recall": 0.69,
            "f1-score": 0.680281690140845,
            "support": 700.0
        },
        "34": {
            "precision": 0.4725609756097561,
            "recall": 0.4144385026737968,
            "f1-score": 0.4415954415954416,
            "support": 374.0
        },
        "35": {
            "precision": 0.3711340206185567,
            "recall": 0.7788461538461539,
            "f1-score": 0.5027152831652444,
            "support": 416.0
        },
        "36": {
            "precision": 0.6611721611721612,
            "recall": 0.7106299212598425,
            "f1-score": 0.6850094876660342,
            "support": 508.0
        },
        "37": {
            "precision": 0.769825918762089,
            "recall": 0.6368,
            "f1-score": 0.6970227670753065,
            "support": 625.0
        },
        "38": {
            "precision": 0.9210053859964094,
            "recall": 0.9079646017699115,
            "f1-score": 0.9144385026737968,
            "support": 565.0
        },
        "39": {
            "precision": 0.559228650137741,
            "recall": 0.875,
            "f1-score": 0.6823529411764706,
            "support": 696.0
        },
        "40": {
            "precision": 0.6382978723404256,
            "recall": 0.46632124352331605,
            "f1-score": 0.5389221556886228,
            "support": 386.0
        },
        "41": {
            "precision": 0.23102948284195263,
            "recall": 0.8047138047138047,
            "f1-score": 0.3589936162223057,
            "support": 594.0
        },