{
    "acc1": 0.7196105279172372,
    "acc5": [
        0.9249961965616917
    ],
    "mean_per_class_recall": 0.717516092941297,
    "classification_report": {
        "0": {
            "precision": 0.7915904936014625,
            "recall": 0.8424124513618677,
            "f1-score": 0.8162111215834119,
            "support": 514.0
        },
        "1": {
            "precision": 0.7175438596491228,
            "recall": 0.8279352226720648,
            "f1-score": 0.768796992481203,
            "support": 494.0
        },
        "2": {
            "precision": 0.8717948717948718,
            "recall": 0.84472049689441,
            "f1-score": 0.8580441640378549,
            "support": 483.0
        },
        "3": {
            "precision": 0.5642201834862385,
            "recall": 0.1889400921658986,
            "f1-score": 0.28308400460299193,
            "support": 651.0
        },
        "4": {
            "precision": 0.7222982216142271,
            "recall": 0.7810650887573964,
            "f1-score": 0.7505330490405118,
            "support": 676.0
        },
        "5": {
            "precision": 0.4777777777777778,
            "recall": 0.11813186813186813,
            "f1-score": 0.1894273127753304,
            "support": 364.0
        },
        "6": {
            "precision": 0.9034267912772586,
            "recall": 0.8089260808926081,
            "f1-score": 0.8535688005886681,
            "support": 717.0
        },
        "7": {
            "precision": 0.7551020408163265,
            "recall": 0.7762237762237763,
            "f1-score": 0.7655172413793103,
            "support": 429.0
        },
        "8": {
            "precision": 0.7439544807965861,
            "recall": 0.8449111470113085,
            "f1-score": 0.7912254160363086,
            "support": 619.0
        },
        "9": {
            "precision": 0.8057324840764332,
            "recall": 0.9768339768339769,
            "f1-score": 0.8830715532286213,
            "support": 518.0
        },
        "10": {
            "precision": 0.7905759162303665,
            "recall": 0.6817155756207675,
            "f1-score": 0.7321212121212122,
            "support": 443.0
        },
        "11": {
            "precision": 0.5390199637023594,
            "recall": 0.6400862068965517,
            "f1-score": 0.5852216748768473,
            "support": 464.0
        },
        "12": {
            "precision": 0.8286384976525821,
            "recall": 0.926509186351706,
            "f1-score": 0.8748451053283767,
            "support": 381.0
        },
        "13": {
            "precision": 0.8056872037914692,
            "recall": 0.7555555555555555,
            "f1-score": 0.7798165137614679,
            "support": 450.0
        },
        "14": {
            "precision": 0.9071332436069987,
            "recall": 0.9642346208869814,
            "f1-score": 0.9348127600554785,
            "support": 699.0
        },
        "15": {
            "precision": 0.39092495636998253,
            "recall": 0.41404805914972276,
            "f1-score": 0.4021543985637343,
            "support": 541.0
        },
        "16": {
            "precision": 0.9316939890710383,
            "recall": 0.7016460905349794,
            "f1-score": 0.8004694835680751,
            "support": 486.0
        },
        "17": {
            "precision": 0.5983263598326359,
            "recall": 0.29183673469387755,
            "f1-score": 0.39231824417009603,
            "support": 490.0
        },
        "18": {
            "precision": 0.4514637904468413,
            "recall": 0.861764705882353,
            "f1-score": 0.5925176946410515,
            "support": 340.0
        },
        "19": {
            "precision": 0.8044354838709677,
            "recall": 0.8636363636363636,
            "f1-score": 0.8329853862212944,
            "support": 462.0
        },
        "20": {
            "precision": 0.6472545757071547,
            "recall": 0.8901601830663616,
            "f1-score": 0.7495183044315993,
            "support": 437.0
        },
        "21": {
            "precision": 0.7894736842105263,
            "recall": 0.8961038961038961,
            "f1-score": 0.8394160583941606,
            "support": 385.0
        },
        "22": {
            "precision": 0.8958333333333334,
            "recall": 0.5103857566765578,
            "f1-score": 0.6502835538752363,
            "support": 337.0
        },
        "23": {
            "precision": 0.7549295774647887,
            "recall": 0.7905604719764012,
            "f1-score": 0.7723342939481268,
            "support": 339.0
        },
        "24": {
            "precision": 0.7702845100105374,
            "recall": 0.8032967032967033,
            "f1-score": 0.7864443249058634,
            "support": 910.0
        },
        "25": {
            "precision": 0.34251497005988024,
            "recall": 0.5542635658914729,
            "f1-score": 0.4233900814211695,
            "support": 516.0
        },
        "26": {
            "precision": 0.8417721518987342,
            "recall": 0.9236111111111112,
            "f1-score": 0.8807947019867549,
            "support": 432.0
        },
        "27": {
            "precision": 0.8633333333333333,
            "recall": 0.6475,
            "f1-score": 0.74,
            "support": 400.0
        },
        "28": {
            "precision": 0.636734693877551,
            "recall": 0.8571428571428571,
            "f1-score": 0.7306791569086651,
            "support": 364.0
        },
        "29": {
            "precision": 0.8033980582524272,
            "recall": 0.8530927835051546,
            "f1-score": 0.8275,
            "support": 388.0
        },
        "30": {
            "precision": 0.8100961538461539,
            "recall": 0.6050269299820467,
            "f1-score": 0.6927029804727647,
            "support": 557.0
        },
        "31": {
            "precision": 0.9532908704883227,
            "recall": 0.858508604206501,
            "f1-score": 0.903420523138833,
            "support": 523.0
        },
        "32": {
            "precision": 0.6158536585365854,
            "recall": 0.7745398773006135,
            "f1-score": 0.686141304347826,
            "support": 652.0
        },
        "33": {
            "precision": 0.5250596658711217,
            "recall": 0.625,
            "f1-score": 0.5706874189364461,
            "support": 352.0
        },
        "34": {
            "precision": 0.8913525498891353,
            "recall": 0.6137404580152672,
            "f1-score": 0.7269439421338155,
            "support": 655.0
        },
        "35": {
            "precision": 0.7461024498886414,
            "recall": 0.6993736951983298,
            "f1-score": 0.7219827586206896,
            "support": 479.0
        },
        "36": {
            "precision": 0.6805019305019305,
            "recall": 0.8576642335766423,
            "f1-score": 0.7588805166846071,
            "support": 822.0
        },
        "37": {
            "precision": 0.9841521394611727,
            "recall": 0.8414634146341463,
            "f1-score": 0.9072315558802045,
            "support": 738.0
        },
        "38": {
            "precision": 0.7149532710280374,
            "recall": 0.85,
            "f1-score": 0.7766497461928934,
            "support": 720.0
        },
        "39": {
            "precision": 0.5784982935153583,
            "recall": 0.47018030513176146,
            "f1-score": 0.5187452180566182,
            "support": 721.0
        },
        "40": {
            "precision": 0.8372641509433962,
            "recall": 0.6184668989547039,
            "f1-score": 0.7114228456913828,
            "support": 574.0
        },
        "41": {
            "precision": 0.8649350649350649,
            "recall": 0.8538461538461538,
            "f1-score": 0.8593548387096774,
            "support": 780.0
        },
        "42": {
            "precision": 0.41459074733096085,