{
    "acc1": 0.7318575992697398,
    "acc5": [
        0.9343526547999391
    ],
    "mean_per_class_recall": 0.7334715952340275,
    "classification_report": {
        "0": {
            "precision": 0.8396039603960396,
            "recall": 0.8249027237354085,
            "f1-score": 0.8321884200196271,
            "support": 514.0
        },
        "1": {
            "precision": 0.7569060773480663,
            "recall": 0.8319838056680162,
            "f1-score": 0.7926711668273867,
            "support": 494.0
        },
        "2": {
            "precision": 0.8352941176470589,
            "recall": 0.8819875776397516,
            "f1-score": 0.8580060422960725,
            "support": 483.0
        },
        "3": {
            "precision": 0.7241379310344828,
            "recall": 0.2903225806451613,
            "f1-score": 0.4144736842105263,
            "support": 651.0
        },
        "4": {
            "precision": 0.7545180722891566,
            "recall": 0.7411242603550295,
            "f1-score": 0.7477611940298508,
            "support": 676.0
        },
        "5": {
            "precision": 0.46543778801843316,
            "recall": 0.2774725274725275,
            "f1-score": 0.3476764199655766,
            "support": 364.0
        },
        "6": {
            "precision": 0.8306666666666667,
            "recall": 0.8688981868898187,
            "f1-score": 0.8493524199045671,
            "support": 717.0
        },
        "7": {
            "precision": 0.6730038022813688,
            "recall": 0.8251748251748252,
            "f1-score": 0.7413612565445026,
            "support": 429.0
        },
        "8": {
            "precision": 0.810207336523126,
            "recall": 0.8206785137318255,
            "f1-score": 0.8154093097913323,
            "support": 619.0
        },
        "9": {
            "precision": 0.8629173989455184,
            "recall": 0.9478764478764479,
            "f1-score": 0.9034038638454461,
            "support": 518.0
        },
        "10": {
            "precision": 0.845360824742268,
            "recall": 0.5553047404063205,
            "f1-score": 0.670299727520436,
            "support": 443.0
        },
        "11": {
            "precision": 0.5602294455066922,
            "recall": 0.6314655172413793,
            "f1-score": 0.5937183383991894,
            "support": 464.0
        },
        "12": {
            "precision": 0.8126410835214447,
            "recall": 0.9448818897637795,
            "f1-score": 0.8737864077669902,
            "support": 381.0
        },
        "13": {
            "precision": 0.7430406852248393,
            "recall": 0.7711111111111111,
            "f1-score": 0.7568157033805889,
            "support": 450.0
        },
        "14": {
            "precision": 0.9106901217861976,
            "recall": 0.9628040057224606,
            "f1-score": 0.9360222531293463,
            "support": 699.0
        },
        "15": {
            "precision": 0.4,
            "recall": 0.38817005545286504,
            "f1-score": 0.39399624765478425,
            "support": 541.0
        },
        "16": {
            "precision": 0.9210526315789473,
            "recall": 0.720164609053498,
            "f1-score": 0.8083140877598153,
            "support": 486.0
        },
        "17": {
            "precision": 0.5894378194207837,
            "recall": 0.7061224489795919,
            "f1-score": 0.6425255338904364,
            "support": 490.0
        },
        "18": {
            "precision": 0.6666666666666666,
            "recall": 0.8294117647058824,
            "f1-score": 0.7391874180865007,
            "support": 340.0
        },
        "19": {
            "precision": 0.7886497064579256,
            "recall": 0.8722943722943723,
            "f1-score": 0.828365878725591,
            "support": 462.0
        },
        "20": {
            "precision": 0.7413793103448276,
            "recall": 0.7871853546910755,
            "f1-score": 0.7635960044395117,
            "support": 437.0
        },
        "21": {
            "precision": 0.7554585152838428,
            "recall": 0.8987012987012987,
            "f1-score": 0.8208778173190985,
            "support": 385.0
        },
        "22": {
            "precision": 0.92,
            "recall": 0.5459940652818991,
            "f1-score": 0.6852886405959032,
            "support": 337.0
        },
        "23": {
            "precision": 0.7650429799426934,
            "recall": 0.7876106194690266,
            "f1-score": 0.7761627906976745,
            "support": 339.0
        },
        "24": {
            "precision": 0.7212301587301587,
            "recall": 0.798901098901099,
            "f1-score": 0.7580813347236705,
            "support": 910.0
        },
        "25": {
            "precision": 0.33811802232854865,
            "recall": 0.8217054263565892,
            "f1-score": 0.47909604519774013,
            "support": 516.0
        },
        "26": {
            "precision": 0.8417721518987342,
            "recall": 0.9236111111111112,
            "f1-score": 0.8807947019867549,
            "support": 432.0
        },
        "27": {
            "precision": 0.8885135135135135,
            "recall": 0.6575,
            "f1-score": 0.7557471264367817,
            "support": 400.0
        },
        "28": {
            "precision": 0.7325,
            "recall": 0.804945054945055,
            "f1-score": 0.7670157068062827,
            "support": 364.0
        },
        "29": {
            "precision": 0.7828054298642534,
            "recall": 0.8917525773195877,
            "f1-score": 0.8337349397590361,
            "support": 388.0
        },
        "30": {
            "precision": 0.8034682080924855,
            "recall": 0.748653500897666,
            "f1-score": 0.775092936802974,
            "support": 557.0
        },
        "31": {
            "precision": 0.9103053435114504,
            "recall": 0.9120458891013384,
            "f1-score": 0.9111747851002865,
            "support": 523.0
        },
        "32": {
            "precision": 0.6327827191867853,
            "recall": 0.7638036809815951,
            "f1-score": 0.6921473245309242,
            "support": 652.0
        },
        "33": {
            "precision": 0.6016260162601627,
            "recall": 0.6306818181818182,
            "f1-score": 0.6158113730929264,
            "support": 352.0
        },
        "34": {
            "precision": 0.8975609756097561,
            "recall": 0.5618320610687023,
            "f1-score": 0.6910798122065728,
            "support": 655.0
        },
        "35": {
            "precision": 0.6814671814671814,
            "recall": 0.7369519832985386,
            "f1-score": 0.708124373119358,
            "support": 479.0
        },
        "36": {
            "precision": 0.7246531483457844,
            "recall": 0.8260340632603407,
            "f1-score": 0.7720295622512792,
            "support": 822.0
        },
        "37": {
            "precision": 0.9826771653543307,
            "recall": 0.8455284552845529,
            "f1-score": 0.9089584850691915,
            "support": 738.0
        },
        "38": {
            "precision": 0.7158712541620422,
            "recall": 0.8958333333333334,
            "f1-score": 0.7958050586057989,
            "support": 720.0
        },
        "39": {
            "precision": 0.6530612244897959,
            "recall": 0.13314840499306518,
            "f1-score": 0.22119815668202766,
            "support": 721.0
        },
        "40": {
            "precision": 0.8192771084337349,
            "recall": 0.710801393728223,
            "f1-score": 0.7611940298507462,
            "support": 574.0
        },
        "41": {
            "precision": 0.8820375335120644,
            "recall": 0.8435897435897436,
            "f1-score": 0.8623853211009175,
            "support": 780.0
        },