{
    "acc1": 0.7339114559561843,
    "acc5": [
        0.9344667579491861
    ],
    "mean_per_class_recall": 0.733514374087009,
    "classification_report": {
        "0": {
            "precision": 0.8428290766208252,
            "recall": 0.8346303501945526,
            "f1-score": 0.8387096774193549,
            "support": 514.0
        },
        "1": {
            "precision": 0.786692759295499,
            "recall": 0.8137651821862348,
            "f1-score": 0.8,
            "support": 494.0
        },
        "2": {
            "precision": 0.8765957446808511,
            "recall": 0.8530020703933747,
            "f1-score": 0.8646379853095488,
            "support": 483.0
        },
        "3": {
            "precision": 0.6462882096069869,
            "recall": 0.22734254992319508,
            "f1-score": 0.33636363636363636,
            "support": 651.0
        },
        "4": {
            "precision": 0.7511380880121397,
            "recall": 0.7322485207100592,
            "f1-score": 0.7415730337078652,
            "support": 676.0
        },
        "5": {
            "precision": 0.3448275862068966,
            "recall": 0.21978021978021978,
            "f1-score": 0.2684563758389262,
            "support": 364.0
        },
        "6": {
            "precision": 0.8053777208706786,
            "recall": 0.8772663877266388,
            "f1-score": 0.8397863818424566,
            "support": 717.0
        },
        "7": {
            "precision": 0.6310344827586207,
            "recall": 0.8531468531468531,
            "f1-score": 0.7254707631318137,
            "support": 429.0
        },
        "8": {
            "precision": 0.803486529318542,
            "recall": 0.8190630048465266,
            "f1-score": 0.8112,
            "support": 619.0
        },
        "9": {
            "precision": 0.859375,
            "recall": 0.9555984555984556,
            "f1-score": 0.9049360146252285,
            "support": 518.0
        },
        "10": {
            "precision": 0.8125,
            "recall": 0.5575620767494357,
            "f1-score": 0.6613119143239625,
            "support": 443.0
        },
        "11": {
            "precision": 0.562015503875969,
            "recall": 0.625,
            "f1-score": 0.5918367346938775,
            "support": 464.0
        },
        "12": {
            "precision": 0.7832618025751072,
            "recall": 0.958005249343832,
            "f1-score": 0.8618654073199528,
            "support": 381.0
        },
        "13": {
            "precision": 0.7056530214424951,
            "recall": 0.8044444444444444,
            "f1-score": 0.7518172377985463,
            "support": 450.0
        },
        "14": {
            "precision": 0.8859764089121888,
            "recall": 0.9670958512160229,
            "f1-score": 0.9247606019151847,
            "support": 699.0
        },
        "15": {
            "precision": 0.40823970037453183,
            "recall": 0.4029574861367837,
            "f1-score": 0.4055813953488372,
            "support": 541.0
        },
        "16": {
            "precision": 0.9388888888888889,
            "recall": 0.6954732510288066,
            "f1-score": 0.7990543735224587,
            "support": 486.0
        },
        "17": {
            "precision": 0.5397815912636506,
            "recall": 0.7061224489795919,
            "f1-score": 0.6118479221927497,
            "support": 490.0
        },
        "18": {
            "precision": 0.6847290640394089,
            "recall": 0.8176470588235294,
            "f1-score": 0.7453083109919572,
            "support": 340.0
        },
        "19": {
            "precision": 0.7782101167315175,
            "recall": 0.8658008658008658,
            "f1-score": 0.819672131147541,
            "support": 462.0
        },
        "20": {
            "precision": 0.7315010570824524,
            "recall": 0.7917620137299771,
            "f1-score": 0.7604395604395604,
            "support": 437.0
        },
        "21": {
            "precision": 0.7588495575221239,
            "recall": 0.8909090909090909,
            "f1-score": 0.8195937873357229,
            "support": 385.0
        },
        "22": {
            "precision": 0.9054726368159204,
            "recall": 0.5400593471810089,
            "f1-score": 0.6765799256505576,
            "support": 337.0
        },
        "23": {
            "precision": 0.8295819935691319,
            "recall": 0.7610619469026548,
            "f1-score": 0.7938461538461539,
            "support": 339.0
        },
        "24": {
            "precision": 0.7650273224043715,
            "recall": 0.7692307692307693,
            "f1-score": 0.7671232876712328,
            "support": 910.0
        },
        "25": {
            "precision": 0.41077844311377243,
            "recall": 0.6647286821705426,
            "f1-score": 0.5077720207253886,
            "support": 516.0
        },
        "26": {
            "precision": 0.8556034482758621,
            "recall": 0.9189814814814815,
            "f1-score": 0.8861607142857143,
            "support": 432.0
        },
        "27": {
            "precision": 0.8717105263157895,
            "recall": 0.6625,
            "f1-score": 0.7528409090909091,
            "support": 400.0
        },
        "28": {
            "precision": 0.771117166212534,
            "recall": 0.7774725274725275,
            "f1-score": 0.774281805745554,
            "support": 364.0
        },
        "29": {
            "precision": 0.7953488372093023,
            "recall": 0.8814432989690721,
            "f1-score": 0.8361858190709046,
            "support": 388.0
        },
        "30": {
            "precision": 0.8041002277904328,
            "recall": 0.6337522441651705,
            "f1-score": 0.7088353413654619,
            "support": 557.0
        },
        "31": {
            "precision": 0.8957169459962756,
            "recall": 0.9196940726577438,
            "f1-score": 0.9075471698113208,
            "support": 523.0
        },
        "32": {
            "precision": 0.6356589147286822,
            "recall": 0.754601226993865,
            "f1-score": 0.6900420757363254,
            "support": 652.0
        },
        "33": {
            "precision": 0.5918367346938775,
            "recall": 0.6590909090909091,
            "f1-score": 0.6236559139784946,
            "support": 352.0
        },
        "34": {
            "precision": 0.8904109589041096,
            "recall": 0.5954198473282443,
            "f1-score": 0.7136322049405307,
            "support": 655.0
        },
        "35": {
            "precision": 0.6902485659655831,
            "recall": 0.7536534446764092,
            "f1-score": 0.720558882235529,
            "support": 479.0
        },
        "36": {
            "precision": 0.7423382519863791,
            "recall": 0.7956204379562044,
            "f1-score": 0.7680563711098062,
            "support": 822.0
        },
        "37": {
            "precision": 0.9768160741885626,
            "recall": 0.8563685636856369,
            "f1-score": 0.9126353790613718,
            "support": 738.0
        },
        "38": {
            "precision": 0.7536057692307693,
            "recall": 0.8708333333333333,
            "f1-score": 0.8079896907216495,
            "support": 720.0
        },
        "39": {
            "precision": 0.7049180327868853,
            "recall": 0.47711511789181693,
            "f1-score": 0.5690653432588917,
            "support": 721.0
        },
        "40": {
            "precision": 0.7956600361663653,
            "recall": 0.7665505226480837,
            "f1-score": 0.7808340727595386,
            "support": 574.0
        },
        "41": {
            "precision": 0.8895027624309392,
            "recall": 0.8256410256410256,
            "f1-score": 0.8563829787234043,
            "support": 780.0
        },
        "42": {
            "precision": 0.4540337711069418,