{
    "acc1": 0.729651605050966,
    "acc5": [
        0.9329453826258938
    ],
    "mean_per_class_recall": 0.7308161446877519,
    "classification_report": {
        "0": {
            "precision": 0.8685831622176592,
            "recall": 0.8229571984435797,
            "f1-score": 0.8451548451548452,
            "support": 514.0
        },
        "1": {
            "precision": 0.7513812154696132,
            "recall": 0.8259109311740891,
            "f1-score": 0.7868852459016393,
            "support": 494.0
        },
        "2": {
            "precision": 0.8407258064516129,
            "recall": 0.8633540372670807,
            "f1-score": 0.8518896833503575,
            "support": 483.0
        },
        "3": {
            "precision": 0.7227272727272728,
            "recall": 0.24423963133640553,
            "f1-score": 0.365097588978186,
            "support": 651.0
        },
        "4": {
            "precision": 0.7571214392803598,
            "recall": 0.7470414201183432,
            "f1-score": 0.7520476545048399,
            "support": 676.0
        },
        "5": {
            "precision": 0.4732510288065844,
            "recall": 0.3159340659340659,
            "f1-score": 0.37891268533772654,
            "support": 364.0
        },
        "6": {
            "precision": 0.8340080971659919,
            "recall": 0.8619246861924686,
            "f1-score": 0.8477366255144033,
            "support": 717.0
        },
        "7": {
            "precision": 0.7483731019522777,
            "recall": 0.8041958041958042,
            "f1-score": 0.7752808988764045,
            "support": 429.0
        },
        "8": {
            "precision": 0.7861538461538462,
            "recall": 0.8255250403877221,
            "f1-score": 0.8053585500394012,
            "support": 619.0
        },
        "9": {
            "precision": 0.825,
            "recall": 0.9555984555984556,
            "f1-score": 0.8855098389982111,
            "support": 518.0
        },
        "10": {
            "precision": 0.81875,
            "recall": 0.5914221218961625,
            "f1-score": 0.6867627785058977,
            "support": 443.0
        },
        "11": {
            "precision": 0.5305084745762711,
            "recall": 0.6745689655172413,
            "f1-score": 0.5939278937381404,
            "support": 464.0
        },
        "12": {
            "precision": 0.8089887640449438,
            "recall": 0.9448818897637795,
            "f1-score": 0.8716707021791767,
            "support": 381.0
        },
        "13": {
            "precision": 0.7401247401247402,
            "recall": 0.7911111111111111,
            "f1-score": 0.7647690655209453,
            "support": 450.0
        },
        "14": {
            "precision": 0.9104477611940298,
            "recall": 0.9599427753934192,
            "f1-score": 0.9345403899721448,
            "support": 699.0
        },
        "15": {
            "precision": 0.39297658862876256,
            "recall": 0.4343807763401109,
            "f1-score": 0.41264266900790164,
            "support": 541.0
        },
        "16": {
            "precision": 0.9276139410187667,
            "recall": 0.7119341563786008,
            "f1-score": 0.8055878928987195,
            "support": 486.0
        },
        "17": {
            "precision": 0.5759162303664922,
            "recall": 0.673469387755102,
            "f1-score": 0.6208842897460018,
            "support": 490.0
        },
        "18": {
            "precision": 0.6690647482014388,
            "recall": 0.8205882352941176,
            "f1-score": 0.7371202113606341,
            "support": 340.0
        },
        "19": {
            "precision": 0.8052738336713996,
            "recall": 0.8593073593073594,
            "f1-score": 0.831413612565445,
            "support": 462.0
        },
        "20": {
            "precision": 0.734475374732334,
            "recall": 0.7848970251716247,
            "f1-score": 0.7588495575221239,
            "support": 437.0
        },
        "21": {
            "precision": 0.762114537444934,
            "recall": 0.8987012987012987,
            "f1-score": 0.8247914183551848,
            "support": 385.0
        },
        "22": {
            "precision": 0.9095477386934674,
            "recall": 0.5370919881305638,
            "f1-score": 0.6753731343283582,
            "support": 337.0
        },
        "23": {
            "precision": 0.7672413793103449,
            "recall": 0.7876106194690266,
            "f1-score": 0.777292576419214,
            "support": 339.0
        },
        "24": {
            "precision": 0.7467071935157041,
            "recall": 0.8098901098901099,
            "f1-score": 0.7770163415919874,
            "support": 910.0
        },
        "25": {
            "precision": 0.338474025974026,
            "recall": 0.8081395348837209,
            "f1-score": 0.477116704805492,
            "support": 516.0
        },
        "26": {
            "precision": 0.851380042462845,
            "recall": 0.9282407407407407,
            "f1-score": 0.8881506090808416,
            "support": 432.0
        },
        "27": {
            "precision": 0.8947368421052632,
            "recall": 0.6375,
            "f1-score": 0.7445255474452555,
            "support": 400.0
        },
        "28": {
            "precision": 0.7811634349030471,
            "recall": 0.7747252747252747,
            "f1-score": 0.7779310344827586,
            "support": 364.0
        },
        "29": {
            "precision": 0.762114537444934,
            "recall": 0.8917525773195877,
            "f1-score": 0.8218527315914489,
            "support": 388.0
        },
        "30": {
            "precision": 0.7385398981324278,
            "recall": 0.7809694793536804,
            "f1-score": 0.7591623036649214,
            "support": 557.0
        },
        "31": {
            "precision": 0.9106463878326996,
            "recall": 0.9158699808795411,
            "f1-score": 0.9132507149666349,
            "support": 523.0
        },
        "32": {
            "precision": 0.6598079561042524,
            "recall": 0.7377300613496932,
            "f1-score": 0.6965966690803765,
            "support": 652.0
        },
        "33": {
            "precision": 0.6037234042553191,
            "recall": 0.6448863636363636,
            "f1-score": 0.6236263736263736,
            "support": 352.0
        },
        "34": {
            "precision": 0.893719806763285,
            "recall": 0.5648854961832062,
            "f1-score": 0.6922357343311506,
            "support": 655.0
        },
        "35": {
            "precision": 0.6794625719769674,
            "recall": 0.7390396659707724,
            "f1-score": 0.708,
            "support": 479.0
        },
        "36": {
            "precision": 0.6977687626774848,
            "recall": 0.8369829683698297,
            "f1-score": 0.7610619469026548,
            "support": 822.0
        },
        "37": {
            "precision": 0.9796875,
            "recall": 0.8495934959349594,
            "f1-score": 0.9100145137880987,
            "support": 738.0
        },
        "38": {
            "precision": 0.7155457552370452,
            "recall": 0.9013888888888889,
            "f1-score": 0.7977873386601106,
            "support": 720.0
        },
        "39": {
            "precision": 0.5602836879432624,
            "recall": 0.10957004160887657,
            "f1-score": 0.18329466357308585,
            "support": 721.0
        },
        "40": {
            "precision": 0.8176352705410822,
            "recall": 0.710801393728223,
            "f1-score": 0.7604846225535881,
            "support": 574.0
        },
        "41": {
            "precision": 0.8897849462365591,
            "recall": 0.8487179487179487,
            "f1-score": 0.868766404199475,
            "support": 780.0
        },
        "42": {
            "precision": 0.4359464627151052,