{
    "acc1": 0.7210635133664623,
    "acc5": [
        0.9336936414088287
    ],
    "mean_per_class_recall": 0.7077232914316316,
    "classification_report": {
        "0": {
            "precision": 0.211864406779661,
            "recall": 0.06544502617801047,
            "f1-score": 0.1,
            "support": 382.0
        },
        "1": {
            "precision": 0.4591194968553459,
            "recall": 0.2358642972536349,
            "f1-score": 0.31163287086446106,
            "support": 619.0
        },
        "2": {
            "precision": 0.7874493927125507,
            "recall": 0.9004629629629629,
            "f1-score": 0.8401727861771058,
            "support": 432.0
        },
        "3": {
            "precision": 0.8753351206434317,
            "recall": 0.9560761346998536,
            "f1-score": 0.913925822253324,
            "support": 683.0
        },
        "4": {
            "precision": 0.9696969696969697,
            "recall": 0.8470588235294118,
            "f1-score": 0.9042386185243328,
            "support": 680.0
        },
        "5": {
            "precision": 0.8910891089108911,
            "recall": 0.4147465437788018,
            "f1-score": 0.5660377358490566,
            "support": 434.0
        },
        "6": {
            "precision": 0.5492957746478874,
            "recall": 0.9263657957244655,
            "f1-score": 0.6896551724137931,
            "support": 421.0
        },
        "7": {
            "precision": 0.2903225806451613,
            "recall": 0.33488372093023255,
            "f1-score": 0.31101511879049676,
            "support": 430.0
        },
        "8": {
            "precision": 0.8477842003853564,
            "recall": 0.8853118712273642,
            "f1-score": 0.8661417322834646,
            "support": 497.0
        },
        "9": {
            "precision": 0.7890909090909091,
            "recall": 0.5680628272251309,
            "f1-score": 0.6605783866057838,
            "support": 382.0
        },
        "10": {
            "precision": 0.8546255506607929,
            "recall": 0.8680089485458613,
            "f1-score": 0.8612652608213096,
            "support": 447.0
        },
        "11": {
            "precision": 0.809322033898305,
            "recall": 0.9271844660194175,
            "f1-score": 0.8642533936651584,
            "support": 412.0
        },
        "12": {
            "precision": 0.4066666666666667,
            "recall": 0.6547406082289803,
            "f1-score": 0.5017135023989033,
            "support": 559.0
        },
        "13": {
            "precision": 0.5971223021582733,
            "recall": 0.60880195599022,
            "f1-score": 0.6029055690072639,
            "support": 409.0
        },
        "14": {
            "precision": 0.9718614718614719,
            "recall": 0.8601532567049809,
            "f1-score": 0.9126016260162602,
            "support": 522.0
        },
        "15": {
            "precision": 0.6322463768115942,
            "recall": 0.6403669724770642,
            "f1-score": 0.6362807657247037,
            "support": 545.0
        },
        "16": {
            "precision": 0.6335877862595419,
            "recall": 0.22865013774104684,
            "f1-score": 0.3360323886639676,
            "support": 363.0
        },
        "17": {
            "precision": 0.3338997451146984,
            "recall": 0.6906854130052724,
            "f1-score": 0.45017182130584193,
            "support": 569.0
        },
        "18": {
            "precision": 0.5676077265973254,
            "recall": 0.7374517374517374,
            "f1-score": 0.6414777497900923,
            "support": 518.0
        },
        "19": {
            "precision": 0.6221864951768489,
            "recall": 0.8543046357615894,
            "f1-score": 0.72,
            "support": 453.0
        },
        "20": {
            "precision": 0.8970189701897019,
            "recall": 0.8379746835443038,
            "f1-score": 0.8664921465968587,
            "support": 395.0
        },
        "21": {
            "precision": 0.6975206611570248,
            "recall": 0.685064935064935,
            "f1-score": 0.6912366912366913,
            "support": 616.0
        },
        "22": {
            "precision": 0.7751277683134583,
            "recall": 0.8488805970149254,
            "f1-score": 0.8103294746215495,
            "support": 536.0
        },
        "23": {
            "precision": 0.8804945054945055,
            "recall": 0.934402332361516,
            "f1-score": 0.9066478076379066,
            "support": 686.0
        },
        "24": {
            "precision": 0.7717996289424861,
            "recall": 0.9519450800915332,
            "f1-score": 0.8524590163934426,
            "support": 437.0
        },
        "25": {
            "precision": 0.5544871794871795,
            "recall": 0.5290519877675841,
            "f1-score": 0.5414710485133021,
            "support": 654.0
        },
        "26": {
            "precision": 0.878581173260573,
            "recall": 0.9292929292929293,
            "f1-score": 0.9032258064516129,
            "support": 693.0
        },
        "27": {
            "precision": 0.5942928039702233,
            "recall": 0.6765536723163842,
            "f1-score": 0.6327608982826949,
            "support": 708.0
        },
        "28": {
            "precision": 0.7773584905660378,
            "recall": 0.8637316561844863,
            "f1-score": 0.8182720953326713,
            "support": 477.0
        },
        "29": {
            "precision": 0.8976545842217484,
            "recall": 0.7464539007092199,
            "f1-score": 0.8151016456921588,
            "support": 564.0
        },
        "30": {
            "precision": 0.47875,
            "recall": 0.6637781629116117,
            "f1-score": 0.5562817719680465,
            "support": 577.0
        },
        "31": {
            "precision": 0.588469184890656,
            "recall": 0.6284501061571125,
            "f1-score": 0.6078028747433265,
            "support": 471.0
        },
        "32": {
            "precision": 0.8259803921568627,
            "recall": 0.8209500609013398,
            "f1-score": 0.8234575442883323,
            "support": 821.0
        },
        "33": {
            "precision": 0.8426966292134831,
            "recall": 0.684931506849315,
            "f1-score": 0.7556675062972292,
            "support": 657.0
        },
        "34": {
            "precision": 0.8506224066390041,
            "recall": 0.740072202166065,
            "f1-score": 0.7915057915057915,
            "support": 554.0
        },
        "35": {
            "precision": 0.8333333333333334,
            "recall": 0.6821829855537721,
            "f1-score": 0.7502206531332745,
            "support": 623.0
        },
        "36": {
            "precision": 0.7763975155279503,
            "recall": 0.7496251874062968,
            "f1-score": 0.7627765064836003,
            "support": 667.0
        },
        "37": {
            "precision": 0.9398625429553265,
            "recall": 0.858712715855573,
            "f1-score": 0.8974569319114027,
            "support": 637.0
        },
        "38": {
            "precision": 0.8785046728971962,
            "recall": 0.9690721649484536,
            "f1-score": 0.9215686274509803,
            "support": 582.0
        },
        "39": {
            "precision": 0.8715596330275229,
            "recall": 0.7387247278382582,
            "f1-score": 0.7996632996632996,
            "support": 643.0
        },
        "40": {
            "precision": 0.7633262260127932,
            "recall": 0.5541795665634675,
            "f1-score": 0.6421524663677131,
            "support": 646.0
        },
        "41": {
            "precision": 0.8164335664335665,
            "recall": 0.8745318352059925,
            "f1-score": 0.8444846292947559,
            "support": 534.0
        },