{
    "acc1": 0.7325686253291491,
    "acc5": [
        0.9359376690834326
    ],
    "mean_per_class_recall": 0.7366761086972439,
    "classification_report": {
        "0": {
            "precision": 0.7785087719298246,
            "recall": 0.8049886621315193,
            "f1-score": 0.7915273132664437,
            "support": 441.0
        },
        "1": {
            "precision": 0.757085020242915,
            "recall": 0.4960212201591512,
            "f1-score": 0.5993589743589743,
            "support": 377.0
        },
        "2": {
            "precision": 0.6758409785932722,
            "recall": 0.8947368421052632,
            "f1-score": 0.7700348432055749,
            "support": 494.0
        },
        "3": {
            "precision": 0.84765625,
            "recall": 0.9531478770131772,
            "f1-score": 0.8973121984838043,
            "support": 683.0
        },
        "4": {
            "precision": 0.8691358024691358,
            "recall": 0.8461538461538461,
            "f1-score": 0.8574908647990256,
            "support": 416.0
        },
        "5": {
            "precision": 0.9235294117647059,
            "recall": 0.9114658925979681,
            "f1-score": 0.9174579985390796,
            "support": 689.0
        },
        "6": {
            "precision": 0.6405529953917051,
            "recall": 0.7700831024930748,
            "f1-score": 0.6993710691823899,
            "support": 361.0
        },
        "7": {
            "precision": 0.9445727482678984,
            "recall": 0.9170403587443946,
            "f1-score": 0.9306029579067122,
            "support": 446.0
        },
        "8": {
            "precision": 0.8669950738916257,
            "recall": 0.48484848484848486,
            "f1-score": 0.6219081272084805,
            "support": 363.0
        },
        "9": {
            "precision": 0.7144970414201184,
            "recall": 0.8327586206896552,
            "f1-score": 0.7691082802547771,
            "support": 580.0
        },
        "10": {
            "precision": 0.5751295336787565,
            "recall": 0.35864297253634897,
            "f1-score": 0.4417910447761194,
            "support": 619.0
        },
        "11": {
            "precision": 0.9202127659574468,
            "recall": 0.659047619047619,
            "f1-score": 0.7680355160932297,
            "support": 525.0
        },
        "12": {
            "precision": 0.6688524590163935,
            "recall": 0.7816091954022989,
            "f1-score": 0.7208480565371025,
            "support": 522.0
        },
        "13": {
            "precision": 0.7565543071161048,
            "recall": 0.793713163064833,
            "f1-score": 0.7746883988494727,
            "support": 509.0
        },
        "14": {
            "precision": 0.8733333333333333,
            "recall": 0.904487917146145,
            "f1-score": 0.8886376483889203,
            "support": 869.0
        },
        "15": {
            "precision": 0.3925373134328358,
            "recall": 0.8608837970540099,
            "f1-score": 0.5392106611993849,
            "support": 611.0
        },
        "16": {
            "precision": 0.6442687747035574,
            "recall": 0.7676609105180534,
            "f1-score": 0.7005730659025788,
            "support": 637.0
        },
        "17": {
            "precision": 0.7980198019801981,
            "recall": 0.57001414427157,
            "f1-score": 0.665016501650165,
            "support": 707.0
        },
        "18": {
            "precision": 0.9245283018867925,
            "recall": 0.9089376053962901,
            "f1-score": 0.9166666666666666,
            "support": 593.0
        },
        "19": {
            "precision": 0.6583850931677019,
            "recall": 0.9325513196480938,
            "f1-score": 0.7718446601941747,
            "support": 341.0
        },
        "20": {
            "precision": 0.6535947712418301,
            "recall": 0.7220216606498195,
            "f1-score": 0.6861063464837049,
            "support": 554.0
        },
        "21": {
            "precision": 0.9177777777777778,
            "recall": 0.6803953871499177,
            "f1-score": 0.7814569536423841,
            "support": 607.0
        },
        "22": {
            "precision": 0.6785009861932939,
            "recall": 0.607773851590106,
            "f1-score": 0.641192917054986,
            "support": 566.0
        },
        "23": {
            "precision": 0.8846153846153846,
            "recall": 0.8247011952191236,
            "f1-score": 0.8536082474226804,
            "support": 753.0
        },
        "24": {
            "precision": 0.71760391198044,
            "recall": 0.8326241134751773,
            "f1-score": 0.7708470124753776,
            "support": 705.0
        },
        "25": {
            "precision": 0.8842676311030742,
            "recall": 0.7581395348837209,
            "f1-score": 0.8163606010016694,
            "support": 645.0
        },
        "26": {
            "precision": 0.898021308980213,
            "recall": 0.8240223463687151,
            "f1-score": 0.8594319009468318,
            "support": 716.0
        },
        "27": {
            "precision": 0.8835227272727273,
            "recall": 0.8405405405405405,
            "f1-score": 0.8614958448753463,
            "support": 370.0
        },
        "28": {
            "precision": 0.39194139194139194,
            "recall": 0.11732456140350878,
            "f1-score": 0.18059071729957807,
            "support": 912.0
        },
        "29": {
            "precision": 0.5060532687651331,
            "recall": 0.8618556701030928,
            "f1-score": 0.6376811594202898,
            "support": 485.0
        },
        "30": {
            "precision": 0.7972027972027972,
            "recall": 0.5806451612903226,
            "f1-score": 0.6719056974459725,
            "support": 589.0
        },
        "31": {
            "precision": 0.59375,
            "recall": 0.8814432989690721,
            "f1-score": 0.7095435684647303,
            "support": 388.0
        },
        "32": {
            "precision": 0.8323353293413174,
            "recall": 0.6797066014669927,
            "f1-score": 0.7483176312247645,
            "support": 409.0
        },
        "33": {
            "precision": 0.6877323420074349,
            "recall": 0.36489151873767256,
            "f1-score": 0.47680412371134023,
            "support": 507.0
        },
        "34": {
            "precision": 0.9058823529411765,
            "recall": 0.9522968197879859,
            "f1-score": 0.9285099052540913,
            "support": 566.0
        },
        "35": {
            "precision": 0.4433497536945813,
            "recall": 0.3441682600382409,
            "f1-score": 0.38751345532831,
            "support": 523.0
        },
        "36": {
            "precision": 0.8555240793201133,
            "recall": 0.9602543720190779,
            "f1-score": 0.9048689138576779,
            "support": 629.0
        },
        "37": {
            "precision": 0.635036496350365,
            "recall": 0.8859470468431772,
            "f1-score": 0.7397959183673469,
            "support": 491.0
        },
        "38": {
            "precision": 0.4946236559139785,
            "recall": 0.7840909090909091,
            "f1-score": 0.6065934065934065,
            "support": 528.0
        },
        "39": {
            "precision": 0.6870588235294117,
            "recall": 0.553030303030303,
            "f1-score": 0.6128016789087093,
            "support": 528.0
        },
        "40": {
            "precision": 0.8,
            "recall": 0.6615776081424937,
            "f1-score": 0.724233983286908,
            "support": 393.0
        },
        "41": {
            "precision": 0.9295212765957447,
            "recall": 0.9497282608695652,
            "f1-score": 0.9395161290322581,
            "support": 736.0
        },