{
    "acc1": 0.7030691530691531,
    "acc5": [
        0.9381507381507381
    ],
    "mean_per_class_recall": 0.7043461241377156,
    "classification_report": {
        "0": {
            "precision": 0.729903536977492,
            "recall": 0.5820512820512821,
            "f1-score": 0.6476462196861626,
            "support": 390.0
        },
        "1": {
            "precision": 0.7409523809523809,
            "recall": 0.6335504885993485,
            "f1-score": 0.6830553116769096,
            "support": 614.0
        },
        "2": {
            "precision": 0.8707865168539326,
            "recall": 0.8157894736842105,
            "f1-score": 0.842391304347826,
            "support": 570.0
        },
        "3": {
            "precision": 0.9565972222222222,
            "recall": 0.563971340839304,
            "f1-score": 0.7095943335479716,
            "support": 977.0
        },
        "4": {
            "precision": 0.6476868327402135,
            "recall": 0.7982456140350878,
            "f1-score": 0.7151277013752456,
            "support": 456.0
        },
        "5": {
            "precision": 0.7936507936507936,
            "recall": 0.7092198581560284,
            "f1-score": 0.7490636704119851,
            "support": 564.0
        },
        "6": {
            "precision": 0.7194860813704497,
            "recall": 0.5666104553119731,
            "f1-score": 0.6339622641509434,
            "support": 593.0
        },
        "7": {
            "precision": 0.9027522935779817,
            "recall": 0.7267355982274741,
            "f1-score": 0.8052373158756138,
            "support": 677.0
        },
        "8": {
            "precision": 0.5408560311284046,
            "recall": 0.3415233415233415,
            "f1-score": 0.4186746987951807,
            "support": 407.0
        },
        "9": {
            "precision": 0.5758865248226951,
            "recall": 0.9164785553047404,
            "f1-score": 0.7073170731707317,
            "support": 443.0
        },
        "10": {
            "precision": 0.7249283667621776,
            "recall": 0.48936170212765956,
            "f1-score": 0.5842956120092379,
            "support": 517.0
        },
        "11": {
            "precision": 0.9092741935483871,
            "recall": 0.9494736842105264,
            "f1-score": 0.9289392378990731,
            "support": 475.0
        },
        "12": {
            "precision": 0.649164677804296,
            "recall": 0.6956521739130435,
            "f1-score": 0.671604938271605,
            "support": 391.0
        },
        "13": {
            "precision": 0.75,
            "recall": 0.7133333333333334,
            "f1-score": 0.7312072892938497,
            "support": 450.0
        },
        "14": {
            "precision": 0.9312267657992565,
            "recall": 0.9209558823529411,
            "f1-score": 0.9260628465804066,
            "support": 544.0
        },
        "15": {
            "precision": 0.6536502546689303,
            "recall": 0.8424507658643327,
            "f1-score": 0.7361376673040153,
            "support": 457.0
        },
        "16": {
            "precision": 0.8496835443037974,
            "recall": 0.8647342995169082,
            "f1-score": 0.8571428571428571,
            "support": 621.0
        },
        "17": {
            "precision": 0.8815331010452961,
            "recall": 0.8433333333333334,
            "f1-score": 0.8620102214650767,
            "support": 600.0
        },
        "18": {
            "precision": 0.755656108597285,
            "recall": 0.9671814671814671,
            "f1-score": 0.8484335309060118,
            "support": 518.0
        },
        "19": {
            "precision": 0.7773584905660378,
            "recall": 0.7615526802218114,
            "f1-score": 0.76937441643324,
            "support": 541.0
        },
        "20": {
            "precision": 0.4948586118251928,
            "recall": 0.6826241134751773,
            "f1-score": 0.5737704918032787,
            "support": 564.0
        },
        "21": {
            "precision": 0.6372093023255814,
            "recall": 0.35038363171355497,
            "f1-score": 0.4521452145214521,
            "support": 391.0
        },
        "22": {
            "precision": 0.7699115044247787,
            "recall": 0.5178571428571429,
            "f1-score": 0.6192170818505338,
            "support": 672.0
        },
        "23": {
            "precision": 0.7220708446866485,
            "recall": 0.6641604010025063,
            "f1-score": 0.6919060052219321,
            "support": 399.0
        },
        "24": {
            "precision": 0.8922495274102079,
            "recall": 0.8644688644688645,
            "f1-score": 0.878139534883721,
            "support": 546.0
        },
        "25": {
            "precision": 0.872093023255814,
            "recall": 0.8571428571428571,
            "f1-score": 0.8645533141210374,
            "support": 350.0
        },
        "26": {
            "precision": 0.9411764705882353,
            "recall": 0.8695652173913043,
            "f1-score": 0.903954802259887,
            "support": 460.0
        },
        "27": {
            "precision": 0.5371428571428571,
            "recall": 0.12450331125827814,
            "f1-score": 0.2021505376344086,
            "support": 755.0
        },
        "28": {
            "precision": 0.9137426900584795,
            "recall": 0.9204712812960235,
            "f1-score": 0.917094644167278,
            "support": 679.0
        },
        "29": {
            "precision": 0.5172872340425532,
            "recall": 0.7177121771217713,
            "f1-score": 0.6012364760432767,
            "support": 542.0
        },
        "30": {
            "precision": 0.8691588785046729,
            "recall": 0.7334384858044164,
            "f1-score": 0.795551753635586,
            "support": 634.0
        },
        "31": {
            "precision": 0.5070866141732283,
            "recall": 0.5908256880733945,
            "f1-score": 0.5457627118644067,
            "support": 545.0
        },
        "32": {
            "precision": 0.8784893267651889,
            "recall": 0.8532695374800638,
            "f1-score": 0.8656957928802589,
            "support": 627.0
        },
        "33": {
            "precision": 0.6503623188405797,
            "recall": 0.7670940170940171,
            "f1-score": 0.703921568627451,
            "support": 468.0
        },
        "34": {
            "precision": 0.5598526703499079,
            "recall": 0.7896103896103897,
            "f1-score": 0.6551724137931034,
            "support": 385.0
        },
        "35": {
            "precision": 0.7791666666666667,
            "recall": 0.4895287958115183,
            "f1-score": 0.6012861736334405,
            "support": 382.0
        },
        "36": {
            "precision": 0.6174863387978142,
            "recall": 0.5113122171945701,
            "f1-score": 0.5594059405940595,
            "support": 442.0
        },
        "37": {
            "precision": 0.6463963963963963,
            "recall": 0.6768867924528302,
            "f1-score": 0.6612903225806451,
            "support": 424.0
        },
        "38": {
            "precision": 0.4952076677316294,
            "recall": 0.48742138364779874,
            "f1-score": 0.49128367670364503,
            "support": 318.0
        },
        "39": {
            "precision": 0.4454022988505747,
            "recall": 0.7093821510297483,
            "f1-score": 0.5472197705207414,
            "support": 437.0
        },
        "40": {
            "precision": 0.5872576177285319,
            "recall": 0.803030303030303,
            "f1-score": 0.6784,
            "support": 528.0
        },
        "41": {
            "precision": 0.936608557844691,
            "recall": 0.8703976435935199,
            "f1-score": 0.9022900763358779,
            "support": 679.0
        },