{
    "acc1": 0.7141914191419142,
    "acc5": [
        0.9327099376604328
    ],
    "mean_per_class_recall": 0.7101605915659844,
    "classification_report": {
        "0": {
            "precision": 0.9414990859232175,
            "recall": 0.8319870759289176,
            "f1-score": 0.8833619210977701,
            "support": 619.0
        },
        "1": {
            "precision": 0.8288659793814434,
            "recall": 0.9115646258503401,
            "f1-score": 0.8682505399568035,
            "support": 441.0
        },
        "2": {
            "precision": 0.7522388059701492,
            "recall": 0.6932599724896836,
            "f1-score": 0.721546170365068,
            "support": 727.0
        },
        "3": {
            "precision": 0.6469194312796208,
            "recall": 0.5947712418300654,
            "f1-score": 0.619750283768445,
            "support": 459.0
        },
        "4": {
            "precision": 0.821917808219178,
            "recall": 0.8181818181818182,
            "f1-score": 0.8200455580865603,
            "support": 440.0
        },
        "5": {
            "precision": 0.9803921568627451,
            "recall": 0.9239130434782609,
            "f1-score": 0.9513150531617236,
            "support": 920.0
        },
        "6": {
            "precision": 0.5988700564971752,
            "recall": 0.5834862385321101,
            "f1-score": 0.5910780669144982,
            "support": 545.0
        },
        "7": {
            "precision": 0.45634266886326197,
            "recall": 0.6169265033407573,
            "f1-score": 0.5246212121212122,
            "support": 449.0
        },
        "8": {
            "precision": 0.6641651031894934,
            "recall": 0.855072463768116,
            "f1-score": 0.747624076029567,
            "support": 414.0
        },
        "9": {
            "precision": 0.3165644171779141,
            "recall": 0.7678571428571429,
            "f1-score": 0.4483058210251955,
            "support": 336.0
        },
        "10": {
            "precision": 0.7034795763993948,
            "recall": 0.7404458598726115,
            "f1-score": 0.721489526764934,
            "support": 628.0
        },
        "11": {
            "precision": 0.7034412955465587,
            "recall": 0.86875,
            "f1-score": 0.7774049217002237,
            "support": 800.0
        },
        "12": {
            "precision": 0.9113475177304965,
            "recall": 0.9049295774647887,
            "f1-score": 0.9081272084805654,
            "support": 568.0
        },
        "13": {
            "precision": 0.6626984126984127,
            "recall": 0.8009592326139089,
            "f1-score": 0.7252985884907709,
            "support": 417.0
        },
        "14": {
            "precision": 0.6856702619414484,
            "recall": 0.7453936348408711,
            "f1-score": 0.7142857142857143,
            "support": 597.0
        },
        "15": {
            "precision": 0.6666666666666666,
            "recall": 0.42159383033419023,
            "f1-score": 0.5165354330708661,
            "support": 389.0
        },
        "16": {
            "precision": 0.5887850467289719,
            "recall": 0.6508264462809917,
            "f1-score": 0.6182531894013739,
            "support": 484.0
        },
        "17": {
            "precision": 0.872093023255814,
            "recall": 0.7653061224489796,
            "f1-score": 0.8152173913043478,
            "support": 392.0
        },
        "18": {
            "precision": 0.7463768115942029,
            "recall": 0.2641025641025641,
            "f1-score": 0.39015151515151514,
            "support": 390.0
        },
        "19": {
            "precision": 0.8052516411378556,
            "recall": 0.908641975308642,
            "f1-score": 0.8538283062645011,
            "support": 405.0
        },
        "20": {
            "precision": 0.3618266978922717,
            "recall": 0.8396739130434783,
            "f1-score": 0.5057283142389526,
            "support": 368.0
        },
        "21": {
            "precision": 0.9208860759493671,
            "recall": 0.6583710407239819,
            "f1-score": 0.7678100263852242,
            "support": 442.0
        },
        "22": {
            "precision": 0.8768115942028986,
            "recall": 0.8013245033112583,
            "f1-score": 0.8373702422145328,
            "support": 755.0
        },
        "23": {
            "precision": 0.7661016949152543,
            "recall": 0.5854922279792746,
            "f1-score": 0.6637298091042585,
            "support": 386.0
        },
        "24": {
            "precision": 0.8605263157894737,
            "recall": 0.7995110024449877,
            "f1-score": 0.8288973384030418,
            "support": 409.0
        },
        "25": {
            "precision": 0.5657894736842105,
            "recall": 0.6231884057971014,
            "f1-score": 0.593103448275862,
            "support": 483.0
        },
        "26": {
            "precision": 0.7813822284908322,
            "recall": 0.8123167155425219,
            "f1-score": 0.796549245147376,
            "support": 682.0
        },
        "27": {
            "precision": 0.9261363636363636,
            "recall": 0.8029556650246306,
            "f1-score": 0.8601583113456465,
            "support": 609.0
        },
        "28": {
            "precision": 0.5957446808510638,
            "recall": 0.8379052369077307,
            "f1-score": 0.6963730569948187,
            "support": 401.0
        },
        "29": {
            "precision": 0.8707692307692307,
            "recall": 0.909967845659164,
            "f1-score": 0.889937106918239,
            "support": 622.0
        },
        "30": {
            "precision": 0.9262295081967213,
            "recall": 0.8855799373040752,
            "f1-score": 0.905448717948718,
            "support": 638.0
        },
        "31": {
            "precision": 0.705607476635514,
            "recall": 0.2682060390763766,
            "f1-score": 0.3886743886743887,
            "support": 563.0
        },
        "32": {
            "precision": 0.484375,
            "recall": 0.06919642857142858,
            "f1-score": 0.12109375,
            "support": 448.0
        },
        "33": {
            "precision": 0.765891472868217,
            "recall": 0.7057142857142857,
            "f1-score": 0.7345724907063197,
            "support": 700.0
        },
        "34": {
            "precision": 0.5444078947368421,
            "recall": 0.8850267379679144,
            "f1-score": 0.6741344195519349,
            "support": 374.0
        },
        "35": {
            "precision": 0.44873949579831934,
            "recall": 0.6418269230769231,
            "f1-score": 0.5281899109792285,
            "support": 416.0
        },
        "36": {
            "precision": 0.662847790507365,
            "recall": 0.797244094488189,
            "f1-score": 0.7238605898123325,
            "support": 508.0
        },
        "37": {
            "precision": 0.8562992125984252,
            "recall": 0.696,
            "f1-score": 0.7678729037952339,
            "support": 625.0
        },
        "38": {
            "precision": 0.9050847457627119,
            "recall": 0.9451327433628318,
            "f1-score": 0.9246753246753247,
            "support": 565.0
        },
        "39": {
            "precision": 0.7232472324723247,
            "recall": 0.8448275862068966,
            "f1-score": 0.7793240556660039,
            "support": 696.0
        },
        "40": {
            "precision": 0.5416666666666666,
            "recall": 0.03367875647668394,
            "f1-score": 0.06341463414634146,
            "support": 386.0
        },
        "41": {
            "precision": 0.5892857142857143,
            "recall": 0.5555555555555556,
            "f1-score": 0.5719237435008665,
            "support": 594.0
        },