{
    "acc1": 0.7003651300775902,
    "acc5": [
        0.9248060246462803
    ],
    "mean_per_class_recall": 0.7041703076408266,
    "classification_report": {
        "0": {
            "precision": 0.7716814159292036,
            "recall": 0.8482490272373541,
            "f1-score": 0.8081556997219648,
            "support": 514.0
        },
        "1": {
            "precision": 0.7072727272727273,
            "recall": 0.7874493927125507,
            "f1-score": 0.7452107279693486,
            "support": 494.0
        },
        "2": {
            "precision": 0.8853932584269663,
            "recall": 0.8157349896480331,
            "f1-score": 0.8491379310344828,
            "support": 483.0
        },
        "3": {
            "precision": 0.7204301075268817,
            "recall": 0.20583717357910905,
            "f1-score": 0.3201911589008363,
            "support": 651.0
        },
        "4": {
            "precision": 0.6986531986531986,
            "recall": 0.613905325443787,
            "f1-score": 0.6535433070866141,
            "support": 676.0
        },
        "5": {
            "precision": 0.5083333333333333,
            "recall": 0.5027472527472527,
            "f1-score": 0.505524861878453,
            "support": 364.0
        },
        "6": {
            "precision": 0.7265536723163842,
            "recall": 0.8967921896792189,
            "f1-score": 0.8027465667915106,
            "support": 717.0
        },
        "7": {
            "precision": 0.6371841155234657,
            "recall": 0.8228438228438228,
            "f1-score": 0.7182095625635809,
            "support": 429.0
        },
        "8": {
            "precision": 0.7621951219512195,
            "recall": 0.8077544426494345,
            "f1-score": 0.7843137254901961,
            "support": 619.0
        },
        "9": {
            "precision": 0.8321917808219178,
            "recall": 0.9382239382239382,
            "f1-score": 0.8820326678765881,
            "support": 518.0
        },
        "10": {
            "precision": 0.7055016181229773,
            "recall": 0.49209932279909707,
            "f1-score": 0.5797872340425532,
            "support": 443.0
        },
        "11": {
            "precision": 0.5526315789473685,
            "recall": 0.5883620689655172,
            "f1-score": 0.569937369519833,
            "support": 464.0
        },
        "12": {
            "precision": 0.7473903966597077,
            "recall": 0.9396325459317585,
            "f1-score": 0.8325581395348837,
            "support": 381.0
        },
        "13": {
            "precision": 0.7255369928400954,
            "recall": 0.6755555555555556,
            "f1-score": 0.6996547756041427,
            "support": 450.0
        },
        "14": {
            "precision": 0.8657289002557544,
            "recall": 0.9685264663805436,
            "f1-score": 0.9142471303173532,
            "support": 699.0
        },
        "15": {
            "precision": 0.34197886647454373,
            "recall": 0.6580406654343808,
            "f1-score": 0.450063211125158,
            "support": 541.0
        },
        "16": {
            "precision": 0.889763779527559,
            "recall": 0.6975308641975309,
            "f1-score": 0.7820069204152249,
            "support": 486.0
        },
        "17": {
            "precision": 0.5901960784313726,
            "recall": 0.6142857142857143,
            "f1-score": 0.602,
            "support": 490.0
        },
        "18": {
            "precision": 0.5277246653919694,
            "recall": 0.8117647058823529,
            "f1-score": 0.6396292004634995,
            "support": 340.0
        },
        "19": {
            "precision": 0.6813008130081301,
            "recall": 0.9069264069264069,
            "f1-score": 0.7780872794800371,
            "support": 462.0
        },
        "20": {
            "precision": 0.6395759717314488,
            "recall": 0.8283752860411899,
            "f1-score": 0.7218344965104686,
            "support": 437.0
        },
        "21": {
            "precision": 0.7181628392484343,
            "recall": 0.8935064935064935,
            "f1-score": 0.7962962962962963,
            "support": 385.0
        },
        "22": {
            "precision": 0.9137931034482759,
            "recall": 0.47181008902077154,
            "f1-score": 0.6223091976516634,
            "support": 337.0
        },
        "23": {
            "precision": 0.7401129943502824,
            "recall": 0.7728613569321534,
            "f1-score": 0.7561327561327561,
            "support": 339.0
        },
        "24": {
            "precision": 0.8662704309063893,
            "recall": 0.6406593406593407,
            "f1-score": 0.7365761212886923,
            "support": 910.0
        },
        "25": {
            "precision": 0.34798206278026905,
            "recall": 0.751937984496124,
            "f1-score": 0.4757817290006131,
            "support": 516.0
        },
        "26": {
            "precision": 0.7476459510357816,
            "recall": 0.9189814814814815,
            "f1-score": 0.8245067497403946,
            "support": 432.0
        },
        "27": {
            "precision": 0.8029850746268656,
            "recall": 0.6725,
            "f1-score": 0.7319727891156462,
            "support": 400.0
        },
        "28": {
            "precision": 0.8184523809523809,
            "recall": 0.7554945054945055,
            "f1-score": 0.7857142857142857,
            "support": 364.0
        },
        "29": {
            "precision": 0.8796296296296297,
            "recall": 0.7345360824742269,
            "f1-score": 0.800561797752809,
            "support": 388.0
        },
        "30": {
            "precision": 0.5470588235294118,
            "recall": 0.8348294434470377,
            "f1-score": 0.6609808102345416,
            "support": 557.0
        },
        "31": {
            "precision": 0.9141716566866267,
            "recall": 0.875717017208413,
            "f1-score": 0.89453125,
            "support": 523.0
        },
        "32": {
            "precision": 0.6342412451361867,
            "recall": 0.75,
            "f1-score": 0.6872803935347856,
            "support": 652.0
        },
        "33": {
            "precision": 0.5828729281767956,
            "recall": 0.5994318181818182,
            "f1-score": 0.5910364145658263,
            "support": 352.0
        },
        "34": {
            "precision": 0.8306264501160093,
            "recall": 0.5465648854961832,
            "f1-score": 0.6593001841620626,
            "support": 655.0
        },
        "35": {
            "precision": 0.7263922518159807,
            "recall": 0.6263048016701461,
            "f1-score": 0.672645739910314,
            "support": 479.0
        },
        "36": {
            "precision": 0.6525345622119816,
            "recall": 0.8613138686131386,
            "f1-score": 0.7425275301520713,
            "support": 822.0
        },
        "37": {
            "precision": 0.9739263803680982,
            "recall": 0.8604336043360433,
            "f1-score": 0.9136690647482014,
            "support": 738.0
        },
        "38": {
            "precision": 0.7522522522522522,
            "recall": 0.6958333333333333,
            "f1-score": 0.7229437229437229,
            "support": 720.0
        },
        "39": {
            "precision": 0.11224489795918367,
            "recall": 0.015256588072122053,
            "f1-score": 0.026862026862026864,
            "support": 721.0
        },
        "40": {
            "precision": 0.7546125461254612,
            "recall": 0.7125435540069687,
            "f1-score": 0.7329749103942652,
            "support": 574.0
        },
        "41": {
            "precision": 0.8575031525851198,
            "recall": 0.8717948717948718,
            "f1-score": 0.8645899554990464,
            "support": 780.0
        },