{
    "acc1": 0.750387764671933,
    "acc5": [
        0.9422501172311799
    ],
    "mean_per_class_recall": 0.7535395374254832,
    "classification_report": {
        "0": {
            "precision": 0.7434343434343434,
            "recall": 0.8344671201814059,
            "f1-score": 0.7863247863247863,
            "support": 441.0
        },
        "1": {
            "precision": 0.7244094488188977,
            "recall": 0.4880636604774536,
            "f1-score": 0.5832012678288431,
            "support": 377.0
        },
        "2": {
            "precision": 0.643491124260355,
            "recall": 0.8805668016194332,
            "f1-score": 0.7435897435897436,
            "support": 494.0
        },
        "3": {
            "precision": 0.8941504178272981,
            "recall": 0.9399707174231332,
            "f1-score": 0.9164882226980728,
            "support": 683.0
        },
        "4": {
            "precision": 0.8533653846153846,
            "recall": 0.8533653846153846,
            "f1-score": 0.8533653846153846,
            "support": 416.0
        },
        "5": {
            "precision": 0.9276218611521418,
            "recall": 0.9114658925979681,
            "f1-score": 0.9194729136163983,
            "support": 689.0
        },
        "6": {
            "precision": 0.6068376068376068,
            "recall": 0.7867036011080333,
            "f1-score": 0.6851628468033776,
            "support": 361.0
        },
        "7": {
            "precision": 0.9279279279279279,
            "recall": 0.9237668161434978,
            "f1-score": 0.9258426966292135,
            "support": 446.0
        },
        "8": {
            "precision": 0.6448598130841121,
            "recall": 0.7603305785123967,
            "f1-score": 0.6978508217446271,
            "support": 363.0
        },
        "9": {
            "precision": 0.7234375,
            "recall": 0.7982758620689655,
            "f1-score": 0.759016393442623,
            "support": 580.0
        },
        "10": {
            "precision": 0.5606060606060606,
            "recall": 0.2988691437802908,
            "f1-score": 0.3898840885142255,
            "support": 619.0
        },
        "11": {
            "precision": 0.9196891191709845,
            "recall": 0.6761904761904762,
            "f1-score": 0.7793633369923162,
            "support": 525.0
        },
        "12": {
            "precision": 0.7137745974955277,
            "recall": 0.764367816091954,
            "f1-score": 0.7382053654024052,
            "support": 522.0
        },
        "13": {
            "precision": 0.7263843648208469,
            "recall": 0.8762278978388998,
            "f1-score": 0.7943009795191451,
            "support": 509.0
        },
        "14": {
            "precision": 0.8729096989966555,
            "recall": 0.9010356731875719,
            "f1-score": 0.8867497168742922,
            "support": 869.0
        },
        "15": {
            "precision": 0.5,
            "recall": 0.7675941080196399,
            "f1-score": 0.6055519690122659,
            "support": 611.0
        },
        "16": {
            "precision": 0.6294591484464902,
            "recall": 0.858712715855573,
            "f1-score": 0.7264276228419655,
            "support": 637.0
        },
        "17": {
            "precision": 0.8007889546351085,
            "recall": 0.5742574257425742,
            "f1-score": 0.6688632619439868,
            "support": 707.0
        },
        "18": {
            "precision": 0.9148580968280468,
            "recall": 0.924114671163575,
            "f1-score": 0.9194630872483222,
            "support": 593.0
        },
        "19": {
            "precision": 0.697986577181208,
            "recall": 0.9149560117302052,
            "f1-score": 0.7918781725888325,
            "support": 341.0
        },
        "20": {
            "precision": 0.6393700787401575,
            "recall": 0.7328519855595668,
            "f1-score": 0.6829268292682927,
            "support": 554.0
        },
        "21": {
            "precision": 0.9014675052410901,
            "recall": 0.7084019769357496,
            "f1-score": 0.7933579335793358,
            "support": 607.0
        },
        "22": {
            "precision": 0.6595394736842105,
            "recall": 0.7084805653710248,
            "f1-score": 0.6831345826235093,
            "support": 566.0
        },
        "23": {
            "precision": 0.9212962962962963,
            "recall": 0.7928286852589641,
            "f1-score": 0.8522483940042827,
            "support": 753.0
        },
        "24": {
            "precision": 0.7170454545454545,
            "recall": 0.8950354609929078,
            "f1-score": 0.7962145110410095,
            "support": 705.0
        },
        "25": {
            "precision": 0.8430141287284144,
            "recall": 0.8325581395348837,
            "f1-score": 0.8377535101404057,
            "support": 645.0
        },
        "26": {
            "precision": 0.8860182370820668,
            "recall": 0.8142458100558659,
            "f1-score": 0.8486171761280932,
            "support": 716.0
        },
        "27": {
            "precision": 0.8848314606741573,
            "recall": 0.8513513513513513,
            "f1-score": 0.8677685950413223,
            "support": 370.0
        },
        "28": {
            "precision": 0.6899383983572895,
            "recall": 0.3684210526315789,
            "f1-score": 0.48034310221586846,
            "support": 912.0
        },
        "29": {
            "precision": 0.5837173579109063,
            "recall": 0.7835051546391752,
            "f1-score": 0.6690140845070423,
            "support": 485.0
        },
        "30": {
            "precision": 0.7898230088495575,
            "recall": 0.6061120543293718,
            "f1-score": 0.6858789625360231,
            "support": 589.0
        },
        "31": {
            "precision": 0.5667215815485996,
            "recall": 0.8865979381443299,
            "f1-score": 0.6914572864321608,
            "support": 388.0
        },
        "32": {
            "precision": 0.8264705882352941,
            "recall": 0.687041564792176,
            "f1-score": 0.7503337783711616,
            "support": 409.0
        },
        "33": {
            "precision": 0.7054794520547946,
            "recall": 0.40631163708086787,
            "f1-score": 0.5156445556946183,
            "support": 507.0
        },
        "34": {
            "precision": 0.9109243697478991,
            "recall": 0.9575971731448764,
            "f1-score": 0.9336778639104221,
            "support": 566.0
        },
        "35": {
            "precision": 0.49853372434017595,
            "recall": 0.32504780114722753,
            "f1-score": 0.39351851851851855,
            "support": 523.0
        },
        "36": {
            "precision": 0.8685714285714285,
            "recall": 0.9666136724960255,
            "f1-score": 0.9149736644093304,
            "support": 629.0
        },
        "37": {
            "precision": 0.667192429022082,
            "recall": 0.8615071283095723,
            "f1-score": 0.752,
            "support": 491.0
        },
        "38": {
            "precision": 0.4983127109111361,
            "recall": 0.8390151515151515,
            "f1-score": 0.6252646436132675,
            "support": 528.0
        },
        "39": {
            "precision": 0.7072538860103627,
            "recall": 0.5170454545454546,
            "f1-score": 0.5973741794310722,
            "support": 528.0
        },
        "40": {
            "precision": 0.7474489795918368,
            "recall": 0.7455470737913485,
            "f1-score": 0.7464968152866241,
            "support": 393.0
        },
        "41": {
            "precision": 0.9410187667560321,
            "recall": 0.9538043478260869,
            "f1-score": 0.9473684210526315,
            "support": 736.0
        },