{
    "acc1": 0.7320858055682337,
    "acc5": [
        0.9315761448349308
    ],
    "mean_per_class_recall": 0.7300898487259724,
    "classification_report": {
        "0": {
            "precision": 0.864476386036961,
            "recall": 0.8190661478599222,
            "f1-score": 0.8411588411588412,
            "support": 514.0
        },
        "1": {
            "precision": 0.7383512544802867,
            "recall": 0.8340080971659919,
            "f1-score": 0.7832699619771863,
            "support": 494.0
        },
        "2": {
            "precision": 0.8164794007490637,
            "recall": 0.9026915113871635,
            "f1-score": 0.8574237954768928,
            "support": 483.0
        },
        "3": {
            "precision": 0.5563689604685212,
            "recall": 0.5837173579109063,
            "f1-score": 0.5697151424287856,
            "support": 651.0
        },
        "4": {
            "precision": 0.7858376511226253,
            "recall": 0.6730769230769231,
            "f1-score": 0.7250996015936255,
            "support": 676.0
        },
        "5": {
            "precision": 0.30851063829787234,
            "recall": 0.07967032967032966,
            "f1-score": 0.12663755458515283,
            "support": 364.0
        },
        "6": {
            "precision": 0.7972292191435768,
            "recall": 0.8828451882845189,
            "f1-score": 0.8378557246856386,
            "support": 717.0
        },
        "7": {
            "precision": 0.6127946127946128,
            "recall": 0.8484848484848485,
            "f1-score": 0.7116324535679375,
            "support": 429.0
        },
        "8": {
            "precision": 0.8085106382978723,
            "recall": 0.7980613893376414,
            "f1-score": 0.8032520325203252,
            "support": 619.0
        },
        "9": {
            "precision": 0.9204545454545454,
            "recall": 0.9382239382239382,
            "f1-score": 0.9292543021032504,
            "support": 518.0
        },
        "10": {
            "precision": 0.7878787878787878,
            "recall": 0.5869074492099323,
            "f1-score": 0.6727037516170763,
            "support": 443.0
        },
        "11": {
            "precision": 0.5786163522012578,
            "recall": 0.5948275862068966,
            "f1-score": 0.5866099893730075,
            "support": 464.0
        },
        "12": {
            "precision": 0.8120805369127517,
            "recall": 0.952755905511811,
            "f1-score": 0.8768115942028986,
            "support": 381.0
        },
        "13": {
            "precision": 0.7078891257995735,
            "recall": 0.7377777777777778,
            "f1-score": 0.7225244831338411,
            "support": 450.0
        },
        "14": {
            "precision": 0.8948751642575559,
            "recall": 0.9742489270386266,
            "f1-score": 0.9328767123287671,
            "support": 699.0
        },
        "15": {
            "precision": 0.3576036866359447,
            "recall": 0.7171903881700554,
            "f1-score": 0.47724477244772445,
            "support": 541.0
        },
        "16": {
            "precision": 0.8804597701149425,
            "recall": 0.7880658436213992,
            "f1-score": 0.8317046688382194,
            "support": 486.0
        },
        "17": {
            "precision": 0.5860215053763441,
            "recall": 0.6673469387755102,
            "f1-score": 0.6240458015267175,
            "support": 490.0
        },
        "18": {
            "precision": 0.7492537313432835,
            "recall": 0.7382352941176471,
            "f1-score": 0.7437037037037038,
            "support": 340.0
        },
        "19": {
            "precision": 0.7518248175182481,
            "recall": 0.8917748917748918,
            "f1-score": 0.8158415841584158,
            "support": 462.0
        },
        "20": {
            "precision": 0.7175257731958763,
            "recall": 0.7963386727688787,
            "f1-score": 0.754880694143167,
            "support": 437.0
        },
        "21": {
            "precision": 0.8350785340314136,
            "recall": 0.8285714285714286,
            "f1-score": 0.8318122555410691,
            "support": 385.0
        },
        "22": {
            "precision": 0.8878504672897196,
            "recall": 0.5637982195845698,
            "f1-score": 0.6896551724137931,
            "support": 337.0
        },
        "23": {
            "precision": 0.819620253164557,
            "recall": 0.7640117994100295,
            "f1-score": 0.7908396946564885,
            "support": 339.0
        },
        "24": {
            "precision": 0.7491638795986622,
            "recall": 0.7384615384615385,
            "f1-score": 0.7437742114001107,
            "support": 910.0
        },
        "25": {
            "precision": 0.39281288723667906,
            "recall": 0.6143410852713178,
            "f1-score": 0.47921390778533635,
            "support": 516.0
        },
        "26": {
            "precision": 0.853763440860215,
            "recall": 0.9189814814814815,
            "f1-score": 0.8851727982162765,
            "support": 432.0
        },
        "27": {
            "precision": 0.8571428571428571,
            "recall": 0.69,
            "f1-score": 0.7645429362880887,
            "support": 400.0
        },
        "28": {
            "precision": 0.6808988764044944,
            "recall": 0.8324175824175825,
            "f1-score": 0.7490729295426453,
            "support": 364.0
        },
        "29": {
            "precision": 0.7795823665893271,
            "recall": 0.865979381443299,
            "f1-score": 0.8205128205128205,
            "support": 388.0
        },
        "30": {
            "precision": 0.7483221476510067,
            "recall": 0.800718132854578,
            "f1-score": 0.7736339982653946,
            "support": 557.0
        },
        "31": {
            "precision": 0.88,
            "recall": 0.9254302103250478,
            "f1-score": 0.902143522833178,
            "support": 523.0
        },
        "32": {
            "precision": 0.5907514450867052,
            "recall": 0.7837423312883436,
            "f1-score": 0.6736980883322347,
            "support": 652.0
        },
        "33": {
            "precision": 0.5826771653543307,
            "recall": 0.6306818181818182,
            "f1-score": 0.6057298772169167,
            "support": 352.0
        },
        "34": {
            "precision": 0.86810551558753,
            "recall": 0.5526717557251909,
            "f1-score": 0.6753731343283582,
            "support": 655.0
        },
        "35": {
            "precision": 0.7362637362637363,
            "recall": 0.6993736951983298,
            "f1-score": 0.7173447537473233,
            "support": 479.0
        },
        "36": {
            "precision": 0.6888888888888889,
            "recall": 0.829683698296837,
            "f1-score": 0.7527593818984547,
            "support": 822.0
        },
        "37": {
            "precision": 0.9826771653543307,
            "recall": 0.8455284552845529,
            "f1-score": 0.9089584850691915,
            "support": 738.0
        },
        "38": {
            "precision": 0.7853535353535354,
            "recall": 0.8638888888888889,
            "f1-score": 0.8227513227513228,
            "support": 720.0
        },
        "39": {
            "precision": 0.6209677419354839,
            "recall": 0.21359223300970873,
            "f1-score": 0.31785345717234265,
            "support": 721.0
        },
        "40": {
            "precision": 0.7731958762886598,
            "recall": 0.7839721254355401,
            "f1-score": 0.7785467128027682,
            "support": 574.0
        },
        "41": {
            "precision": 0.8858321870701513,
            "recall": 0.8256410256410256,
            "f1-score": 0.8546781685467817,
            "support": 780.0
        },