{
    "acc1": 0.7395303538578076,
    "acc5": [
        0.9379937236229845
    ],
    "mean_per_class_recall": 0.7451217084492343,
    "classification_report": {
        "0": {
            "precision": 0.7639751552795031,
            "recall": 0.8367346938775511,
            "f1-score": 0.7987012987012987,
            "support": 441.0
        },
        "1": {
            "precision": 0.7735042735042735,
            "recall": 0.48010610079575594,
            "f1-score": 0.5924713584288053,
            "support": 377.0
        },
        "2": {
            "precision": 0.6707132018209409,
            "recall": 0.8947368421052632,
            "f1-score": 0.766695576756288,
            "support": 494.0
        },
        "3": {
            "precision": 0.891213389121339,
            "recall": 0.9355783308931186,
            "f1-score": 0.9128571428571428,
            "support": 683.0
        },
        "4": {
            "precision": 0.8666666666666667,
            "recall": 0.84375,
            "f1-score": 0.8550548112058465,
            "support": 416.0
        },
        "5": {
            "precision": 0.9117221418234442,
            "recall": 0.9143686502177069,
            "f1-score": 0.9130434782608695,
            "support": 689.0
        },
        "6": {
            "precision": 0.6224719101123596,
            "recall": 0.7673130193905817,
            "f1-score": 0.6873449131513648,
            "support": 361.0
        },
        "7": {
            "precision": 0.9380733944954128,
            "recall": 0.9170403587443946,
            "f1-score": 0.927437641723356,
            "support": 446.0
        },
        "8": {
            "precision": 0.7687296416938111,
            "recall": 0.650137741046832,
            "f1-score": 0.7044776119402985,
            "support": 363.0
        },
        "9": {
            "precision": 0.7452830188679245,
            "recall": 0.8172413793103448,
            "f1-score": 0.7796052631578947,
            "support": 580.0
        },
        "10": {
            "precision": 0.5463917525773195,
            "recall": 0.2568659127625202,
            "f1-score": 0.34945054945054943,
            "support": 619.0
        },
        "11": {
            "precision": 0.9236842105263158,
            "recall": 0.6685714285714286,
            "f1-score": 0.7756906077348066,
            "support": 525.0
        },
        "12": {
            "precision": 0.6808510638297872,
            "recall": 0.7969348659003831,
            "f1-score": 0.7343336275375111,
            "support": 522.0
        },
        "13": {
            "precision": 0.7341337907375644,
            "recall": 0.8408644400785854,
            "f1-score": 0.7838827838827839,
            "support": 509.0
        },
        "14": {
            "precision": 0.8680089485458613,
            "recall": 0.8929804372842347,
            "f1-score": 0.8803176403857061,
            "support": 869.0
        },
        "15": {
            "precision": 0.4364791288566243,
            "recall": 0.7872340425531915,
            "f1-score": 0.5615878575598365,
            "support": 611.0
        },
        "16": {
            "precision": 0.6376988984088128,
            "recall": 0.8178963893249608,
            "f1-score": 0.7166437414030261,
            "support": 637.0
        },
        "17": {
            "precision": 0.7428571428571429,
            "recall": 0.6251768033946252,
            "f1-score": 0.6789554531490015,
            "support": 707.0
        },
        "18": {
            "precision": 0.9222797927461139,
            "recall": 0.9005059021922428,
            "f1-score": 0.9112627986348123,
            "support": 593.0
        },
        "19": {
            "precision": 0.7440758293838863,
            "recall": 0.9208211143695014,
            "f1-score": 0.8230668414154653,
            "support": 341.0
        },
        "20": {
            "precision": 0.6867030965391621,
            "recall": 0.6805054151624549,
            "f1-score": 0.6835902085222122,
            "support": 554.0
        },
        "21": {
            "precision": 0.906183368869936,
            "recall": 0.700164744645799,
            "f1-score": 0.7899628252788105,
            "support": 607.0
        },
        "22": {
            "precision": 0.6715867158671587,
            "recall": 0.6431095406360424,
            "f1-score": 0.6570397111913358,
            "support": 566.0
        },
        "23": {
            "precision": 0.9187116564417178,
            "recall": 0.795484727755644,
            "f1-score": 0.8526690391459075,
            "support": 753.0
        },
        "24": {
            "precision": 0.714622641509434,
            "recall": 0.8595744680851064,
            "f1-score": 0.7804249839021249,
            "support": 705.0
        },
        "25": {
            "precision": 0.8532110091743119,
            "recall": 0.8651162790697674,
            "f1-score": 0.859122401847575,
            "support": 645.0
        },
        "26": {
            "precision": 0.8823529411764706,
            "recall": 0.8170391061452514,
            "f1-score": 0.8484408992023206,
            "support": 716.0
        },
        "27": {
            "precision": 0.8845070422535212,
            "recall": 0.8486486486486486,
            "f1-score": 0.8662068965517241,
            "support": 370.0
        },
        "28": {
            "precision": 0.5377777777777778,
            "recall": 0.13267543859649122,
            "f1-score": 0.21284080914687775,
            "support": 912.0
        },
        "29": {
            "precision": 0.5172839506172839,
            "recall": 0.8639175257731959,
            "f1-score": 0.6471042471042471,
            "support": 485.0
        },
        "30": {
            "precision": 0.758130081300813,
            "recall": 0.633276740237691,
            "f1-score": 0.6901017576318224,
            "support": 589.0
        },
        "31": {
            "precision": 0.596252129471891,
            "recall": 0.9020618556701031,
            "f1-score": 0.717948717948718,
            "support": 388.0
        },
        "32": {
            "precision": 0.8414634146341463,
            "recall": 0.6748166259168704,
            "f1-score": 0.7489823609226595,
            "support": 409.0
        },
        "33": {
            "precision": 0.6472303206997084,
            "recall": 0.4378698224852071,
            "f1-score": 0.5223529411764706,
            "support": 507.0
        },
        "34": {
            "precision": 0.9166666666666666,
            "recall": 0.9522968197879859,
            "f1-score": 0.9341421143847487,
            "support": 566.0
        },
        "35": {
            "precision": 0.4645669291338583,
            "recall": 0.22562141491395793,
            "f1-score": 0.30373230373230375,
            "support": 523.0
        },
        "36": {
            "precision": 0.9018126888217523,
            "recall": 0.9491255961844197,
            "f1-score": 0.924864446165763,
            "support": 629.0
        },
        "37": {
            "precision": 0.6175637393767706,
            "recall": 0.8879837067209776,
            "f1-score": 0.7284878863826232,
            "support": 491.0
        },
        "38": {
            "precision": 0.48558758314855877,
            "recall": 0.8295454545454546,
            "f1-score": 0.6125874125874126,
            "support": 528.0
        },
        "39": {
            "precision": 0.7024390243902439,
            "recall": 0.5454545454545454,
            "f1-score": 0.6140724946695096,
            "support": 528.0
        },
        "40": {
            "precision": 0.6972704714640199,
            "recall": 0.7150127226463104,
            "f1-score": 0.7060301507537688,
            "support": 393.0
        },
        "41": {
            "precision": 0.922976501305483,
            "recall": 0.9605978260869565,
            "f1-score": 0.9414114513981359,
            "support": 736.0
        },