{
    "acc1": 0.6955347634261372,
    "acc5": [
        0.9309675947056139
    ],
    "mean_per_class_recall": 0.6952387331283686,
    "classification_report": {
        "0": {
            "precision": 0.9147465437788018,
            "recall": 0.7723735408560312,
            "f1-score": 0.8375527426160337,
            "support": 514.0
        },
        "1": {
            "precision": 0.6053412462908012,
            "recall": 0.8259109311740891,
            "f1-score": 0.6986301369863014,
            "support": 494.0
        },
        "2": {
            "precision": 0.8620689655172413,
            "recall": 0.8281573498964804,
            "f1-score": 0.8447729672650475,
            "support": 483.0
        },
        "3": {
            "precision": 0.5105973025048169,
            "recall": 0.40706605222734255,
            "f1-score": 0.452991452991453,
            "support": 651.0
        },
        "4": {
            "precision": 0.6884353741496598,
            "recall": 0.7485207100591716,
            "f1-score": 0.7172218284904324,
            "support": 676.0
        },
        "5": {
            "precision": 0.14285714285714285,
            "recall": 0.03571428571428571,
            "f1-score": 0.05714285714285714,
            "support": 364.0
        },
        "6": {
            "precision": 0.8715728715728716,
            "recall": 0.8423988842398884,
            "f1-score": 0.8567375886524823,
            "support": 717.0
        },
        "7": {
            "precision": 0.6577437858508605,
            "recall": 0.8018648018648019,
            "f1-score": 0.7226890756302521,
            "support": 429.0
        },
        "8": {
            "precision": 0.8015873015873016,
            "recall": 0.815831987075929,
            "f1-score": 0.8086469175340272,
            "support": 619.0
        },
        "9": {
            "precision": 0.8974358974358975,
            "recall": 0.9459459459459459,
            "f1-score": 0.9210526315789473,
            "support": 518.0
        },
        "10": {
            "precision": 0.8339350180505415,
            "recall": 0.5214446952595937,
            "f1-score": 0.6416666666666667,
            "support": 443.0
        },
        "11": {
            "precision": 0.5785876993166287,
            "recall": 0.5474137931034483,
            "f1-score": 0.5625692137320044,
            "support": 464.0
        },
        "12": {
            "precision": 0.7265469061876247,
            "recall": 0.9553805774278216,
            "f1-score": 0.8253968253968254,
            "support": 381.0
        },
        "13": {
            "precision": 0.875886524822695,
            "recall": 0.5488888888888889,
            "f1-score": 0.674863387978142,
            "support": 450.0
        },
        "14": {
            "precision": 0.8426966292134831,
            "recall": 0.9656652360515021,
            "f1-score": 0.9,
            "support": 699.0
        },
        "15": {
            "precision": 0.21745350500715308,
            "recall": 0.5619223659889094,
            "f1-score": 0.31356369262506445,
            "support": 541.0
        },
        "16": {
            "precision": 0.9164490861618799,
            "recall": 0.7222222222222222,
            "f1-score": 0.807825086306099,
            "support": 486.0
        },
        "17": {
            "precision": 0.6503496503496503,
            "recall": 0.5693877551020409,
            "f1-score": 0.6071817192600653,
            "support": 490.0
        },
        "18": {
            "precision": 0.5813492063492064,
            "recall": 0.861764705882353,
            "f1-score": 0.6943127962085308,
            "support": 340.0
        },
        "19": {
            "precision": 0.7621832358674464,
            "recall": 0.8463203463203464,
            "f1-score": 0.8020512820512821,
            "support": 462.0
        },
        "20": {
            "precision": 0.6936542669584245,
            "recall": 0.7254004576659039,
            "f1-score": 0.70917225950783,
            "support": 437.0
        },
        "21": {
            "precision": 0.8621700879765396,
            "recall": 0.7636363636363637,
            "f1-score": 0.8099173553719008,
            "support": 385.0
        },
        "22": {
            "precision": 0.8535031847133758,
            "recall": 0.39762611275964393,
            "f1-score": 0.5425101214574899,
            "support": 337.0
        },
        "23": {
            "precision": 0.7241379310344828,
            "recall": 0.7433628318584071,
            "f1-score": 0.7336244541484717,
            "support": 339.0
        },
        "24": {
            "precision": 0.7338056680161943,
            "recall": 0.7967032967032966,
            "f1-score": 0.7639620653319283,
            "support": 910.0
        },
        "25": {
            "precision": 0.4012096774193548,
            "recall": 0.3856589147286822,
            "f1-score": 0.3932806324110672,
            "support": 516.0
        },
        "26": {
            "precision": 0.7987152034261242,
            "recall": 0.8634259259259259,
            "f1-score": 0.8298109010011123,
            "support": 432.0
        },
        "27": {
            "precision": 0.8021978021978022,
            "recall": 0.73,
            "f1-score": 0.7643979057591623,
            "support": 400.0
        },
        "28": {
            "precision": 0.7883008356545961,
            "recall": 0.7774725274725275,
            "f1-score": 0.7828492392807745,
            "support": 364.0
        },
        "29": {
            "precision": 0.7467248908296943,
            "recall": 0.8814432989690721,
            "f1-score": 0.8085106382978723,
            "support": 388.0
        },
        "30": {
            "precision": 0.6370558375634517,
            "recall": 0.9012567324955116,
            "f1-score": 0.7464684014869889,
            "support": 557.0
        },
        "31": {
            "precision": 0.8796296296296297,
            "recall": 0.9082217973231358,
            "f1-score": 0.8936970837253058,
            "support": 523.0
        },
        "32": {
            "precision": 0.6390773405698779,
            "recall": 0.7223926380368099,
            "f1-score": 0.6781857451403888,
            "support": 652.0
        },
        "33": {
            "precision": 0.6504559270516718,
            "recall": 0.6079545454545454,
            "f1-score": 0.6284875183553598,
            "support": 352.0
        },
        "34": {
            "precision": 0.8629550321199143,
            "recall": 0.6152671755725191,
            "f1-score": 0.7183600713012478,
            "support": 655.0
        },
        "35": {
            "precision": 0.5846422338568935,
            "recall": 0.6993736951983298,
            "f1-score": 0.6368821292775665,
            "support": 479.0
        },
        "36": {
            "precision": 0.746077032810271,
            "recall": 0.6362530413625304,
            "f1-score": 0.6868023637557452,
            "support": 822.0
        },
        "37": {
            "precision": 0.9782945736434109,
            "recall": 0.8550135501355014,
            "f1-score": 0.9125090383224873,
            "support": 738.0
        },
        "38": {
            "precision": 0.7300131061598951,
            "recall": 0.7736111111111111,
            "f1-score": 0.75118004045853,
            "support": 720.0
        },
        "39": {
            "precision": 0.5057471264367817,
            "recall": 0.06102635228848821,
            "f1-score": 0.10891089108910891,
            "support": 721.0
        },
        "40": {
            "precision": 0.8354114713216958,
            "recall": 0.5836236933797909,
            "f1-score": 0.6871794871794872,
            "support": 574.0
        },
        "41": {
            "precision": 0.9015873015873016,
            "recall": 0.7282051282051282,
            "f1-score": 0.8056737588652483,
            "support": 780.0
        },