{
    "acc1": 0.7363076220903697,
    "acc5": [
        0.9332496576905522
    ],
    "mean_per_class_recall": 0.7374732312553463,
    "classification_report": {
        "0": {
            "precision": 0.8250950570342205,
            "recall": 0.8443579766536965,
            "f1-score": 0.8346153846153846,
            "support": 514.0
        },
        "1": {
            "precision": 0.8061855670103093,
            "recall": 0.791497975708502,
            "f1-score": 0.7987742594484167,
            "support": 494.0
        },
        "2": {
            "precision": 0.8755458515283843,
            "recall": 0.8302277432712215,
            "f1-score": 0.8522848034006376,
            "support": 483.0
        },
        "3": {
            "precision": 0.8617886178861789,
            "recall": 0.16282642089093702,
            "f1-score": 0.2739018087855297,
            "support": 651.0
        },
        "4": {
            "precision": 0.7776,
            "recall": 0.7189349112426036,
            "f1-score": 0.7471176018447349,
            "support": 676.0
        },
        "5": {
            "precision": 0.48320413436692505,
            "recall": 0.5137362637362637,
            "f1-score": 0.4980026631158455,
            "support": 364.0
        },
        "6": {
            "precision": 0.8398384925975774,
            "recall": 0.8702928870292888,
            "f1-score": 0.8547945205479452,
            "support": 717.0
        },
        "7": {
            "precision": 0.6654205607476635,
            "recall": 0.8298368298368298,
            "f1-score": 0.7385892116182573,
            "support": 429.0
        },
        "8": {
            "precision": 0.8324607329842932,
            "recall": 0.7705977382875606,
            "f1-score": 0.8003355704697986,
            "support": 619.0
        },
        "9": {
            "precision": 0.83,
            "recall": 0.9613899613899614,
            "f1-score": 0.8908765652951699,
            "support": 518.0
        },
        "10": {
            "precision": 0.8754448398576512,
            "recall": 0.5553047404063205,
            "f1-score": 0.6795580110497238,
            "support": 443.0
        },
        "11": {
            "precision": 0.49489795918367346,
            "recall": 0.6271551724137931,
            "f1-score": 0.5532319391634981,
            "support": 464.0
        },
        "12": {
            "precision": 0.8081264108352144,
            "recall": 0.9396325459317585,
            "f1-score": 0.8689320388349514,
            "support": 381.0
        },
        "13": {
            "precision": 0.7408207343412527,
            "recall": 0.7622222222222222,
            "f1-score": 0.7513691128148959,
            "support": 450.0
        },
        "14": {
            "precision": 0.8893280632411067,
            "recall": 0.9656652360515021,
            "f1-score": 0.9259259259259259,
            "support": 699.0
        },
        "15": {
            "precision": 0.3956953642384106,
            "recall": 0.4417744916820702,
            "f1-score": 0.41746724890829695,
            "support": 541.0
        },
        "16": {
            "precision": 0.9366391184573003,
            "recall": 0.6995884773662552,
            "f1-score": 0.800942285041225,
            "support": 486.0
        },
        "17": {
            "precision": 0.6097560975609756,
            "recall": 0.6122448979591837,
            "f1-score": 0.6109979633401222,
            "support": 490.0
        },
        "18": {
            "precision": 0.5852156057494866,
            "recall": 0.8382352941176471,
            "f1-score": 0.6892382103990327,
            "support": 340.0
        },
        "19": {
            "precision": 0.7712665406427222,
            "recall": 0.8831168831168831,
            "f1-score": 0.8234106962663976,
            "support": 462.0
        },
        "20": {
            "precision": 0.7723214285714286,
            "recall": 0.7917620137299771,
            "f1-score": 0.7819209039548023,
            "support": 437.0
        },
        "21": {
            "precision": 0.7930232558139535,
            "recall": 0.8857142857142857,
            "f1-score": 0.8368098159509203,
            "support": 385.0
        },
        "22": {
            "precision": 0.8868778280542986,
            "recall": 0.5816023738872403,
            "f1-score": 0.7025089605734767,
            "support": 337.0
        },
        "23": {
            "precision": 0.7492957746478873,
            "recall": 0.7846607669616519,
            "f1-score": 0.7665706051873199,
            "support": 339.0
        },
        "24": {
            "precision": 0.7657754010695187,
            "recall": 0.7868131868131868,
            "f1-score": 0.7761517615176152,
            "support": 910.0
        },
        "25": {
            "precision": 0.3657086223984143,
            "recall": 0.7151162790697675,
            "f1-score": 0.4839344262295082,
            "support": 516.0
        },
        "26": {
            "precision": 0.8364389233954451,
            "recall": 0.9351851851851852,
            "f1-score": 0.8830601092896175,
            "support": 432.0
        },
        "27": {
            "precision": 0.9049295774647887,
            "recall": 0.6425,
            "f1-score": 0.7514619883040936,
            "support": 400.0
        },
        "28": {
            "precision": 0.6758620689655173,
            "recall": 0.8076923076923077,
            "f1-score": 0.7359198998748435,
            "support": 364.0
        },
        "29": {
            "precision": 0.8004640371229699,
            "recall": 0.8891752577319587,
            "f1-score": 0.8424908424908425,
            "support": 388.0
        },
        "30": {
            "precision": 0.7539823008849558,
            "recall": 0.7648114901256733,
            "f1-score": 0.7593582887700535,
            "support": 557.0
        },
        "31": {
            "precision": 0.9029850746268657,
            "recall": 0.9254302103250478,
            "f1-score": 0.9140698772426817,
            "support": 523.0
        },
        "32": {
            "precision": 0.6237373737373737,
            "recall": 0.7576687116564417,
            "f1-score": 0.6842105263157895,
            "support": 652.0
        },
        "33": {
            "precision": 0.5898123324396782,
            "recall": 0.625,
            "f1-score": 0.6068965517241379,
            "support": 352.0
        },
        "34": {
            "precision": 0.9077669902912622,
            "recall": 0.5709923664122137,
            "f1-score": 0.7010309278350515,
            "support": 655.0
        },
        "35": {
            "precision": 0.6937984496124031,
            "recall": 0.7473903966597077,
            "f1-score": 0.7195979899497488,
            "support": 479.0
        },
        "36": {
            "precision": 0.705699481865285,
            "recall": 0.8284671532846716,
            "f1-score": 0.7621712367095691,
            "support": 822.0
        },
        "37": {
            "precision": 0.975867269984917,
            "recall": 0.8766937669376694,
            "f1-score": 0.9236259814418273,
            "support": 738.0
        },
        "38": {
            "precision": 0.7558962264150944,
            "recall": 0.8902777777777777,
            "f1-score": 0.8176020408163265,
            "support": 720.0
        },
        "39": {
            "precision": 0.6864406779661016,
            "recall": 0.44937586685159503,
            "f1-score": 0.5431684828164292,
            "support": 721.0
        },
        "40": {
            "precision": 0.8109161793372319,
            "recall": 0.7247386759581882,
            "f1-score": 0.765409383624655,
            "support": 574.0
        },
        "41": {
            "precision": 0.893296853625171,
            "recall": 0.8371794871794872,
            "f1-score": 0.8643282594308405,
            "support": 780.0
        },