{
    "acc1": 0.694441438516755,
    "acc5": [
        0.8924719546946579
    ],
    "mean_per_class_recall": 0.7054950167429006,
    "classification_report": {
        "0": {
            "precision": 0.44264069264069267,
            "recall": 0.927437641723356,
            "f1-score": 0.5992673992673992,
            "support": 441.0
        },
        "1": {
            "precision": 0.6392405063291139,
            "recall": 0.5358090185676393,
            "f1-score": 0.5829725829725829,
            "support": 377.0
        },
        "2": {
            "precision": 0.5861618798955613,
            "recall": 0.9089068825910931,
            "f1-score": 0.7126984126984127,
            "support": 494.0
        },
        "3": {
            "precision": 0.7745803357314148,
            "recall": 0.9458272327964861,
            "f1-score": 0.8516809492419248,
            "support": 683.0
        },
        "4": {
            "precision": 0.8382352941176471,
            "recall": 0.8221153846153846,
            "f1-score": 0.8300970873786407,
            "support": 416.0
        },
        "5": {
            "precision": 0.8064935064935065,
            "recall": 0.9013062409288825,
            "f1-score": 0.8512679917751885,
            "support": 689.0
        },
        "6": {
            "precision": 0.6255707762557078,
            "recall": 0.7590027700831025,
            "f1-score": 0.685857321652065,
            "support": 361.0
        },
        "7": {
            "precision": 0.9463869463869464,
            "recall": 0.9103139013452914,
            "f1-score": 0.928,
            "support": 446.0
        },
        "8": {
            "precision": 0.41033925686591277,
            "recall": 0.699724517906336,
            "f1-score": 0.5173116089613035,
            "support": 363.0
        },
        "9": {
            "precision": 0.7284768211920529,
            "recall": 0.7586206896551724,
            "f1-score": 0.7432432432432432,
            "support": 580.0
        },
        "10": {
            "precision": 0.5304878048780488,
            "recall": 0.28109854604200324,
            "f1-score": 0.36747624076029567,
            "support": 619.0
        },
        "11": {
            "precision": 0.9096385542168675,
            "recall": 0.5752380952380952,
            "f1-score": 0.704784130688448,
            "support": 525.0
        },
        "12": {
            "precision": 0.6928327645051194,
            "recall": 0.7777777777777778,
            "f1-score": 0.7328519855595668,
            "support": 522.0
        },
        "13": {
            "precision": 0.6028645833333334,
            "recall": 0.9096267190569745,
            "f1-score": 0.7251370399373531,
            "support": 509.0
        },
        "14": {
            "precision": 0.8487858719646799,
            "recall": 0.8849252013808976,
            "f1-score": 0.8664788732394366,
            "support": 869.0
        },
        "15": {
            "precision": 0.6943907156673114,
            "recall": 0.5875613747954174,
            "f1-score": 0.6365248226950354,
            "support": 611.0
        },
        "16": {
            "precision": 0.6793103448275862,
            "recall": 0.6185243328100472,
            "f1-score": 0.647493837304848,
            "support": 637.0
        },
        "17": {
            "precision": 0.7615894039735099,
            "recall": 0.6506364922206507,
            "f1-score": 0.7017543859649122,
            "support": 707.0
        },
        "18": {
            "precision": 0.8473282442748091,
            "recall": 0.9359190556492412,
            "f1-score": 0.8894230769230769,
            "support": 593.0
        },
        "19": {
            "precision": 0.7025171624713958,
            "recall": 0.9002932551319648,
            "f1-score": 0.7892030848329049,
            "support": 341.0
        },
        "20": {
            "precision": 0.612141652613828,
            "recall": 0.6552346570397112,
            "f1-score": 0.6329555361813426,
            "support": 554.0
        },
        "21": {
            "precision": 0.8872340425531915,
            "recall": 0.6869851729818781,
            "f1-score": 0.7743732590529248,
            "support": 607.0
        },
        "22": {
            "precision": 0.6211849192100538,
            "recall": 0.6113074204946997,
            "f1-score": 0.616206589492431,
            "support": 566.0
        },
        "23": {
            "precision": 0.8637059724349158,
            "recall": 0.749003984063745,
            "f1-score": 0.802275960170697,
            "support": 753.0
        },
        "24": {
            "precision": 0.6764705882352942,
            "recall": 0.42411347517730497,
            "f1-score": 0.5213600697471665,
            "support": 705.0
        },
        "25": {
            "precision": 0.746031746031746,
            "recall": 0.8744186046511628,
            "f1-score": 0.8051391862955032,
            "support": 645.0
        },
        "26": {
            "precision": 0.8575712143928036,
            "recall": 0.7988826815642458,
            "f1-score": 0.8271872740419378,
            "support": 716.0
        },
        "27": {
            "precision": 0.8735955056179775,
            "recall": 0.8405405405405405,
            "f1-score": 0.8567493112947658,
            "support": 370.0
        },
        "28": {
            "precision": 0.022222222222222223,
            "recall": 0.0021929824561403508,
            "f1-score": 0.003992015968063872,
            "support": 912.0
        },
        "29": {
            "precision": 0.4098018769551616,
            "recall": 0.8103092783505155,
            "f1-score": 0.5443213296398892,
            "support": 485.0
        },
        "30": {
            "precision": 0.7468354430379747,
            "recall": 0.601018675721562,
            "f1-score": 0.6660395108184384,
            "support": 589.0
        },
        "31": {
            "precision": 0.6415094339622641,
            "recall": 0.8762886597938144,
            "f1-score": 0.7407407407407407,
            "support": 388.0
        },
        "32": {
            "precision": 0.775,
            "recall": 0.6063569682151589,
            "f1-score": 0.6803840877914952,
            "support": 409.0
        },
        "33": {
            "precision": 0.47017543859649125,
            "recall": 0.26429980276134124,
            "f1-score": 0.3383838383838384,
            "support": 507.0
        },
        "34": {
            "precision": 0.9178082191780822,
            "recall": 0.9469964664310954,
            "f1-score": 0.9321739130434783,
            "support": 566.0
        },
        "35": {
            "precision": 0.352059925093633,
            "recall": 0.35946462715105165,
            "f1-score": 0.35572374645222327,
            "support": 523.0
        },
        "36": {
            "precision": 0.826629680998613,
            "recall": 0.9475357710651828,
            "f1-score": 0.882962962962963,
            "support": 629.0
        },
        "37": {
            "precision": 0.5536585365853659,
            "recall": 0.924643584521385,
            "f1-score": 0.6926010678871091,
            "support": 491.0
        },
        "38": {
            "precision": 0.4801641586867305,
            "recall": 0.6647727272727273,
            "f1-score": 0.5575853852263701,
            "support": 528.0
        },
        "39": {
            "precision": 0.6735751295336787,
            "recall": 0.49242424242424243,
            "f1-score": 0.5689277899343544,
            "support": 528.0
        },
        "40": {
            "precision": 0.7191601049868767,
            "recall": 0.6972010178117048,
            "f1-score": 0.7080103359173127,
            "support": 393.0
        },
        "41": {
            "precision": 0.9140625,
            "recall": 0.9538043478260869,
            "f1-score": 0.9335106382978723,
            "support": 736.0
        },