{
    "acc1": 0.7459149442701006,
    "acc5": [
        0.9409154853370847
    ],
    "mean_per_class_recall": 0.7489703042165884,
    "classification_report": {
        "0": {
            "precision": 0.7607361963190185,
            "recall": 0.8435374149659864,
            "f1-score": 0.8,
            "support": 441.0
        },
        "1": {
            "precision": 0.7792207792207793,
            "recall": 0.47745358090185674,
            "f1-score": 0.5921052631578947,
            "support": 377.0
        },
        "2": {
            "precision": 0.6712538226299695,
            "recall": 0.888663967611336,
            "f1-score": 0.764808362369338,
            "support": 494.0
        },
        "3": {
            "precision": 0.8890429958391124,
            "recall": 0.9385065885797951,
            "f1-score": 0.9131054131054132,
            "support": 683.0
        },
        "4": {
            "precision": 0.8553921568627451,
            "recall": 0.8389423076923077,
            "f1-score": 0.8470873786407767,
            "support": 416.0
        },
        "5": {
            "precision": 0.9264705882352942,
            "recall": 0.9143686502177069,
            "f1-score": 0.9203798392987582,
            "support": 689.0
        },
        "6": {
            "precision": 0.6328828828828829,
            "recall": 0.778393351800554,
            "f1-score": 0.698136645962733,
            "support": 361.0
        },
        "7": {
            "precision": 0.9466357308584686,
            "recall": 0.9147982062780269,
            "f1-score": 0.9304446978335233,
            "support": 446.0
        },
        "8": {
            "precision": 0.8093525179856115,
            "recall": 0.6198347107438017,
            "f1-score": 0.7020280811232449,
            "support": 363.0
        },
        "9": {
            "precision": 0.7065693430656934,
            "recall": 0.8344827586206897,
            "f1-score": 0.7652173913043478,
            "support": 580.0
        },
        "10": {
            "precision": 0.6005089058524173,
            "recall": 0.38126009693053314,
            "f1-score": 0.466403162055336,
            "support": 619.0
        },
        "11": {
            "precision": 0.9158163265306123,
            "recall": 0.6838095238095238,
            "f1-score": 0.7829880043620502,
            "support": 525.0
        },
        "12": {
            "precision": 0.6536050156739812,
            "recall": 0.7988505747126436,
            "f1-score": 0.7189655172413794,
            "support": 522.0
        },
        "13": {
            "precision": 0.7228714524207012,
            "recall": 0.8506876227897839,
            "f1-score": 0.7815884476534296,
            "support": 509.0
        },
        "14": {
            "precision": 0.8595132743362832,
            "recall": 0.8941311852704258,
            "f1-score": 0.8764805414551607,
            "support": 869.0
        },
        "15": {
            "precision": 0.4751552795031056,
            "recall": 0.7512274959083469,
            "f1-score": 0.5821179454660749,
            "support": 611.0
        },
        "16": {
            "precision": 0.6542893725992317,
            "recall": 0.8021978021978022,
            "f1-score": 0.7207334273624824,
            "support": 637.0
        },
        "17": {
            "precision": 0.7389984825493171,
            "recall": 0.6888260254596889,
            "f1-score": 0.7130307467057101,
            "support": 707.0
        },
        "18": {
            "precision": 0.9322916666666666,
            "recall": 0.9055649241146712,
            "f1-score": 0.9187339606501284,
            "support": 593.0
        },
        "19": {
            "precision": 0.7037861915367484,
            "recall": 0.9266862170087976,
            "f1-score": 0.8,
            "support": 341.0
        },
        "20": {
            "precision": 0.7089397089397089,
            "recall": 0.6155234657039711,
            "f1-score": 0.6589371980676328,
            "support": 554.0
        },
        "21": {
            "precision": 0.9027484143763214,
            "recall": 0.7034596375617792,
            "f1-score": 0.7907407407407407,
            "support": 607.0
        },
        "22": {
            "precision": 0.6725490196078432,
            "recall": 0.6060070671378092,
            "f1-score": 0.637546468401487,
            "support": 566.0
        },
        "23": {
            "precision": 0.8976261127596439,
            "recall": 0.8034528552456839,
            "f1-score": 0.8479327259985985,
            "support": 753.0
        },
        "24": {
            "precision": 0.7267156862745098,
            "recall": 0.8411347517730496,
            "f1-score": 0.779750164365549,
            "support": 705.0
        },
        "25": {
            "precision": 0.8034188034188035,
            "recall": 0.8744186046511628,
            "f1-score": 0.8374164810690423,
            "support": 645.0
        },
        "26": {
            "precision": 0.8979591836734694,
            "recall": 0.7988826815642458,
            "f1-score": 0.8455284552845529,
            "support": 716.0
        },
        "27": {
            "precision": 0.8917378917378918,
            "recall": 0.845945945945946,
            "f1-score": 0.8682385575589459,
            "support": 370.0
        },
        "28": {
            "precision": 0.678391959798995,
            "recall": 0.29605263157894735,
            "f1-score": 0.4122137404580153,
            "support": 912.0
        },
        "29": {
            "precision": 0.5098522167487685,
            "recall": 0.8536082474226804,
            "f1-score": 0.638396299151889,
            "support": 485.0
        },
        "30": {
            "precision": 0.7658227848101266,
            "recall": 0.6162988115449916,
            "f1-score": 0.6829727187206021,
            "support": 589.0
        },
        "31": {
            "precision": 0.5899159663865546,
            "recall": 0.904639175257732,
            "f1-score": 0.7141403865717192,
            "support": 388.0
        },
        "32": {
            "precision": 0.845679012345679,
            "recall": 0.6699266503667481,
            "f1-score": 0.747612551159618,
            "support": 409.0
        },
        "33": {
            "precision": 0.6666666666666666,
            "recall": 0.4457593688362919,
            "f1-score": 0.5342789598108747,
            "support": 507.0
        },
        "34": {
            "precision": 0.9100169779286927,
            "recall": 0.9469964664310954,
            "f1-score": 0.9281385281385282,
            "support": 566.0
        },
        "35": {
            "precision": 0.4484304932735426,
            "recall": 0.19120458891013384,
            "f1-score": 0.2680965147453083,
            "support": 523.0
        },
        "36": {
            "precision": 0.8875739644970414,
            "recall": 0.9538950715421304,
            "f1-score": 0.9195402298850575,
            "support": 629.0
        },
        "37": {
            "precision": 0.6792452830188679,
            "recall": 0.879837067209776,
            "f1-score": 0.7666370896184561,
            "support": 491.0
        },
        "38": {
            "precision": 0.48,
            "recall": 0.8409090909090909,
            "f1-score": 0.6111493461803166,
            "support": 528.0
        },
        "39": {
            "precision": 0.7111111111111111,
            "recall": 0.5454545454545454,
            "f1-score": 0.617363344051447,
            "support": 528.0
        },
        "40": {
            "precision": 0.7740112994350282,
            "recall": 0.6972010178117048,
            "f1-score": 0.7336010709504686,
            "support": 393.0
        },
        "41": {
            "precision": 0.932,
            "recall": 0.9497282608695652,
            "f1-score": 0.9407806191117093,
            "support": 736.0
        },
        "42": {
            "precision": 0.863768115942029,