{
    "acc1": 0.744688525772824,
    "acc5": [
        0.9374165855066191
    ],
    "mean_per_class_recall": 0.748770922408665,
    "classification_report": {
        "0": {
            "precision": 0.773109243697479,
            "recall": 0.8344671201814059,
            "f1-score": 0.8026172300981461,
            "support": 441.0
        },
        "1": {
            "precision": 0.7922077922077922,
            "recall": 0.4854111405835544,
            "f1-score": 0.6019736842105263,
            "support": 377.0
        },
        "2": {
            "precision": 0.655786350148368,
            "recall": 0.8947368421052632,
            "f1-score": 0.7568493150684932,
            "support": 494.0
        },
        "3": {
            "precision": 0.9034965034965035,
            "recall": 0.9458272327964861,
            "f1-score": 0.9241773962804005,
            "support": 683.0
        },
        "4": {
            "precision": 0.8627450980392157,
            "recall": 0.8461538461538461,
            "f1-score": 0.8543689320388349,
            "support": 416.0
        },
        "5": {
            "precision": 0.9318518518518518,
            "recall": 0.9129172714078374,
            "f1-score": 0.9222873900293255,
            "support": 689.0
        },
        "6": {
            "precision": 0.6331096196868009,
            "recall": 0.7839335180055401,
            "f1-score": 0.7004950495049505,
            "support": 361.0
        },
        "7": {
            "precision": 0.9466357308584686,
            "recall": 0.9147982062780269,
            "f1-score": 0.9304446978335233,
            "support": 446.0
        },
        "8": {
            "precision": 0.7919463087248322,
            "recall": 0.650137741046832,
            "f1-score": 0.7140695915279879,
            "support": 363.0
        },
        "9": {
            "precision": 0.732612055641422,
            "recall": 0.8172413793103448,
            "f1-score": 0.7726161369193154,
            "support": 580.0
        },
        "10": {
            "precision": 0.5941176470588235,
            "recall": 0.3263327948303716,
            "f1-score": 0.42127215849843586,
            "support": 619.0
        },
        "11": {
            "precision": 0.9035532994923858,
            "recall": 0.6780952380952381,
            "f1-score": 0.7747551686615887,
            "support": 525.0
        },
        "12": {
            "precision": 0.6629213483146067,
            "recall": 0.7911877394636015,
            "f1-score": 0.7213973799126637,
            "support": 522.0
        },
        "13": {
            "precision": 0.7316666666666667,
            "recall": 0.862475442043222,
            "f1-score": 0.7917042380522994,
            "support": 509.0
        },
        "14": {
            "precision": 0.8649553571428571,
            "recall": 0.8918296892980437,
            "f1-score": 0.8781869688385269,
            "support": 869.0
        },
        "15": {
            "precision": 0.47297297297297297,
            "recall": 0.8019639934533551,
            "f1-score": 0.5950212507589556,
            "support": 611.0
        },
        "16": {
            "precision": 0.6627450980392157,
            "recall": 0.7959183673469388,
            "f1-score": 0.7232524964336662,
            "support": 637.0
        },
        "17": {
            "precision": 0.7423312883435583,
            "recall": 0.6845827439886846,
            "f1-score": 0.7122884473877852,
            "support": 707.0
        },
        "18": {
            "precision": 0.9356521739130435,
            "recall": 0.9072512647554806,
            "f1-score": 0.9212328767123288,
            "support": 593.0
        },
        "19": {
            "precision": 0.7062780269058296,
            "recall": 0.9237536656891495,
            "f1-score": 0.8005082592121983,
            "support": 341.0
        },
        "20": {
            "precision": 0.7091633466135459,
            "recall": 0.6425992779783394,
            "f1-score": 0.6742424242424242,
            "support": 554.0
        },
        "21": {
            "precision": 0.9042553191489362,
            "recall": 0.700164744645799,
            "f1-score": 0.7892293407613742,
            "support": 607.0
        },
        "22": {
            "precision": 0.6923076923076923,
            "recall": 0.6042402826855123,
            "f1-score": 0.6452830188679245,
            "support": 566.0
        },
        "23": {
            "precision": 0.9145427286356822,
            "recall": 0.8100929614873837,
            "f1-score": 0.8591549295774648,
            "support": 753.0
        },
        "24": {
            "precision": 0.7098560354374308,
            "recall": 0.9092198581560283,
            "f1-score": 0.7972636815920398,
            "support": 705.0
        },
        "25": {
            "precision": 0.84375,
            "recall": 0.8372093023255814,
            "f1-score": 0.8404669260700389,
            "support": 645.0
        },
        "26": {
            "precision": 0.8940092165898618,
            "recall": 0.8128491620111732,
            "f1-score": 0.8514996342355523,
            "support": 716.0
        },
        "27": {
            "precision": 0.9008746355685131,
            "recall": 0.8351351351351352,
            "f1-score": 0.8667601683029453,
            "support": 370.0
        },
        "28": {
            "precision": 0.6116207951070336,
            "recall": 0.21929824561403508,
            "f1-score": 0.3228410008071025,
            "support": 912.0
        },
        "29": {
            "precision": 0.5254452926208651,
            "recall": 0.8515463917525773,
            "f1-score": 0.6498819826907947,
            "support": 485.0
        },
        "30": {
            "precision": 0.7514450867052023,
            "recall": 0.6621392190152802,
            "f1-score": 0.703971119133574,
            "support": 589.0
        },
        "31": {
            "precision": 0.5892255892255892,
            "recall": 0.9020618556701031,
            "f1-score": 0.7128309572301426,
            "support": 388.0
        },
        "32": {
            "precision": 0.8379204892966361,
            "recall": 0.6699266503667481,
            "f1-score": 0.7445652173913043,
            "support": 409.0
        },
        "33": {
            "precision": 0.685064935064935,
            "recall": 0.4161735700197239,
            "f1-score": 0.5177914110429448,
            "support": 507.0
        },
        "34": {
            "precision": 0.9195205479452054,
            "recall": 0.9487632508833922,
            "f1-score": 0.9339130434782609,
            "support": 566.0
        },
        "35": {
            "precision": 0.48580441640378547,
            "recall": 0.2944550669216061,
            "f1-score": 0.36666666666666664,
            "support": 523.0
        },
        "36": {
            "precision": 0.8845029239766082,
            "recall": 0.9618441971383148,
            "f1-score": 0.9215536938309216,
            "support": 629.0
        },
        "37": {
            "precision": 0.6328011611030478,
            "recall": 0.8879837067209776,
            "f1-score": 0.7389830508474576,
            "support": 491.0
        },
        "38": {
            "precision": 0.49316628701594534,
            "recall": 0.8200757575757576,
            "f1-score": 0.615931721194879,
            "support": 528.0
        },
        "39": {
            "precision": 0.6990521327014217,
            "recall": 0.5587121212121212,
            "f1-score": 0.6210526315789474,
            "support": 528.0
        },
        "40": {
            "precision": 0.7320954907161804,
            "recall": 0.7022900763358778,
            "f1-score": 0.7168831168831169,
            "support": 393.0
        },
        "41": {
            "precision": 0.9,
            "recall": 0.9660326086956522,
            "f1-score": 0.9318479685452162,
            "support": 736.0
        },