{
    "acc1": 0.6652593944926213,
    "acc5": [
        0.9247299558801156
    ],
    "mean_per_class_recall": 0.6638873476463075,
    "classification_report": {
        "0": {
            "precision": 0.8828828828828829,
            "recall": 0.7626459143968871,
            "f1-score": 0.8183716075156576,
            "support": 514.0
        },
        "1": {
            "precision": 0.5380577427821522,
            "recall": 0.8299595141700404,
            "f1-score": 0.6528662420382165,
            "support": 494.0
        },
        "2": {
            "precision": 0.8188824662813102,
            "recall": 0.8799171842650103,
            "f1-score": 0.8483033932135728,
            "support": 483.0
        },
        "3": {
            "precision": 0.2595281306715064,
            "recall": 0.2196620583717358,
            "f1-score": 0.23793677204658903,
            "support": 651.0
        },
        "4": {
            "precision": 0.6459627329192547,
            "recall": 0.7692307692307693,
            "f1-score": 0.7022282241728561,
            "support": 676.0
        },
        "5": {
            "precision": 0.05172413793103448,
            "recall": 0.008241758241758242,
            "f1-score": 0.014218009478672985,
            "support": 364.0
        },
        "6": {
            "precision": 0.8087855297157622,
            "recall": 0.8730822873082287,
            "f1-score": 0.8397048960429242,
            "support": 717.0
        },
        "7": {
            "precision": 0.4583333333333333,
            "recall": 0.8461538461538461,
            "f1-score": 0.5945945945945946,
            "support": 429.0
        },
        "8": {
            "precision": 0.7272727272727273,
            "recall": 0.827140549273021,
            "f1-score": 0.7739984882842026,
            "support": 619.0
        },
        "9": {
            "precision": 0.851063829787234,
            "recall": 0.9266409266409267,
            "f1-score": 0.8872458410351202,
            "support": 518.0
        },
        "10": {
            "precision": 0.7478260869565218,
            "recall": 0.38826185101580135,
            "f1-score": 0.5111441307578009,
            "support": 443.0
        },
        "11": {
            "precision": 0.5581896551724138,
            "recall": 0.5581896551724138,
            "f1-score": 0.5581896551724138,
            "support": 464.0
        },
        "12": {
            "precision": 0.6405693950177936,
            "recall": 0.9448818897637795,
            "f1-score": 0.7635206786850477,
            "support": 381.0
        },
        "13": {
            "precision": 0.7463414634146341,
            "recall": 0.34,
            "f1-score": 0.467175572519084,
            "support": 450.0
        },
        "14": {
            "precision": 0.8320802005012531,
            "recall": 0.949928469241774,
            "f1-score": 0.8871075484301937,
            "support": 699.0
        },
        "15": {
            "precision": 0.3176470588235294,
            "recall": 0.24953789279112754,
            "f1-score": 0.2795031055900621,
            "support": 541.0
        },
        "16": {
            "precision": 0.8574610244988864,
            "recall": 0.7921810699588477,
            "f1-score": 0.8235294117647058,
            "support": 486.0
        },
        "17": {
            "precision": 0.587991718426501,
            "recall": 0.5795918367346938,
            "f1-score": 0.5837615621788284,
            "support": 490.0
        },
        "18": {
            "precision": 0.8057553956834532,
            "recall": 0.6588235294117647,
            "f1-score": 0.7249190938511327,
            "support": 340.0
        },
        "19": {
            "precision": 0.7714285714285715,
            "recall": 0.7597402597402597,
            "f1-score": 0.7655398037077427,
            "support": 462.0
        },
        "20": {
            "precision": 0.6281645569620253,
            "recall": 0.9084668192219679,
            "f1-score": 0.7427502338634238,
            "support": 437.0
        },
        "21": {
            "precision": 0.9176954732510288,
            "recall": 0.5792207792207792,
            "f1-score": 0.7101910828025477,
            "support": 385.0
        },
        "22": {
            "precision": 0.8580645161290322,
            "recall": 0.39465875370919884,
            "f1-score": 0.540650406504065,
            "support": 337.0
        },
        "23": {
            "precision": 0.6383561643835617,
            "recall": 0.6873156342182891,
            "f1-score": 0.6619318181818182,
            "support": 339.0
        },
        "24": {
            "precision": 0.5722591362126246,
            "recall": 0.7571428571428571,
            "f1-score": 0.651844843897824,
            "support": 910.0
        },
        "25": {
            "precision": 0.39420289855072466,
            "recall": 0.5271317829457365,
            "f1-score": 0.45107794361525705,
            "support": 516.0
        },
        "26": {
            "precision": 0.6153846153846154,
            "recall": 0.7962962962962963,
            "f1-score": 0.6942482341069627,
            "support": 432.0
        },
        "27": {
            "precision": 0.7848837209302325,
            "recall": 0.675,
            "f1-score": 0.7258064516129032,
            "support": 400.0
        },
        "28": {
            "precision": 0.832807570977918,
            "recall": 0.7252747252747253,
            "f1-score": 0.775330396475771,
            "support": 364.0
        },
        "29": {
            "precision": 0.8024096385542169,
            "recall": 0.8582474226804123,
            "f1-score": 0.8293897882938979,
            "support": 388.0
        },
        "30": {
            "precision": 0.6775147928994083,
            "recall": 0.822262118491921,
            "f1-score": 0.7429034874290349,
            "support": 557.0
        },
        "31": {
            "precision": 0.911522633744856,
            "recall": 0.847036328871893,
            "f1-score": 0.8780971258671952,
            "support": 523.0
        },
        "32": {
            "precision": 0.6039850560398505,
            "recall": 0.7438650306748467,
            "f1-score": 0.6666666666666666,
            "support": 652.0
        },
        "33": {
            "precision": 0.6578947368421053,
            "recall": 0.5681818181818182,
            "f1-score": 0.6097560975609756,
            "support": 352.0
        },
        "34": {
            "precision": 0.8117647058823529,
            "recall": 0.6320610687022901,
            "f1-score": 0.7107296137339055,
            "support": 655.0
        },
        "35": {
            "precision": 0.6367713004484304,
            "recall": 0.592901878914405,
            "f1-score": 0.614054054054054,
            "support": 479.0
        },
        "36": {
            "precision": 0.7853535353535354,
            "recall": 0.37834549878345497,
            "f1-score": 0.5106732348111659,
            "support": 822.0
        },
        "37": {
            "precision": 0.9777424483306836,
            "recall": 0.8333333333333334,
            "f1-score": 0.8997805413313826,
            "support": 738.0
        },
        "38": {
            "precision": 0.7581120943952803,
            "recall": 0.7138888888888889,
            "f1-score": 0.7353361945636624,
            "support": 720.0
        },
        "39": {
            "precision": 0.6375404530744336,
            "recall": 0.27323162274618584,
            "f1-score": 0.3825242718446602,
            "support": 721.0
        },
        "40": {
            "precision": 0.766743648960739,
            "recall": 0.578397212543554,
            "f1-score": 0.6593843098311817,
            "support": 574.0
        },
        "41": {
            "precision": 0.8609271523178808,
            "recall": 0.6666666666666666,
            "f1-score": 0.7514450867052023,
            "support": 780.0
        },