{
    "acc1": 0.705212376219667,
    "acc5": [
        0.932750553157532
    ],
    "mean_per_class_recall": 0.6957898260829889,
    "classification_report": {
        "0": {
            "precision": 0.48520710059171596,
            "recall": 0.21465968586387435,
            "f1-score": 0.29764065335753176,
            "support": 382.0
        },
        "1": {
            "precision": 0.38571428571428573,
            "recall": 0.4798061389337641,
            "f1-score": 0.42764578833693306,
            "support": 619.0
        },
        "2": {
            "precision": 0.7995824634655533,
            "recall": 0.8865740740740741,
            "f1-score": 0.8408342480790341,
            "support": 432.0
        },
        "3": {
            "precision": 0.8980446927374302,
            "recall": 0.9414348462664714,
            "f1-score": 0.9192280200142959,
            "support": 683.0
        },
        "4": {
            "precision": 0.9595959595959596,
            "recall": 0.8382352941176471,
            "f1-score": 0.8948194662480377,
            "support": 680.0
        },
        "5": {
            "precision": 0.8459657701711492,
            "recall": 0.7972350230414746,
            "f1-score": 0.8208778173190985,
            "support": 434.0
        },
        "6": {
            "precision": 0.5697674418604651,
            "recall": 0.9311163895486936,
            "f1-score": 0.7069431920649234,
            "support": 421.0
        },
        "7": {
            "precision": 0.14985590778097982,
            "recall": 0.12093023255813953,
            "f1-score": 0.13384813384813385,
            "support": 430.0
        },
        "8": {
            "precision": 0.8365384615384616,
            "recall": 0.8752515090543259,
            "f1-score": 0.855457227138643,
            "support": 497.0
        },
        "9": {
            "precision": 0.6243781094527363,
            "recall": 0.6570680628272252,
            "f1-score": 0.6403061224489796,
            "support": 382.0
        },
        "10": {
            "precision": 0.8968824940047961,
            "recall": 0.8366890380313199,
            "f1-score": 0.8657407407407407,
            "support": 447.0
        },
        "11": {
            "precision": 0.8130434782608695,
            "recall": 0.9077669902912622,
            "f1-score": 0.8577981651376146,
            "support": 412.0
        },
        "12": {
            "precision": 0.41044776119402987,
            "recall": 0.3935599284436494,
            "f1-score": 0.4018264840182648,
            "support": 559.0
        },
        "13": {
            "precision": 0.38511749347258484,
            "recall": 0.7212713936430318,
            "f1-score": 0.502127659574468,
            "support": 409.0
        },
        "14": {
            "precision": 0.9315352697095436,
            "recall": 0.8601532567049809,
            "f1-score": 0.8944223107569721,
            "support": 522.0
        },
        "15": {
            "precision": 0.5643879173290938,
            "recall": 0.6513761467889908,
            "f1-score": 0.6047700170357752,
            "support": 545.0
        },
        "16": {
            "precision": 0.2777777777777778,
            "recall": 0.05509641873278237,
            "f1-score": 0.09195402298850575,
            "support": 363.0
        },
        "17": {
            "precision": 0.39311043566362713,
            "recall": 0.6818980667838312,
            "f1-score": 0.4987146529562982,
            "support": 569.0
        },
        "18": {
            "precision": 0.5290322580645161,
            "recall": 0.1583011583011583,
            "f1-score": 0.2436849925705795,
            "support": 518.0
        },
        "19": {
            "precision": 0.8216867469879519,
            "recall": 0.7527593818984547,
            "f1-score": 0.7857142857142857,
            "support": 453.0
        },
        "20": {
            "precision": 0.9157303370786517,
            "recall": 0.8253164556962025,
            "f1-score": 0.8681757656458056,
            "support": 395.0
        },
        "21": {
            "precision": 0.6566347469220246,
            "recall": 0.7792207792207793,
            "f1-score": 0.7126948775055679,
            "support": 616.0
        },
        "22": {
            "precision": 0.8058419243986255,
            "recall": 0.875,
            "f1-score": 0.8389982110912343,
            "support": 536.0
        },
        "23": {
            "precision": 0.8467635402906208,
            "recall": 0.934402332361516,
            "f1-score": 0.8884268884268884,
            "support": 686.0
        },
        "24": {
            "precision": 0.82,
            "recall": 0.9382151029748284,
            "f1-score": 0.8751334044823906,
            "support": 437.0
        },
        "25": {
            "precision": 0.5494880546075085,
            "recall": 0.4923547400611621,
            "f1-score": 0.5193548387096775,
            "support": 654.0
        },
        "26": {
            "precision": 0.9081632653061225,
            "recall": 0.898989898989899,
            "f1-score": 0.9035532994923858,
            "support": 693.0
        },
        "27": {
            "precision": 0.6746411483253588,
            "recall": 0.3983050847457627,
            "f1-score": 0.5008880994671403,
            "support": 708.0
        },
        "28": {
            "precision": 0.6399345335515548,
            "recall": 0.8197064989517819,
            "f1-score": 0.71875,
            "support": 477.0
        },
        "29": {
            "precision": 0.8519269776876268,
            "recall": 0.7446808510638298,
            "f1-score": 0.7947019867549668,
            "support": 564.0
        },
        "30": {
            "precision": 0.5334507042253521,
            "recall": 0.5251299826689775,
            "f1-score": 0.5292576419213973,
            "support": 577.0
        },
        "31": {
            "precision": 0.6231263383297645,
            "recall": 0.6178343949044586,
            "f1-score": 0.6204690831556503,
            "support": 471.0
        },
        "32": {
            "precision": 0.8858520900321544,
            "recall": 0.6711327649208283,
            "f1-score": 0.7636867636867637,
            "support": 821.0
        },
        "33": {
            "precision": 0.86,
            "recall": 0.589041095890411,
            "f1-score": 0.6991869918699187,
            "support": 657.0
        },
        "34": {
            "precision": 0.875,
            "recall": 0.8212996389891697,
            "f1-score": 0.8472998137802608,
            "support": 554.0
        },
        "35": {
            "precision": 0.6308805790108565,
            "recall": 0.8394863563402889,
            "f1-score": 0.7203856749311295,
            "support": 623.0
        },
        "36": {
            "precision": 0.7737104825291181,
            "recall": 0.697151424287856,
            "f1-score": 0.7334384858044164,
            "support": 667.0
        },
        "37": {
            "precision": 0.93717277486911,
            "recall": 0.8430141287284144,
            "f1-score": 0.8876033057851239,
            "support": 637.0
        },
        "38": {
            "precision": 0.9161073825503355,
            "recall": 0.9381443298969072,
            "f1-score": 0.9269949066213922,
            "support": 582.0
        },
        "39": {
            "precision": 0.8210180623973727,
            "recall": 0.7776049766718507,
            "f1-score": 0.7987220447284346,
            "support": 643.0
        },
        "40": {
            "precision": 0.835195530726257,
            "recall": 0.4628482972136223,
            "f1-score": 0.5956175298804781,
            "support": 646.0
        },
        "41": {
            "precision": 0.8487712665406427,
            "recall": 0.8408239700374532,
            "f1-score": 0.8447789275634995,
            "support": 534.0
        },