{
    "acc1": 0.706021756021756,
    "acc5": [
        0.9363247863247863
    ],
    "mean_per_class_recall": 0.7071066883006591,
    "classification_report": {
        "0": {
            "precision": 0.6657824933687002,
            "recall": 0.6435897435897436,
            "f1-score": 0.6544980443285529,
            "support": 390.0
        },
        "1": {
            "precision": 0.7360406091370558,
            "recall": 0.7084690553745928,
            "f1-score": 0.7219917012448133,
            "support": 614.0
        },
        "2": {
            "precision": 0.879182156133829,
            "recall": 0.8298245614035088,
            "f1-score": 0.8537906137184116,
            "support": 570.0
        },
        "3": {
            "precision": 0.9605734767025089,
            "recall": 0.548618219037871,
            "f1-score": 0.698371335504886,
            "support": 977.0
        },
        "4": {
            "precision": 0.662431941923775,
            "recall": 0.8004385964912281,
            "f1-score": 0.7249255213505462,
            "support": 456.0
        },
        "5": {
            "precision": 0.7830374753451677,
            "recall": 0.7039007092198581,
            "f1-score": 0.7413632119514473,
            "support": 564.0
        },
        "6": {
            "precision": 0.7111111111111111,
            "recall": 0.5396290050590219,
            "f1-score": 0.613614573346117,
            "support": 593.0
        },
        "7": {
            "precision": 0.8853615520282186,
            "recall": 0.741506646971935,
            "f1-score": 0.8070739549839229,
            "support": 677.0
        },
        "8": {
            "precision": 0.5209790209790209,
            "recall": 0.36609336609336607,
            "f1-score": 0.43001443001443,
            "support": 407.0
        },
        "9": {
            "precision": 0.657190635451505,
            "recall": 0.8871331828442438,
            "f1-score": 0.7550432276657061,
            "support": 443.0
        },
        "10": {
            "precision": 0.7463976945244957,
            "recall": 0.5009671179883946,
            "f1-score": 0.5995370370370371,
            "support": 517.0
        },
        "11": {
            "precision": 0.9081632653061225,
            "recall": 0.9368421052631579,
            "f1-score": 0.9222797927461139,
            "support": 475.0
        },
        "12": {
            "precision": 0.6167023554603854,
            "recall": 0.7365728900255755,
            "f1-score": 0.6713286713286714,
            "support": 391.0
        },
        "13": {
            "precision": 0.7434679334916865,
            "recall": 0.6955555555555556,
            "f1-score": 0.7187141216991964,
            "support": 450.0
        },
        "14": {
            "precision": 0.9218181818181819,
            "recall": 0.9319852941176471,
            "f1-score": 0.926873857404022,
            "support": 544.0
        },
        "15": {
            "precision": 0.6702702702702703,
            "recall": 0.8140043763676149,
            "f1-score": 0.7351778656126482,
            "support": 457.0
        },
        "16": {
            "precision": 0.8795379537953796,
            "recall": 0.8582930756843801,
            "f1-score": 0.8687856560717196,
            "support": 621.0
        },
        "17": {
            "precision": 0.8704663212435233,
            "recall": 0.84,
            "f1-score": 0.8549618320610687,
            "support": 600.0
        },
        "18": {
            "precision": 0.7910685805422647,
            "recall": 0.9575289575289575,
            "f1-score": 0.8663755458515284,
            "support": 518.0
        },
        "19": {
            "precision": 0.7906976744186046,
            "recall": 0.7541589648798521,
            "f1-score": 0.771996215704825,
            "support": 541.0
        },
        "20": {
            "precision": 0.4937810945273632,
            "recall": 0.7039007092198581,
            "f1-score": 0.5804093567251462,
            "support": 564.0
        },
        "21": {
            "precision": 0.6373056994818653,
            "recall": 0.3145780051150895,
            "f1-score": 0.4212328767123288,
            "support": 391.0
        },
        "22": {
            "precision": 0.7408207343412527,
            "recall": 0.5104166666666666,
            "f1-score": 0.6044052863436123,
            "support": 672.0
        },
        "23": {
            "precision": 0.7408450704225352,
            "recall": 0.6591478696741855,
            "f1-score": 0.6976127320954907,
            "support": 399.0
        },
        "24": {
            "precision": 0.8745454545454545,
            "recall": 0.8809523809523809,
            "f1-score": 0.8777372262773723,
            "support": 546.0
        },
        "25": {
            "precision": 0.8885630498533724,
            "recall": 0.8657142857142858,
            "f1-score": 0.8769898697539797,
            "support": 350.0
        },
        "26": {
            "precision": 0.9436619718309859,
            "recall": 0.8739130434782608,
            "f1-score": 0.90744920993228,
            "support": 460.0
        },
        "27": {
            "precision": 0.5526315789473685,
            "recall": 0.11125827814569536,
            "f1-score": 0.185226019845645,
            "support": 755.0
        },
        "28": {
            "precision": 0.9225037257824144,
            "recall": 0.9116347569955817,
            "f1-score": 0.917037037037037,
            "support": 679.0
        },
        "29": {
            "precision": 0.5353675450762829,
            "recall": 0.7121771217712177,
            "f1-score": 0.611243072050673,
            "support": 542.0
        },
        "30": {
            "precision": 0.8672413793103448,
            "recall": 0.7933753943217665,
            "f1-score": 0.828665568369028,
            "support": 634.0
        },
        "31": {
            "precision": 0.49846625766871167,
            "recall": 0.5963302752293578,
            "f1-score": 0.5430242272347535,
            "support": 545.0
        },
        "32": {
            "precision": 0.8584905660377359,
            "recall": 0.8708133971291866,
            "f1-score": 0.8646080760095012,
            "support": 627.0
        },
        "33": {
            "precision": 0.5871559633027523,
            "recall": 0.8205128205128205,
            "f1-score": 0.6844919786096256,
            "support": 468.0
        },
        "34": {
            "precision": 0.5208681135225376,
            "recall": 0.8103896103896104,
            "f1-score": 0.6341463414634146,
            "support": 385.0
        },
        "35": {
            "precision": 0.7692307692307693,
            "recall": 0.4973821989528796,
            "f1-score": 0.604133545310016,
            "support": 382.0
        },
        "36": {
            "precision": 0.601010101010101,
            "recall": 0.5384615384615384,
            "f1-score": 0.568019093078759,
            "support": 442.0
        },
        "37": {
            "precision": 0.611336032388664,
            "recall": 0.7122641509433962,
            "f1-score": 0.6579520697167756,
            "support": 424.0
        },
        "38": {
            "precision": 0.44662921348314605,
            "recall": 0.5,
            "f1-score": 0.47181008902077154,
            "support": 318.0
        },
        "39": {
            "precision": 0.4495548961424332,
            "recall": 0.6933638443935927,
            "f1-score": 0.5454545454545454,
            "support": 437.0
        },
        "40": {
            "precision": 0.6028985507246377,
            "recall": 0.7878787878787878,
            "f1-score": 0.6830870279146142,
            "support": 528.0
        },
        "41": {
            "precision": 0.9375975039001561,
            "recall": 0.8851251840942562,
            "f1-score": 0.9106060606060606,
            "support": 679.0
        },