{
    "acc1": 0.6749972795531213,
    "acc5": [
        0.9209256773912728
    ],
    "mean_per_class_recall": 0.6724478945222375,
    "classification_report": {
        "0": {
            "precision": 0.16911764705882354,
            "recall": 0.1806282722513089,
            "f1-score": 0.17468354430379746,
            "support": 382.0
        },
        "1": {
            "precision": 0.34579439252336447,
            "recall": 0.05977382875605816,
            "f1-score": 0.10192837465564739,
            "support": 619.0
        },
        "2": {
            "precision": 0.8351893095768375,
            "recall": 0.8680555555555556,
            "f1-score": 0.8513053348467651,
            "support": 432.0
        },
        "3": {
            "precision": 0.5934718100890207,
            "recall": 0.5856515373352855,
            "f1-score": 0.5895357406042742,
            "support": 683.0
        },
        "4": {
            "precision": 0.9706896551724138,
            "recall": 0.8279411764705882,
            "f1-score": 0.8936507936507937,
            "support": 680.0
        },
        "5": {
            "precision": 0.5944444444444444,
            "recall": 0.2465437788018433,
            "f1-score": 0.3485342019543974,
            "support": 434.0
        },
        "6": {
            "precision": 0.5170998632010944,
            "recall": 0.8978622327790974,
            "f1-score": 0.65625,
            "support": 421.0
        },
        "7": {
            "precision": 0.28731665228645387,
            "recall": 0.7744186046511627,
            "f1-score": 0.41913152926368785,
            "support": 430.0
        },
        "8": {
            "precision": 0.9301801801801802,
            "recall": 0.8309859154929577,
            "f1-score": 0.8777895855472901,
            "support": 497.0
        },
        "9": {
            "precision": 0.850187265917603,
            "recall": 0.5942408376963351,
            "f1-score": 0.699537750385208,
            "support": 382.0
        },
        "10": {
            "precision": 0.8967136150234741,
            "recall": 0.854586129753915,
            "f1-score": 0.8751431844215349,
            "support": 447.0
        },
        "11": {
            "precision": 0.8,
            "recall": 0.912621359223301,
            "f1-score": 0.8526077097505669,
            "support": 412.0
        },
        "12": {
            "precision": 0.2590439276485788,
            "recall": 0.7173524150268337,
            "f1-score": 0.3806359753203607,
            "support": 559.0
        },
        "13": {
            "precision": 0.604221635883905,
            "recall": 0.5599022004889975,
            "f1-score": 0.5812182741116751,
            "support": 409.0
        },
        "14": {
            "precision": 0.9735576923076923,
            "recall": 0.7758620689655172,
            "f1-score": 0.8635394456289979,
            "support": 522.0
        },
        "15": {
            "precision": 0.6577181208053692,
            "recall": 0.5394495412844037,
            "f1-score": 0.592741935483871,
            "support": 545.0
        },
        "16": {
            "precision": 0.7278911564625851,
            "recall": 0.29476584022038566,
            "f1-score": 0.4196078431372549,
            "support": 363.0
        },
        "17": {
            "precision": 0.3703256936067551,
            "recall": 0.539543057996485,
            "f1-score": 0.43919885550786836,
            "support": 569.0
        },
        "18": {
            "precision": 0.4956949569495695,
            "recall": 0.777992277992278,
            "f1-score": 0.6055597295266717,
            "support": 518.0
        },
        "19": {
            "precision": 0.7911547911547911,
            "recall": 0.7108167770419426,
            "f1-score": 0.7488372093023256,
            "support": 453.0
        },
        "20": {
            "precision": 0.8567639257294429,
            "recall": 0.8177215189873418,
            "f1-score": 0.8367875647668394,
            "support": 395.0
        },
        "21": {
            "precision": 0.7174603174603175,
            "recall": 0.7337662337662337,
            "f1-score": 0.7255216693418941,
            "support": 616.0
        },
        "22": {
            "precision": 0.8200371057513914,
            "recall": 0.8246268656716418,
            "f1-score": 0.8223255813953488,
            "support": 536.0
        },
        "23": {
            "precision": 0.905688622754491,
            "recall": 0.8819241982507289,
            "f1-score": 0.8936484490398818,
            "support": 686.0
        },
        "24": {
            "precision": 0.9158878504672897,
            "recall": 0.897025171624714,
            "f1-score": 0.9063583815028902,
            "support": 437.0
        },
        "25": {
            "precision": 0.5944055944055944,
            "recall": 0.12996941896024464,
            "f1-score": 0.21329987452948557,
            "support": 654.0
        },
        "26": {
            "precision": 0.8968023255813954,
            "recall": 0.8903318903318903,
            "f1-score": 0.8935553946415641,
            "support": 693.0
        },
        "27": {
            "precision": 0.5900216919739696,
            "recall": 0.384180790960452,
            "f1-score": 0.46535500427716,
            "support": 708.0
        },
        "28": {
            "precision": 0.872,
            "recall": 0.6855345911949685,
            "f1-score": 0.7676056338028169,
            "support": 477.0
        },
        "29": {
            "precision": 0.6258064516129033,
            "recall": 0.8599290780141844,
            "f1-score": 0.7244212098581031,
            "support": 564.0
        },
        "30": {
            "precision": 0.6459459459459459,
            "recall": 0.41421143847487,
            "f1-score": 0.5047518479408659,
            "support": 577.0
        },
        "31": {
            "precision": 0.4561664190193165,
            "recall": 0.6518046709129511,
            "f1-score": 0.5367132867132867,
            "support": 471.0
        },
        "32": {
            "precision": 0.7513873473917869,
            "recall": 0.8246041412911084,
            "f1-score": 0.7862950058072009,
            "support": 821.0
        },
        "33": {
            "precision": 0.7388429752066116,
            "recall": 0.680365296803653,
            "f1-score": 0.7083993660855784,
            "support": 657.0
        },
        "34": {
            "precision": 0.9,
            "recall": 0.7635379061371841,
            "f1-score": 0.826171875,
            "support": 554.0
        },
        "35": {
            "precision": 0.8463356973995272,
            "recall": 0.5746388443017657,
            "f1-score": 0.6845124282982792,
            "support": 623.0
        },
        "36": {
            "precision": 0.8808933002481389,
            "recall": 0.5322338830584707,
            "f1-score": 0.6635514018691588,
            "support": 667.0
        },
        "37": {
            "precision": 0.9081967213114754,
            "recall": 0.869701726844584,
            "f1-score": 0.888532477947073,
            "support": 637.0
        },
        "38": {
            "precision": 0.8154311649016641,
            "recall": 0.9261168384879725,
            "f1-score": 0.8672566371681416,
            "support": 582.0
        },
        "39": {
            "precision": 0.5777525539160046,
            "recall": 0.7916018662519441,
            "f1-score": 0.6679790026246719,
            "support": 643.0
        },
        "40": {
            "precision": 0.746268656716418,
            "recall": 0.46439628482972134,
            "f1-score": 0.5725190839694656,
            "support": 646.0
        },
        "41": {
            "precision": 0.7973231357552581,
            "recall": 0.7808988764044944,
            "f1-score": 0.7890255439924314,
            "support": 534.0
        },
        "42": {
            "precision": 0.864,