{
    "acc1": 0.7024864024864025,
    "acc5": [
        0.9381118881118881
    ],
    "mean_per_class_recall": 0.702143153465449,
    "classification_report": {
        "0": {
            "precision": 0.726027397260274,
            "recall": 0.5435897435897435,
            "f1-score": 0.6217008797653959,
            "support": 390.0
        },
        "1": {
            "precision": 0.7397769516728625,
            "recall": 0.6482084690553745,
            "f1-score": 0.6909722222222222,
            "support": 614.0
        },
        "2": {
            "precision": 0.8811320754716981,
            "recall": 0.8192982456140351,
            "f1-score": 0.8490909090909091,
            "support": 570.0
        },
        "3": {
            "precision": 0.9588550983899821,
            "recall": 0.548618219037871,
            "f1-score": 0.6979166666666666,
            "support": 977.0
        },
        "4": {
            "precision": 0.6461267605633803,
            "recall": 0.8048245614035088,
            "f1-score": 0.716796875,
            "support": 456.0
        },
        "5": {
            "precision": 0.7908366533864541,
            "recall": 0.7039007092198581,
            "f1-score": 0.7448405253283302,
            "support": 564.0
        },
        "6": {
            "precision": 0.7117117117117117,
            "recall": 0.5328836424957841,
            "f1-score": 0.609450337512054,
            "support": 593.0
        },
        "7": {
            "precision": 0.8976660682226212,
            "recall": 0.7385524372230429,
            "f1-score": 0.8103727714748784,
            "support": 677.0
        },
        "8": {
            "precision": 0.5689655172413793,
            "recall": 0.32432432432432434,
            "f1-score": 0.4131455399061033,
            "support": 407.0
        },
        "9": {
            "precision": 0.6017699115044248,
            "recall": 0.9209932279909706,
            "f1-score": 0.727921498661909,
            "support": 443.0
        },
        "10": {
            "precision": 0.7186629526462396,
            "recall": 0.4990328820116054,
            "f1-score": 0.589041095890411,
            "support": 517.0
        },
        "11": {
            "precision": 0.918580375782881,
            "recall": 0.9263157894736842,
            "f1-score": 0.9224318658280922,
            "support": 475.0
        },
        "12": {
            "precision": 0.6430260047281324,
            "recall": 0.6956521739130435,
            "f1-score": 0.6683046683046683,
            "support": 391.0
        },
        "13": {
            "precision": 0.7547619047619047,
            "recall": 0.7044444444444444,
            "f1-score": 0.728735632183908,
            "support": 450.0
        },
        "14": {
            "precision": 0.8933566433566433,
            "recall": 0.9393382352941176,
            "f1-score": 0.9157706093189965,
            "support": 544.0
        },
        "15": {
            "precision": 0.6548672566371682,
            "recall": 0.8096280087527352,
            "f1-score": 0.7240704500978473,
            "support": 457.0
        },
        "16": {
            "precision": 0.8785357737104825,
            "recall": 0.8502415458937198,
            "f1-score": 0.8641571194762684,
            "support": 621.0
        },
        "17": {
            "precision": 0.8645833333333334,
            "recall": 0.83,
            "f1-score": 0.8469387755102041,
            "support": 600.0
        },
        "18": {
            "precision": 0.749618320610687,
            "recall": 0.9478764478764479,
            "f1-score": 0.8371696504688833,
            "support": 518.0
        },
        "19": {
            "precision": 0.7553956834532374,
            "recall": 0.7763401109057301,
            "f1-score": 0.7657247037374658,
            "support": 541.0
        },
        "20": {
            "precision": 0.47794994040524436,
            "recall": 0.7109929078014184,
            "f1-score": 0.571632216678546,
            "support": 564.0
        },
        "21": {
            "precision": 0.6221198156682027,
            "recall": 0.3452685421994885,
            "f1-score": 0.4440789473684211,
            "support": 391.0
        },
        "22": {
            "precision": 0.7272727272727273,
            "recall": 0.5714285714285714,
            "f1-score": 0.64,
            "support": 672.0
        },
        "23": {
            "precision": 0.7371428571428571,
            "recall": 0.6466165413533834,
            "f1-score": 0.6889185580774366,
            "support": 399.0
        },
        "24": {
            "precision": 0.8825688073394495,
            "recall": 0.8809523809523809,
            "f1-score": 0.8817598533455545,
            "support": 546.0
        },
        "25": {
            "precision": 0.8731988472622478,
            "recall": 0.8657142857142858,
            "f1-score": 0.8694404591104734,
            "support": 350.0
        },
        "26": {
            "precision": 0.9408983451536643,
            "recall": 0.8652173913043478,
            "f1-score": 0.9014722536806342,
            "support": 460.0
        },
        "27": {
            "precision": 0.6042780748663101,
            "recall": 0.14966887417218544,
            "f1-score": 0.23991507430997877,
            "support": 755.0
        },
        "28": {
            "precision": 0.9219440353460973,
            "recall": 0.9219440353460973,
            "f1-score": 0.9219440353460973,
            "support": 679.0
        },
        "29": {
            "precision": 0.5269709543568465,
            "recall": 0.7029520295202952,
            "f1-score": 0.6023715415019762,
            "support": 542.0
        },
        "30": {
            "precision": 0.8417132216014898,
            "recall": 0.7129337539432177,
            "f1-score": 0.7719897523484202,
            "support": 634.0
        },
        "31": {
            "precision": 0.4830393487109905,
            "recall": 0.653211009174312,
            "f1-score": 0.5553822152886115,
            "support": 545.0
        },
        "32": {
            "precision": 0.8811881188118812,
            "recall": 0.8516746411483254,
            "f1-score": 0.8661800486618005,
            "support": 627.0
        },
        "33": {
            "precision": 0.6252129471890971,
            "recall": 0.7841880341880342,
            "f1-score": 0.6957345971563981,
            "support": 468.0
        },
        "34": {
            "precision": 0.5432525951557093,
            "recall": 0.8155844155844156,
            "f1-score": 0.652128764278297,
            "support": 385.0
        },
        "35": {
            "precision": 0.757085020242915,
            "recall": 0.4895287958115183,
            "f1-score": 0.5945945945945946,
            "support": 382.0
        },
        "36": {
            "precision": 0.6379821958456974,
            "recall": 0.48642533936651583,
            "f1-score": 0.55198973042362,
            "support": 442.0
        },
        "37": {
            "precision": 0.6361556064073226,
            "recall": 0.6556603773584906,
            "f1-score": 0.645760743321719,
            "support": 424.0
        },
        "38": {
            "precision": 0.4919093851132686,
            "recall": 0.4779874213836478,
            "f1-score": 0.48484848484848486,
            "support": 318.0
        },
        "39": {
            "precision": 0.43909348441926344,
            "recall": 0.7093821510297483,
            "f1-score": 0.5424321959755031,
            "support": 437.0
        },
        "40": {
            "precision": 0.6316614420062696,
            "recall": 0.7632575757575758,
            "f1-score": 0.6912521440823327,
            "support": 528.0
        },
        "41": {
            "precision": 0.9399684044233807,
            "recall": 0.8762886597938144,
            "f1-score": 0.9070121951219512,
            "support": 679.0
        },