{
    "acc1": 0.7129079574624129,
    "acc5": [
        0.9125045837917125
    ],
    "mean_per_class_recall": 0.7149961622919346,
    "classification_report": {
        "0": {
            "precision": 0.9194991055456172,
            "recall": 0.8303715670436187,
            "f1-score": 0.8726655348047538,
            "support": 619.0
        },
        "1": {
            "precision": 0.814,
            "recall": 0.9229024943310657,
            "f1-score": 0.8650371944739639,
            "support": 441.0
        },
        "2": {
            "precision": 0.7450704225352113,
            "recall": 0.7276478679504814,
            "f1-score": 0.7362560890744607,
            "support": 727.0
        },
        "3": {
            "precision": 0.6037344398340249,
            "recall": 0.6339869281045751,
            "f1-score": 0.6184909670563231,
            "support": 459.0
        },
        "4": {
            "precision": 0.8521303258145363,
            "recall": 0.7727272727272727,
            "f1-score": 0.8104886769964244,
            "support": 440.0
        },
        "5": {
            "precision": 0.9813953488372092,
            "recall": 0.9173913043478261,
            "f1-score": 0.9483146067415731,
            "support": 920.0
        },
        "6": {
            "precision": 0.4958791208791209,
            "recall": 0.6623853211009174,
            "f1-score": 0.5671641791044776,
            "support": 545.0
        },
        "7": {
            "precision": 0.4200298953662182,
            "recall": 0.6258351893095768,
            "f1-score": 0.5026833631484794,
            "support": 449.0
        },
        "8": {
            "precision": 0.6563071297989032,
            "recall": 0.8671497584541062,
            "f1-score": 0.7471383975026015,
            "support": 414.0
        },
        "9": {
            "precision": 0.2788649706457926,
            "recall": 0.8482142857142857,
            "f1-score": 0.41973490427098675,
            "support": 336.0
        },
        "10": {
            "precision": 0.7154213036565977,
            "recall": 0.7165605095541401,
            "f1-score": 0.7159904534606205,
            "support": 628.0
        },
        "11": {
            "precision": 0.7458379578246392,
            "recall": 0.84,
            "f1-score": 0.7901234567901234,
            "support": 800.0
        },
        "12": {
            "precision": 0.9280575539568345,
            "recall": 0.9084507042253521,
            "f1-score": 0.9181494661921709,
            "support": 568.0
        },
        "13": {
            "precision": 0.7008032128514057,
            "recall": 0.8369304556354916,
            "f1-score": 0.7628415300546448,
            "support": 417.0
        },
        "14": {
            "precision": 0.7227722772277227,
            "recall": 0.7336683417085427,
            "f1-score": 0.7281795511221946,
            "support": 597.0
        },
        "15": {
            "precision": 0.6507936507936508,
            "recall": 0.42159383033419023,
            "f1-score": 0.5117004680187207,
            "support": 389.0
        },
        "16": {
            "precision": 0.5627376425855514,
            "recall": 0.6115702479338843,
            "f1-score": 0.5861386138613861,
            "support": 484.0
        },
        "17": {
            "precision": 0.8783382789317508,
            "recall": 0.7551020408163265,
            "f1-score": 0.8120713305898491,
            "support": 392.0
        },
        "18": {
            "precision": 0.7188612099644128,
            "recall": 0.517948717948718,
            "f1-score": 0.6020864381520119,
            "support": 390.0
        },
        "19": {
            "precision": 0.7982646420824295,
            "recall": 0.908641975308642,
            "f1-score": 0.8498845265588915,
            "support": 405.0
        },
        "20": {
            "precision": 0.3880048959608323,
            "recall": 0.8614130434782609,
            "f1-score": 0.5350210970464135,
            "support": 368.0
        },
        "21": {
            "precision": 0.9190031152647975,
            "recall": 0.667420814479638,
            "f1-score": 0.7732634338138925,
            "support": 442.0
        },
        "22": {
            "precision": 0.8958333333333334,
            "recall": 0.6834437086092715,
            "f1-score": 0.7753568745304282,
            "support": 755.0
        },
        "23": {
            "precision": 0.8068181818181818,
            "recall": 0.5518134715025906,
            "f1-score": 0.6553846153846153,
            "support": 386.0
        },
        "24": {
            "precision": 0.9111111111111111,
            "recall": 0.8019559902200489,
            "f1-score": 0.8530559167750326,
            "support": 409.0
        },
        "25": {
            "precision": 0.5824847250509165,
            "recall": 0.5921325051759835,
            "f1-score": 0.5872689938398358,
            "support": 483.0
        },
        "26": {
            "precision": 0.7626886145404664,
            "recall": 0.8152492668621701,
            "f1-score": 0.7880935506732814,
            "support": 682.0
        },
        "27": {
            "precision": 0.924812030075188,
            "recall": 0.8078817733990148,
            "f1-score": 0.8624014022787029,
            "support": 609.0
        },
        "28": {
            "precision": 0.6137667304015296,
            "recall": 0.800498753117207,
            "f1-score": 0.6948051948051948,
            "support": 401.0
        },
        "29": {
            "precision": 0.8885350318471338,
            "recall": 0.8971061093247589,
            "f1-score": 0.8928,
            "support": 622.0
        },
        "30": {
            "precision": 0.9462738301559792,
            "recall": 0.8557993730407524,
            "f1-score": 0.8987654320987655,
            "support": 638.0
        },
        "31": {
            "precision": 0.6197604790419161,
            "recall": 0.36767317939609234,
            "f1-score": 0.46153846153846156,
            "support": 563.0
        },
        "32": {
            "precision": 0.47058823529411764,
            "recall": 0.3392857142857143,
            "f1-score": 0.3942931258106355,
            "support": 448.0
        },
        "33": {
            "precision": 0.7904,
            "recall": 0.7057142857142857,
            "f1-score": 0.7456603773584906,
            "support": 700.0
        },
        "34": {
            "precision": 0.5738317757009346,
            "recall": 0.820855614973262,
            "f1-score": 0.6754675467546755,
            "support": 374.0
        },
        "35": {
            "precision": 0.4307116104868914,
            "recall": 0.5528846153846154,
            "f1-score": 0.4842105263157895,
            "support": 416.0
        },
        "36": {
            "precision": 0.6486486486486487,
            "recall": 0.8031496062992126,
            "f1-score": 0.7176781002638523,
            "support": 508.0
        },
        "37": {
            "precision": 0.8635437881873728,
            "recall": 0.6784,
            "f1-score": 0.7598566308243727,
            "support": 625.0
        },
        "38": {
            "precision": 0.9,
            "recall": 0.9398230088495575,
            "f1-score": 0.9194805194805195,
            "support": 565.0
        },
        "39": {
            "precision": 0.754813863928113,
            "recall": 0.8448275862068966,
            "f1-score": 0.7972881355932203,
            "support": 696.0
        },
        "40": {
            "precision": 0.7142857142857143,
            "recall": 0.05181347150259067,
            "f1-score": 0.0966183574879227,
            "support": 386.0
        },
        "41": {
            "precision": 0.6232394366197183,
            "recall": 0.5959595959595959,
            "f1-score": 0.6092943201376936,
            "support": 594.0
        },
        "42": {
            "precision": 0.4434782608695652,