{
    "acc1": 0.7018648018648018,
    "acc5": [
        0.9376845376845376
    ],
    "mean_per_class_recall": 0.7031950634266739,
    "classification_report": {
        "0": {
            "precision": 0.7535211267605634,
            "recall": 0.5487179487179488,
            "f1-score": 0.6350148367952523,
            "support": 390.0
        },
        "1": {
            "precision": 0.7322970639032815,
            "recall": 0.6905537459283387,
            "f1-score": 0.71081307627829,
            "support": 614.0
        },
        "2": {
            "precision": 0.8566243194192378,
            "recall": 0.8280701754385965,
            "f1-score": 0.8421052631578947,
            "support": 570.0
        },
        "3": {
            "precision": 0.9618181818181818,
            "recall": 0.5414534288638689,
            "f1-score": 0.6928618205631958,
            "support": 977.0
        },
        "4": {
            "precision": 0.6264855687606112,
            "recall": 0.8092105263157895,
            "f1-score": 0.7062200956937799,
            "support": 456.0
        },
        "5": {
            "precision": 0.7696737044145874,
            "recall": 0.7109929078014184,
            "f1-score": 0.7391705069124423,
            "support": 564.0
        },
        "6": {
            "precision": 0.7106382978723405,
            "recall": 0.5632377740303541,
            "f1-score": 0.6284101599247413,
            "support": 593.0
        },
        "7": {
            "precision": 0.892226148409894,
            "recall": 0.7459379615952733,
            "f1-score": 0.8125502815768303,
            "support": 677.0
        },
        "8": {
            "precision": 0.5418326693227091,
            "recall": 0.33415233415233414,
            "f1-score": 0.4133738601823708,
            "support": 407.0
        },
        "9": {
            "precision": 0.5982404692082112,
            "recall": 0.9209932279909706,
            "f1-score": 0.7253333333333334,
            "support": 443.0
        },
        "10": {
            "precision": 0.7341040462427746,
            "recall": 0.4912959381044487,
            "f1-score": 0.5886442641946698,
            "support": 517.0
        },
        "11": {
            "precision": 0.9135802469135802,
            "recall": 0.9347368421052632,
            "f1-score": 0.9240374609781478,
            "support": 475.0
        },
        "12": {
            "precision": 0.6600496277915633,
            "recall": 0.680306905370844,
            "f1-score": 0.6700251889168766,
            "support": 391.0
        },
        "13": {
            "precision": 0.7470449172576832,
            "recall": 0.7022222222222222,
            "f1-score": 0.7239404352806414,
            "support": 450.0
        },
        "14": {
            "precision": 0.9069767441860465,
            "recall": 0.9319852941176471,
            "f1-score": 0.9193109700815957,
            "support": 544.0
        },
        "15": {
            "precision": 0.6937618147448015,
            "recall": 0.8030634573304157,
            "f1-score": 0.744421906693712,
            "support": 457.0
        },
        "16": {
            "precision": 0.8564593301435407,
            "recall": 0.8647342995169082,
            "f1-score": 0.8605769230769231,
            "support": 621.0
        },
        "17": {
            "precision": 0.8767361111111112,
            "recall": 0.8416666666666667,
            "f1-score": 0.858843537414966,
            "support": 600.0
        },
        "18": {
            "precision": 0.7701863354037267,
            "recall": 0.9575289575289575,
            "f1-score": 0.8537005163511188,
            "support": 518.0
        },
        "19": {
            "precision": 0.814968814968815,
            "recall": 0.7245841035120147,
            "f1-score": 0.7671232876712328,
            "support": 541.0
        },
        "20": {
            "precision": 0.5222841225626741,
            "recall": 0.6648936170212766,
            "f1-score": 0.5850234009360374,
            "support": 564.0
        },
        "21": {
            "precision": 0.6506550218340611,
            "recall": 0.38107416879795397,
            "f1-score": 0.4806451612903226,
            "support": 391.0
        },
        "22": {
            "precision": 0.7494692144373672,
            "recall": 0.5252976190476191,
            "f1-score": 0.6176727909011374,
            "support": 672.0
        },
        "23": {
            "precision": 0.7595307917888563,
            "recall": 0.6491228070175439,
            "f1-score": 0.7,
            "support": 399.0
        },
        "24": {
            "precision": 0.8843283582089553,
            "recall": 0.8681318681318682,
            "f1-score": 0.8761552680221811,
            "support": 546.0
        },
        "25": {
            "precision": 0.8721590909090909,
            "recall": 0.8771428571428571,
            "f1-score": 0.8746438746438746,
            "support": 350.0
        },
        "26": {
            "precision": 0.9451073985680191,
            "recall": 0.8608695652173913,
            "f1-score": 0.9010238907849829,
            "support": 460.0
        },
        "27": {
            "precision": 0.5251798561151079,
            "recall": 0.09668874172185431,
            "f1-score": 0.16331096196868009,
            "support": 755.0
        },
        "28": {
            "precision": 0.915929203539823,
            "recall": 0.914580265095729,
            "f1-score": 0.9152542372881356,
            "support": 679.0
        },
        "29": {
            "precision": 0.5150720838794234,
            "recall": 0.7250922509225092,
            "f1-score": 0.6022988505747127,
            "support": 542.0
        },
        "30": {
            "precision": 0.8520499108734403,
            "recall": 0.7539432176656151,
            "f1-score": 0.8,
            "support": 634.0
        },
        "31": {
            "precision": 0.4806312769010043,
            "recall": 0.6146788990825688,
            "f1-score": 0.5394524959742351,
            "support": 545.0
        },
        "32": {
            "precision": 0.8548895899053628,
            "recall": 0.8644338118022329,
            "f1-score": 0.8596352101506741,
            "support": 627.0
        },
        "33": {
            "precision": 0.5919003115264797,
            "recall": 0.811965811965812,
            "f1-score": 0.6846846846846847,
            "support": 468.0
        },
        "34": {
            "precision": 0.535593220338983,
            "recall": 0.8207792207792208,
            "f1-score": 0.6482051282051282,
            "support": 385.0
        },
        "35": {
            "precision": 0.7519685039370079,
            "recall": 0.5,
            "f1-score": 0.60062893081761,
            "support": 382.0
        },
        "36": {
            "precision": 0.6112600536193029,
            "recall": 0.5158371040723982,
            "f1-score": 0.5595092024539877,
            "support": 442.0
        },
        "37": {
            "precision": 0.6351351351351351,
            "recall": 0.6650943396226415,
            "f1-score": 0.6497695852534562,
            "support": 424.0
        },
        "38": {
            "precision": 0.4935064935064935,
            "recall": 0.4779874213836478,
            "f1-score": 0.48562300319488816,
            "support": 318.0
        },
        "39": {
            "precision": 0.4395448079658606,
            "recall": 0.7070938215102975,
            "f1-score": 0.5421052631578948,
            "support": 437.0
        },
        "40": {
            "precision": 0.5928057553956835,
            "recall": 0.7803030303030303,
            "f1-score": 0.6737530662305805,
            "support": 528.0
        },
        "41": {
            "precision": 0.9462540716612378,
            "recall": 0.8556701030927835,
            "f1-score": 0.8986852281515855,
            "support": 679.0
        },