{
    "acc1": 0.7370597410134572,
    "acc5": [
        0.9289419275272951
    ],
    "mean_per_class_recall": 0.7268583102789508,
    "classification_report": {
        "0": {
            "precision": 0.09302325581395349,
            "recall": 0.010471204188481676,
            "f1-score": 0.018823529411764704,
            "support": 382.0
        },
        "1": {
            "precision": 0.41646291768541155,
            "recall": 0.8255250403877221,
            "f1-score": 0.5536294691224268,
            "support": 619.0
        },
        "2": {
            "precision": 0.8362445414847162,
            "recall": 0.8865740740740741,
            "f1-score": 0.8606741573033708,
            "support": 432.0
        },
        "3": {
            "precision": 0.8813096862210096,
            "recall": 0.9458272327964861,
            "f1-score": 0.9124293785310734,
            "support": 683.0
        },
        "4": {
            "precision": 0.968013468013468,
            "recall": 0.8455882352941176,
            "f1-score": 0.902668759811617,
            "support": 680.0
        },
        "5": {
            "precision": 0.8432835820895522,
            "recall": 0.5207373271889401,
            "f1-score": 0.6438746438746439,
            "support": 434.0
        },
        "6": {
            "precision": 0.654300168634064,
            "recall": 0.9216152019002375,
            "f1-score": 0.7652859960552268,
            "support": 421.0
        },
        "7": {
            "precision": 0.40202702702702703,
            "recall": 0.27674418604651163,
            "f1-score": 0.3278236914600551,
            "support": 430.0
        },
        "8": {
            "precision": 0.8028933092224232,
            "recall": 0.8933601609657947,
            "f1-score": 0.8457142857142858,
            "support": 497.0
        },
        "9": {
            "precision": 0.7808764940239044,
            "recall": 0.5130890052356021,
            "f1-score": 0.6192733017377567,
            "support": 382.0
        },
        "10": {
            "precision": 0.8453389830508474,
            "recall": 0.8926174496644296,
            "f1-score": 0.8683351468988031,
            "support": 447.0
        },
        "11": {
            "precision": 0.8408071748878924,
            "recall": 0.9101941747572816,
            "f1-score": 0.8741258741258742,
            "support": 412.0
        },
        "12": {
            "precision": 0.5017182130584192,
            "recall": 0.5223613595706619,
            "f1-score": 0.5118317265556529,
            "support": 559.0
        },
        "13": {
            "precision": 0.5831485587583148,
            "recall": 0.6430317848410758,
            "f1-score": 0.6116279069767442,
            "support": 409.0
        },
        "14": {
            "precision": 0.9547325102880658,
            "recall": 0.8888888888888888,
            "f1-score": 0.9206349206349206,
            "support": 522.0
        },
        "15": {
            "precision": 0.5881410256410257,
            "recall": 0.673394495412844,
            "f1-score": 0.6278870829769033,
            "support": 545.0
        },
        "16": {
            "precision": 0.45351473922902497,
            "recall": 0.5509641873278237,
            "f1-score": 0.4975124378109453,
            "support": 363.0
        },
        "17": {
            "precision": 0.45066666666666666,
            "recall": 0.5940246045694201,
            "f1-score": 0.5125094768764216,
            "support": 569.0
        },
        "18": {
            "precision": 0.5984732824427481,
            "recall": 0.7567567567567568,
            "f1-score": 0.6683716965046889,
            "support": 518.0
        },
        "19": {
            "precision": 0.7763713080168776,
            "recall": 0.8123620309050773,
            "f1-score": 0.7939590075512406,
            "support": 453.0
        },
        "20": {
            "precision": 0.9126760563380282,
            "recall": 0.8202531645569621,
            "f1-score": 0.864,
            "support": 395.0
        },
        "21": {
            "precision": 0.6524300441826215,
            "recall": 0.7191558441558441,
            "f1-score": 0.6841698841698842,
            "support": 616.0
        },
        "22": {
            "precision": 0.7611940298507462,
            "recall": 0.8563432835820896,
            "f1-score": 0.8059701492537313,
            "support": 536.0
        },
        "23": {
            "precision": 0.8838174273858921,
            "recall": 0.9314868804664723,
            "f1-score": 0.9070262597586941,
            "support": 686.0
        },
        "24": {
            "precision": 0.8224852071005917,
            "recall": 0.954233409610984,
            "f1-score": 0.8834745762711864,
            "support": 437.0
        },
        "25": {
            "precision": 0.5915750915750916,
            "recall": 0.4938837920489297,
            "f1-score": 0.5383333333333333,
            "support": 654.0
        },
        "26": {
            "precision": 0.8659517426273459,
            "recall": 0.9321789321789322,
            "f1-score": 0.8978457261987491,
            "support": 693.0
        },
        "27": {
            "precision": 0.6757215619694398,
            "recall": 0.5621468926553672,
            "f1-score": 0.6137239784117193,
            "support": 708.0
        },
        "28": {
            "precision": 0.7741273100616016,
            "recall": 0.790356394129979,
            "f1-score": 0.7821576763485477,
            "support": 477.0
        },
        "29": {
            "precision": 0.869215291750503,
            "recall": 0.7659574468085106,
            "f1-score": 0.8143261074458058,
            "support": 564.0
        },
        "30": {
            "precision": 0.5211678832116788,
            "recall": 0.6187175043327556,
            "f1-score": 0.5657686212361331,
            "support": 577.0
        },
        "31": {
            "precision": 0.6407766990291263,
            "recall": 0.7006369426751592,
            "f1-score": 0.6693711967545639,
            "support": 471.0
        },
        "32": {
            "precision": 0.8372379778051788,
            "recall": 0.8270401948842875,
            "f1-score": 0.8321078431372549,
            "support": 821.0
        },
        "33": {
            "precision": 0.8538011695906432,
            "recall": 0.6666666666666666,
            "f1-score": 0.7487179487179487,
            "support": 657.0
        },
        "34": {
            "precision": 0.884765625,
            "recall": 0.8176895306859205,
            "f1-score": 0.849906191369606,
            "support": 554.0
        },
        "35": {
            "precision": 0.8305400372439479,
            "recall": 0.7158908507223114,
            "f1-score": 0.7689655172413793,
            "support": 623.0
        },
        "36": {
            "precision": 0.7492625368731564,
            "recall": 0.7616191904047976,
            "f1-score": 0.7553903345724907,
            "support": 667.0
        },
        "37": {
            "precision": 0.946551724137931,
            "recall": 0.8618524332810047,
            "f1-score": 0.9022185702547247,
            "support": 637.0
        },
        "38": {
            "precision": 0.8646153846153846,
            "recall": 0.9656357388316151,
            "f1-score": 0.9123376623376623,
            "support": 582.0
        },
        "39": {
            "precision": 0.8452380952380952,
            "recall": 0.7729393468118196,
            "f1-score": 0.8074735987002437,
            "support": 643.0
        },
        "40": {
            "precision": 0.7663157894736842,
            "recall": 0.5634674922600619,
            "f1-score": 0.6494201605709188,
            "support": 646.0
        },
        "41": {
            "precision": 0.8431001890359168,
            "recall": 0.8352059925093633,
            "f1-score": 0.839134524929445,
            "support": 534.0
        },