{
    "acc1": 0.7358990170118611,
    "acc5": [
        0.933621096158729
    ],
    "mean_per_class_recall": 0.7259669728412159,
    "classification_report": {
        "0": {
            "precision": 0.14545454545454545,
            "recall": 0.041884816753926704,
            "f1-score": 0.06504065040650407,
            "support": 382.0
        },
        "1": {
            "precision": 0.454172366621067,
            "recall": 0.5363489499192245,
            "f1-score": 0.4918518518518519,
            "support": 619.0
        },
        "2": {
            "precision": 0.7707509881422925,
            "recall": 0.9027777777777778,
            "f1-score": 0.8315565031982942,
            "support": 432.0
        },
        "3": {
            "precision": 0.8647214854111406,
            "recall": 0.9546120058565154,
            "f1-score": 0.907446068197634,
            "support": 683.0
        },
        "4": {
            "precision": 0.9632721202003339,
            "recall": 0.8485294117647059,
            "f1-score": 0.9022673964034402,
            "support": 680.0
        },
        "5": {
            "precision": 0.8599348534201955,
            "recall": 0.6082949308755761,
            "f1-score": 0.7125506072874493,
            "support": 434.0
        },
        "6": {
            "precision": 0.6910714285714286,
            "recall": 0.9192399049881235,
            "f1-score": 0.7889908256880734,
            "support": 421.0
        },
        "7": {
            "precision": 0.4088888888888889,
            "recall": 0.42790697674418604,
            "f1-score": 0.41818181818181815,
            "support": 430.0
        },
        "8": {
            "precision": 0.8185185185185185,
            "recall": 0.8893360160965795,
            "f1-score": 0.8524590163934426,
            "support": 497.0
        },
        "9": {
            "precision": 0.7428571428571429,
            "recall": 0.612565445026178,
            "f1-score": 0.6714490674318508,
            "support": 382.0
        },
        "10": {
            "precision": 0.8450106157112527,
            "recall": 0.8903803131991052,
            "f1-score": 0.8671023965141612,
            "support": 447.0
        },
        "11": {
            "precision": 0.8239130434782609,
            "recall": 0.9199029126213593,
            "f1-score": 0.8692660550458715,
            "support": 412.0
        },
        "12": {
            "precision": 0.4198473282442748,
            "recall": 0.6887298747763864,
            "f1-score": 0.521680216802168,
            "support": 559.0
        },
        "13": {
            "precision": 0.5982532751091703,
            "recall": 0.6699266503667481,
            "f1-score": 0.6320645905420992,
            "support": 409.0
        },
        "14": {
            "precision": 0.9536842105263158,
            "recall": 0.867816091954023,
            "f1-score": 0.9087261785356068,
            "support": 522.0
        },
        "15": {
            "precision": 0.6180555555555556,
            "recall": 0.653211009174312,
            "f1-score": 0.6351471900089206,
            "support": 545.0
        },
        "16": {
            "precision": 0.6707317073170732,
            "recall": 0.45454545454545453,
            "f1-score": 0.541871921182266,
            "support": 363.0
        },
        "17": {
            "precision": 0.41251325556733826,
            "recall": 0.6836555360281195,
            "f1-score": 0.5145502645502645,
            "support": 569.0
        },
        "18": {
            "precision": 0.5996204933586338,
            "recall": 0.61003861003861,
            "f1-score": 0.6047846889952153,
            "support": 518.0
        },
        "19": {
            "precision": 0.7799564270152506,
            "recall": 0.7902869757174393,
            "f1-score": 0.7850877192982456,
            "support": 453.0
        },
        "20": {
            "precision": 0.8909574468085106,
            "recall": 0.8481012658227848,
            "f1-score": 0.8690012970168612,
            "support": 395.0
        },
        "21": {
            "precision": 0.6412429378531074,
            "recall": 0.737012987012987,
            "f1-score": 0.6858006042296072,
            "support": 616.0
        },
        "22": {
            "precision": 0.7968476357267951,
            "recall": 0.8488805970149254,
            "f1-score": 0.8220415537488708,
            "support": 536.0
        },
        "23": {
            "precision": 0.8604026845637583,
            "recall": 0.934402332361516,
            "f1-score": 0.8958770090845563,
            "support": 686.0
        },
        "24": {
            "precision": 0.8336673346693386,
            "recall": 0.9519450800915332,
            "f1-score": 0.8888888888888888,
            "support": 437.0
        },
        "25": {
            "precision": 0.5425038639876353,
            "recall": 0.536697247706422,
            "f1-score": 0.5395849346656418,
            "support": 654.0
        },
        "26": {
            "precision": 0.8876560332871013,
            "recall": 0.9235209235209235,
            "f1-score": 0.9052333804809052,
            "support": 693.0
        },
        "27": {
            "precision": 0.6311111111111111,
            "recall": 0.6016949152542372,
            "f1-score": 0.6160520607375272,
            "support": 708.0
        },
        "28": {
            "precision": 0.779245283018868,
            "recall": 0.8658280922431866,
            "f1-score": 0.82025819265144,
            "support": 477.0
        },
        "29": {
            "precision": 0.8937093275488069,
            "recall": 0.7304964539007093,
            "f1-score": 0.8039024390243903,
            "support": 564.0
        },
        "30": {
            "precision": 0.5648148148148148,
            "recall": 0.634315424610052,
            "f1-score": 0.5975510204081632,
            "support": 577.0
        },
        "31": {
            "precision": 0.6083032490974729,
            "recall": 0.7154989384288747,
            "f1-score": 0.6575609756097561,
            "support": 471.0
        },
        "32": {
            "precision": 0.8213851761846902,
            "recall": 0.8233861144945189,
            "f1-score": 0.8223844282238443,
            "support": 821.0
        },
        "33": {
            "precision": 0.8503787878787878,
            "recall": 0.6834094368340944,
            "f1-score": 0.7578059071729958,
            "support": 657.0
        },
        "34": {
            "precision": 0.874468085106383,
            "recall": 0.7418772563176895,
            "f1-score": 0.802734375,
            "support": 554.0
        },
        "35": {
            "precision": 0.8481973434535104,
            "recall": 0.7174959871589085,
            "f1-score": 0.7773913043478261,
            "support": 623.0
        },
        "36": {
            "precision": 0.8164665523156089,
            "recall": 0.7136431784107946,
            "f1-score": 0.7616,
            "support": 667.0
        },
        "37": {
            "precision": 0.9310344827586207,
            "recall": 0.8901098901098901,
            "f1-score": 0.9101123595505618,
            "support": 637.0
        },
        "38": {
            "precision": 0.8658346333853354,
            "recall": 0.9536082474226805,
            "f1-score": 0.9076042518397384,
            "support": 582.0
        },
        "39": {
            "precision": 0.9076620825147348,
            "recall": 0.71850699844479,
            "f1-score": 0.8020833333333334,
            "support": 643.0
        },
        "40": {
            "precision": 0.7035087719298245,
            "recall": 0.6207430340557275,
            "f1-score": 0.6595394736842105,
            "support": 646.0
        },
        "41": {
            "precision": 0.8327205882352942,
            "recall": 0.848314606741573,
            "f1-score": 0.8404452690166976,
            "support": 534.0
        },