{
    "acc1": 0.7425242578364535,
    "acc5": [
        0.9355048154961584
    ],
    "mean_per_class_recall": 0.7411803002607377,
    "classification_report": {
        "0": {
            "precision": 0.7169459962756052,
            "recall": 0.873015873015873,
            "f1-score": 0.787321063394683,
            "support": 441.0
        },
        "1": {
            "precision": 0.7763157894736842,
            "recall": 0.46949602122015915,
            "f1-score": 0.5851239669421487,
            "support": 377.0
        },
        "2": {
            "precision": 0.6219686162624821,
            "recall": 0.8825910931174089,
            "f1-score": 0.7297071129707113,
            "support": 494.0
        },
        "3": {
            "precision": 0.8451443569553806,
            "recall": 0.9428989751098097,
            "f1-score": 0.8913494809688581,
            "support": 683.0
        },
        "4": {
            "precision": 0.8578431372549019,
            "recall": 0.8413461538461539,
            "f1-score": 0.8495145631067961,
            "support": 416.0
        },
        "5": {
            "precision": 0.929745889387145,
            "recall": 0.9027576197387518,
            "f1-score": 0.9160530191458026,
            "support": 689.0
        },
        "6": {
            "precision": 0.6365795724465558,
            "recall": 0.7423822714681441,
            "f1-score": 0.6854219948849105,
            "support": 361.0
        },
        "7": {
            "precision": 0.9591346153846154,
            "recall": 0.8946188340807175,
            "f1-score": 0.925754060324826,
            "support": 446.0
        },
        "8": {
            "precision": 0.8075313807531381,
            "recall": 0.5316804407713499,
            "f1-score": 0.6411960132890365,
            "support": 363.0
        },
        "9": {
            "precision": 0.7536,
            "recall": 0.8120689655172414,
            "f1-score": 0.7817427385892116,
            "support": 580.0
        },
        "10": {
            "precision": 0.5919003115264797,
            "recall": 0.3069466882067851,
            "f1-score": 0.40425531914893614,
            "support": 619.0
        },
        "11": {
            "precision": 0.8919597989949749,
            "recall": 0.6761904761904762,
            "f1-score": 0.7692307692307693,
            "support": 525.0
        },
        "12": {
            "precision": 0.6655574043261231,
            "recall": 0.7662835249042146,
            "f1-score": 0.7123775601068566,
            "support": 522.0
        },
        "13": {
            "precision": 0.7673545966228893,
            "recall": 0.8035363457760314,
            "f1-score": 0.7850287907869482,
            "support": 509.0
        },
        "14": {
            "precision": 0.8693181818181818,
            "recall": 0.8803222094361335,
            "f1-score": 0.8747855917667239,
            "support": 869.0
        },
        "15": {
            "precision": 0.574468085106383,
            "recall": 0.618657937806874,
            "f1-score": 0.5957446808510638,
            "support": 611.0
        },
        "16": {
            "precision": 0.6332931242460796,
            "recall": 0.8241758241758241,
            "f1-score": 0.7162346521145976,
            "support": 637.0
        },
        "17": {
            "precision": 0.7711864406779662,
            "recall": 0.6435643564356436,
            "f1-score": 0.7016191210485736,
            "support": 707.0
        },
        "18": {
            "precision": 0.9246575342465754,
            "recall": 0.9106239460370995,
            "f1-score": 0.9175870858113849,
            "support": 593.0
        },
        "19": {
            "precision": 0.6759656652360515,
            "recall": 0.9237536656891495,
            "f1-score": 0.7806691449814126,
            "support": 341.0
        },
        "20": {
            "precision": 0.6630630630630631,
            "recall": 0.6642599277978339,
            "f1-score": 0.6636609558160504,
            "support": 554.0
        },
        "21": {
            "precision": 0.8881856540084389,
            "recall": 0.6935749588138386,
            "f1-score": 0.7789084181313598,
            "support": 607.0
        },
        "22": {
            "precision": 0.6782608695652174,
            "recall": 0.5512367491166078,
            "f1-score": 0.6081871345029239,
            "support": 566.0
        },
        "23": {
            "precision": 0.8517006802721089,
            "recall": 0.8313413014608234,
            "f1-score": 0.8413978494623656,
            "support": 753.0
        },
        "24": {
            "precision": 0.6518171160609613,
            "recall": 0.7886524822695036,
            "f1-score": 0.7137355584082157,
            "support": 705.0
        },
        "25": {
            "precision": 0.8293413173652695,
            "recall": 0.8589147286821706,
            "f1-score": 0.8438690022848438,
            "support": 645.0
        },
        "26": {
            "precision": 0.8945736434108527,
            "recall": 0.8058659217877095,
            "f1-score": 0.8479059515062454,
            "support": 716.0
        },
        "27": {
            "precision": 0.8888888888888888,
            "recall": 0.8648648648648649,
            "f1-score": 0.8767123287671232,
            "support": 370.0
        },
        "28": {
            "precision": 0.5878099173553719,
            "recall": 0.6239035087719298,
            "f1-score": 0.6053191489361702,
            "support": 912.0
        },
        "29": {
            "precision": 0.5754437869822485,
            "recall": 0.8020618556701031,
            "f1-score": 0.6701119724375538,
            "support": 485.0
        },
        "30": {
            "precision": 0.778021978021978,
            "recall": 0.601018675721562,
            "f1-score": 0.6781609195402298,
            "support": 589.0
        },
        "31": {
            "precision": 0.5872193436960277,
            "recall": 0.8762886597938144,
            "f1-score": 0.703205791106515,
            "support": 388.0
        },
        "32": {
            "precision": 0.8566775244299675,
            "recall": 0.6430317848410758,
            "f1-score": 0.7346368715083799,
            "support": 409.0
        },
        "33": {
            "precision": 0.5672514619883041,
            "recall": 0.5739644970414202,
            "f1-score": 0.5705882352941176,
            "support": 507.0
        },
        "34": {
            "precision": 0.919104991394148,
            "recall": 0.9434628975265018,
            "f1-score": 0.9311246730601569,
            "support": 566.0
        },
        "35": {
            "precision": 0.36428571428571427,
            "recall": 0.09751434034416825,
            "f1-score": 0.15384615384615385,
            "support": 523.0
        },
        "36": {
            "precision": 0.9092307692307692,
            "recall": 0.9395866454689984,
            "f1-score": 0.9241594996090696,
            "support": 629.0
        },
        "37": {
            "precision": 0.6244604316546762,
            "recall": 0.8839103869653768,
            "f1-score": 0.7318718381112985,
            "support": 491.0
        },
        "38": {
            "precision": 0.4852607709750567,
            "recall": 0.8106060606060606,
            "f1-score": 0.6070921985815603,
            "support": 528.0
        },
        "39": {
            "precision": 0.6585903083700441,
            "recall": 0.5662878787878788,
            "f1-score": 0.6089613034623218,
            "support": 528.0
        },
        "40": {
            "precision": 0.7667560321715817,
            "recall": 0.727735368956743,
            "f1-score": 0.7467362924281984,
            "support": 393.0
        },
        "41": {
            "precision": 0.9285714285714286,
            "recall": 0.9538043478260869,
            "f1-score": 0.9410187667560321,
            "support": 736.0
        },