{
    "acc1": 0.697979797979798,
    "acc5": [
        0.936985236985237
    ],
    "mean_per_class_recall": 0.6935695310848583,
    "classification_report": {
        "0": {
            "precision": 0.7402135231316725,
            "recall": 0.5333333333333333,
            "f1-score": 0.6199701937406855,
            "support": 390.0
        },
        "1": {
            "precision": 0.7482638888888888,
            "recall": 0.7019543973941368,
            "f1-score": 0.7243697478991596,
            "support": 614.0
        },
        "2": {
            "precision": 0.8698884758364313,
            "recall": 0.8210526315789474,
            "f1-score": 0.8447653429602888,
            "support": 570.0
        },
        "3": {
            "precision": 0.9514237855946399,
            "recall": 0.5813715455475946,
            "f1-score": 0.7217280813214739,
            "support": 977.0
        },
        "4": {
            "precision": 0.6016,
            "recall": 0.8245614035087719,
            "f1-score": 0.6956521739130435,
            "support": 456.0
        },
        "5": {
            "precision": 0.7330960854092526,
            "recall": 0.7304964539007093,
            "f1-score": 0.7317939609236235,
            "support": 564.0
        },
        "6": {
            "precision": 0.7008547008547008,
            "recall": 0.5531197301854974,
            "f1-score": 0.6182846371347785,
            "support": 593.0
        },
        "7": {
            "precision": 0.9048473967684022,
            "recall": 0.7444608567208272,
            "f1-score": 0.8168557536466775,
            "support": 677.0
        },
        "8": {
            "precision": 0.49056603773584906,
            "recall": 0.3832923832923833,
            "f1-score": 0.4303448275862069,
            "support": 407.0
        },
        "9": {
            "precision": 0.5249679897567221,
            "recall": 0.9255079006772009,
            "f1-score": 0.6699346405228758,
            "support": 443.0
        },
        "10": {
            "precision": 0.6540284360189573,
            "recall": 0.5338491295938105,
            "f1-score": 0.5878594249201278,
            "support": 517.0
        },
        "11": {
            "precision": 0.9048582995951417,
            "recall": 0.9410526315789474,
            "f1-score": 0.9226006191950464,
            "support": 475.0
        },
        "12": {
            "precision": 0.6622222222222223,
            "recall": 0.38107416879795397,
            "f1-score": 0.4837662337662338,
            "support": 391.0
        },
        "13": {
            "precision": 0.7365967365967366,
            "recall": 0.7022222222222222,
            "f1-score": 0.7189988623435722,
            "support": 450.0
        },
        "14": {
            "precision": 0.9261992619926199,
            "recall": 0.9227941176470589,
            "f1-score": 0.9244935543278084,
            "support": 544.0
        },
        "15": {
            "precision": 0.6763005780346821,
            "recall": 0.7680525164113785,
            "f1-score": 0.7192622950819673,
            "support": 457.0
        },
        "16": {
            "precision": 0.8528481012658228,
            "recall": 0.8679549114331723,
            "f1-score": 0.8603351955307262,
            "support": 621.0
        },
        "17": {
            "precision": 0.874326750448833,
            "recall": 0.8116666666666666,
            "f1-score": 0.8418323249783924,
            "support": 600.0
        },
        "18": {
            "precision": 0.8285229202037352,
            "recall": 0.9420849420849421,
            "f1-score": 0.8816621499548328,
            "support": 518.0
        },
        "19": {
            "precision": 0.7640449438202247,
            "recall": 0.7541589648798521,
            "f1-score": 0.7590697674418605,
            "support": 541.0
        },
        "20": {
            "precision": 0.48306148055207027,
            "recall": 0.6826241134751773,
            "f1-score": 0.5657604702424688,
            "support": 564.0
        },
        "21": {
            "precision": 0.4936708860759494,
            "recall": 0.29923273657289,
            "f1-score": 0.37261146496815284,
            "support": 391.0
        },
        "22": {
            "precision": 0.7050610820244329,
            "recall": 0.6011904761904762,
            "f1-score": 0.648995983935743,
            "support": 672.0
        },
        "23": {
            "precision": 0.7385057471264368,
            "recall": 0.6441102756892231,
            "f1-score": 0.6880856760374833,
            "support": 399.0
        },
        "24": {
            "precision": 0.888268156424581,
            "recall": 0.8736263736263736,
            "f1-score": 0.8808864265927978,
            "support": 546.0
        },
        "25": {
            "precision": 0.8978978978978979,
            "recall": 0.8542857142857143,
            "f1-score": 0.8755490483162518,
            "support": 350.0
        },
        "26": {
            "precision": 0.9578163771712159,
            "recall": 0.8391304347826087,
            "f1-score": 0.8945538818076477,
            "support": 460.0
        },
        "27": {
            "precision": 0.5882352941176471,
            "recall": 0.13245033112582782,
            "f1-score": 0.21621621621621623,
            "support": 755.0
        },
        "28": {
            "precision": 0.9214814814814815,
            "recall": 0.9160530191458026,
            "f1-score": 0.9187592319054653,
            "support": 679.0
        },
        "29": {
            "precision": 0.5415430267062314,
            "recall": 0.6734317343173432,
            "f1-score": 0.600328947368421,
            "support": 542.0
        },
        "30": {
            "precision": 0.851373182552504,
            "recall": 0.831230283911672,
            "f1-score": 0.8411811652035116,
            "support": 634.0
        },
        "31": {
            "precision": 0.5444078947368421,
            "recall": 0.6073394495412844,
            "f1-score": 0.5741543798785776,
            "support": 545.0
        },
        "32": {
            "precision": 0.867862969004894,
            "recall": 0.8484848484848485,
            "f1-score": 0.8580645161290322,
            "support": 627.0
        },
        "33": {
            "precision": 0.729490022172949,
            "recall": 0.7029914529914529,
            "f1-score": 0.7159956474428727,
            "support": 468.0
        },
        "34": {
            "precision": 0.578,
            "recall": 0.7506493506493507,
            "f1-score": 0.6531073446327683,
            "support": 385.0
        },
        "35": {
            "precision": 0.743801652892562,
            "recall": 0.4712041884816754,
            "f1-score": 0.5769230769230769,
            "support": 382.0
        },
        "36": {
            "precision": 0.5311720698254364,
            "recall": 0.4819004524886878,
            "f1-score": 0.505338078291815,
            "support": 442.0
        },
        "37": {
            "precision": 0.6677215189873418,
            "recall": 0.49764150943396224,
            "f1-score": 0.5702702702702702,
            "support": 424.0
        },
        "38": {
            "precision": 0.4346590909090909,
            "recall": 0.4811320754716981,
            "f1-score": 0.45671641791044776,
            "support": 318.0
        },
        "39": {
            "precision": 0.48599670510708404,
            "recall": 0.6750572082379863,
            "f1-score": 0.5651340996168582,
            "support": 437.0
        },
        "40": {
            "precision": 0.6242236024844721,
            "recall": 0.7613636363636364,
            "f1-score": 0.6860068259385665,
            "support": 528.0
        },
        "41": {
            "precision": 0.936608557844691,
            "recall": 0.8703976435935199,
            "f1-score": 0.9022900763358779,
            "support": 679.0
        },