{
    "acc1": 0.7510731161851171,
    "acc5": [
        0.9403383472207193
    ],
    "mean_per_class_recall": 0.7488541346969861,
    "classification_report": {
        "0": {
            "precision": 0.7309160305343512,
            "recall": 0.8684807256235828,
            "f1-score": 0.7937823834196891,
            "support": 441.0
        },
        "1": {
            "precision": 0.759656652360515,
            "recall": 0.46949602122015915,
            "f1-score": 0.580327868852459,
            "support": 377.0
        },
        "2": {
            "precision": 0.6386066763425254,
            "recall": 0.8906882591093117,
            "f1-score": 0.7438715131022823,
            "support": 494.0
        },
        "3": {
            "precision": 0.8623481781376519,
            "recall": 0.9355783308931186,
            "f1-score": 0.8974719101123596,
            "support": 683.0
        },
        "4": {
            "precision": 0.8523002421307506,
            "recall": 0.8461538461538461,
            "f1-score": 0.8492159227985525,
            "support": 416.0
        },
        "5": {
            "precision": 0.9204712812960235,
            "recall": 0.9071117561683599,
            "f1-score": 0.9137426900584795,
            "support": 689.0
        },
        "6": {
            "precision": 0.6382488479262672,
            "recall": 0.7673130193905817,
            "f1-score": 0.6968553459119496,
            "support": 361.0
        },
        "7": {
            "precision": 0.9379310344827586,
            "recall": 0.9147982062780269,
            "f1-score": 0.9262202043132803,
            "support": 446.0
        },
        "8": {
            "precision": 0.8103448275862069,
            "recall": 0.5179063360881543,
            "f1-score": 0.6319327731092437,
            "support": 363.0
        },
        "9": {
            "precision": 0.702513966480447,
            "recall": 0.8672413793103448,
            "f1-score": 0.7762345679012346,
            "support": 580.0
        },
        "10": {
            "precision": 0.6421800947867299,
            "recall": 0.4378029079159935,
            "f1-score": 0.5206532180595581,
            "support": 619.0
        },
        "11": {
            "precision": 0.9039408866995073,
            "recall": 0.699047619047619,
            "f1-score": 0.7883995703544576,
            "support": 525.0
        },
        "12": {
            "precision": 0.6705107084019769,
            "recall": 0.7796934865900383,
            "f1-score": 0.7209920283436669,
            "support": 522.0
        },
        "13": {
            "precision": 0.7212317666126418,
            "recall": 0.8742632612966601,
            "f1-score": 0.7904085257548845,
            "support": 509.0
        },
        "14": {
            "precision": 0.8735763097949886,
            "recall": 0.8826237054085155,
            "f1-score": 0.8780767029192902,
            "support": 869.0
        },
        "15": {
            "precision": 0.5326842837273992,
            "recall": 0.6268412438625205,
            "f1-score": 0.5759398496240602,
            "support": 611.0
        },
        "16": {
            "precision": 0.6844319775596073,
            "recall": 0.7660910518053375,
            "f1-score": 0.7229629629629629,
            "support": 637.0
        },
        "17": {
            "precision": 0.7733990147783252,
            "recall": 0.6661951909476662,
            "f1-score": 0.71580547112462,
            "support": 707.0
        },
        "18": {
            "precision": 0.9291882556131261,
            "recall": 0.9072512647554806,
            "f1-score": 0.9180887372013652,
            "support": 593.0
        },
        "19": {
            "precision": 0.6975717439293598,
            "recall": 0.9266862170087976,
            "f1-score": 0.7959697732997482,
            "support": 341.0
        },
        "20": {
            "precision": 0.6780575539568345,
            "recall": 0.6805054151624549,
            "f1-score": 0.6792792792792792,
            "support": 554.0
        },
        "21": {
            "precision": 0.8909853249475891,
            "recall": 0.700164744645799,
            "f1-score": 0.7841328413284133,
            "support": 607.0
        },
        "22": {
            "precision": 0.6835699797160243,
            "recall": 0.5954063604240283,
            "f1-score": 0.6364494806421152,
            "support": 566.0
        },
        "23": {
            "precision": 0.8947368421052632,
            "recall": 0.8127490039840638,
            "f1-score": 0.8517745302713987,
            "support": 753.0
        },
        "24": {
            "precision": 0.7159235668789808,
            "recall": 0.7971631205673759,
            "f1-score": 0.7543624161073825,
            "support": 705.0
        },
        "25": {
            "precision": 0.8392036753445635,
            "recall": 0.8496124031007752,
            "f1-score": 0.8443759630200308,
            "support": 645.0
        },
        "26": {
            "precision": 0.8885542168674698,
            "recall": 0.8240223463687151,
            "f1-score": 0.855072463768116,
            "support": 716.0
        },
        "27": {
            "precision": 0.8885714285714286,
            "recall": 0.8405405405405405,
            "f1-score": 0.8638888888888889,
            "support": 370.0
        },
        "28": {
            "precision": 0.6252847380410023,
            "recall": 0.6019736842105263,
            "f1-score": 0.6134078212290502,
            "support": 912.0
        },
        "29": {
            "precision": 0.5126903553299492,
            "recall": 0.8329896907216495,
            "f1-score": 0.6347211311861743,
            "support": 485.0
        },
        "30": {
            "precision": 0.7720739219712526,
            "recall": 0.6383701188455009,
            "f1-score": 0.6988847583643123,
            "support": 589.0
        },
        "31": {
            "precision": 0.6092362344582594,
            "recall": 0.884020618556701,
            "f1-score": 0.7213459516298633,
            "support": 388.0
        },
        "32": {
            "precision": 0.834375,
            "recall": 0.6528117359413202,
            "f1-score": 0.7325102880658436,
            "support": 409.0
        },
        "33": {
            "precision": 0.6134259259259259,
            "recall": 0.5226824457593688,
            "f1-score": 0.564430244941427,
            "support": 507.0
        },
        "34": {
            "precision": 0.9241379310344827,
            "recall": 0.9469964664310954,
            "f1-score": 0.9354275741710296,
            "support": 566.0
        },
        "35": {
            "precision": 0.3854748603351955,
            "recall": 0.13193116634799235,
            "f1-score": 0.19658119658119658,
            "support": 523.0
        },
        "36": {
            "precision": 0.8953662182361734,
            "recall": 0.9523052464228935,
            "f1-score": 0.9229583975346687,
            "support": 629.0
        },
        "37": {
            "precision": 0.6692307692307692,
            "recall": 0.8859470468431772,
            "f1-score": 0.7624890446976337,
            "support": 491.0
        },
        "38": {
            "precision": 0.47572815533980584,
            "recall": 0.8352272727272727,
            "f1-score": 0.6061855670103092,
            "support": 528.0
        },
        "39": {
            "precision": 0.723404255319149,
            "recall": 0.5151515151515151,
            "f1-score": 0.6017699115044248,
            "support": 528.0
        },
        "40": {
            "precision": 0.8338461538461538,
            "recall": 0.6895674300254453,
            "f1-score": 0.754874651810585,
            "support": 393.0
        },
        "41": {
            "precision": 0.9285714285714286,
            "recall": 0.9538043478260869,
            "f1-score": 0.9410187667560321,
            "support": 736.0
        },