{
    "acc1": 0.7003496503496504,
    "acc5": [
        0.9379176379176379
    ],
    "mean_per_class_recall": 0.7019681355999035,
    "classification_report": {
        "0": {
            "precision": 0.710691823899371,
            "recall": 0.5794871794871795,
            "f1-score": 0.6384180790960452,
            "support": 390.0
        },
        "1": {
            "precision": 0.7482142857142857,
            "recall": 0.6824104234527687,
            "f1-score": 0.7137989778534923,
            "support": 614.0
        },
        "2": {
            "precision": 0.8775510204081632,
            "recall": 0.8298245614035088,
            "f1-score": 0.8530207394048692,
            "support": 570.0
        },
        "3": {
            "precision": 0.9641434262948207,
            "recall": 0.4953940634595701,
            "f1-score": 0.6544962812711291,
            "support": 977.0
        },
        "4": {
            "precision": 0.6044303797468354,
            "recall": 0.8377192982456141,
            "f1-score": 0.7022058823529411,
            "support": 456.0
        },
        "5": {
            "precision": 0.7905138339920948,
            "recall": 0.7092198581560284,
            "f1-score": 0.7476635514018691,
            "support": 564.0
        },
        "6": {
            "precision": 0.7597765363128491,
            "recall": 0.45868465430016864,
            "f1-score": 0.5720294426919033,
            "support": 593.0
        },
        "7": {
            "precision": 0.8981818181818182,
            "recall": 0.7296898079763663,
            "f1-score": 0.8052159739201304,
            "support": 677.0
        },
        "8": {
            "precision": 0.5469387755102041,
            "recall": 0.32923832923832924,
            "f1-score": 0.4110429447852761,
            "support": 407.0
        },
        "9": {
            "precision": 0.5929721815519766,
            "recall": 0.9142212189616253,
            "f1-score": 0.7193605683836589,
            "support": 443.0
        },
        "10": {
            "precision": 0.7111716621253406,
            "recall": 0.504835589941973,
            "f1-score": 0.5904977375565611,
            "support": 517.0
        },
        "11": {
            "precision": 0.9068825910931174,
            "recall": 0.9431578947368421,
            "f1-score": 0.9246646026831785,
            "support": 475.0
        },
        "12": {
            "precision": 0.6575682382133995,
            "recall": 0.6777493606138107,
            "f1-score": 0.6675062972292192,
            "support": 391.0
        },
        "13": {
            "precision": 0.7570754716981132,
            "recall": 0.7133333333333334,
            "f1-score": 0.7345537757437071,
            "support": 450.0
        },
        "14": {
            "precision": 0.9113924050632911,
            "recall": 0.9264705882352942,
            "f1-score": 0.918869644484959,
            "support": 544.0
        },
        "15": {
            "precision": 0.6973684210526315,
            "recall": 0.811816192560175,
            "f1-score": 0.750252780586451,
            "support": 457.0
        },
        "16": {
            "precision": 0.9053356282271945,
            "recall": 0.8470209339774557,
            "f1-score": 0.8752079866888519,
            "support": 621.0
        },
        "17": {
            "precision": 0.864957264957265,
            "recall": 0.8433333333333334,
            "f1-score": 0.8540084388185654,
            "support": 600.0
        },
        "18": {
            "precision": 0.7267441860465116,
            "recall": 0.9652509652509652,
            "f1-score": 0.8291873963515755,
            "support": 518.0
        },
        "19": {
            "precision": 0.7673545966228893,
            "recall": 0.756007393715342,
            "f1-score": 0.7616387337057728,
            "support": 541.0
        },
        "20": {
            "precision": 0.4980443285528031,
            "recall": 0.6773049645390071,
            "f1-score": 0.5740045078888054,
            "support": 564.0
        },
        "21": {
            "precision": 0.6359223300970874,
            "recall": 0.3350383631713555,
            "f1-score": 0.4388609715242881,
            "support": 391.0
        },
        "22": {
            "precision": 0.7515657620041754,
            "recall": 0.5357142857142857,
            "f1-score": 0.6255430060816681,
            "support": 672.0
        },
        "23": {
            "precision": 0.7724550898203593,
            "recall": 0.6466165413533834,
            "f1-score": 0.703956343792633,
            "support": 399.0
        },
        "24": {
            "precision": 0.8727272727272727,
            "recall": 0.8791208791208791,
            "f1-score": 0.8759124087591241,
            "support": 546.0
        },
        "25": {
            "precision": 0.8875739644970414,
            "recall": 0.8571428571428571,
            "f1-score": 0.872093023255814,
            "support": 350.0
        },
        "26": {
            "precision": 0.9386792452830188,
            "recall": 0.8652173913043478,
            "f1-score": 0.9004524886877828,
            "support": 460.0
        },
        "27": {
            "precision": 0.6079545454545454,
            "recall": 0.14172185430463577,
            "f1-score": 0.22986036519871106,
            "support": 755.0
        },
        "28": {
            "precision": 0.9219440353460973,
            "recall": 0.9219440353460973,
            "f1-score": 0.9219440353460973,
            "support": 679.0
        },
        "29": {
            "precision": 0.5119047619047619,
            "recall": 0.7140221402214022,
            "f1-score": 0.5963020030816641,
            "support": 542.0
        },
        "30": {
            "precision": 0.8458574181117534,
            "recall": 0.692429022082019,
            "f1-score": 0.7614917606244579,
            "support": 634.0
        },
        "31": {
            "precision": 0.4695035460992908,
            "recall": 0.6073394495412844,
            "f1-score": 0.5296,
            "support": 545.0
        },
        "32": {
            "precision": 0.8609794628751974,
            "recall": 0.8692185007974481,
            "f1-score": 0.8650793650793651,
            "support": 627.0
        },
        "33": {
            "precision": 0.6563071297989032,
            "recall": 0.7670940170940171,
            "f1-score": 0.7073891625615764,
            "support": 468.0
        },
        "34": {
            "precision": 0.535042735042735,
            "recall": 0.812987012987013,
            "f1-score": 0.6453608247422681,
            "support": 385.0
        },
        "35": {
            "precision": 0.7450980392156863,
            "recall": 0.4973821989528796,
            "f1-score": 0.5965463108320251,
            "support": 382.0
        },
        "36": {
            "precision": 0.6075268817204301,
            "recall": 0.5113122171945701,
            "f1-score": 0.5552825552825553,
            "support": 442.0
        },
        "37": {
            "precision": 0.6409691629955947,
            "recall": 0.6863207547169812,
            "f1-score": 0.662870159453303,
            "support": 424.0
        },
        "38": {
            "precision": 0.49517684887459806,
            "recall": 0.48427672955974843,
            "f1-score": 0.48966613672496023,
            "support": 318.0
        },
        "39": {
            "precision": 0.43564356435643564,
            "recall": 0.7048054919908466,
            "f1-score": 0.5384615384615384,
            "support": 437.0
        },
        "40": {
            "precision": 0.597997138769671,
            "recall": 0.7916666666666666,
            "f1-score": 0.6813365933170334,
            "support": 528.0
        },
        "41": {
            "precision": 0.90625,
            "recall": 0.8969072164948454,
            "f1-score": 0.9015544041450777,
            "support": 679.0
        },