{
    "acc1": 0.7418477275200406,
    "acc5": [
        0.9363052704124197
    ],
    "mean_per_class_recall": 0.7309429133260561,
    "classification_report": {
        "0": {
            "precision": 0.21875,
            "recall": 0.0549738219895288,
            "f1-score": 0.08786610878661087,
            "support": 382.0
        },
        "1": {
            "precision": 0.5007320644216691,
            "recall": 0.5525040387722132,
            "f1-score": 0.5253456221198156,
            "support": 619.0
        },
        "2": {
            "precision": 0.7566539923954373,
            "recall": 0.9212962962962963,
            "f1-score": 0.8308977035490606,
            "support": 432.0
        },
        "3": {
            "precision": 0.8836265223274695,
            "recall": 0.9560761346998536,
            "f1-score": 0.9184247538677919,
            "support": 683.0
        },
        "4": {
            "precision": 0.9586092715231788,
            "recall": 0.8514705882352941,
            "f1-score": 0.9018691588785047,
            "support": 680.0
        },
        "5": {
            "precision": 0.8600682593856656,
            "recall": 0.5806451612903226,
            "f1-score": 0.6932599724896836,
            "support": 434.0
        },
        "6": {
            "precision": 0.7224334600760456,
            "recall": 0.9026128266033254,
            "f1-score": 0.8025343189017952,
            "support": 421.0
        },
        "7": {
            "precision": 0.4052132701421801,
            "recall": 0.39767441860465114,
            "f1-score": 0.4014084507042254,
            "support": 430.0
        },
        "8": {
            "precision": 0.8497109826589595,
            "recall": 0.8873239436619719,
            "f1-score": 0.8681102362204725,
            "support": 497.0
        },
        "9": {
            "precision": 0.7625418060200669,
            "recall": 0.5968586387434555,
            "f1-score": 0.6696035242290749,
            "support": 382.0
        },
        "10": {
            "precision": 0.8883720930232558,
            "recall": 0.854586129753915,
            "f1-score": 0.87115165336374,
            "support": 447.0
        },
        "11": {
            "precision": 0.8322295805739515,
            "recall": 0.9150485436893204,
            "f1-score": 0.8716763005780347,
            "support": 412.0
        },
        "12": {
            "precision": 0.46776232616940583,
            "recall": 0.6618962432915921,
            "f1-score": 0.5481481481481482,
            "support": 559.0
        },
        "13": {
            "precision": 0.59375,
            "recall": 0.6503667481662592,
            "f1-score": 0.6207701283547258,
            "support": 409.0
        },
        "14": {
            "precision": 0.9636752136752137,
            "recall": 0.8639846743295019,
            "f1-score": 0.9111111111111111,
            "support": 522.0
        },
        "15": {
            "precision": 0.6234458259325044,
            "recall": 0.6440366972477064,
            "f1-score": 0.6335740072202166,
            "support": 545.0
        },
        "16": {
            "precision": 0.6170212765957447,
            "recall": 0.4793388429752066,
            "f1-score": 0.5395348837209303,
            "support": 363.0
        },
        "17": {
            "precision": 0.3918525703200776,
            "recall": 0.7100175746924429,
            "f1-score": 0.505,
            "support": 569.0
        },
        "18": {
            "precision": 0.6003210272873194,
            "recall": 0.722007722007722,
            "f1-score": 0.6555652936021035,
            "support": 518.0
        },
        "19": {
            "precision": 0.7351778656126482,
            "recall": 0.8211920529801324,
            "f1-score": 0.7758081334723671,
            "support": 453.0
        },
        "20": {
            "precision": 0.8862433862433863,
            "recall": 0.8481012658227848,
            "f1-score": 0.8667529107373868,
            "support": 395.0
        },
        "21": {
            "precision": 0.6795069337442219,
            "recall": 0.7159090909090909,
            "f1-score": 0.6972332015810276,
            "support": 616.0
        },
        "22": {
            "precision": 0.7961672473867596,
            "recall": 0.8526119402985075,
            "f1-score": 0.8234234234234235,
            "support": 536.0
        },
        "23": {
            "precision": 0.8909090909090909,
            "recall": 0.9285714285714286,
            "f1-score": 0.9093504639543183,
            "support": 686.0
        },
        "24": {
            "precision": 0.811284046692607,
            "recall": 0.954233409610984,
            "f1-score": 0.8769716088328076,
            "support": 437.0
        },
        "25": {
            "precision": 0.5470588235294118,
            "recall": 0.5688073394495413,
            "f1-score": 0.5577211394302849,
            "support": 654.0
        },
        "26": {
            "precision": 0.8878116343490304,
            "recall": 0.924963924963925,
            "f1-score": 0.9060070671378092,
            "support": 693.0
        },
        "27": {
            "precision": 0.627906976744186,
            "recall": 0.6483050847457628,
            "f1-score": 0.6379430159833217,
            "support": 708.0
        },
        "28": {
            "precision": 0.7746741154562383,
            "recall": 0.8721174004192872,
            "f1-score": 0.8205128205128205,
            "support": 477.0
        },
        "29": {
            "precision": 0.8814968814968815,
            "recall": 0.75177304964539,
            "f1-score": 0.8114832535885167,
            "support": 564.0
        },
        "30": {
            "precision": 0.571900826446281,
            "recall": 0.5996533795493935,
            "f1-score": 0.5854483925549916,
            "support": 577.0
        },
        "31": {
            "precision": 0.5883333333333334,
            "recall": 0.7494692144373672,
            "f1-score": 0.6591970121381886,
            "support": 471.0
        },
        "32": {
            "precision": 0.8341645885286783,
            "recall": 0.8148599269183922,
            "f1-score": 0.8243992606284658,
            "support": 821.0
        },
        "33": {
            "precision": 0.8354430379746836,
            "recall": 0.7031963470319634,
            "f1-score": 0.7636363636363637,
            "support": 657.0
        },
        "34": {
            "precision": 0.8737060041407867,
            "recall": 0.7617328519855595,
            "f1-score": 0.8138862102217936,
            "support": 554.0
        },
        "35": {
            "precision": 0.8088495575221238,
            "recall": 0.7335473515248796,
            "f1-score": 0.7693602693602694,
            "support": 623.0
        },
        "36": {
            "precision": 0.7869634340222575,
            "recall": 0.7421289355322339,
            "f1-score": 0.7638888888888888,
            "support": 667.0
        },
        "37": {
            "precision": 0.9285714285714286,
            "recall": 0.8979591836734694,
            "f1-score": 0.9130087789305666,
            "support": 637.0
        },
        "38": {
            "precision": 0.8672839506172839,
            "recall": 0.9656357388316151,
            "f1-score": 0.9138211382113821,
            "support": 582.0
        },
        "39": {
            "precision": 0.8880597014925373,
            "recall": 0.7402799377916018,
            "f1-score": 0.8074639525021204,
            "support": 643.0
        },
        "40": {
            "precision": 0.757455268389662,
            "recall": 0.5897832817337462,
            "f1-score": 0.6631853785900783,
            "support": 646.0
        },
        "41": {
            "precision": 0.8391866913123844,
            "recall": 0.850187265917603,
            "f1-score": 0.8446511627906976,
            "support": 534.0
        },