{
    "acc1": 0.7431374670850918,
    "acc5": [
        0.9415286945857231
    ],
    "mean_per_class_recall": 0.7460430714813434,
    "classification_report": {
        "0": {
            "precision": 0.7597402597402597,
            "recall": 0.7959183673469388,
            "f1-score": 0.7774086378737541,
            "support": 441.0
        },
        "1": {
            "precision": 0.8240740740740741,
            "recall": 0.47214854111405835,
            "f1-score": 0.6003372681281619,
            "support": 377.0
        },
        "2": {
            "precision": 0.7077702702702703,
            "recall": 0.8481781376518218,
            "f1-score": 0.7716390423572744,
            "support": 494.0
        },
        "3": {
            "precision": 0.940387481371088,
            "recall": 0.9238653001464129,
            "f1-score": 0.9320531757754801,
            "support": 683.0
        },
        "4": {
            "precision": 0.8495145631067961,
            "recall": 0.8413461538461539,
            "f1-score": 0.8454106280193237,
            "support": 416.0
        },
        "5": {
            "precision": 0.9177679882525698,
            "recall": 0.9071117561683599,
            "f1-score": 0.9124087591240876,
            "support": 689.0
        },
        "6": {
            "precision": 0.5899581589958159,
            "recall": 0.7811634349030471,
            "f1-score": 0.6722288438617402,
            "support": 361.0
        },
        "7": {
            "precision": 0.9337899543378996,
            "recall": 0.9170403587443946,
            "f1-score": 0.9253393665158371,
            "support": 446.0
        },
        "8": {
            "precision": 0.7725752508361204,
            "recall": 0.6363636363636364,
            "f1-score": 0.6978851963746223,
            "support": 363.0
        },
        "9": {
            "precision": 0.7129337539432177,
            "recall": 0.7793103448275862,
            "f1-score": 0.7446457990115322,
            "support": 580.0
        },
        "10": {
            "precision": 0.6351351351351351,
            "recall": 0.4555735056542811,
            "f1-score": 0.5305738476011289,
            "support": 619.0
        },
        "11": {
            "precision": 0.9204244031830239,
            "recall": 0.660952380952381,
            "f1-score": 0.7694013303769401,
            "support": 525.0
        },
        "12": {
            "precision": 0.6693679092382496,
            "recall": 0.7911877394636015,
            "f1-score": 0.7251975417032485,
            "support": 522.0
        },
        "13": {
            "precision": 0.8072289156626506,
            "recall": 0.7897838899803536,
            "f1-score": 0.7984111221449851,
            "support": 509.0
        },
        "14": {
            "precision": 0.8615725359911407,
            "recall": 0.8952819332566168,
            "f1-score": 0.8781038374717833,
            "support": 869.0
        },
        "15": {
            "precision": 0.3795830337886413,
            "recall": 0.8641571194762684,
            "f1-score": 0.5274725274725275,
            "support": 611.0
        },
        "16": {
            "precision": 0.6358173076923077,
            "recall": 0.8304552590266876,
            "f1-score": 0.720217835262083,
            "support": 637.0
        },
        "17": {
            "precision": 0.7115942028985507,
            "recall": 0.6944837340876945,
            "f1-score": 0.7029348604151754,
            "support": 707.0
        },
        "18": {
            "precision": 0.927710843373494,
            "recall": 0.9089376053962901,
            "f1-score": 0.9182282793867121,
            "support": 593.0
        },
        "19": {
            "precision": 0.660455486542443,
            "recall": 0.9354838709677419,
            "f1-score": 0.7742718446601942,
            "support": 341.0
        },
        "20": {
            "precision": 0.6793587174348698,
            "recall": 0.6119133574007221,
            "f1-score": 0.6438746438746439,
            "support": 554.0
        },
        "21": {
            "precision": 0.9092827004219409,
            "recall": 0.7100494233937397,
            "f1-score": 0.7974098057354302,
            "support": 607.0
        },
        "22": {
            "precision": 0.7037861915367484,
            "recall": 0.558303886925795,
            "f1-score": 0.6226600985221675,
            "support": 566.0
        },
        "23": {
            "precision": 0.8866571018651362,
            "recall": 0.8207171314741036,
            "f1-score": 0.8524137931034482,
            "support": 753.0
        },
        "24": {
            "precision": 0.7202185792349727,
            "recall": 0.9347517730496454,
            "f1-score": 0.8135802469135802,
            "support": 705.0
        },
        "25": {
            "precision": 0.8743882544861338,
            "recall": 0.8310077519379845,
            "f1-score": 0.8521462639109698,
            "support": 645.0
        },
        "26": {
            "precision": 0.9006211180124224,
            "recall": 0.8100558659217877,
            "f1-score": 0.8529411764705882,
            "support": 716.0
        },
        "27": {
            "precision": 0.884180790960452,
            "recall": 0.845945945945946,
            "f1-score": 0.8646408839779005,
            "support": 370.0
        },
        "28": {
            "precision": 0.7540983606557377,
            "recall": 0.20175438596491227,
            "f1-score": 0.31833910034602075,
            "support": 912.0
        },
        "29": {
            "precision": 0.5445816186556928,
            "recall": 0.8185567010309278,
            "f1-score": 0.6540362438220758,
            "support": 485.0
        },
        "30": {
            "precision": 0.8363636363636363,
            "recall": 0.5466893039049237,
            "f1-score": 0.6611909650924025,
            "support": 589.0
        },
        "31": {
            "precision": 0.6006768189509306,
            "recall": 0.9149484536082474,
            "f1-score": 0.7252298263534218,
            "support": 388.0
        },
        "32": {
            "precision": 0.8197674418604651,
            "recall": 0.6894865525672371,
            "f1-score": 0.749003984063745,
            "support": 409.0
        },
        "33": {
            "precision": 0.6923076923076923,
            "recall": 0.3905325443786982,
            "f1-score": 0.49936948297604034,
            "support": 507.0
        },
        "34": {
            "precision": 0.9222797927461139,
            "recall": 0.9434628975265018,
            "f1-score": 0.9327510917030568,
            "support": 566.0
        },
        "35": {
            "precision": 0.4246031746031746,
            "recall": 0.2045889101338432,
            "f1-score": 0.2761290322580645,
            "support": 523.0
        },
        "36": {
            "precision": 0.8931750741839762,
            "recall": 0.9570747217806042,
            "f1-score": 0.9240214888718342,
            "support": 629.0
        },
        "37": {
            "precision": 0.7177280550774526,
            "recall": 0.8492871690427699,
            "f1-score": 0.7779850746268657,
            "support": 491.0
        },
        "38": {
            "precision": 0.440337909186906,
            "recall": 0.7897727272727273,
            "f1-score": 0.5654237288135593,
            "support": 528.0
        },
        "39": {
            "precision": 0.7595628415300546,
            "recall": 0.5265151515151515,
            "f1-score": 0.6219239373601789,
            "support": 528.0
        },
        "40": {
            "precision": 0.7551020408163265,
            "recall": 0.7531806615776081,
            "f1-score": 0.7541401273885351,
            "support": 393.0
        },
        "41": {
            "precision": 0.9392712550607287,
            "recall": 0.9456521739130435,
            "f1-score": 0.942450914014895,
            "support": 736.0
        },