{
    "acc1": 0.6957829116244958,
    "acc5": [
        0.9275760909424275
    ],
    "mean_per_class_recall": 0.6877715826619435,
    "classification_report": {
        "0": {
            "precision": 0.9059233449477352,
            "recall": 0.840064620355412,
            "f1-score": 0.8717518860016764,
            "support": 619.0
        },
        "1": {
            "precision": 0.8,
            "recall": 0.9160997732426304,
            "f1-score": 0.854122621564482,
            "support": 441.0
        },
        "2": {
            "precision": 0.825,
            "recall": 0.5900962861072903,
            "f1-score": 0.6880513231756215,
            "support": 727.0
        },
        "3": {
            "precision": 0.6391509433962265,
            "recall": 0.5904139433551199,
            "f1-score": 0.6138165345413363,
            "support": 459.0
        },
        "4": {
            "precision": 0.6503496503496503,
            "recall": 0.8454545454545455,
            "f1-score": 0.7351778656126482,
            "support": 440.0
        },
        "5": {
            "precision": 0.9736540664375716,
            "recall": 0.9239130434782609,
            "f1-score": 0.9481316229782487,
            "support": 920.0
        },
        "6": {
            "precision": 0.5599078341013825,
            "recall": 0.44587155963302755,
            "f1-score": 0.4964249233912155,
            "support": 545.0
        },
        "7": {
            "precision": 0.3538681948424069,
            "recall": 0.5501113585746102,
            "f1-score": 0.4306887532693984,
            "support": 449.0
        },
        "8": {
            "precision": 0.5796610169491525,
            "recall": 0.8260869565217391,
            "f1-score": 0.6812749003984063,
            "support": 414.0
        },
        "9": {
            "precision": 0.8059701492537313,
            "recall": 0.32142857142857145,
            "f1-score": 0.4595744680851064,
            "support": 336.0
        },
        "10": {
            "precision": 0.7522281639928698,
            "recall": 0.6719745222929936,
            "f1-score": 0.7098402018502944,
            "support": 628.0
        },
        "11": {
            "precision": 0.7687338501291989,
            "recall": 0.74375,
            "f1-score": 0.7560355781448539,
            "support": 800.0
        },
        "12": {
            "precision": 0.9263351749539595,
            "recall": 0.8855633802816901,
            "f1-score": 0.9054905490549054,
            "support": 568.0
        },
        "13": {
            "precision": 0.6375,
            "recall": 0.6115107913669064,
            "f1-score": 0.6242350061199511,
            "support": 417.0
        },
        "14": {
            "precision": 0.7359154929577465,
            "recall": 0.7001675041876047,
            "f1-score": 0.7175965665236052,
            "support": 597.0
        },
        "15": {
            "precision": 0.5,
            "recall": 0.4498714652956298,
            "f1-score": 0.4736129905277402,
            "support": 389.0
        },
        "16": {
            "precision": 0.5403726708074534,
            "recall": 0.5392561983471075,
            "f1-score": 0.5398138572905895,
            "support": 484.0
        },
        "17": {
            "precision": 0.8662790697674418,
            "recall": 0.7602040816326531,
            "f1-score": 0.8097826086956522,
            "support": 392.0
        },
        "18": {
            "precision": 0.6,
            "recall": 0.07692307692307693,
            "f1-score": 0.13636363636363635,
            "support": 390.0
        },
        "19": {
            "precision": 0.8215102974828375,
            "recall": 0.8864197530864197,
            "f1-score": 0.8527315914489311,
            "support": 405.0
        },
        "20": {
            "precision": 0.34120171673819744,
            "recall": 0.8641304347826086,
            "f1-score": 0.48923076923076925,
            "support": 368.0
        },
        "21": {
            "precision": 0.8757396449704142,
            "recall": 0.669683257918552,
            "f1-score": 0.7589743589743589,
            "support": 442.0
        },
        "22": {
            "precision": 0.8940298507462686,
            "recall": 0.7933774834437086,
            "f1-score": 0.840701754385965,
            "support": 755.0
        },
        "23": {
            "precision": 0.8122743682310469,
            "recall": 0.582901554404145,
            "f1-score": 0.6787330316742082,
            "support": 386.0
        },
        "24": {
            "precision": 0.8434343434343434,
            "recall": 0.8166259168704156,
            "f1-score": 0.8298136645962733,
            "support": 409.0
        },
        "25": {
            "precision": 0.4666666666666667,
            "recall": 0.6521739130434783,
            "f1-score": 0.5440414507772021,
            "support": 483.0
        },
        "26": {
            "precision": 0.7937649880095923,
            "recall": 0.48533724340175954,
            "f1-score": 0.6023657870791629,
            "support": 682.0
        },
        "27": {
            "precision": 0.928709055876686,
            "recall": 0.7914614121510674,
            "f1-score": 0.8546099290780141,
            "support": 609.0
        },
        "28": {
            "precision": 0.634765625,
            "recall": 0.8104738154613467,
            "f1-score": 0.7119386637458927,
            "support": 401.0
        },
        "29": {
            "precision": 0.8128571428571428,
            "recall": 0.9147909967845659,
            "f1-score": 0.8608169440242057,
            "support": 622.0
        },
        "30": {
            "precision": 0.9900199600798403,
            "recall": 0.7774294670846394,
            "f1-score": 0.8709394205443372,
            "support": 638.0
        },
        "31": {
            "precision": 0.7101449275362319,
            "recall": 0.08703374777975133,
            "f1-score": 0.1550632911392405,
            "support": 563.0
        },
        "32": {
            "precision": 0.382089552238806,
            "recall": 0.8571428571428571,
            "f1-score": 0.52856159669649,
            "support": 448.0
        },
        "33": {
            "precision": 0.7625786163522013,
            "recall": 0.6928571428571428,
            "f1-score": 0.7260479041916168,
            "support": 700.0
        },
        "34": {
            "precision": 0.5559440559440559,
            "recall": 0.8502673796791443,
            "f1-score": 0.6723044397463002,
            "support": 374.0
        },
        "35": {
            "precision": 0.36716791979949875,
            "recall": 0.7043269230769231,
            "f1-score": 0.4827018121911038,
            "support": 416.0
        },
        "36": {
            "precision": 0.6924493554327809,
            "recall": 0.7401574803149606,
            "f1-score": 0.7155090390104663,
            "support": 508.0
        },
        "37": {
            "precision": 0.8449612403100775,
            "recall": 0.6976,
            "f1-score": 0.7642418930762489,
            "support": 625.0
        },
        "38": {
            "precision": 0.9123711340206185,
            "recall": 0.9398230088495575,
            "f1-score": 0.925893635571055,
            "support": 565.0
        },
        "39": {
            "precision": 0.6128078817733991,
            "recall": 0.8936781609195402,
            "f1-score": 0.7270601987142022,
            "support": 696.0
        },
        "40": {
            "precision": 0.5454545454545454,
            "recall": 0.015544041450777202,
            "f1-score": 0.030226700251889168,
            "support": 386.0
        },
        "41": {
            "precision": 0.4970896391152503,
            "recall": 0.7188552188552189,
            "f1-score": 0.5877494838265658,
            "support": 594.0
        },
        "42": {
            "precision": 0.4075342465753425,