{
    "acc1": 0.612937062937063,
    "acc5": [
        0.8895881895881896
    ],
    "mean_per_class_recall": 0.6054906026969319,
    "classification_report": {
        "0": {
            "precision": 0.4456140350877193,
            "recall": 0.6512820512820513,
            "f1-score": 0.5291666666666667,
            "support": 390.0
        },
        "1": {
            "precision": 0.42883211678832117,
            "recall": 0.7654723127035831,
            "f1-score": 0.5497076023391813,
            "support": 614.0
        },
        "2": {
            "precision": 0.8918918918918919,
            "recall": 0.7526315789473684,
            "f1-score": 0.8163653663177926,
            "support": 570.0
        },
        "3": {
            "precision": 0.9291553133514986,
            "recall": 0.6980552712384852,
            "f1-score": 0.7971946230274694,
            "support": 977.0
        },
        "4": {
            "precision": 0.48184019370460046,
            "recall": 0.8728070175438597,
            "f1-score": 0.6209048361934477,
            "support": 456.0
        },
        "5": {
            "precision": 0.5658119658119658,
            "recall": 0.5868794326241135,
            "f1-score": 0.5761531766753699,
            "support": 564.0
        },
        "6": {
            "precision": 0.6713615023474179,
            "recall": 0.2411467116357504,
            "f1-score": 0.3548387096774194,
            "support": 593.0
        },
        "7": {
            "precision": 0.8644688644688645,
            "recall": 0.6971935007385525,
            "f1-score": 0.7718724448078496,
            "support": 677.0
        },
        "8": {
            "precision": 0.4555160142348754,
            "recall": 0.3144963144963145,
            "f1-score": 0.37209302325581395,
            "support": 407.0
        },
        "9": {
            "precision": 0.3610341643582641,
            "recall": 0.8826185101580135,
            "f1-score": 0.5124508519003932,
            "support": 443.0
        },
        "10": {
            "precision": 0.5523385300668151,
            "recall": 0.4796905222437137,
            "f1-score": 0.5134575569358178,
            "support": 517.0
        },
        "11": {
            "precision": 0.8879668049792531,
            "recall": 0.9010526315789473,
            "f1-score": 0.8944618599791013,
            "support": 475.0
        },
        "12": {
            "precision": 0.9555555555555556,
            "recall": 0.10997442455242967,
            "f1-score": 0.19724770642201836,
            "support": 391.0
        },
        "13": {
            "precision": 0.6168582375478927,
            "recall": 0.7155555555555555,
            "f1-score": 0.6625514403292181,
            "support": 450.0
        },
        "14": {
            "precision": 0.9044943820224719,
            "recall": 0.8878676470588235,
            "f1-score": 0.8961038961038961,
            "support": 544.0
        },
        "15": {
            "precision": 0.3735408560311284,
            "recall": 0.4201312910284464,
            "f1-score": 0.39546858908341914,
            "support": 457.0
        },
        "16": {
            "precision": 0.9068100358422939,
            "recall": 0.8148148148148148,
            "f1-score": 0.8583545377438507,
            "support": 621.0
        },
        "17": {
            "precision": 0.5532786885245902,
            "recall": 0.225,
            "f1-score": 0.31990521327014215,
            "support": 600.0
        },
        "18": {
            "precision": 0.7694753577106518,
            "recall": 0.9343629343629344,
            "f1-score": 0.8439407149084568,
            "support": 518.0
        },
        "19": {
            "precision": 0.6797020484171322,
            "recall": 0.6746765249537893,
            "f1-score": 0.6771799628942486,
            "support": 541.0
        },
        "20": {
            "precision": 0.4619625137816979,
            "recall": 0.7429078014184397,
            "f1-score": 0.5696804894629504,
            "support": 564.0
        },
        "21": {
            "precision": 0.5634328358208955,
            "recall": 0.38618925831202044,
            "f1-score": 0.4582701062215478,
            "support": 391.0
        },
        "22": {
            "precision": 0.7372654155495979,
            "recall": 0.40922619047619047,
            "f1-score": 0.5263157894736842,
            "support": 672.0
        },
        "23": {
            "precision": 0.7133105802047781,
            "recall": 0.5238095238095238,
            "f1-score": 0.6040462427745664,
            "support": 399.0
        },
        "24": {
            "precision": 0.8271186440677966,
            "recall": 0.8937728937728938,
            "f1-score": 0.8591549295774648,
            "support": 546.0
        },
        "25": {
            "precision": 0.9039735099337748,
            "recall": 0.78,
            "f1-score": 0.8374233128834356,
            "support": 350.0
        },
        "26": {
            "precision": 0.8861607142857143,
            "recall": 0.8630434782608696,
            "f1-score": 0.8744493392070485,
            "support": 460.0
        },
        "27": {
            "precision": 0.6666666666666666,
            "recall": 0.07417218543046358,
            "f1-score": 0.133492252681764,
            "support": 755.0
        },
        "28": {
            "precision": 0.8760563380281691,
            "recall": 0.9160530191458026,
            "f1-score": 0.8956083513318934,
            "support": 679.0
        },
        "29": {
            "precision": 0.4050802139037433,
            "recall": 0.559040590405904,
            "f1-score": 0.4697674418604651,
            "support": 542.0
        },
        "30": {
            "precision": 0.8528864059590316,
            "recall": 0.722397476340694,
            "f1-score": 0.7822374039282665,
            "support": 634.0
        },
        "31": {
            "precision": 0.4875444839857651,
            "recall": 0.5027522935779817,
            "f1-score": 0.4950316169828365,
            "support": 545.0
        },
        "32": {
            "precision": 0.8580750407830342,
            "recall": 0.8389154704944178,
            "f1-score": 0.8483870967741935,
            "support": 627.0
        },
        "33": {
            "precision": 0.7413394919168591,
            "recall": 0.6858974358974359,
            "f1-score": 0.7125416204217536,
            "support": 468.0
        },
        "34": {
            "precision": 0.4230118443316413,
            "recall": 0.6493506493506493,
            "f1-score": 0.5122950819672131,
            "support": 385.0
        },
        "35": {
            "precision": 0.640625,
            "recall": 0.5366492146596858,
            "f1-score": 0.584045584045584,
            "support": 382.0
        },
        "36": {
            "precision": 0.18773946360153257,
            "recall": 0.11085972850678733,
            "f1-score": 0.13940256045519203,
            "support": 442.0
        },
        "37": {
            "precision": 0.20100502512562815,
            "recall": 0.09433962264150944,
            "f1-score": 0.12841091492776885,
            "support": 424.0
        },
        "38": {
            "precision": 0.3408521303258145,
            "recall": 0.4276729559748428,
            "f1-score": 0.3793584379358438,
            "support": 318.0
        },
        "39": {
            "precision": 0.42097488921713444,
            "recall": 0.6521739130434783,
            "f1-score": 0.5116696588868941,
            "support": 437.0
        },
        "40": {
            "precision": 0.6956521739130435,
            "recall": 0.6060606060606061,
            "f1-score": 0.6477732793522267,
            "support": 528.0
        },
        "41": {
            "precision": 0.8856729377713459,
            "recall": 0.9013254786450663,
            "f1-score": 0.8934306569343066,
            "support": 679.0
        },