{
    "acc1": 0.7215254858819216,
    "acc5": [
        0.9364136413641364
    ],
    "mean_per_class_recall": 0.7161936434425921,
    "classification_report": {
        "0": {
            "precision": 0.921602787456446,
            "recall": 0.8546042003231018,
            "f1-score": 0.8868398994132439,
            "support": 619.0
        },
        "1": {
            "precision": 0.8172690763052208,
            "recall": 0.9229024943310657,
            "f1-score": 0.8668796592119276,
            "support": 441.0
        },
        "2": {
            "precision": 0.7515151515151515,
            "recall": 0.6822558459422283,
            "f1-score": 0.71521268925739,
            "support": 727.0
        },
        "3": {
            "precision": 0.621505376344086,
            "recall": 0.6296296296296297,
            "f1-score": 0.6255411255411255,
            "support": 459.0
        },
        "4": {
            "precision": 0.8204545454545454,
            "recall": 0.8204545454545454,
            "f1-score": 0.8204545454545454,
            "support": 440.0
        },
        "5": {
            "precision": 0.9747416762342136,
            "recall": 0.9228260869565217,
            "f1-score": 0.948073701842546,
            "support": 920.0
        },
        "6": {
            "precision": 0.5615514333895447,
            "recall": 0.6110091743119266,
            "f1-score": 0.5852372583479789,
            "support": 545.0
        },
        "7": {
            "precision": 0.44932432432432434,
            "recall": 0.5924276169265034,
            "f1-score": 0.5110470701248799,
            "support": 449.0
        },
        "8": {
            "precision": 0.6422182468694096,
            "recall": 0.8671497584541062,
            "f1-score": 0.7379239465570401,
            "support": 414.0
        },
        "9": {
            "precision": 0.45471349353049906,
            "recall": 0.7321428571428571,
            "f1-score": 0.5610034207525656,
            "support": 336.0
        },
        "10": {
            "precision": 0.739424703891709,
            "recall": 0.695859872611465,
            "f1-score": 0.7169811320754716,
            "support": 628.0
        },
        "11": {
            "precision": 0.6856581532416502,
            "recall": 0.8725,
            "f1-score": 0.7678767876787679,
            "support": 800.0
        },
        "12": {
            "precision": 0.9296028880866426,
            "recall": 0.9066901408450704,
            "f1-score": 0.9180035650623886,
            "support": 568.0
        },
        "13": {
            "precision": 0.6713995943204868,
            "recall": 0.7937649880095923,
            "f1-score": 0.7274725274725274,
            "support": 417.0
        },
        "14": {
            "precision": 0.7109634551495017,
            "recall": 0.7169179229480737,
            "f1-score": 0.7139282735613011,
            "support": 597.0
        },
        "15": {
            "precision": 0.6278195488721805,
            "recall": 0.42930591259640105,
            "f1-score": 0.5099236641221374,
            "support": 389.0
        },
        "16": {
            "precision": 0.5536028119507909,
            "recall": 0.6508264462809917,
            "f1-score": 0.5982905982905983,
            "support": 484.0
        },
        "17": {
            "precision": 0.8764705882352941,
            "recall": 0.7602040816326531,
            "f1-score": 0.8142076502732241,
            "support": 392.0
        },
        "18": {
            "precision": 0.7213114754098361,
            "recall": 0.22564102564102564,
            "f1-score": 0.34375,
            "support": 390.0
        },
        "19": {
            "precision": 0.81859410430839,
            "recall": 0.891358024691358,
            "f1-score": 0.8534278959810875,
            "support": 405.0
        },
        "20": {
            "precision": 0.36342857142857143,
            "recall": 0.8641304347826086,
            "f1-score": 0.5116653258246179,
            "support": 368.0
        },
        "21": {
            "precision": 0.9216300940438872,
            "recall": 0.665158371040724,
            "f1-score": 0.7726675427069645,
            "support": 442.0
        },
        "22": {
            "precision": 0.9173290937996821,
            "recall": 0.7642384105960265,
            "f1-score": 0.8338150289017341,
            "support": 755.0
        },
        "23": {
            "precision": 0.7378640776699029,
            "recall": 0.5906735751295337,
            "f1-score": 0.6561151079136691,
            "support": 386.0
        },
        "24": {
            "precision": 0.8829787234042553,
            "recall": 0.8117359413202934,
            "f1-score": 0.845859872611465,
            "support": 409.0
        },
        "25": {
            "precision": 0.560077519379845,
            "recall": 0.598343685300207,
            "f1-score": 0.5785785785785785,
            "support": 483.0
        },
        "26": {
            "precision": 0.7889374090247453,
            "recall": 0.7947214076246334,
            "f1-score": 0.7918188458729,
            "support": 682.0
        },
        "27": {
            "precision": 0.9136029411764706,
            "recall": 0.8160919540229885,
            "f1-score": 0.8620988725065047,
            "support": 609.0
        },
        "28": {
            "precision": 0.5865724381625441,
            "recall": 0.827930174563591,
            "f1-score": 0.6866597724922441,
            "support": 401.0
        },
        "29": {
            "precision": 0.8580060422960725,
            "recall": 0.9131832797427653,
            "f1-score": 0.8847352024922118,
            "support": 622.0
        },
        "30": {
            "precision": 0.9436860068259386,
            "recall": 0.8667711598746082,
            "f1-score": 0.9035947712418301,
            "support": 638.0
        },
        "31": {
            "precision": 0.6682242990654206,
            "recall": 0.2539964476021314,
            "f1-score": 0.3680823680823681,
            "support": 563.0
        },
        "32": {
            "precision": 0.6518771331058021,
            "recall": 0.4263392857142857,
            "f1-score": 0.5155195681511471,
            "support": 448.0
        },
        "33": {
            "precision": 0.7743506493506493,
            "recall": 0.6814285714285714,
            "f1-score": 0.7249240121580547,
            "support": 700.0
        },
        "34": {
            "precision": 0.5798922800718133,
            "recall": 0.8636363636363636,
            "f1-score": 0.6938775510204082,
            "support": 374.0
        },
        "35": {
            "precision": 0.4437194127243067,
            "recall": 0.6538461538461539,
            "f1-score": 0.5286686103012633,
            "support": 416.0
        },
        "36": {
            "precision": 0.6555740432612313,
            "recall": 0.7755905511811023,
            "f1-score": 0.7105500450856628,
            "support": 508.0
        },
        "37": {
            "precision": 0.8648111332007953,
            "recall": 0.696,
            "f1-score": 0.7712765957446809,
            "support": 625.0
        },
        "38": {
            "precision": 0.8996598639455783,
            "recall": 0.9362831858407079,
            "f1-score": 0.9176062445793582,
            "support": 565.0
        },
        "39": {
            "precision": 0.6948198198198198,
            "recall": 0.8864942528735632,
            "f1-score": 0.7790404040404041,
            "support": 696.0
        },
        "40": {
            "precision": 0.5769230769230769,
            "recall": 0.038860103626943004,
            "f1-score": 0.07281553398058252,
            "support": 386.0
        },
        "41": {
            "precision": 0.603415559772296,
            "recall": 0.5353535353535354,
            "f1-score": 0.567350579839429,
            "support": 594.0
        },