{
    "acc1": 0.6991064491064491,
    "acc5": [
        0.9369075369075369
    ],
    "mean_per_class_recall": 0.7005295790894221,
    "classification_report": {
        "0": {
            "precision": 0.6798866855524079,
            "recall": 0.6153846153846154,
            "f1-score": 0.6460296096904441,
            "support": 390.0
        },
        "1": {
            "precision": 0.7154471544715447,
            "recall": 0.7166123778501629,
            "f1-score": 0.7160292921074044,
            "support": 614.0
        },
        "2": {
            "precision": 0.8768656716417911,
            "recall": 0.8245614035087719,
            "f1-score": 0.8499095840867993,
            "support": 570.0
        },
        "3": {
            "precision": 0.9581056466302368,
            "recall": 0.5383828045035824,
            "f1-score": 0.6893840104849279,
            "support": 977.0
        },
        "4": {
            "precision": 0.6611418047882136,
            "recall": 0.7872807017543859,
            "f1-score": 0.7187187187187187,
            "support": 456.0
        },
        "5": {
            "precision": 0.7650375939849624,
            "recall": 0.7216312056737588,
            "f1-score": 0.7427007299270073,
            "support": 564.0
        },
        "6": {
            "precision": 0.713953488372093,
            "recall": 0.5177065767284992,
            "f1-score": 0.6001955034213099,
            "support": 593.0
        },
        "7": {
            "precision": 0.9109090909090909,
            "recall": 0.740029542097489,
            "f1-score": 0.8166259168704156,
            "support": 677.0
        },
        "8": {
            "precision": 0.5148148148148148,
            "recall": 0.3415233415233415,
            "f1-score": 0.41063515509601184,
            "support": 407.0
        },
        "9": {
            "precision": 0.5661157024793388,
            "recall": 0.927765237020316,
            "f1-score": 0.7031650983746792,
            "support": 443.0
        },
        "10": {
            "precision": 0.7335329341317365,
            "recall": 0.4738878143133462,
            "f1-score": 0.5757931844888367,
            "support": 517.0
        },
        "11": {
            "precision": 0.9098360655737705,
            "recall": 0.9347368421052632,
            "f1-score": 0.9221183800623053,
            "support": 475.0
        },
        "12": {
            "precision": 0.6674418604651163,
            "recall": 0.7340153452685422,
            "f1-score": 0.6991473812423873,
            "support": 391.0
        },
        "13": {
            "precision": 0.7494199535962877,
            "recall": 0.7177777777777777,
            "f1-score": 0.7332576617480137,
            "support": 450.0
        },
        "14": {
            "precision": 0.9068100358422939,
            "recall": 0.9301470588235294,
            "f1-score": 0.9183303085299456,
            "support": 544.0
        },
        "15": {
            "precision": 0.6928982725527831,
            "recall": 0.7899343544857768,
            "f1-score": 0.7382413087934561,
            "support": 457.0
        },
        "16": {
            "precision": 0.8768472906403941,
            "recall": 0.8599033816425121,
            "f1-score": 0.8682926829268293,
            "support": 621.0
        },
        "17": {
            "precision": 0.8935018050541517,
            "recall": 0.825,
            "f1-score": 0.8578856152512998,
            "support": 600.0
        },
        "18": {
            "precision": 0.7455089820359282,
            "recall": 0.9613899613899614,
            "f1-score": 0.8397976391231029,
            "support": 518.0
        },
        "19": {
            "precision": 0.7777777777777778,
            "recall": 0.7375231053604436,
            "f1-score": 0.7571157495256167,
            "support": 541.0
        },
        "20": {
            "precision": 0.5079787234042553,
            "recall": 0.6773049645390071,
            "f1-score": 0.5805471124620061,
            "support": 564.0
        },
        "21": {
            "precision": 0.6473988439306358,
            "recall": 0.2864450127877238,
            "f1-score": 0.3971631205673759,
            "support": 391.0
        },
        "22": {
            "precision": 0.750524109014675,
            "recall": 0.5327380952380952,
            "f1-score": 0.6231505657093125,
            "support": 672.0
        },
        "23": {
            "precision": 0.7767857142857143,
            "recall": 0.6541353383458647,
            "f1-score": 0.710204081632653,
            "support": 399.0
        },
        "24": {
            "precision": 0.8741007194244604,
            "recall": 0.8901098901098901,
            "f1-score": 0.8820326678765881,
            "support": 546.0
        },
        "25": {
            "precision": 0.8801169590643275,
            "recall": 0.86,
            "f1-score": 0.869942196531792,
            "support": 350.0
        },
        "26": {
            "precision": 0.944578313253012,
            "recall": 0.8521739130434782,
            "f1-score": 0.896,
            "support": 460.0
        },
        "27": {
            "precision": 0.567741935483871,
            "recall": 0.11655629139072848,
            "f1-score": 0.1934065934065934,
            "support": 755.0
        },
        "28": {
            "precision": 0.9186390532544378,
            "recall": 0.914580265095729,
            "f1-score": 0.9166051660516605,
            "support": 679.0
        },
        "29": {
            "precision": 0.4867149758454106,
            "recall": 0.7435424354243543,
            "f1-score": 0.5883211678832116,
            "support": 542.0
        },
        "30": {
            "precision": 0.8633776091081594,
            "recall": 0.7176656151419558,
            "f1-score": 0.7838070628768303,
            "support": 634.0
        },
        "31": {
            "precision": 0.4537275064267352,
            "recall": 0.6477064220183486,
            "f1-score": 0.5336356764928194,
            "support": 545.0
        },
        "32": {
            "precision": 0.8659127625201939,
            "recall": 0.8548644338118022,
            "f1-score": 0.8603531300160514,
            "support": 627.0
        },
        "33": {
            "precision": 0.6419753086419753,
            "recall": 0.7777777777777778,
            "f1-score": 0.7033816425120772,
            "support": 468.0
        },
        "34": {
            "precision": 0.5275459098497496,
            "recall": 0.8207792207792208,
            "f1-score": 0.6422764227642277,
            "support": 385.0
        },
        "35": {
            "precision": 0.7086330935251799,
            "recall": 0.5157068062827225,
            "f1-score": 0.5969696969696969,
            "support": 382.0
        },
        "36": {
            "precision": 0.606516290726817,
            "recall": 0.5475113122171946,
            "f1-score": 0.5755053507728894,
            "support": 442.0
        },
        "37": {
            "precision": 0.6466512702078522,
            "recall": 0.660377358490566,
            "f1-score": 0.6534422403733956,
            "support": 424.0
        },
        "38": {
            "precision": 0.4774193548387097,
            "recall": 0.46540880503144655,
            "f1-score": 0.4713375796178344,
            "support": 318.0
        },
        "39": {
            "precision": 0.4393305439330544,
            "recall": 0.7208237986270023,
            "f1-score": 0.5459272097053726,
            "support": 437.0
        },
        "40": {
            "precision": 0.5994236311239193,
            "recall": 0.7878787878787878,
            "f1-score": 0.6808510638297872,
            "support": 528.0
        },
        "41": {
            "precision": 0.9428571428571428,
            "recall": 0.8748159057437408,
            "f1-score": 0.907563025210084,
            "support": 679.0
        },