{
    "acc1": 0.6957264957264957,
    "acc5": [
        0.9332944832944833
    ],
    "mean_per_class_recall": 0.6973516940871451,
    "classification_report": {
        "0": {
            "precision": 0.6971428571428572,
            "recall": 0.6256410256410256,
            "f1-score": 0.6594594594594595,
            "support": 390.0
        },
        "1": {
            "precision": 0.7420494699646644,
            "recall": 0.6840390879478827,
            "f1-score": 0.711864406779661,
            "support": 614.0
        },
        "2": {
            "precision": 0.8867924528301887,
            "recall": 0.8245614035087719,
            "f1-score": 0.8545454545454545,
            "support": 570.0
        },
        "3": {
            "precision": 0.9596491228070175,
            "recall": 0.5598771750255885,
            "f1-score": 0.7071751777634131,
            "support": 977.0
        },
        "4": {
            "precision": 0.66728280961183,
            "recall": 0.7916666666666666,
            "f1-score": 0.724172517552658,
            "support": 456.0
        },
        "5": {
            "precision": 0.7679245283018868,
            "recall": 0.7216312056737588,
            "f1-score": 0.7440585009140768,
            "support": 564.0
        },
        "6": {
            "precision": 0.7519181585677749,
            "recall": 0.4957841483979764,
            "f1-score": 0.5975609756097561,
            "support": 593.0
        },
        "7": {
            "precision": 0.9190283400809717,
            "recall": 0.670605612998523,
            "f1-score": 0.7754056362083689,
            "support": 677.0
        },
        "8": {
            "precision": 0.542016806722689,
            "recall": 0.31695331695331697,
            "f1-score": 0.4,
            "support": 407.0
        },
        "9": {
            "precision": 0.5129469790382244,
            "recall": 0.9390519187358917,
            "f1-score": 0.6634768740031898,
            "support": 443.0
        },
        "10": {
            "precision": 0.7373134328358208,
            "recall": 0.47775628626692457,
            "f1-score": 0.57981220657277,
            "support": 517.0
        },
        "11": {
            "precision": 0.9098360655737705,
            "recall": 0.9347368421052632,
            "f1-score": 0.9221183800623053,
            "support": 475.0
        },
        "12": {
            "precision": 0.6483790523690773,
            "recall": 0.6649616368286445,
            "f1-score": 0.6565656565656566,
            "support": 391.0
        },
        "13": {
            "precision": 0.7680412371134021,
            "recall": 0.6622222222222223,
            "f1-score": 0.711217183770883,
            "support": 450.0
        },
        "14": {
            "precision": 0.9094202898550725,
            "recall": 0.9227941176470589,
            "f1-score": 0.916058394160584,
            "support": 544.0
        },
        "15": {
            "precision": 0.6893382352941176,
            "recall": 0.8205689277899344,
            "f1-score": 0.7492507492507493,
            "support": 457.0
        },
        "16": {
            "precision": 0.8664495114006515,
            "recall": 0.856682769726248,
            "f1-score": 0.8615384615384616,
            "support": 621.0
        },
        "17": {
            "precision": 0.8745583038869258,
            "recall": 0.825,
            "f1-score": 0.8490566037735849,
            "support": 600.0
        },
        "18": {
            "precision": 0.7173601147776184,
            "recall": 0.9652509652509652,
            "f1-score": 0.823045267489712,
            "support": 518.0
        },
        "19": {
            "precision": 0.8244111349036403,
            "recall": 0.711645101663586,
            "f1-score": 0.7638888888888888,
            "support": 541.0
        },
        "20": {
            "precision": 0.47642079806529625,
            "recall": 0.6985815602836879,
            "f1-score": 0.5664989216391085,
            "support": 564.0
        },
        "21": {
            "precision": 0.6648648648648648,
            "recall": 0.3145780051150895,
            "f1-score": 0.4270833333333333,
            "support": 391.0
        },
        "22": {
            "precision": 0.7103825136612022,
            "recall": 0.5803571428571429,
            "f1-score": 0.6388206388206388,
            "support": 672.0
        },
        "23": {
            "precision": 0.7597597597597597,
            "recall": 0.6340852130325815,
            "f1-score": 0.6912568306010929,
            "support": 399.0
        },
        "24": {
            "precision": 0.8846153846153846,
            "recall": 0.8846153846153846,
            "f1-score": 0.8846153846153846,
            "support": 546.0
        },
        "25": {
            "precision": 0.8571428571428571,
            "recall": 0.8742857142857143,
            "f1-score": 0.8656294200848657,
            "support": 350.0
        },
        "26": {
            "precision": 0.9555555555555556,
            "recall": 0.841304347826087,
            "f1-score": 0.8947976878612717,
            "support": 460.0
        },
        "27": {
            "precision": 0.48120300751879697,
            "recall": 0.0847682119205298,
            "f1-score": 0.14414414414414414,
            "support": 755.0
        },
        "28": {
            "precision": 0.9261447562776958,
            "recall": 0.9234167893961709,
            "f1-score": 0.9247787610619469,
            "support": 679.0
        },
        "29": {
            "precision": 0.5025445292620865,
            "recall": 0.7287822878228782,
            "f1-score": 0.5948795180722891,
            "support": 542.0
        },
        "30": {
            "precision": 0.8588709677419355,
            "recall": 0.6719242902208202,
            "f1-score": 0.7539823008849558,
            "support": 634.0
        },
        "31": {
            "precision": 0.4963072378138848,
            "recall": 0.6165137614678899,
            "f1-score": 0.5499181669394435,
            "support": 545.0
        },
        "32": {
            "precision": 0.8519685039370078,
            "recall": 0.8628389154704944,
            "f1-score": 0.8573692551505546,
            "support": 627.0
        },
        "33": {
            "precision": 0.6073717948717948,
            "recall": 0.8098290598290598,
            "f1-score": 0.6941391941391941,
            "support": 468.0
        },
        "34": {
            "precision": 0.5253682487725041,
            "recall": 0.8337662337662337,
            "f1-score": 0.6445783132530121,
            "support": 385.0
        },
        "35": {
            "precision": 0.6479750778816199,
            "recall": 0.5445026178010471,
            "f1-score": 0.5917496443812233,
            "support": 382.0
        },
        "36": {
            "precision": 0.5671342685370742,
            "recall": 0.6402714932126696,
            "f1-score": 0.6014877789585548,
            "support": 442.0
        },
        "37": {
            "precision": 0.6756756756756757,
            "recall": 0.589622641509434,
            "f1-score": 0.6297229219143576,
            "support": 424.0
        },
        "38": {
            "precision": 0.5164835164835165,
            "recall": 0.44339622641509435,
            "f1-score": 0.47715736040609136,
            "support": 318.0
        },
        "39": {
            "precision": 0.45739910313901344,
            "recall": 0.700228832951945,
            "f1-score": 0.5533453887884268,
            "support": 437.0
        },
        "40": {
            "precision": 0.6047197640117994,
            "recall": 0.7765151515151515,
            "f1-score": 0.6799336650082919,
            "support": 528.0
        },
        "41": {
            "precision": 0.9661590524534687,
            "recall": 0.8409425625920471,
            "f1-score": 0.8992125984251969,
            "support": 679.0
        },