{
    "acc1": 0.6946386946386947,
    "acc5": [
        0.9333333333333333
    ],
    "mean_per_class_recall": 0.693278555722309,
    "classification_report": {
        "0": {
            "precision": 0.6988636363636364,
            "recall": 0.6307692307692307,
            "f1-score": 0.6630727762803235,
            "support": 390.0
        },
        "1": {
            "precision": 0.7277580071174378,
            "recall": 0.6661237785016286,
            "f1-score": 0.6955782312925171,
            "support": 614.0
        },
        "2": {
            "precision": 0.8833652007648184,
            "recall": 0.8105263157894737,
            "f1-score": 0.8453796889295517,
            "support": 570.0
        },
        "3": {
            "precision": 0.9588550983899821,
            "recall": 0.548618219037871,
            "f1-score": 0.6979166666666666,
            "support": 977.0
        },
        "4": {
            "precision": 0.5498575498575499,
            "recall": 0.8464912280701754,
            "f1-score": 0.6666666666666666,
            "support": 456.0
        },
        "5": {
            "precision": 0.7698412698412699,
            "recall": 0.6879432624113475,
            "f1-score": 0.7265917602996255,
            "support": 564.0
        },
        "6": {
            "precision": 0.6991701244813278,
            "recall": 0.5682967959527825,
            "f1-score": 0.6269767441860465,
            "support": 593.0
        },
        "7": {
            "precision": 0.9090909090909091,
            "recall": 0.7090103397341211,
            "f1-score": 0.7966804979253111,
            "support": 677.0
        },
        "8": {
            "precision": 0.4714285714285714,
            "recall": 0.40540540540540543,
            "f1-score": 0.43593130779392336,
            "support": 407.0
        },
        "9": {
            "precision": 0.5513513513513514,
            "recall": 0.9209932279909706,
            "f1-score": 0.6897717666948436,
            "support": 443.0
        },
        "10": {
            "precision": 0.7824561403508772,
            "recall": 0.43133462282398455,
            "f1-score": 0.5561097256857855,
            "support": 517.0
        },
        "11": {
            "precision": 0.896551724137931,
            "recall": 0.9305263157894736,
            "f1-score": 0.9132231404958677,
            "support": 475.0
        },
        "12": {
            "precision": 0.5827338129496403,
            "recall": 0.4143222506393862,
            "f1-score": 0.484304932735426,
            "support": 391.0
        },
        "13": {
            "precision": 0.7089715536105032,
            "recall": 0.72,
            "f1-score": 0.7144432194046306,
            "support": 450.0
        },
        "14": {
            "precision": 0.9321100917431193,
            "recall": 0.9338235294117647,
            "f1-score": 0.9329660238751147,
            "support": 544.0
        },
        "15": {
            "precision": 0.6736242884250474,
            "recall": 0.7768052516411379,
            "f1-score": 0.7215447154471545,
            "support": 457.0
        },
        "16": {
            "precision": 0.8679549114331723,
            "recall": 0.8679549114331723,
            "f1-score": 0.8679549114331723,
            "support": 621.0
        },
        "17": {
            "precision": 0.8590831918505942,
            "recall": 0.8433333333333334,
            "f1-score": 0.8511354079058032,
            "support": 600.0
        },
        "18": {
            "precision": 0.7952,
            "recall": 0.9594594594594594,
            "f1-score": 0.8696412948381452,
            "support": 518.0
        },
        "19": {
            "precision": 0.8722826086956522,
            "recall": 0.5933456561922366,
            "f1-score": 0.7062706270627063,
            "support": 541.0
        },
        "20": {
            "precision": 0.4980744544287548,
            "recall": 0.6879432624113475,
            "f1-score": 0.5778108711839166,
            "support": 564.0
        },
        "21": {
            "precision": 0.7164948453608248,
            "recall": 0.3554987212276215,
            "f1-score": 0.4752136752136752,
            "support": 391.0
        },
        "22": {
            "precision": 0.775390625,
            "recall": 0.5907738095238095,
            "f1-score": 0.6706081081081081,
            "support": 672.0
        },
        "23": {
            "precision": 0.7183908045977011,
            "recall": 0.6265664160401002,
            "f1-score": 0.6693440428380187,
            "support": 399.0
        },
        "24": {
            "precision": 0.9154929577464789,
            "recall": 0.8333333333333334,
            "f1-score": 0.87248322147651,
            "support": 546.0
        },
        "25": {
            "precision": 0.9018987341772152,
            "recall": 0.8142857142857143,
            "f1-score": 0.8558558558558559,
            "support": 350.0
        },
        "26": {
            "precision": 0.9397590361445783,
            "recall": 0.8478260869565217,
            "f1-score": 0.8914285714285715,
            "support": 460.0
        },
        "27": {
            "precision": 0.5879828326180258,
            "recall": 0.1814569536423841,
            "f1-score": 0.2773279352226721,
            "support": 755.0
        },
        "28": {
            "precision": 0.9255952380952381,
            "recall": 0.9160530191458026,
            "f1-score": 0.92079940784604,
            "support": 679.0
        },
        "29": {
            "precision": 0.47270742358078605,
            "recall": 0.7988929889298892,
            "f1-score": 0.5939643347050755,
            "support": 542.0
        },
        "30": {
            "precision": 0.8369028006589786,
            "recall": 0.8012618296529969,
            "f1-score": 0.8186946011281225,
            "support": 634.0
        },
        "31": {
            "precision": 0.5022488755622189,
            "recall": 0.6146788990825688,
            "f1-score": 0.5528052805280528,
            "support": 545.0
        },
        "32": {
            "precision": 0.8635634028892456,
            "recall": 0.8580542264752791,
            "f1-score": 0.8608,
            "support": 627.0
        },
        "33": {
            "precision": 0.6098726114649682,
            "recall": 0.8183760683760684,
            "f1-score": 0.698905109489051,
            "support": 468.0
        },
        "34": {
            "precision": 0.5283993115318416,
            "recall": 0.7974025974025974,
            "f1-score": 0.6356107660455487,
            "support": 385.0
        },
        "35": {
            "precision": 0.7551020408163265,
            "recall": 0.48429319371727747,
            "f1-score": 0.5901116427432217,
            "support": 382.0
        },
        "36": {
            "precision": 0.5564738292011019,
            "recall": 0.45701357466063347,
            "f1-score": 0.5018633540372671,
            "support": 442.0
        },
        "37": {
            "precision": 0.6714975845410628,
            "recall": 0.6556603773584906,
            "f1-score": 0.6634844868735084,
            "support": 424.0
        },
        "38": {
            "precision": 0.49382716049382713,
            "recall": 0.37735849056603776,
            "f1-score": 0.42780748663101603,
            "support": 318.0
        },
        "39": {
            "precision": 0.5428015564202334,
            "recall": 0.6384439359267735,
            "f1-score": 0.5867507886435331,
            "support": 437.0
        },
        "40": {
            "precision": 0.6292834890965732,
            "recall": 0.7651515151515151,
            "f1-score": 0.6905982905982906,
            "support": 528.0
        },
        "41": {
            "precision": 0.9335443037974683,
            "recall": 0.8689248895434463,
            "f1-score": 0.9000762776506483,
            "support": 679.0
        },