{
    "acc1": 0.6721055834474364,
    "acc5": [
        0.9002358131751103
    ],
    "mean_per_class_recall": 0.6750615668404117,
    "classification_report": {
        "0": {
            "precision": 0.8869179600886918,
            "recall": 0.7782101167315175,
            "f1-score": 0.8290155440414507,
            "support": 514.0
        },
        "1": {
            "precision": 0.8379629629629629,
            "recall": 0.7327935222672065,
            "f1-score": 0.7818574514038877,
            "support": 494.0
        },
        "2": {
            "precision": 0.8294573643410853,
            "recall": 0.8861283643892339,
            "f1-score": 0.8568568568568569,
            "support": 483.0
        },
        "3": {
            "precision": 0.7336956521739131,
            "recall": 0.2073732718894009,
            "f1-score": 0.32335329341317365,
            "support": 651.0
        },
        "4": {
            "precision": 0.6288135593220339,
            "recall": 0.5488165680473372,
            "f1-score": 0.5860979462875198,
            "support": 676.0
        },
        "5": {
            "precision": 0.311046511627907,
            "recall": 0.29395604395604397,
            "f1-score": 0.3022598870056497,
            "support": 364.0
        },
        "6": {
            "precision": 0.8331015299026425,
            "recall": 0.8354253835425384,
            "f1-score": 0.8342618384401114,
            "support": 717.0
        },
        "7": {
            "precision": 0.5129251700680272,
            "recall": 0.8787878787878788,
            "f1-score": 0.647766323024055,
            "support": 429.0
        },
        "8": {
            "precision": 0.8057921635434412,
            "recall": 0.7641357027463651,
            "f1-score": 0.7844112769485904,
            "support": 619.0
        },
        "9": {
            "precision": 0.8908045977011494,
            "recall": 0.8976833976833977,
            "f1-score": 0.8942307692307693,
            "support": 518.0
        },
        "10": {
            "precision": 0.8586956521739131,
            "recall": 0.17832957110609482,
            "f1-score": 0.2953271028037383,
            "support": 443.0
        },
        "11": {
            "precision": 0.4484848484848485,
            "recall": 0.6379310344827587,
            "f1-score": 0.5266903914590747,
            "support": 464.0
        },
        "12": {
            "precision": 0.7590618336886994,
            "recall": 0.9343832020997376,
            "f1-score": 0.8376470588235294,
            "support": 381.0
        },
        "13": {
            "precision": 0.8004640371229699,
            "recall": 0.7666666666666667,
            "f1-score": 0.7832009080590239,
            "support": 450.0
        },
        "14": {
            "precision": 0.8957219251336899,
            "recall": 0.9585121602288984,
            "f1-score": 0.9260539046302695,
            "support": 699.0
        },
        "15": {
            "precision": 0.2811764705882353,
            "recall": 0.4417744916820702,
            "f1-score": 0.34363767074047447,
            "support": 541.0
        },
        "16": {
            "precision": 0.8004201680672269,
            "recall": 0.7839506172839507,
            "f1-score": 0.7920997920997921,
            "support": 486.0
        },
        "17": {
            "precision": 0.32850678733031674,
            "recall": 0.7408163265306122,
            "f1-score": 0.45517241379310347,
            "support": 490.0
        },
        "18": {
            "precision": 0.6187214611872146,
            "recall": 0.7970588235294118,
            "f1-score": 0.6966580976863753,
            "support": 340.0
        },
        "19": {
            "precision": 0.6629392971246006,
            "recall": 0.8982683982683982,
            "f1-score": 0.7628676470588235,
            "support": 462.0
        },
        "20": {
            "precision": 0.6521739130434783,
            "recall": 0.2402745995423341,
            "f1-score": 0.3511705685618729,
            "support": 437.0
        },
        "21": {
            "precision": 0.8023255813953488,
            "recall": 0.8961038961038961,
            "f1-score": 0.8466257668711656,
            "support": 385.0
        },
        "22": {
            "precision": 0.9040404040404041,
            "recall": 0.5311572700296736,
            "f1-score": 0.6691588785046729,
            "support": 337.0
        },
        "23": {
            "precision": 0.778816199376947,
            "recall": 0.7374631268436578,
            "f1-score": 0.7575757575757576,
            "support": 339.0
        },
        "24": {
            "precision": 0.8113695090439277,
            "recall": 0.6901098901098901,
            "f1-score": 0.7458432304038005,
            "support": 910.0
        },
        "25": {
            "precision": 0.3900226757369615,
            "recall": 0.6666666666666666,
            "f1-score": 0.49213161659513593,
            "support": 516.0
        },
        "26": {
            "precision": 0.631911532385466,
            "recall": 0.9259259259259259,
            "f1-score": 0.7511737089201878,
            "support": 432.0
        },
        "27": {
            "precision": 0.8571428571428571,
            "recall": 0.645,
            "f1-score": 0.7360912981455064,
            "support": 400.0
        },
        "28": {
            "precision": 0.7251461988304093,
            "recall": 0.6813186813186813,
            "f1-score": 0.7025495750708215,
            "support": 364.0
        },
        "29": {
            "precision": 0.756578947368421,
            "recall": 0.8891752577319587,
            "f1-score": 0.8175355450236966,
            "support": 388.0
        },
        "30": {
            "precision": 0.7727272727272727,
            "recall": 0.06104129263913824,
            "f1-score": 0.11314475873544093,
            "support": 557.0
        },
        "31": {
            "precision": 0.8321554770318021,
            "recall": 0.9005736137667304,
            "f1-score": 0.8650137741046832,
            "support": 523.0
        },
        "32": {
            "precision": 0.7045813586097947,
            "recall": 0.6840490797546013,
            "f1-score": 0.6941634241245136,
            "support": 652.0
        },
        "33": {
            "precision": 0.47368421052631576,
            "recall": 0.6136363636363636,
            "f1-score": 0.5346534653465347,
            "support": 352.0
        },
        "34": {
            "precision": 0.8892215568862275,
            "recall": 0.4534351145038168,
            "f1-score": 0.6006066734074823,
            "support": 655.0
        },
        "35": {
            "precision": 0.6213235294117647,
            "recall": 0.7056367432150313,
            "f1-score": 0.6608015640273704,
            "support": 479.0
        },
        "36": {
            "precision": 0.6799580272822665,
            "recall": 0.7883211678832117,
            "f1-score": 0.7301408450704225,
            "support": 822.0
        },
        "37": {
            "precision": 0.9811912225705329,
            "recall": 0.8482384823848238,
            "f1-score": 0.9098837209302325,
            "support": 738.0
        },
        "38": {
            "precision": 0.7240566037735849,
            "recall": 0.8527777777777777,
            "f1-score": 0.7831632653061225,
            "support": 720.0
        },
        "39": {
            "precision": 0.058823529411764705,
            "recall": 0.0013869625520110957,
            "f1-score": 0.0027100271002710027,
            "support": 721.0
        },
        "40": {
            "precision": 0.7244224422442245,
            "recall": 0.764808362369338,
            "f1-score": 0.7440677966101695,
            "support": 574.0
        },
        "41": {
            "precision": 0.8853754940711462,
            "recall": 0.8615384615384616,
            "f1-score": 0.8732943469785575,