{
    "acc1": 0.7258514998730458,
    "acc5": [
        0.9295948347781929
    ],
    "mean_per_class_recall": 0.7115716567565389,
    "classification_report": {
        "0": {
            "precision": 0.3546099290780142,
            "recall": 0.13089005235602094,
            "f1-score": 0.19120458891013384,
            "support": 382.0
        },
        "1": {
            "precision": 0.4944852941176471,
            "recall": 0.4345718901453958,
            "f1-score": 0.46259673258813416,
            "support": 619.0
        },
        "2": {
            "precision": 0.8088235294117647,
            "recall": 0.8912037037037037,
            "f1-score": 0.8480176211453745,
            "support": 432.0
        },
        "3": {
            "precision": 0.8943758573388203,
            "recall": 0.9546120058565154,
            "f1-score": 0.9235127478753541,
            "support": 683.0
        },
        "4": {
            "precision": 0.9652317880794702,
            "recall": 0.8573529411764705,
            "f1-score": 0.9080996884735203,
            "support": 680.0
        },
        "5": {
            "precision": 0.8646616541353384,
            "recall": 0.5299539170506913,
            "f1-score": 0.6571428571428571,
            "support": 434.0
        },
        "6": {
            "precision": 0.6766256590509666,
            "recall": 0.9144893111638955,
            "f1-score": 0.7777777777777778,
            "support": 421.0
        },
        "7": {
            "precision": 0.28833333333333333,
            "recall": 0.40232558139534885,
            "f1-score": 0.3359223300970874,
            "support": 430.0
        },
        "8": {
            "precision": 0.8438095238095238,
            "recall": 0.8913480885311871,
            "f1-score": 0.8669275929549902,
            "support": 497.0
        },
        "9": {
            "precision": 0.8212927756653993,
            "recall": 0.5654450261780105,
            "f1-score": 0.6697674418604651,
            "support": 382.0
        },
        "10": {
            "precision": 0.8497854077253219,
            "recall": 0.8859060402684564,
            "f1-score": 0.8674698795180723,
            "support": 447.0
        },
        "11": {
            "precision": 0.8410596026490066,
            "recall": 0.9247572815533981,
            "f1-score": 0.8809248554913295,
            "support": 412.0
        },
        "12": {
            "precision": 0.4125799573560768,
            "recall": 0.6923076923076923,
            "f1-score": 0.5170340681362725,
            "support": 559.0
        },
        "13": {
            "precision": 0.5330578512396694,
            "recall": 0.6308068459657702,
            "f1-score": 0.5778275475923852,
            "support": 409.0
        },
        "14": {
            "precision": 0.9719827586206896,
            "recall": 0.8639846743295019,
            "f1-score": 0.9148073022312373,
            "support": 522.0
        },
        "15": {
            "precision": 0.6171735241502684,
            "recall": 0.6330275229357798,
            "f1-score": 0.625,
            "support": 545.0
        },
        "16": {
            "precision": 0.2222222222222222,
            "recall": 0.03856749311294766,
            "f1-score": 0.06572769953051644,
            "support": 363.0
        },
        "17": {
            "precision": 0.375,
            "recall": 0.7328646748681898,
            "f1-score": 0.496133254015467,
            "support": 569.0
        },
        "18": {
            "precision": 0.5885328836424958,
            "recall": 0.6737451737451737,
            "f1-score": 0.6282628262826283,
            "support": 518.0
        },
        "19": {
            "precision": 0.7922077922077922,
            "recall": 0.8079470198675497,
            "f1-score": 0.8,
            "support": 453.0
        },
        "20": {
            "precision": 0.9106145251396648,
            "recall": 0.8253164556962025,
            "f1-score": 0.8658698539176627,
            "support": 395.0
        },
        "21": {
            "precision": 0.6783333333333333,
            "recall": 0.6607142857142857,
            "f1-score": 0.6694078947368421,
            "support": 616.0
        },
        "22": {
            "precision": 0.7595356550580431,
            "recall": 0.8544776119402985,
            "f1-score": 0.8042142230026339,
            "support": 536.0
        },
        "23": {
            "precision": 0.8791208791208791,
            "recall": 0.9329446064139941,
            "f1-score": 0.9052333804809052,
            "support": 686.0
        },
        "24": {
            "precision": 0.8404040404040404,
            "recall": 0.9519450800915332,
            "f1-score": 0.8927038626609443,
            "support": 437.0
        },
        "25": {
            "precision": 0.6058091286307054,
            "recall": 0.44648318042813456,
            "f1-score": 0.5140845070422535,
            "support": 654.0
        },
        "26": {
            "precision": 0.8663101604278075,
            "recall": 0.935064935064935,
            "f1-score": 0.8993754337265788,
            "support": 693.0
        },
        "27": {
            "precision": 0.5623556581986143,
            "recall": 0.6878531073446328,
            "f1-score": 0.6188055908513341,
            "support": 708.0
        },
        "28": {
            "precision": 0.6739811912225705,
            "recall": 0.9014675052410901,
            "f1-score": 0.7713004484304933,
            "support": 477.0
        },
        "29": {
            "precision": 0.8939393939393939,
            "recall": 0.7322695035460993,
            "f1-score": 0.8050682261208577,
            "support": 564.0
        },
        "30": {
            "precision": 0.5676100628930818,
            "recall": 0.6256499133448874,
            "f1-score": 0.5952184666117065,
            "support": 577.0
        },
        "31": {
            "precision": 0.6616052060737527,
            "recall": 0.6475583864118896,
            "f1-score": 0.6545064377682404,
            "support": 471.0
        },
        "32": {
            "precision": 0.827460510328068,
            "recall": 0.8294762484774665,
            "f1-score": 0.8284671532846716,
            "support": 821.0
        },
        "33": {
            "precision": 0.8307086614173228,
            "recall": 0.6423135464231354,
            "f1-score": 0.7244635193133048,
            "support": 657.0
        },
        "34": {
            "precision": 0.8713692946058091,
            "recall": 0.7581227436823105,
            "f1-score": 0.8108108108108109,
            "support": 554.0
        },
        "35": {
            "precision": 0.8438735177865613,
            "recall": 0.6853932584269663,
            "f1-score": 0.7564216120460585,
            "support": 623.0
        },
        "36": {
            "precision": 0.7937293729372937,
            "recall": 0.7211394302848576,
            "f1-score": 0.755695208169678,
            "support": 667.0
        },
        "37": {
            "precision": 0.9364548494983278,
            "recall": 0.8791208791208791,
            "f1-score": 0.9068825910931174,
            "support": 637.0
        },
        "38": {
            "precision": 0.8564885496183207,
            "recall": 0.9639175257731959,
            "f1-score": 0.9070331447049312,
            "support": 582.0
        },
        "39": {
            "precision": 0.8457538994800693,
            "recall": 0.7589424572317263,
            "f1-score": 0.8,
            "support": 643.0
        },
        "40": {
            "precision": 0.7305389221556886,
            "recall": 0.56656346749226,
            "f1-score": 0.6381865736704446,
            "support": 646.0
        },
        "41": {
            "precision": 0.7735537190082644,
            "recall": 0.8764044943820225,
            "f1-score": 0.8217734855136084,
            "support": 534.0
        },