{
    "acc1": 0.77209797657082,
    "acc5": [
        0.9464475886201126
    ],
    "mean_per_class_recall": 0.7669935151827845,
    "classification_report": {
        "0": {
            "precision": 0.8635514018691589,
            "recall": 0.8988326848249028,
            "f1-score": 0.880838894184938,
            "support": 514.0
        },
        "1": {
            "precision": 0.9166666666666666,
            "recall": 0.868421052631579,
            "f1-score": 0.8918918918918919,
            "support": 494.0
        },
        "2": {
            "precision": 0.9287356321839081,
            "recall": 0.8364389233954451,
            "f1-score": 0.8801742919389978,
            "support": 483.0
        },
        "3": {
            "precision": 0.4794007490636704,
            "recall": 0.3932411674347158,
            "f1-score": 0.4320675105485232,
            "support": 651.0
        },
        "4": {
            "precision": 0.8455882352941176,
            "recall": 0.8505917159763313,
            "f1-score": 0.8480825958702065,
            "support": 676.0
        },
        "5": {
            "precision": 0.3877551020408163,
            "recall": 0.1043956043956044,
            "f1-score": 0.1645021645021645,
            "support": 364.0
        },
        "6": {
            "precision": 0.920704845814978,
            "recall": 0.8744769874476988,
            "f1-score": 0.8969957081545065,
            "support": 717.0
        },
        "7": {
            "precision": 0.5080545229244114,
            "recall": 0.9557109557109557,
            "f1-score": 0.6634304207119741,
            "support": 429.0
        },
        "8": {
            "precision": 0.7361647361647362,
            "recall": 0.9240710823909531,
            "f1-score": 0.8194842406876791,
            "support": 619.0
        },
        "9": {
            "precision": 0.8854545454545455,
            "recall": 0.9401544401544402,
            "f1-score": 0.9119850187265918,
            "support": 518.0
        },
        "10": {
            "precision": 0.90625,
            "recall": 0.7200902934537246,
            "f1-score": 0.8025157232704403,
            "support": 443.0
        },
        "11": {
            "precision": 0.808695652173913,
            "recall": 0.40086206896551724,
            "f1-score": 0.5360230547550432,
            "support": 464.0
        },
        "12": {
            "precision": 0.758130081300813,
            "recall": 0.979002624671916,
            "f1-score": 0.854524627720504,
            "support": 381.0
        },
        "13": {
            "precision": 0.9485294117647058,
            "recall": 0.86,
            "f1-score": 0.9020979020979021,
            "support": 450.0
        },
        "14": {
            "precision": 0.8401997503121099,
            "recall": 0.9628040057224606,
            "f1-score": 0.8973333333333333,
            "support": 699.0
        },
        "15": {
            "precision": 0.6145454545454545,
            "recall": 0.6247689463955638,
            "f1-score": 0.6196150320806599,
            "support": 541.0
        },
        "16": {
            "precision": 0.8804347826086957,
            "recall": 0.8333333333333334,
            "f1-score": 0.8562367864693446,
            "support": 486.0
        },
        "17": {
            "precision": 0.6858552631578947,
            "recall": 0.8510204081632653,
            "f1-score": 0.7595628415300546,
            "support": 490.0
        },
        "18": {
            "precision": 0.621867881548975,
            "recall": 0.8029411764705883,
            "f1-score": 0.7008985879332478,
            "support": 340.0
        },
        "19": {
            "precision": 0.8530612244897959,
            "recall": 0.9047619047619048,
            "f1-score": 0.8781512605042017,
            "support": 462.0
        },
        "20": {
            "precision": 0.9166666666666666,
            "recall": 0.37757437070938216,
            "f1-score": 0.5348460291734197,
            "support": 437.0
        },
        "21": {
            "precision": 0.8689655172413793,
            "recall": 0.6545454545454545,
            "f1-score": 0.7466666666666667,
            "support": 385.0
        },
        "22": {
            "precision": 0.4155251141552511,
            "recall": 0.8100890207715133,
            "f1-score": 0.5492957746478874,
            "support": 337.0
        },
        "23": {
            "precision": 0.8561643835616438,
            "recall": 0.7374631268436578,
            "f1-score": 0.7923930269413629,
            "support": 339.0
        },
        "24": {
            "precision": 0.7972222222222223,
            "recall": 0.9461538461538461,
            "f1-score": 0.8653266331658291,
            "support": 910.0
        },
        "25": {
            "precision": 0.49452554744525545,
            "recall": 0.5251937984496124,
            "f1-score": 0.5093984962406015,
            "support": 516.0
        },
        "26": {
            "precision": 0.9477611940298507,
            "recall": 0.8819444444444444,
            "f1-score": 0.9136690647482014,
            "support": 432.0
        },
        "27": {
            "precision": 0.6780684104627767,
            "recall": 0.8425,
            "f1-score": 0.7513935340022296,
            "support": 400.0
        },
        "28": {
            "precision": 0.76431718061674,
            "recall": 0.9532967032967034,
            "f1-score": 0.8484107579462102,
            "support": 364.0
        },
        "29": {
            "precision": 0.8511166253101737,
            "recall": 0.884020618556701,
            "f1-score": 0.8672566371681416,
            "support": 388.0
        },
        "30": {
            "precision": 0.8401360544217688,
            "recall": 0.44344703770197486,
            "f1-score": 0.5804935370152762,
            "support": 557.0
        },
        "31": {
            "precision": 0.8833922261484098,
            "recall": 0.9560229445506692,
            "f1-score": 0.9182736455463728,
            "support": 523.0
        },
        "32": {
            "precision": 0.8267090620031796,
            "recall": 0.7975460122699386,
            "f1-score": 0.8118657298985168,
            "support": 652.0
        },
        "33": {
            "precision": 0.6909871244635193,
            "recall": 0.9147727272727273,
            "f1-score": 0.7872860635696821,
            "support": 352.0
        },
        "34": {
            "precision": 0.6963064295485636,
            "recall": 0.7770992366412214,
            "f1-score": 0.7344877344877345,
            "support": 655.0
        },
        "35": {
            "precision": 0.887240356083086,
            "recall": 0.6242171189979123,
            "f1-score": 0.7328431372549019,
            "support": 479.0
        },
        "36": {
            "precision": 0.933588761174968,
            "recall": 0.889294403892944,
            "f1-score": 0.9109034267912772,
            "support": 822.0
        },
        "37": {
            "precision": 0.8489116517285531,
            "recall": 0.8983739837398373,
            "f1-score": 0.8729427254772877,
            "support": 738.0
        },
        "38": {
            "precision": 0.9413533834586466,
            "recall": 0.8694444444444445,
            "f1-score": 0.903971119133574,
            "support": 720.0
        },
        "39": {
            "precision": 0.6328217237308147,
            "recall": 0.7434119278779473,
            "f1-score": 0.6836734693877551,
            "support": 721.0
        },
        "40": {
            "precision": 0.8205645161290323,
            "recall": 0.7090592334494773,
            "f1-score": 0.7607476635514019,
            "support": 574.0
        },
        "41": {
            "precision": 0.922752808988764,
            "recall": 0.8423076923076923,
            "f1-score": 0.8806970509383378,
            "support": 780.0
        },