{
    "acc1": 0.8062980196948383,
    "acc5": [
        0.9573999927857736
    ],
    "mean_per_class_recall": 0.8175740485772343,
    "classification_report": {
        "0": {
            "precision": 0.9025974025974026,
            "recall": 0.9455782312925171,
            "f1-score": 0.9235880398671097,
            "support": 441.0
        },
        "1": {
            "precision": 0.6058252427184466,
            "recall": 0.8275862068965517,
            "f1-score": 0.6995515695067265,
            "support": 377.0
        },
        "2": {
            "precision": 0.9311827956989247,
            "recall": 0.8765182186234818,
            "f1-score": 0.9030239833159541,
            "support": 494.0
        },
        "3": {
            "precision": 0.8468834688346883,
            "recall": 0.9150805270863837,
            "f1-score": 0.8796622097114708,
            "support": 683.0
        },
        "4": {
            "precision": 0.8941176470588236,
            "recall": 0.9134615384615384,
            "f1-score": 0.9036860879904876,
            "support": 416.0
        },
        "5": {
            "precision": 0.7652474108170311,
            "recall": 0.965166908563135,
            "f1-score": 0.8536585365853658,
            "support": 689.0
        },
        "6": {
            "precision": 0.6003521126760564,
            "recall": 0.9445983379501385,
            "f1-score": 0.7341227125941873,
            "support": 361.0
        },
        "7": {
            "precision": 0.8873239436619719,
            "recall": 0.9887892376681614,
            "f1-score": 0.9353128313891834,
            "support": 446.0
        },
        "8": {
            "precision": 0.46543778801843316,
            "recall": 0.8347107438016529,
            "f1-score": 0.5976331360946746,
            "support": 363.0
        },
        "9": {
            "precision": 0.901294498381877,
            "recall": 0.9603448275862069,
            "f1-score": 0.9298831385642737,
            "support": 580.0
        },
        "10": {
            "precision": 0.9181585677749361,
            "recall": 0.5799676898222941,
            "f1-score": 0.7108910891089109,
            "support": 619.0
        },
        "11": {
            "precision": 0.8923076923076924,
            "recall": 0.8838095238095238,
            "f1-score": 0.8880382775119617,
            "support": 525.0
        },
        "12": {
            "precision": 0.8984881209503239,
            "recall": 0.7969348659003831,
            "f1-score": 0.8446700507614213,
            "support": 522.0
        },
        "13": {
            "precision": 0.7549167927382754,
            "recall": 0.9803536345776032,
            "f1-score": 0.852991452991453,
            "support": 509.0
        },
        "14": {
            "precision": 0.8127490039840638,
            "recall": 0.9390103567318757,
            "f1-score": 0.8713294180459157,
            "support": 869.0
        },
        "15": {
            "precision": 0.9383802816901409,
            "recall": 0.8723404255319149,
            "f1-score": 0.904156064461408,
            "support": 611.0
        },
        "16": {
            "precision": 0.852359208523592,
            "recall": 0.8791208791208791,
            "f1-score": 0.865533230293663,
            "support": 637.0
        },
        "17": {
            "precision": 0.9562594268476622,
            "recall": 0.8967468175388967,
            "f1-score": 0.9255474452554745,
            "support": 707.0
        },
        "18": {
            "precision": 0.9566666666666667,
            "recall": 0.9679595278246206,
            "f1-score": 0.9622799664710813,
            "support": 593.0
        },
        "19": {
            "precision": 0.9096209912536443,
            "recall": 0.9149560117302052,
            "f1-score": 0.9122807017543859,
            "support": 341.0
        },
        "20": {
            "precision": 0.8416370106761566,
            "recall": 0.8537906137184116,
            "f1-score": 0.8476702508960573,
            "support": 554.0
        },
        "21": {
            "precision": 0.9121265377855887,
            "recall": 0.8550247116968699,
            "f1-score": 0.8826530612244898,
            "support": 607.0
        },
        "22": {
            "precision": 0.8230240549828178,
            "recall": 0.8462897526501767,
            "f1-score": 0.8344947735191638,
            "support": 566.0
        },
        "23": {
            "precision": 0.9572368421052632,
            "recall": 0.7729083665338645,
            "f1-score": 0.855253490080823,
            "support": 753.0
        },
        "24": {
            "precision": 0.9603960396039604,
            "recall": 0.4127659574468085,
            "f1-score": 0.5773809523809523,
            "support": 705.0
        },
        "25": {
            "precision": 0.8513888888888889,
            "recall": 0.9503875968992248,
            "f1-score": 0.8981684981684982,
            "support": 645.0
        },
        "26": {
            "precision": 0.9314814814814815,
            "recall": 0.702513966480447,
            "f1-score": 0.8009554140127388,
            "support": 716.0
        },
        "27": {
            "precision": 0.8848484848484849,
            "recall": 0.7891891891891892,
            "f1-score": 0.8342857142857143,
            "support": 370.0
        },
        "28": {
            "precision": 0.7647058823529411,
            "recall": 0.02850877192982456,
            "f1-score": 0.05496828752642706,
            "support": 912.0
        },
        "29": {
            "precision": 0.8571428571428571,
            "recall": 0.9154639175257732,
            "f1-score": 0.8853439680957128,
            "support": 485.0
        },
        "30": {
            "precision": 0.8818011257035647,
            "recall": 0.797962648556876,
            "f1-score": 0.8377896613190731,
            "support": 589.0
        },
        "31": {
            "precision": 0.9138888888888889,
            "recall": 0.8479381443298969,
            "f1-score": 0.8796791443850267,
            "support": 388.0
        },
        "32": {
            "precision": 0.8028673835125448,
            "recall": 0.5476772616136919,
            "f1-score": 0.6511627906976745,
            "support": 409.0
        },
        "33": {
            "precision": 0.8636363636363636,
            "recall": 0.26232741617357,
            "f1-score": 0.40242057488653554,
            "support": 507.0
        },
        "34": {
            "precision": 0.9081081081081082,
            "recall": 0.8904593639575972,
            "f1-score": 0.8991971454058876,
            "support": 566.0
        },
        "35": {
            "precision": 0.5161662817551963,
            "recall": 0.8546845124282982,
            "f1-score": 0.6436285097192225,
            "support": 523.0
        },
        "36": {
            "precision": 0.8165266106442577,
            "recall": 0.9268680445151033,
            "f1-score": 0.8682055100521221,
            "support": 629.0
        },
        "37": {
            "precision": 0.8273809523809523,
            "recall": 0.8492871690427699,
            "f1-score": 0.8381909547738694,
            "support": 491.0
        },
        "38": {
            "precision": 0.8131487889273357,
            "recall": 0.44507575757575757,
            "f1-score": 0.5752753977968176,
            "support": 528.0
        },
        "39": {
            "precision": 0.6142857142857143,
            "recall": 0.8143939393939394,
            "f1-score": 0.7003257328990228,
            "support": 528.0
        },
        "40": {
            "precision": 0.8359788359788359,
            "recall": 0.8040712468193384,
            "f1-score": 0.8197146562905318,
            "support": 393.0
        },
        "41": {
            "precision": 0.9725274725274725,
            "recall": 0.9619565217391305,
            "f1-score": 0.9672131147540983,
            "support": 736.0
        },