{
    "acc1": 0.7528766727987591,
    "acc5": [
        0.9223388522165711
    ],
    "mean_per_class_recall": 0.7607325023278821,
    "classification_report": {
        "0": {
            "precision": 0.8536082474226804,
            "recall": 0.9387755102040817,
            "f1-score": 0.8941684665226782,
            "support": 441.0
        },
        "1": {
            "precision": 0.48623853211009177,
            "recall": 0.843501326259947,
            "f1-score": 0.6168768186226964,
            "support": 377.0
        },
        "2": {
            "precision": 0.96,
            "recall": 0.5344129554655871,
            "f1-score": 0.6866059817945384,
            "support": 494.0
        },
        "3": {
            "precision": 0.7262044653349001,
            "recall": 0.9048316251830161,
            "f1-score": 0.8057366362451108,
            "support": 683.0
        },
        "4": {
            "precision": 0.873015873015873,
            "recall": 0.9254807692307693,
            "f1-score": 0.8984830805134189,
            "support": 416.0
        },
        "5": {
            "precision": 0.6176194939081537,
            "recall": 0.9564586357039188,
            "f1-score": 0.7505694760820045,
            "support": 689.0
        },
        "6": {
            "precision": 0.5783132530120482,
            "recall": 0.9307479224376731,
            "f1-score": 0.7133757961783439,
            "support": 361.0
        },
        "7": {
            "precision": 0.9066390041493776,
            "recall": 0.9798206278026906,
            "f1-score": 0.9418103448275862,
            "support": 446.0
        },
        "8": {
            "precision": 0.45555555555555555,
            "recall": 0.5647382920110193,
            "f1-score": 0.5043050430504306,
            "support": 363.0
        },
        "9": {
            "precision": 0.780250347705146,
            "recall": 0.9672413793103448,
            "f1-score": 0.8637413394919169,
            "support": 580.0
        },
        "10": {
            "precision": 0.8545454545454545,
            "recall": 0.531502423263328,
            "f1-score": 0.6553784860557769,
            "support": 619.0
        },
        "11": {
            "precision": 0.8450450450450451,
            "recall": 0.8933333333333333,
            "f1-score": 0.8685185185185185,
            "support": 525.0
        },
        "12": {
            "precision": 0.9135802469135802,
            "recall": 0.7088122605363985,
            "f1-score": 0.7982740021574973,
            "support": 522.0
        },
        "13": {
            "precision": 0.7414561664190193,
            "recall": 0.9803536345776032,
            "f1-score": 0.8443316412859561,
            "support": 509.0
        },
        "14": {
            "precision": 0.7669452181987001,
            "recall": 0.950517836593786,
            "f1-score": 0.8489208633093526,
            "support": 869.0
        },
        "15": {
            "precision": 0.9290909090909091,
            "recall": 0.8363338788870703,
            "f1-score": 0.880275624461671,
            "support": 611.0
        },
        "16": {
            "precision": 0.7642163661581137,
            "recall": 0.8649921507064364,
            "f1-score": 0.8114874815905744,
            "support": 637.0
        },
        "17": {
            "precision": 0.9497784342688331,
            "recall": 0.9094766619519095,
            "f1-score": 0.9291907514450867,
            "support": 707.0
        },
        "18": {
            "precision": 0.9498327759197325,
            "recall": 0.9578414839797639,
            "f1-score": 0.9538203190596137,
            "support": 593.0
        },
        "19": {
            "precision": 0.7397959183673469,
            "recall": 0.8504398826979472,
            "f1-score": 0.791268758526603,
            "support": 341.0
        },
        "20": {
            "precision": 0.870201096892139,
            "recall": 0.8592057761732852,
            "f1-score": 0.8646684831970936,
            "support": 554.0
        },
        "21": {
            "precision": 0.8825688073394495,
            "recall": 0.7924217462932455,
            "f1-score": 0.8350694444444444,
            "support": 607.0
        },
        "22": {
            "precision": 0.7530674846625767,
            "recall": 0.8674911660777385,
            "f1-score": 0.80623973727422,
            "support": 566.0
        },
        "23": {
            "precision": 0.7863128491620112,
            "recall": 0.747675962815405,
            "f1-score": 0.7665078284547311,
            "support": 753.0
        },
        "24": {
            "precision": 0.6808510638297872,
            "recall": 0.09078014184397164,
            "f1-score": 0.16020025031289112,
            "support": 705.0
        },
        "25": {
            "precision": 0.8094575799721836,
            "recall": 0.9023255813953488,
            "f1-score": 0.8533724340175953,
            "support": 645.0
        },
        "26": {
            "precision": 0.9188034188034188,
            "recall": 0.6005586592178771,
            "f1-score": 0.7263513513513513,
            "support": 716.0
        },
        "27": {
            "precision": 0.8607242339832869,
            "recall": 0.8351351351351352,
            "f1-score": 0.8477366255144033,
            "support": 370.0
        },
        "28": {
            "precision": 0.5263157894736842,
            "recall": 0.010964912280701754,
            "f1-score": 0.021482277121374866,
            "support": 912.0
        },
        "29": {
            "precision": 0.8666666666666667,
            "recall": 0.8845360824742268,
            "f1-score": 0.8755102040816326,
            "support": 485.0
        },
        "30": {
            "precision": 0.8571428571428571,
            "recall": 0.6519524617996605,
            "f1-score": 0.7405978784956606,
            "support": 589.0
        },
        "31": {
            "precision": 0.95,
            "recall": 0.8814432989690721,
            "f1-score": 0.9144385026737968,
            "support": 388.0
        },
        "32": {
            "precision": 0.87,
            "recall": 0.21271393643031786,
            "f1-score": 0.3418467583497053,
            "support": 409.0
        },
        "33": {
            "precision": 0.8023255813953488,
            "recall": 0.13609467455621302,
            "f1-score": 0.2327150084317032,
            "support": 507.0
        },
        "34": {
            "precision": 0.9124087591240876,
            "recall": 0.8833922261484098,
            "f1-score": 0.8976660682226212,
            "support": 566.0
        },
        "35": {
            "precision": 0.46925972396486826,
            "recall": 0.7151051625239006,
            "f1-score": 0.5666666666666667,
            "support": 523.0
        },
        "36": {
            "precision": 0.823045267489712,
            "recall": 0.9538950715421304,
            "f1-score": 0.8836524300441826,
            "support": 629.0
        },
        "37": {
            "precision": 0.8296593186372746,
            "recall": 0.8431771894093686,
            "f1-score": 0.8363636363636363,
            "support": 491.0
        },
        "38": {
            "precision": 0.662621359223301,
            "recall": 0.5170454545454546,
            "f1-score": 0.5808510638297872,
            "support": 528.0
        },
        "39": {
            "precision": 0.5371794871794872,
            "recall": 0.7935606060606061,
            "f1-score": 0.6406727828746177,
            "support": 528.0
        },
        "40": {
            "precision": 0.8274760383386581,
            "recall": 0.6590330788804071,
            "f1-score": 0.7337110481586402,
            "support": 393.0
        },
        "41": {
            "precision": 0.9217948717948717,
            "recall": 0.9769021739130435,
            "f1-score": 0.9485488126649076,
            "support": 736.0
        },