{
    "acc1": 0.7994486560992419,
    "acc5": [
        0.9533896768109108
    ],
    "mean_per_class_recall": 0.7889426794327712,
    "classification_report": {
        "0": {
            "precision": 0.5454545454545454,
            "recall": 0.18848167539267016,
            "f1-score": 0.2801556420233463,
            "support": 382.0
        },
        "1": {
            "precision": 0.8534798534798534,
            "recall": 0.3764135702746365,
            "f1-score": 0.5224215246636771,
            "support": 619.0
        },
        "2": {
            "precision": 0.6374745417515275,
            "recall": 0.7245370370370371,
            "f1-score": 0.6782231852654388,
            "support": 432.0
        },
        "3": {
            "precision": 0.925207756232687,
            "recall": 0.9780380673499268,
            "f1-score": 0.9508896797153025,
            "support": 683.0
        },
        "4": {
            "precision": 0.8925619834710744,
            "recall": 0.9529411764705882,
            "f1-score": 0.9217638691322901,
            "support": 680.0
        },
        "5": {
            "precision": 0.9397590361445783,
            "recall": 0.35944700460829493,
            "f1-score": 0.52,
            "support": 434.0
        },
        "6": {
            "precision": 0.9508599508599509,
            "recall": 0.9192399049881235,
            "f1-score": 0.9347826086956522,
            "support": 421.0
        },
        "7": {
            "precision": 0.23728813559322035,
            "recall": 0.13023255813953488,
            "f1-score": 0.16816816816816818,
            "support": 430.0
        },
        "8": {
            "precision": 0.8353982300884956,
            "recall": 0.9496981891348089,
            "f1-score": 0.8888888888888888,
            "support": 497.0
        },
        "9": {
            "precision": 0.4798962386511025,
            "recall": 0.9685863874345549,
            "f1-score": 0.6418039895923677,
            "support": 382.0
        },
        "10": {
            "precision": 0.9835294117647059,
            "recall": 0.9351230425055929,
            "f1-score": 0.9587155963302753,
            "support": 447.0
        },
        "11": {
            "precision": 0.8278688524590164,
            "recall": 0.9805825242718447,
            "f1-score": 0.8977777777777778,
            "support": 412.0
        },
        "12": {
            "precision": 0.9451219512195121,
            "recall": 0.554561717352415,
            "f1-score": 0.6989853438556933,
            "support": 559.0
        },
        "13": {
            "precision": 0.6138613861386139,
            "recall": 0.7579462102689487,
            "f1-score": 0.6783369803063457,
            "support": 409.0
        },
        "14": {
            "precision": 0.9562737642585551,
            "recall": 0.9636015325670498,
            "f1-score": 0.9599236641221374,
            "support": 522.0
        },
        "15": {
            "precision": 0.8507751937984496,
            "recall": 0.8055045871559633,
            "f1-score": 0.827521206409048,
            "support": 545.0
        },
        "16": {
            "precision": 0.542,
            "recall": 0.7465564738292011,
            "f1-score": 0.6280417149478563,
            "support": 363.0
        },
        "17": {
            "precision": 0.4565416285452882,
            "recall": 0.8769771528998243,
            "f1-score": 0.6004813477737665,
            "support": 569.0
        },
        "18": {
            "precision": 0.8323353293413174,
            "recall": 0.805019305019305,
            "f1-score": 0.8184494602551521,
            "support": 518.0
        },
        "19": {
            "precision": 0.8404255319148937,
            "recall": 0.8719646799116998,
            "f1-score": 0.8559046587215602,
            "support": 453.0
        },
        "20": {
            "precision": 0.5971107544141252,
            "recall": 0.9417721518987342,
            "f1-score": 0.730844793713163,
            "support": 395.0
        },
        "21": {
            "precision": 0.922365988909427,
            "recall": 0.810064935064935,
            "f1-score": 0.8625756266205704,
            "support": 616.0
        },
        "22": {
            "precision": 0.8341232227488151,
            "recall": 0.9850746268656716,
            "f1-score": 0.9033361847733106,
            "support": 536.0
        },
        "23": {
            "precision": 0.893048128342246,
            "recall": 0.9737609329446064,
            "f1-score": 0.9316596931659693,
            "support": 686.0
        },
        "24": {
            "precision": 0.8220502901353965,
            "recall": 0.9725400457665904,
            "f1-score": 0.8909853249475891,
            "support": 437.0
        },
        "25": {
            "precision": 0.8034321372854915,
            "recall": 0.7874617737003058,
            "f1-score": 0.7953667953667953,
            "support": 654.0
        },
        "26": {
            "precision": 0.9472222222222222,
            "recall": 0.9841269841269841,
            "f1-score": 0.9653220099079972,
            "support": 693.0
        },
        "27": {
            "precision": 0.7807637906647807,
            "recall": 0.7796610169491526,
            "f1-score": 0.7802120141342757,
            "support": 708.0
        },
        "28": {
            "precision": 0.7228525121555915,
            "recall": 0.9350104821802935,
            "f1-score": 0.8153564899451554,
            "support": 477.0
        },
        "29": {
            "precision": 0.9034749034749034,
            "recall": 0.8297872340425532,
            "f1-score": 0.8650646950092421,
            "support": 564.0
        },
        "30": {
            "precision": 0.672106824925816,
            "recall": 0.7850953206239168,
            "f1-score": 0.7242206235011991,
            "support": 577.0
        },
        "31": {
            "precision": 0.8041431261770244,
            "recall": 0.9065817409766455,
            "f1-score": 0.8522954091816367,
            "support": 471.0
        },
        "32": {
            "precision": 0.9423312883435583,
            "recall": 0.9354445797807551,
            "f1-score": 0.9388753056234719,
            "support": 821.0
        },
        "33": {
            "precision": 0.906060606060606,
            "recall": 0.9101978691019786,
            "f1-score": 0.9081245254365984,
            "support": 657.0
        },
        "34": {
            "precision": 0.9778761061946902,
            "recall": 0.3989169675090253,
            "f1-score": 0.5666666666666667,
            "support": 554.0
        },
        "35": {
            "precision": 0.6492785793562708,
            "recall": 0.9390048154093098,
            "f1-score": 0.7677165354330708,
            "support": 623.0
        },
        "36": {
            "precision": 0.8699186991869918,
            "recall": 0.8020989505247377,
            "f1-score": 0.8346333853354134,
            "support": 667.0
        },
        "37": {
            "precision": 0.6740823136818688,
            "recall": 0.9513343799058085,
            "f1-score": 0.7890625,
            "support": 637.0
        },
        "38": {
            "precision": 0.8825347758887172,
            "recall": 0.9810996563573883,
            "f1-score": 0.9292107404393816,
            "support": 582.0
        },
        "39": {
            "precision": 0.8678955453149002,
            "recall": 0.8786936236391913,
            "f1-score": 0.8732612055641422,
            "support": 643.0
        },
        "40": {
            "precision": 0.8234165067178503,
            "recall": 0.6640866873065016,
            "f1-score": 0.7352185089974294,
            "support": 646.0
        },
        "41": {
            "precision": 0.8091482649842271,
            "recall": 0.9606741573033708,
            "f1-score": 0.8784246575342466,
            "support": 534.0
        },