{
    "acc1": 0.777803134033166,
    "acc5": [
        0.9488057203712156
    ],
    "mean_per_class_recall": 0.7755826603800121,
    "classification_report": {
        "0": {
            "precision": 0.8740458015267175,
            "recall": 0.8910505836575876,
            "f1-score": 0.882466281310212,
            "support": 514.0
        },
        "1": {
            "precision": 0.9063829787234042,
            "recall": 0.8623481781376519,
            "f1-score": 0.8838174273858921,
            "support": 494.0
        },
        "2": {
            "precision": 0.892933618843683,
            "recall": 0.8633540372670807,
            "f1-score": 0.8778947368421053,
            "support": 483.0
        },
        "3": {
            "precision": 0.5264367816091954,
            "recall": 0.35176651305683565,
            "f1-score": 0.42173112338858193,
            "support": 651.0
        },
        "4": {
            "precision": 0.8405172413793104,
            "recall": 0.8653846153846154,
            "f1-score": 0.8527696793002916,
            "support": 676.0
        },
        "5": {
            "precision": 0.46846846846846846,
            "recall": 0.14285714285714285,
            "f1-score": 0.21894736842105264,
            "support": 364.0
        },
        "6": {
            "precision": 0.8365261813537676,
            "recall": 0.9135285913528591,
            "f1-score": 0.8733333333333333,
            "support": 717.0
        },
        "7": {
            "precision": 0.5132075471698113,
            "recall": 0.951048951048951,
            "f1-score": 0.6666666666666666,
            "support": 429.0
        },
        "8": {
            "precision": 0.7423076923076923,
            "recall": 0.9353796445880452,
            "f1-score": 0.827734095782702,
            "support": 619.0
        },
        "9": {
            "precision": 0.8945386064030132,
            "recall": 0.916988416988417,
            "f1-score": 0.9056244041944709,
            "support": 518.0
        },
        "10": {
            "precision": 0.9279778393351801,
            "recall": 0.7562076749435666,
            "f1-score": 0.8333333333333334,
            "support": 443.0
        },
        "11": {
            "precision": 0.8725490196078431,
            "recall": 0.38362068965517243,
            "f1-score": 0.5329341317365269,
            "support": 464.0
        },
        "12": {
            "precision": 0.8021505376344086,
            "recall": 0.979002624671916,
            "f1-score": 0.8817966903073287,
            "support": 381.0
        },
        "13": {
            "precision": 0.9625,
            "recall": 0.8555555555555555,
            "f1-score": 0.9058823529411765,
            "support": 450.0
        },
        "14": {
            "precision": 0.8629242819843342,
            "recall": 0.9456366237482118,
            "f1-score": 0.9023890784982935,
            "support": 699.0
        },
        "15": {
            "precision": 0.6842105263157895,
            "recall": 0.5286506469500925,
            "f1-score": 0.5964546402502607,
            "support": 541.0
        },
        "16": {
            "precision": 0.8822269807280514,
            "recall": 0.8477366255144033,
            "f1-score": 0.8646379853095488,
            "support": 486.0
        },
        "17": {
            "precision": 0.7527272727272727,
            "recall": 0.8448979591836735,
            "f1-score": 0.7961538461538461,
            "support": 490.0
        },
        "18": {
            "precision": 0.7335164835164835,
            "recall": 0.7852941176470588,
            "f1-score": 0.7585227272727273,
            "support": 340.0
        },
        "19": {
            "precision": 0.8282828282828283,
            "recall": 0.8874458874458875,
            "f1-score": 0.8568443051201672,
            "support": 462.0
        },
        "20": {
            "precision": 0.9611940298507463,
            "recall": 0.7368421052631579,
            "f1-score": 0.8341968911917098,
            "support": 437.0
        },
        "21": {
            "precision": 0.8745519713261649,
            "recall": 0.6337662337662338,
            "f1-score": 0.7349397590361446,
            "support": 385.0
        },
        "22": {
            "precision": 0.4218009478672986,
            "recall": 0.7922848664688428,
            "f1-score": 0.5505154639175258,
            "support": 337.0
        },
        "23": {
            "precision": 0.8220858895705522,
            "recall": 0.7905604719764012,
            "f1-score": 0.806015037593985,
            "support": 339.0
        },
        "24": {
            "precision": 0.813510941960038,
            "recall": 0.9395604395604396,
            "f1-score": 0.8720040795512494,
            "support": 910.0
        },
        "25": {
            "precision": 0.44,
            "recall": 0.7034883720930233,
            "f1-score": 0.5413870246085011,
            "support": 516.0
        },
        "26": {
            "precision": 0.948019801980198,
            "recall": 0.8865740740740741,
            "f1-score": 0.916267942583732,
            "support": 432.0
        },
        "27": {
            "precision": 0.7044967880085653,
            "recall": 0.8225,
            "f1-score": 0.7589388696655133,
            "support": 400.0
        },
        "28": {
            "precision": 0.7559912854030502,
            "recall": 0.9532967032967034,
            "f1-score": 0.8432563791008505,
            "support": 364.0
        },
        "29": {
            "precision": 0.8341463414634146,
            "recall": 0.8814432989690721,
            "f1-score": 0.8571428571428571,
            "support": 388.0
        },
        "30": {
            "precision": 0.8489932885906041,
            "recall": 0.4542190305206463,
            "f1-score": 0.591812865497076,
            "support": 557.0
        },
        "31": {
            "precision": 0.8741258741258742,
            "recall": 0.9560229445506692,
            "f1-score": 0.91324200913242,
            "support": 523.0
        },
        "32": {
            "precision": 0.821875,
            "recall": 0.8067484662576687,
            "f1-score": 0.8142414860681114,
            "support": 652.0
        },
        "33": {
            "precision": 0.631578947368421,
            "recall": 0.9204545454545454,
            "f1-score": 0.7491329479768786,
            "support": 352.0
        },
        "34": {
            "precision": 0.6989100817438693,
            "recall": 0.783206106870229,
            "f1-score": 0.7386609071274298,
            "support": 655.0
        },
        "35": {
            "precision": 0.9057750759878419,
            "recall": 0.6221294363256785,
            "f1-score": 0.7376237623762376,
            "support": 479.0
        },
        "36": {
            "precision": 0.938562091503268,
            "recall": 0.8734793187347932,
            "f1-score": 0.9048519218651544,
            "support": 822.0
        },
        "37": {
            "precision": 0.8395860284605433,
            "recall": 0.8794037940379403,
            "f1-score": 0.8590337524818001,
            "support": 738.0
        },
        "38": {
            "precision": 0.9538461538461539,
            "recall": 0.8611111111111112,
            "f1-score": 0.9051094890510949,
            "support": 720.0
        },
        "39": {
            "precision": 0.6991735537190082,
            "recall": 0.5866851595006934,
            "f1-score": 0.6380090497737556,
            "support": 721.0
        },
        "40": {
            "precision": 0.8599562363238512,
            "recall": 0.6846689895470384,
            "f1-score": 0.7623666343355965,
            "support": 574.0
        },
        "41": {
            "precision": 0.910427807486631,
            "recall": 0.8730769230769231,
            "f1-score": 0.8913612565445026,
            "support": 780.0
        },