{
    "acc1": 0.7349132489268838,
    "acc5": [
        0.9276052375284061
    ],
    "mean_per_class_recall": 0.7244946719342125,
    "classification_report": {
        "0": {
            "precision": 0.8073929961089494,
            "recall": 0.9410430839002267,
            "f1-score": 0.8691099476439791,
            "support": 441.0
        },
        "1": {
            "precision": 0.379874213836478,
            "recall": 0.8010610079575596,
            "f1-score": 0.515358361774744,
            "support": 377.0
        },
        "2": {
            "precision": 0.8900804289544236,
            "recall": 0.6720647773279352,
            "f1-score": 0.7658592848904268,
            "support": 494.0
        },
        "3": {
            "precision": 0.9401294498381877,
            "recall": 0.8506588579795022,
            "f1-score": 0.8931591083781706,
            "support": 683.0
        },
        "4": {
            "precision": 0.8315098468271335,
            "recall": 0.9134615384615384,
            "f1-score": 0.870561282932417,
            "support": 416.0
        },
        "5": {
            "precision": 0.7107790821771611,
            "recall": 0.9666182873730044,
            "f1-score": 0.8191881918819188,
            "support": 689.0
        },
        "6": {
            "precision": 0.5876106194690266,
            "recall": 0.9196675900277008,
            "f1-score": 0.7170626349892009,
            "support": 361.0
        },
        "7": {
            "precision": 0.836852207293666,
            "recall": 0.9775784753363229,
            "f1-score": 0.9017580144777663,
            "support": 446.0
        },
        "8": {
            "precision": 0.4715909090909091,
            "recall": 0.22865013774104684,
            "f1-score": 0.3079777365491651,
            "support": 363.0
        },
        "9": {
            "precision": 0.7700534759358288,
            "recall": 0.7448275862068966,
            "f1-score": 0.7572304995617879,
            "support": 580.0
        },
        "10": {
            "precision": 0.8545454545454545,
            "recall": 0.3037156704361874,
            "f1-score": 0.44815256257449343,
            "support": 619.0
        },
        "11": {
            "precision": 0.9213197969543148,
            "recall": 0.6914285714285714,
            "f1-score": 0.7899891186071817,
            "support": 525.0
        },
        "12": {
            "precision": 0.8552631578947368,
            "recall": 0.7471264367816092,
            "f1-score": 0.7975460122699386,
            "support": 522.0
        },
        "13": {
            "precision": 0.6221662468513854,
            "recall": 0.9705304518664047,
            "f1-score": 0.758250191864927,
            "support": 509.0
        },
        "14": {
            "precision": 0.8455467869222097,
            "recall": 0.8630609896432682,
            "f1-score": 0.8542141230068337,
            "support": 869.0
        },
        "15": {
            "precision": 0.9568965517241379,
            "recall": 0.5450081833060556,
            "f1-score": 0.694473409801877,
            "support": 611.0
        },
        "16": {
            "precision": 0.673352435530086,
            "recall": 0.7378335949764521,
            "f1-score": 0.704119850187266,
            "support": 637.0
        },
        "17": {
            "precision": 0.8580901856763926,
            "recall": 0.9151343705799151,
            "f1-score": 0.8856947296372347,
            "support": 707.0
        },
        "18": {
            "precision": 0.9552238805970149,
            "recall": 0.9713322091062394,
            "f1-score": 0.9632107023411371,
            "support": 593.0
        },
        "19": {
            "precision": 0.581981981981982,
            "recall": 0.9472140762463344,
            "f1-score": 0.7209821428571429,
            "support": 341.0
        },
        "20": {
            "precision": 0.7885010266940452,
            "recall": 0.6931407942238267,
            "f1-score": 0.7377521613832853,
            "support": 554.0
        },
        "21": {
            "precision": 0.7445573294629898,
            "recall": 0.8451400329489291,
            "f1-score": 0.7916666666666666,
            "support": 607.0
        },
        "22": {
            "precision": 0.6156156156156156,
            "recall": 0.7243816254416962,
            "f1-score": 0.6655844155844156,
            "support": 566.0
        },
        "23": {
            "precision": 0.9557069846678024,
            "recall": 0.7450199203187251,
            "f1-score": 0.8373134328358209,
            "support": 753.0
        },
        "24": {
            "precision": 0.9319286871961102,
            "recall": 0.8156028368794326,
            "f1-score": 0.869894099848714,
            "support": 705.0
        },
        "25": {
            "precision": 0.8444444444444444,
            "recall": 0.7069767441860465,
            "f1-score": 0.769620253164557,
            "support": 645.0
        },
        "26": {
            "precision": 0.8933566433566433,
            "recall": 0.7136871508379888,
            "f1-score": 0.7934782608695652,
            "support": 716.0
        },
        "27": {
            "precision": 0.8515625,
            "recall": 0.5891891891891892,
            "f1-score": 0.6964856230031949,
            "support": 370.0
        },
        "28": {
            "precision": 0.5951923076923077,
            "recall": 0.6787280701754386,
            "f1-score": 0.6342213114754098,
            "support": 912.0
        },
        "29": {
            "precision": 0.8625,
            "recall": 0.8536082474226804,
            "f1-score": 0.8580310880829015,
            "support": 485.0
        },
        "30": {
            "precision": 0.873015873015873,
            "recall": 0.6536502546689303,
            "f1-score": 0.7475728155339806,
            "support": 589.0
        },
        "31": {
            "precision": 0.963963963963964,
            "recall": 0.5515463917525774,
            "f1-score": 0.7016393442622951,
            "support": 388.0
        },
        "32": {
            "precision": 0.7063492063492064,
            "recall": 0.2176039119804401,
            "f1-score": 0.33271028037383177,
            "support": 409.0
        },
        "33": {
            "precision": 0.45093457943925236,
            "recall": 0.3806706114398422,
            "f1-score": 0.4128342245989305,
            "support": 507.0
        },
        "34": {
            "precision": 0.7843137254901961,
            "recall": 0.9187279151943463,
            "f1-score": 0.8462164361269324,
            "support": 566.0
        },
        "35": {
            "precision": 0.4186471663619744,
            "recall": 0.875717017208413,
            "f1-score": 0.5664811379097093,
            "support": 523.0
        },
        "36": {
            "precision": 0.8259629101283881,
            "recall": 0.9205087440381559,
            "f1-score": 0.8706766917293233,
            "support": 629.0
        },
        "37": {
            "precision": 0.6450151057401813,
            "recall": 0.869653767820774,
            "f1-score": 0.7406764960971379,
            "support": 491.0
        },
        "38": {
            "precision": 0.7692307692307693,
            "recall": 0.0946969696969697,
            "f1-score": 0.16863406408094436,
            "support": 528.0
        },
        "39": {
            "precision": 0.6268343815513627,
            "recall": 0.5662878787878788,
            "f1-score": 0.5950248756218905,
            "support": 528.0
        },
        "40": {
            "precision": 0.25,
            "recall": 0.061068702290076333,
            "f1-score": 0.09815950920245399,
            "support": 393.0
        },
        "41": {
            "precision": 0.9213917525773195,
            "recall": 0.9714673913043478,
            "f1-score": 0.9457671957671958,
            "support": 736.0
        },