{
    "acc1": 0.8044542783561246,
    "acc5": [
        0.9545504008125067
    ],
    "mean_per_class_recall": 0.7939535232480652,
    "classification_report": {
        "0": {
            "precision": 0.6551724137931034,
            "recall": 0.2486910994764398,
            "f1-score": 0.3605313092979127,
            "support": 382.0
        },
        "1": {
            "precision": 0.8525641025641025,
            "recall": 0.2148626817447496,
            "f1-score": 0.3432258064516129,
            "support": 619.0
        },
        "2": {
            "precision": 0.6856540084388185,
            "recall": 0.7523148148148148,
            "f1-score": 0.717439293598234,
            "support": 432.0
        },
        "3": {
            "precision": 0.9151846785225718,
            "recall": 0.9795021961932651,
            "f1-score": 0.9462517680339463,
            "support": 683.0
        },
        "4": {
            "precision": 0.9004149377593361,
            "recall": 0.9573529411764706,
            "f1-score": 0.9280114041339986,
            "support": 680.0
        },
        "5": {
            "precision": 0.9455782312925171,
            "recall": 0.32027649769585254,
            "f1-score": 0.4784853700516351,
            "support": 434.0
        },
        "6": {
            "precision": 0.9486552567237164,
            "recall": 0.9216152019002375,
            "f1-score": 0.9349397590361446,
            "support": 421.0
        },
        "7": {
            "precision": 0.32608695652173914,
            "recall": 0.1744186046511628,
            "f1-score": 0.22727272727272727,
            "support": 430.0
        },
        "8": {
            "precision": 0.8789571694599627,
            "recall": 0.9496981891348089,
            "f1-score": 0.9129593810444874,
            "support": 497.0
        },
        "9": {
            "precision": 0.5232722143864598,
            "recall": 0.9712041884816754,
            "f1-score": 0.6801099908340972,
            "support": 382.0
        },
        "10": {
            "precision": 0.9813953488372092,
            "recall": 0.9440715883668904,
            "f1-score": 0.9623717217787914,
            "support": 447.0
        },
        "11": {
            "precision": 0.8288659793814434,
            "recall": 0.9757281553398058,
            "f1-score": 0.8963210702341137,
            "support": 412.0
        },
        "12": {
            "precision": 0.8847117794486216,
            "recall": 0.631484794275492,
            "f1-score": 0.7369519832985386,
            "support": 559.0
        },
        "13": {
            "precision": 0.6271844660194175,
            "recall": 0.7897310513447433,
            "f1-score": 0.6991341991341992,
            "support": 409.0
        },
        "14": {
            "precision": 0.9728155339805825,
            "recall": 0.9597701149425287,
            "f1-score": 0.9662487945998072,
            "support": 522.0
        },
        "15": {
            "precision": 0.8458498023715415,
            "recall": 0.7853211009174312,
            "f1-score": 0.8144624167459562,
            "support": 545.0
        },
        "16": {
            "precision": 0.7686832740213523,
            "recall": 0.5950413223140496,
            "f1-score": 0.6708074534161491,
            "support": 363.0
        },
        "17": {
            "precision": 0.44680851063829785,
            "recall": 0.8488576449912126,
            "f1-score": 0.5854545454545454,
            "support": 569.0
        },
        "18": {
            "precision": 0.8303030303030303,
            "recall": 0.7934362934362934,
            "f1-score": 0.8114511352418559,
            "support": 518.0
        },
        "19": {
            "precision": 0.7992047713717694,
            "recall": 0.8874172185430463,
            "f1-score": 0.8410041841004184,
            "support": 453.0
        },
        "20": {
            "precision": 0.6313993174061433,
            "recall": 0.9367088607594937,
            "f1-score": 0.7543323139653415,
            "support": 395.0
        },
        "21": {
            "precision": 0.9148550724637681,
            "recall": 0.8198051948051948,
            "f1-score": 0.8647260273972602,
            "support": 616.0
        },
        "22": {
            "precision": 0.816358024691358,
            "recall": 0.9869402985074627,
            "f1-score": 0.893581081081081,
            "support": 536.0
        },
        "23": {
            "precision": 0.8997326203208557,
            "recall": 0.9810495626822158,
            "f1-score": 0.9386331938633193,
            "support": 686.0
        },
        "24": {
            "precision": 0.7806215722120659,
            "recall": 0.977116704805492,
            "f1-score": 0.8678861788617886,
            "support": 437.0
        },
        "25": {
            "precision": 0.8036253776435045,
            "recall": 0.8134556574923547,
            "f1-score": 0.8085106382978723,
            "support": 654.0
        },
        "26": {
            "precision": 0.9253731343283582,
            "recall": 0.9841269841269841,
            "f1-score": 0.9538461538461539,
            "support": 693.0
        },
        "27": {
            "precision": 0.8120411160058737,
            "recall": 0.7810734463276836,
            "f1-score": 0.7962562994960403,
            "support": 708.0
        },
        "28": {
            "precision": 0.680119581464873,
            "recall": 0.9538784067085954,
            "f1-score": 0.794066317626527,
            "support": 477.0
        },
        "29": {
            "precision": 0.9089147286821705,
            "recall": 0.8315602836879432,
            "f1-score": 0.8685185185185185,
            "support": 564.0
        },
        "30": {
            "precision": 0.670995670995671,
            "recall": 0.8058925476603119,
            "f1-score": 0.7322834645669292,
            "support": 577.0
        },
        "31": {
            "precision": 0.8007448789571695,
            "recall": 0.9129511677282378,
            "f1-score": 0.8531746031746031,
            "support": 471.0
        },
        "32": {
            "precision": 0.9534591194968554,
            "recall": 0.9232643118148599,
            "f1-score": 0.9381188118811881,
            "support": 821.0
        },
        "33": {
            "precision": 0.8906942392909897,
            "recall": 0.9178082191780822,
            "f1-score": 0.904047976011994,
            "support": 657.0
        },
        "34": {
            "precision": 0.9780701754385965,
            "recall": 0.40252707581227437,
            "f1-score": 0.5703324808184144,
            "support": 554.0
        },
        "35": {
            "precision": 0.6685714285714286,
            "recall": 0.9390048154093098,
            "f1-score": 0.7810413885180241,
            "support": 623.0
        },
        "36": {
            "precision": 0.8052708638360175,
            "recall": 0.8245877061469266,
            "f1-score": 0.8148148148148148,
            "support": 667.0
        },
        "37": {
            "precision": 0.6684723726977249,
            "recall": 0.9686028257456829,
            "f1-score": 0.791025641025641,
            "support": 637.0
        },
        "38": {
            "precision": 0.9184,
            "recall": 0.9862542955326461,
            "f1-score": 0.9511184755592378,
            "support": 582.0
        },
        "39": {
            "precision": 0.8824451410658307,
            "recall": 0.8755832037325039,
            "f1-score": 0.8790007806401249,
            "support": 643.0
        },
        "40": {
            "precision": 0.845213849287169,
            "recall": 0.6424148606811145,
            "f1-score": 0.7299912049252418,
            "support": 646.0
        },
        "41": {
            "precision": 0.8374384236453202,
            "recall": 0.9550561797752809,
            "f1-score": 0.8923884514435696,
            "support": 534.0
        },