{
    "acc1": 0.7820901320901321,
    "acc5": [
        0.9634032634032634
    ],
    "mean_per_class_recall": 0.7781940735870836,
    "classification_report": {
        "0": {
            "precision": 0.5678571428571428,
            "recall": 0.8153846153846154,
            "f1-score": 0.6694736842105263,
            "support": 390.0
        },
        "1": {
            "precision": 0.8412098298676749,
            "recall": 0.7247557003257329,
            "f1-score": 0.778652668416448,
            "support": 614.0
        },
        "2": {
            "precision": 0.7158469945355191,
            "recall": 0.9192982456140351,
            "f1-score": 0.804915514592934,
            "support": 570.0
        },
        "3": {
            "precision": 0.8705994291151284,
            "recall": 0.9365404298874105,
            "f1-score": 0.9023668639053254,
            "support": 977.0
        },
        "4": {
            "precision": 0.8787878787878788,
            "recall": 0.8903508771929824,
            "f1-score": 0.8845315904139434,
            "support": 456.0
        },
        "5": {
            "precision": 0.8253968253968254,
            "recall": 0.6453900709219859,
            "f1-score": 0.7243781094527363,
            "support": 564.0
        },
        "6": {
            "precision": 0.8645276292335116,
            "recall": 0.8178752107925801,
            "f1-score": 0.8405545927209706,
            "support": 593.0
        },
        "7": {
            "precision": 0.6293785310734463,
            "recall": 0.8227474150664698,
            "f1-score": 0.7131882202304738,
            "support": 677.0
        },
        "8": {
            "precision": 0.4620253164556962,
            "recall": 0.35872235872235875,
            "f1-score": 0.40387275242047027,
            "support": 407.0
        },
        "9": {
            "precision": 0.7533460803059273,
            "recall": 0.8893905191873589,
            "f1-score": 0.8157349896480331,
            "support": 443.0
        },
        "10": {
            "precision": 0.8131578947368421,
            "recall": 0.597678916827853,
            "f1-score": 0.6889632107023411,
            "support": 517.0
        },
        "11": {
            "precision": 0.9107142857142857,
            "recall": 0.9663157894736842,
            "f1-score": 0.9376915219611849,
            "support": 475.0
        },
        "12": {
            "precision": 0.7897435897435897,
            "recall": 0.7877237851662404,
            "f1-score": 0.7887323943661971,
            "support": 391.0
        },
        "13": {
            "precision": 0.7689393939393939,
            "recall": 0.9022222222222223,
            "f1-score": 0.8302658486707567,
            "support": 450.0
        },
        "14": {
            "precision": 0.9434628975265018,
            "recall": 0.9816176470588235,
            "f1-score": 0.9621621621621622,
            "support": 544.0
        },
        "15": {
            "precision": 0.8961864406779662,
            "recall": 0.925601750547046,
            "f1-score": 0.9106566200215285,
            "support": 457.0
        },
        "16": {
            "precision": 0.8685376661742984,
            "recall": 0.9468599033816425,
            "f1-score": 0.9060092449922958,
            "support": 621.0
        },
        "17": {
            "precision": 0.9273648648648649,
            "recall": 0.915,
            "f1-score": 0.9211409395973155,
            "support": 600.0
        },
        "18": {
            "precision": 0.88,
            "recall": 0.9343629343629344,
            "f1-score": 0.9063670411985019,
            "support": 518.0
        },
        "19": {
            "precision": 0.9166666666666666,
            "recall": 0.609981515711645,
            "f1-score": 0.732519422863485,
            "support": 541.0
        },
        "20": {
            "precision": 0.8415300546448088,
            "recall": 0.8191489361702128,
            "f1-score": 0.8301886792452831,
            "support": 564.0
        },
        "21": {
            "precision": 0.8042813455657493,
            "recall": 0.6726342710997443,
            "f1-score": 0.7325905292479109,
            "support": 391.0
        },
        "22": {
            "precision": 0.8778625954198473,
            "recall": 0.5133928571428571,
            "f1-score": 0.647887323943662,
            "support": 672.0
        },
        "23": {
            "precision": 0.8067010309278351,
            "recall": 0.7844611528822055,
            "f1-score": 0.795425667090216,
            "support": 399.0
        },
        "24": {
            "precision": 0.8392857142857143,
            "recall": 0.9468864468864469,
            "f1-score": 0.8898450946643718,
            "support": 546.0
        },
        "25": {
            "precision": 0.7472035794183445,
            "recall": 0.9542857142857143,
            "f1-score": 0.8381430363864492,
            "support": 350.0
        },
        "26": {
            "precision": 0.8634615384615385,
            "recall": 0.9760869565217392,
            "f1-score": 0.9163265306122449,
            "support": 460.0
        },
        "27": {
            "precision": 0.9861111111111112,
            "recall": 0.1880794701986755,
            "f1-score": 0.31590656284760843,
            "support": 755.0
        },
        "28": {
            "precision": 0.9446022727272727,
            "recall": 0.979381443298969,
            "f1-score": 0.9616775126536515,
            "support": 679.0
        },
        "29": {
            "precision": 0.8038147138964578,
            "recall": 0.544280442804428,
            "f1-score": 0.6490649064906491,
            "support": 542.0
        },
        "30": {
            "precision": 0.9107438016528926,
            "recall": 0.8690851735015773,
            "f1-score": 0.8894269572235673,
            "support": 634.0
        },
        "31": {
            "precision": 0.8732943469785575,
            "recall": 0.8220183486238533,
            "f1-score": 0.8468809073724007,
            "support": 545.0
        },
        "32": {
            "precision": 0.9302325581395349,
            "recall": 0.8931419457735247,
            "f1-score": 0.9113100081366965,
            "support": 627.0
        },
        "33": {
            "precision": 0.930715935334873,
            "recall": 0.8611111111111112,
            "f1-score": 0.8945615982241953,
            "support": 468.0
        },
        "34": {
            "precision": 0.7475728155339806,
            "recall": 0.4,
            "f1-score": 0.5211505922165821,
            "support": 385.0
        },
        "35": {
            "precision": 0.5958429561200924,
            "recall": 0.675392670157068,
            "f1-score": 0.6331288343558282,
            "support": 382.0
        },
        "36": {
            "precision": 0.8091787439613527,
            "recall": 0.7579185520361991,
            "f1-score": 0.7827102803738317,
            "support": 442.0
        },
        "37": {
            "precision": 0.7630522088353414,
            "recall": 0.4481132075471698,
            "f1-score": 0.5646359583952452,
            "support": 424.0
        },
        "38": {
            "precision": 0.4764705882352941,
            "recall": 0.7641509433962265,
            "f1-score": 0.5869565217391305,
            "support": 318.0
        },
        "39": {
            "precision": 0.7304075235109718,
            "recall": 0.5331807780320366,
            "f1-score": 0.6164021164021164,
            "support": 437.0
        },
        "40": {
            "precision": 0.897119341563786,
            "recall": 0.8257575757575758,
            "f1-score": 0.8599605522682445,
            "support": 528.0
        },
        "41": {
            "precision": 0.9181818181818182,
            "recall": 0.8924889543446245,
            "f1-score": 0.9051530993278566,
            "support": 679.0
        },