{
    "acc1": 0.8123940410489485,
    "acc5": [
        0.9600692565739638
    ],
    "mean_per_class_recall": 0.8212584273333072,
    "classification_report": {
        "0": {
            "precision": 0.8943965517241379,
            "recall": 0.9410430839002267,
            "f1-score": 0.9171270718232044,
            "support": 441.0
        },
        "1": {
            "precision": 0.602880658436214,
            "recall": 0.7771883289124668,
            "f1-score": 0.6790266512166859,
            "support": 377.0
        },
        "2": {
            "precision": 0.949671772428884,
            "recall": 0.8785425101214575,
            "f1-score": 0.9127234490010515,
            "support": 494.0
        },
        "3": {
            "precision": 0.9078751857355126,
            "recall": 0.8945827232796486,
            "f1-score": 0.9011799410029498,
            "support": 683.0
        },
        "4": {
            "precision": 0.8985849056603774,
            "recall": 0.9158653846153846,
            "f1-score": 0.9071428571428571,
            "support": 416.0
        },
        "5": {
            "precision": 0.7038581856100105,
            "recall": 0.9796806966618288,
            "f1-score": 0.8191747572815534,
            "support": 689.0
        },
        "6": {
            "precision": 0.5920138888888888,
            "recall": 0.9445983379501385,
            "f1-score": 0.727854855923159,
            "support": 361.0
        },
        "7": {
            "precision": 0.8782435129740519,
            "recall": 0.9865470852017937,
            "f1-score": 0.9292502639915523,
            "support": 446.0
        },
        "8": {
            "precision": 0.6482758620689655,
            "recall": 0.7768595041322314,
            "f1-score": 0.706766917293233,
            "support": 363.0
        },
        "9": {
            "precision": 0.9166666666666666,
            "recall": 0.9293103448275862,
            "f1-score": 0.922945205479452,
            "support": 580.0
        },
        "10": {
            "precision": 0.9043927648578811,
            "recall": 0.5654281098546042,
            "f1-score": 0.6958250497017893,
            "support": 619.0
        },
        "11": {
            "precision": 0.8928571428571429,
            "recall": 0.9047619047619048,
            "f1-score": 0.8987701040681173,
            "support": 525.0
        },
        "12": {
            "precision": 0.8670756646216768,
            "recall": 0.8122605363984674,
            "f1-score": 0.8387734915924827,
            "support": 522.0
        },
        "13": {
            "precision": 0.7444279346210996,
            "recall": 0.9842829076620825,
            "f1-score": 0.8477157360406091,
            "support": 509.0
        },
        "14": {
            "precision": 0.7758620689655172,
            "recall": 0.9321058688147296,
            "f1-score": 0.8468374281233665,
            "support": 869.0
        },
        "15": {
            "precision": 0.9356617647058824,
            "recall": 0.8330605564648118,
            "f1-score": 0.8813852813852814,
            "support": 611.0
        },
        "16": {
            "precision": 0.8609794628751974,
            "recall": 0.8555729984301413,
            "f1-score": 0.8582677165354331,
            "support": 637.0
        },
        "17": {
            "precision": 0.9382352941176471,
            "recall": 0.9024045261669024,
            "f1-score": 0.9199711607786589,
            "support": 707.0
        },
        "18": {
            "precision": 0.9582637729549248,
            "recall": 0.9679595278246206,
            "f1-score": 0.9630872483221476,
            "support": 593.0
        },
        "19": {
            "precision": 0.8820224719101124,
            "recall": 0.9208211143695014,
            "f1-score": 0.9010043041606887,
            "support": 341.0
        },
        "20": {
            "precision": 0.8336283185840708,
            "recall": 0.8501805054151624,
            "f1-score": 0.8418230563002681,
            "support": 554.0
        },
        "21": {
            "precision": 0.9234875444839857,
            "recall": 0.8550247116968699,
            "f1-score": 0.8879384088964928,
            "support": 607.0
        },
        "22": {
            "precision": 0.7851500789889415,
            "recall": 0.8780918727915195,
            "f1-score": 0.8290241868223519,
            "support": 566.0
        },
        "23": {
            "precision": 0.9755671902268761,
            "recall": 0.7423638778220452,
            "f1-score": 0.8431372549019608,
            "support": 753.0
        },
        "24": {
            "precision": 0.9789272030651341,
            "recall": 0.724822695035461,
            "f1-score": 0.8329258353708231,
            "support": 705.0
        },
        "25": {
            "precision": 0.8124174372523117,
            "recall": 0.9534883720930233,
            "f1-score": 0.8773181169757489,
            "support": 645.0
        },
        "26": {
            "precision": 0.894,
            "recall": 0.6243016759776536,
            "f1-score": 0.7351973684210527,
            "support": 716.0
        },
        "27": {
            "precision": 0.8680351906158358,
            "recall": 0.8,
            "f1-score": 0.8326300984528833,
            "support": 370.0
        },
        "28": {
            "precision": 0.7560975609756098,
            "recall": 0.03399122807017544,
            "f1-score": 0.06505771248688352,
            "support": 912.0
        },
        "29": {
            "precision": 0.864,
            "recall": 0.8907216494845361,
            "f1-score": 0.8771573604060914,
            "support": 485.0
        },
        "30": {
            "precision": 0.8919449901768173,
            "recall": 0.7707979626485568,
            "f1-score": 0.8269581056466302,
            "support": 589.0
        },
        "31": {
            "precision": 0.9237536656891495,
            "recall": 0.8118556701030928,
            "f1-score": 0.8641975308641975,
            "support": 388.0
        },
        "32": {
            "precision": 0.8565217391304348,
            "recall": 0.48166259168704156,
            "f1-score": 0.6165884194053208,
            "support": 409.0
        },
        "33": {
            "precision": 0.8992805755395683,
            "recall": 0.2465483234714004,
            "f1-score": 0.38699690402476783,
            "support": 507.0
        },
        "34": {
            "precision": 0.9212454212454212,
            "recall": 0.8886925795053003,
            "f1-score": 0.9046762589928058,
            "support": 566.0
        },
        "35": {
            "precision": 0.5292652552926526,
            "recall": 0.8126195028680688,
            "f1-score": 0.6410256410256411,
            "support": 523.0
        },
        "36": {
            "precision": 0.8497790868924889,
            "recall": 0.9173290937996821,
            "f1-score": 0.882262996941896,
            "support": 629.0
        },
        "37": {
            "precision": 0.8317025440313112,
            "recall": 0.8655804480651731,
            "f1-score": 0.8483033932135728,
            "support": 491.0
        },
        "38": {
            "precision": 0.7905759162303665,
            "recall": 0.571969696969697,
            "f1-score": 0.6637362637362637,
            "support": 528.0
        },
        "39": {
            "precision": 0.6011080332409973,
            "recall": 0.821969696969697,
            "f1-score": 0.6944,
            "support": 528.0
        },
        "40": {
            "precision": 0.8818443804034583,
            "recall": 0.7786259541984732,
            "f1-score": 0.827027027027027,
            "support": 393.0
        },
        "41": {
            "precision": 0.9831932773109243,
            "recall": 0.9538043478260869,
            "f1-score": 0.9682758620689655,
            "support": 736.0
        },