{
    "acc1": 0.8191393427839699,
    "acc5": [
        0.9647224326371605
    ],
    "mean_per_class_recall": 0.8293619752742911,
    "classification_report": {
        "0": {
            "precision": 0.8837209302325582,
            "recall": 0.9478458049886621,
            "f1-score": 0.9146608315098468,
            "support": 441.0
        },
        "1": {
            "precision": 0.6484210526315789,
            "recall": 0.8169761273209549,
            "f1-score": 0.7230046948356808,
            "support": 377.0
        },
        "2": {
            "precision": 0.9194214876033058,
            "recall": 0.9008097165991903,
            "f1-score": 0.9100204498977505,
            "support": 494.0
        },
        "3": {
            "precision": 0.9019033674963397,
            "recall": 0.9019033674963397,
            "f1-score": 0.9019033674963397,
            "support": 683.0
        },
        "4": {
            "precision": 0.8891454965357968,
            "recall": 0.9254807692307693,
            "f1-score": 0.9069493521790342,
            "support": 416.0
        },
        "5": {
            "precision": 0.7859649122807018,
            "recall": 0.9753265602322206,
            "f1-score": 0.8704663212435233,
            "support": 689.0
        },
        "6": {
            "precision": 0.6660039761431411,
            "recall": 0.9279778393351801,
            "f1-score": 0.7754629629629629,
            "support": 361.0
        },
        "7": {
            "precision": 0.8929292929292929,
            "recall": 0.9910313901345291,
            "f1-score": 0.9394261424017003,
            "support": 446.0
        },
        "8": {
            "precision": 0.4990859232175503,
            "recall": 0.7520661157024794,
            "f1-score": 0.6,
            "support": 363.0
        },
        "9": {
            "precision": 0.8904761904761904,
            "recall": 0.9672413793103448,
            "f1-score": 0.9272727272727272,
            "support": 580.0
        },
        "10": {
            "precision": 0.8533653846153846,
            "recall": 0.5735056542810986,
            "f1-score": 0.6859903381642513,
            "support": 619.0
        },
        "11": {
            "precision": 0.8576576576576577,
            "recall": 0.9066666666666666,
            "f1-score": 0.8814814814814815,
            "support": 525.0
        },
        "12": {
            "precision": 0.8888888888888888,
            "recall": 0.7969348659003831,
            "f1-score": 0.8404040404040404,
            "support": 522.0
        },
        "13": {
            "precision": 0.7789968652037618,
            "recall": 0.9764243614931237,
            "f1-score": 0.8666085440278989,
            "support": 509.0
        },
        "14": {
            "precision": 0.8309426229508197,
            "recall": 0.9332566168009206,
            "f1-score": 0.8791327913279133,
            "support": 869.0
        },
        "15": {
            "precision": 0.9229422066549913,
            "recall": 0.8625204582651391,
            "f1-score": 0.8917089678510999,
            "support": 611.0
        },
        "16": {
            "precision": 0.8245614035087719,
            "recall": 0.8854003139717426,
            "f1-score": 0.8538985616956851,
            "support": 637.0
        },
        "17": {
            "precision": 0.9484536082474226,
            "recall": 0.9108910891089109,
            "f1-score": 0.9292929292929293,
            "support": 707.0
        },
        "18": {
            "precision": 0.9632721202003339,
            "recall": 0.9730185497470489,
            "f1-score": 0.9681208053691275,
            "support": 593.0
        },
        "19": {
            "precision": 0.8701657458563536,
            "recall": 0.9237536656891495,
            "f1-score": 0.8961593172119487,
            "support": 341.0
        },
        "20": {
            "precision": 0.8694885361552028,
            "recall": 0.8898916967509025,
            "f1-score": 0.8795718108831401,
            "support": 554.0
        },
        "21": {
            "precision": 0.9209138840070299,
            "recall": 0.8632619439868204,
            "f1-score": 0.891156462585034,
            "support": 607.0
        },
        "22": {
            "precision": 0.7896494156928213,
            "recall": 0.8356890459363958,
            "f1-score": 0.8120171673819743,
            "support": 566.0
        },
        "23": {
            "precision": 0.967687074829932,
            "recall": 0.7556440903054449,
            "f1-score": 0.84862043251305,
            "support": 753.0
        },
        "24": {
            "precision": 0.9644444444444444,
            "recall": 0.6156028368794326,
            "f1-score": 0.7515151515151515,
            "support": 705.0
        },
        "25": {
            "precision": 0.9041297935103245,
            "recall": 0.9503875968992248,
            "f1-score": 0.926681783824641,
            "support": 645.0
        },
        "26": {
            "precision": 0.9293478260869565,
            "recall": 0.7164804469273743,
            "f1-score": 0.8091482649842271,
            "support": 716.0
        },
        "27": {
            "precision": 0.8421052631578947,
            "recall": 0.8216216216216217,
            "f1-score": 0.8317373461012312,
            "support": 370.0
        },
        "28": {
            "precision": 0.8095238095238095,
            "recall": 0.01864035087719298,
            "f1-score": 0.03644158628081458,
            "support": 912.0
        },
        "29": {
            "precision": 0.8908730158730159,
            "recall": 0.9257731958762887,
            "f1-score": 0.9079878665318504,
            "support": 485.0
        },
        "30": {
            "precision": 0.9026717557251909,
            "recall": 0.8030560271646859,
            "f1-score": 0.8499550763701708,
            "support": 589.0
        },
        "31": {
            "precision": 0.9287671232876712,
            "recall": 0.8737113402061856,
            "f1-score": 0.900398406374502,
            "support": 388.0
        },
        "32": {
            "precision": 0.819047619047619,
            "recall": 0.6308068459657702,
            "f1-score": 0.712707182320442,
            "support": 409.0
        },
        "33": {
            "precision": 0.88,
            "recall": 0.17357001972386588,
            "f1-score": 0.2899505766062603,
            "support": 507.0
        },
        "34": {
            "precision": 0.904424778761062,
            "recall": 0.9028268551236749,
            "f1-score": 0.9036251105216623,
            "support": 566.0
        },
        "35": {
            "precision": 0.5177304964539007,
            "recall": 0.8374760994263862,
            "f1-score": 0.6398831263696129,
            "support": 523.0
        },
        "36": {
            "precision": 0.8029294274300932,
            "recall": 0.958664546899841,
            "f1-score": 0.8739130434782608,
            "support": 629.0
        },
        "37": {
            "precision": 0.8488612836438924,
            "recall": 0.835030549898167,
            "f1-score": 0.8418891170431212,
            "support": 491.0
        },
        "38": {
            "precision": 0.804093567251462,
            "recall": 0.5208333333333334,
            "f1-score": 0.632183908045977,
            "support": 528.0
        },
        "39": {
            "precision": 0.6401799100449775,
            "recall": 0.8087121212121212,
            "f1-score": 0.7146443514644352,
            "support": 528.0
        },
        "40": {
            "precision": 0.9275766016713092,
            "recall": 0.8473282442748091,
            "f1-score": 0.8856382978723404,
            "support": 393.0
        },
        "41": {
            "precision": 0.9713896457765667,
            "recall": 0.96875,
            "f1-score": 0.9700680272108844,
            "support": 736.0
        },