{
    "acc1": 0.8071021799847655,
    "acc5": [
        0.9570894845659981
    ],
    "mean_per_class_recall": 0.7979471933888658,
    "classification_report": {
        "0": {
            "precision": 0.736318407960199,
            "recall": 0.387434554973822,
            "f1-score": 0.5077186963979416,
            "support": 382.0
        },
        "1": {
            "precision": 0.9252873563218391,
            "recall": 0.26009693053311794,
            "f1-score": 0.4060529634300126,
            "support": 619.0
        },
        "2": {
            "precision": 0.6820083682008368,
            "recall": 0.7546296296296297,
            "f1-score": 0.7164835164835165,
            "support": 432.0
        },
        "3": {
            "precision": 0.9253112033195021,
            "recall": 0.9795021961932651,
            "f1-score": 0.9516358463726885,
            "support": 683.0
        },
        "4": {
            "precision": 0.8846675712347354,
            "recall": 0.9588235294117647,
            "f1-score": 0.9202540578687368,
            "support": 680.0
        },
        "5": {
            "precision": 0.9463087248322147,
            "recall": 0.3248847926267281,
            "f1-score": 0.483704974271012,
            "support": 434.0
        },
        "6": {
            "precision": 0.9528535980148883,
            "recall": 0.9121140142517815,
            "f1-score": 0.9320388349514563,
            "support": 421.0
        },
        "7": {
            "precision": 0.33195020746887965,
            "recall": 0.18604651162790697,
            "f1-score": 0.23845007451564829,
            "support": 430.0
        },
        "8": {
            "precision": 0.8870056497175142,
            "recall": 0.9476861167002012,
            "f1-score": 0.9163424124513618,
            "support": 497.0
        },
        "9": {
            "precision": 0.5610859728506787,
            "recall": 0.9738219895287958,
            "f1-score": 0.7119617224880382,
            "support": 382.0
        },
        "10": {
            "precision": 0.9858490566037735,
            "recall": 0.9351230425055929,
            "f1-score": 0.9598163030998852,
            "support": 447.0
        },
        "11": {
            "precision": 0.8275154004106776,
            "recall": 0.9781553398058253,
            "f1-score": 0.896551724137931,
            "support": 412.0
        },
        "12": {
            "precision": 0.917312661498708,
            "recall": 0.6350626118067979,
            "f1-score": 0.7505285412262156,
            "support": 559.0
        },
        "13": {
            "precision": 0.6221374045801527,
            "recall": 0.7970660146699267,
            "f1-score": 0.6988210075026795,
            "support": 409.0
        },
        "14": {
            "precision": 0.9653846153846154,
            "recall": 0.9616858237547893,
            "f1-score": 0.963531669865643,
            "support": 522.0
        },
        "15": {
            "precision": 0.8438735177865613,
            "recall": 0.7834862385321101,
            "f1-score": 0.8125594671741199,
            "support": 545.0
        },
        "16": {
            "precision": 0.7568493150684932,
            "recall": 0.6088154269972452,
            "f1-score": 0.6748091603053435,
            "support": 363.0
        },
        "17": {
            "precision": 0.44077134986225897,
            "recall": 0.843585237258348,
            "f1-score": 0.5790108564535585,
            "support": 569.0
        },
        "18": {
            "precision": 0.8301158301158301,
            "recall": 0.8301158301158301,
            "f1-score": 0.8301158301158301,
            "support": 518.0
        },
        "19": {
            "precision": 0.8012048192771084,
            "recall": 0.8807947019867549,
            "f1-score": 0.8391167192429022,
            "support": 453.0
        },
        "20": {
            "precision": 0.6173044925124792,
            "recall": 0.9392405063291139,
            "f1-score": 0.7449799196787149,
            "support": 395.0
        },
        "21": {
            "precision": 0.9169675090252708,
            "recall": 0.8246753246753247,
            "f1-score": 0.8683760683760684,
            "support": 616.0
        },
        "22": {
            "precision": 0.802731411229135,
            "recall": 0.9869402985074627,
            "f1-score": 0.8853556485355648,
            "support": 536.0
        },
        "23": {
            "precision": 0.9044414535666218,
            "recall": 0.9795918367346939,
            "f1-score": 0.940517844646606,
            "support": 686.0
        },
        "24": {
            "precision": 0.7806215722120659,
            "recall": 0.977116704805492,
            "f1-score": 0.8678861788617886,
            "support": 437.0
        },
        "25": {
            "precision": 0.8094512195121951,
            "recall": 0.8119266055045872,
            "f1-score": 0.8106870229007633,
            "support": 654.0
        },
        "26": {
            "precision": 0.9305177111716622,
            "recall": 0.9855699855699855,
            "f1-score": 0.9572529782761037,
            "support": 693.0
        },
        "27": {
            "precision": 0.8124076809453471,
            "recall": 0.7768361581920904,
            "f1-score": 0.7942238267148014,
            "support": 708.0
        },
        "28": {
            "precision": 0.668141592920354,
            "recall": 0.949685534591195,
            "f1-score": 0.7844155844155845,
            "support": 477.0
        },
        "29": {
            "precision": 0.8941398865784499,
            "recall": 0.8386524822695035,
            "f1-score": 0.8655077767612077,
            "support": 564.0
        },
        "30": {
            "precision": 0.6949404761904762,
            "recall": 0.8093587521663779,
            "f1-score": 0.7477982385908727,
            "support": 577.0
        },
        "31": {
            "precision": 0.8067542213883677,
            "recall": 0.9129511677282378,
            "f1-score": 0.8565737051792829,
            "support": 471.0
        },
        "32": {
            "precision": 0.956140350877193,
            "recall": 0.9293544457978076,
            "f1-score": 0.942557134033354,
            "support": 821.0
        },
        "33": {
            "precision": 0.8931750741839762,
            "recall": 0.9162861491628614,
            "f1-score": 0.9045830202854996,
            "support": 657.0
        },
        "34": {
            "precision": 0.9827586206896551,
            "recall": 0.41155234657039713,
            "f1-score": 0.5801526717557252,
            "support": 554.0
        },
        "35": {
            "precision": 0.6858823529411765,
            "recall": 0.9357945425361156,
            "f1-score": 0.791581805838425,
            "support": 623.0
        },
        "36": {
            "precision": 0.8023255813953488,
            "recall": 0.8275862068965517,
            "f1-score": 0.814760147601476,
            "support": 667.0
        },
        "37": {
            "precision": 0.6525871172122492,
            "recall": 0.9701726844583988,
            "f1-score": 0.7803030303030303,
            "support": 637.0
        },
        "38": {
            "precision": 0.9082278481012658,
            "recall": 0.9862542955326461,
            "f1-score": 0.9456342668863262,
            "support": 582.0
        },
        "39": {
            "precision": 0.8855799373040752,
            "recall": 0.8786936236391913,
            "f1-score": 0.8821233411397346,
            "support": 643.0
        },
        "40": {
            "precision": 0.8425357873210634,
            "recall": 0.6377708978328174,
            "f1-score": 0.7259911894273128,
            "support": 646.0
        },
        "41": {
            "precision": 0.827922077922078,
            "recall": 0.9550561797752809,
            "f1-score": 0.8869565217391304,
            "support": 534.0
        },