{
    "acc1": 0.7848873348873349,
    "acc5": [
        0.9648795648795648
    ],
    "mean_per_class_recall": 0.7819045389790928,
    "classification_report": {
        "0": {
            "precision": 0.5521367521367522,
            "recall": 0.8282051282051283,
            "f1-score": 0.6625641025641026,
            "support": 390.0
        },
        "1": {
            "precision": 0.8719512195121951,
            "recall": 0.6986970684039088,
            "f1-score": 0.7757685352622061,
            "support": 614.0
        },
        "2": {
            "precision": 0.7327586206896551,
            "recall": 0.8947368421052632,
            "f1-score": 0.8056872037914692,
            "support": 570.0
        },
        "3": {
            "precision": 0.8773125608568647,
            "recall": 0.9222108495394064,
            "f1-score": 0.8992015968063872,
            "support": 977.0
        },
        "4": {
            "precision": 0.8826086956521739,
            "recall": 0.8903508771929824,
            "f1-score": 0.8864628820960698,
            "support": 456.0
        },
        "5": {
            "precision": 0.8086560364464692,
            "recall": 0.6294326241134752,
            "f1-score": 0.707876370887338,
            "support": 564.0
        },
        "6": {
            "precision": 0.8416523235800344,
            "recall": 0.8246205733558178,
            "f1-score": 0.8330494037478705,
            "support": 593.0
        },
        "7": {
            "precision": 0.6025236593059937,
            "recall": 0.8463810930576071,
            "f1-score": 0.7039312039312039,
            "support": 677.0
        },
        "8": {
            "precision": 0.4690265486725664,
            "recall": 0.3906633906633907,
            "f1-score": 0.4262734584450402,
            "support": 407.0
        },
        "9": {
            "precision": 0.7607843137254902,
            "recall": 0.8758465011286681,
            "f1-score": 0.8142707240293809,
            "support": 443.0
        },
        "10": {
            "precision": 0.8333333333333334,
            "recall": 0.5705996131528046,
            "f1-score": 0.677382319173364,
            "support": 517.0
        },
        "11": {
            "precision": 0.9015748031496063,
            "recall": 0.9642105263157895,
            "f1-score": 0.9318413021363174,
            "support": 475.0
        },
        "12": {
            "precision": 0.8113695090439277,
            "recall": 0.80306905370844,
            "f1-score": 0.8071979434447301,
            "support": 391.0
        },
        "13": {
            "precision": 0.7618147448015122,
            "recall": 0.8955555555555555,
            "f1-score": 0.8232890704800817,
            "support": 450.0
        },
        "14": {
            "precision": 0.9354275741710296,
            "recall": 0.9852941176470589,
            "f1-score": 0.9597135183527306,
            "support": 544.0
        },
        "15": {
            "precision": 0.9157667386609071,
            "recall": 0.9277899343544858,
            "f1-score": 0.9217391304347826,
            "support": 457.0
        },
        "16": {
            "precision": 0.8335684062059239,
            "recall": 0.9516908212560387,
            "f1-score": 0.8887218045112782,
            "support": 621.0
        },
        "17": {
            "precision": 0.9406631762652705,
            "recall": 0.8983333333333333,
            "f1-score": 0.9190110826939472,
            "support": 600.0
        },
        "18": {
            "precision": 0.8725314183123878,
            "recall": 0.9382239382239382,
            "f1-score": 0.9041860465116279,
            "support": 518.0
        },
        "19": {
            "precision": 0.8997555012224939,
            "recall": 0.6802218114602587,
            "f1-score": 0.7747368421052632,
            "support": 541.0
        },
        "20": {
            "precision": 0.8048359240069085,
            "recall": 0.8262411347517731,
            "f1-score": 0.8153980752405949,
            "support": 564.0
        },
        "21": {
            "precision": 0.8282828282828283,
            "recall": 0.629156010230179,
            "f1-score": 0.7151162790697675,
            "support": 391.0
        },
        "22": {
            "precision": 0.9159891598915989,
            "recall": 0.5029761904761905,
            "f1-score": 0.6493756003842459,
            "support": 672.0
        },
        "23": {
            "precision": 0.7933673469387755,
            "recall": 0.7794486215538847,
            "f1-score": 0.786346396965866,
            "support": 399.0
        },
        "24": {
            "precision": 0.8432956381260097,
            "recall": 0.9560439560439561,
            "f1-score": 0.896137339055794,
            "support": 546.0
        },
        "25": {
            "precision": 0.7695852534562212,
            "recall": 0.9542857142857143,
            "f1-score": 0.8520408163265306,
            "support": 350.0
        },
        "26": {
            "precision": 0.8853754940711462,
            "recall": 0.9739130434782609,
            "f1-score": 0.927536231884058,
            "support": 460.0
        },
        "27": {
            "precision": 0.953757225433526,
            "recall": 0.2185430463576159,
            "f1-score": 0.35560344827586204,
            "support": 755.0
        },
        "28": {
            "precision": 0.9594202898550724,
            "recall": 0.9749631811487481,
            "f1-score": 0.9671292914536158,
            "support": 679.0
        },
        "29": {
            "precision": 0.7843137254901961,
            "recall": 0.5904059040590406,
            "f1-score": 0.6736842105263158,
            "support": 542.0
        },
        "30": {
            "precision": 0.9208754208754208,
            "recall": 0.862776025236593,
            "f1-score": 0.8908794788273615,
            "support": 634.0
        },
        "31": {
            "precision": 0.8745019920318725,
            "recall": 0.8055045871559633,
            "f1-score": 0.8385864374403056,
            "support": 545.0
        },
        "32": {
            "precision": 0.9365609348914858,
            "recall": 0.8947368421052632,
            "f1-score": 0.9151712887438825,
            "support": 627.0
        },
        "33": {
            "precision": 0.9042316258351893,
            "recall": 0.8675213675213675,
            "f1-score": 0.8854961832061069,
            "support": 468.0
        },
        "34": {
            "precision": 0.6986754966887417,
            "recall": 0.548051948051948,
            "f1-score": 0.6142649199417758,
            "support": 385.0
        },
        "35": {
            "precision": 0.6823204419889503,
            "recall": 0.6465968586387435,
            "f1-score": 0.6639784946236559,
            "support": 382.0
        },
        "36": {
            "precision": 0.8052884615384616,
            "recall": 0.7579185520361991,
            "f1-score": 0.7808857808857809,
            "support": 442.0
        },
        "37": {
            "precision": 0.7562724014336918,
            "recall": 0.49764150943396224,
            "f1-score": 0.6002844950213371,
            "support": 424.0
        },
        "38": {
            "precision": 0.5547785547785548,
            "recall": 0.7484276729559748,
            "f1-score": 0.6372155287817939,
            "support": 318.0
        },
        "39": {
            "precision": 0.7836065573770492,
            "recall": 0.5469107551487414,
            "f1-score": 0.6442048517520216,
            "support": 437.0
        },
        "40": {
            "precision": 0.8888888888888888,
            "recall": 0.8333333333333334,
            "f1-score": 0.8602150537634409,
            "support": 528.0
        },
        "41": {
            "precision": 0.9407051282051282,
            "recall": 0.8645066273932254,
            "f1-score": 0.9009976976208749,
            "support": 679.0
        },