{
    "acc1": 0.7943945460448003,
    "acc5": [
        0.9517368250189373
    ],
    "mean_per_class_recall": 0.8043919245917648,
    "classification_report": {
        "0": {
            "precision": 0.8690228690228691,
            "recall": 0.9478458049886621,
            "f1-score": 0.9067245119305857,
            "support": 441.0
        },
        "1": {
            "precision": 0.5047619047619047,
            "recall": 0.843501326259947,
            "f1-score": 0.631578947368421,
            "support": 377.0
        },
        "2": {
            "precision": 0.9384965831435079,
            "recall": 0.8340080971659919,
            "f1-score": 0.8831725616291533,
            "support": 494.0
        },
        "3": {
            "precision": 0.8520055325034578,
            "recall": 0.9019033674963397,
            "f1-score": 0.8762446657183499,
            "support": 683.0
        },
        "4": {
            "precision": 0.8904428904428905,
            "recall": 0.9182692307692307,
            "f1-score": 0.9041420118343195,
            "support": 416.0
        },
        "5": {
            "precision": 0.7956989247311828,
            "recall": 0.9666182873730044,
            "f1-score": 0.872870249017038,
            "support": 689.0
        },
        "6": {
            "precision": 0.6640471512770137,
            "recall": 0.9362880886426593,
            "f1-score": 0.7770114942528735,
            "support": 361.0
        },
        "7": {
            "precision": 0.8870967741935484,
            "recall": 0.9865470852017937,
            "f1-score": 0.9341825902335457,
            "support": 446.0
        },
        "8": {
            "precision": 0.7112462006079028,
            "recall": 0.6446280991735537,
            "f1-score": 0.6763005780346821,
            "support": 363.0
        },
        "9": {
            "precision": 0.9011345218800648,
            "recall": 0.9586206896551724,
            "f1-score": 0.9289891395154553,
            "support": 580.0
        },
        "10": {
            "precision": 0.8694267515923567,
            "recall": 0.4410339256865913,
            "f1-score": 0.5852090032154341,
            "support": 619.0
        },
        "11": {
            "precision": 0.8736059479553904,
            "recall": 0.8952380952380953,
            "f1-score": 0.8842897460018815,
            "support": 525.0
        },
        "12": {
            "precision": 0.8524590163934426,
            "recall": 0.7969348659003831,
            "f1-score": 0.8237623762376237,
            "support": 522.0
        },
        "13": {
            "precision": 0.6469072164948454,
            "recall": 0.9862475442043221,
            "f1-score": 0.7813229571984436,
            "support": 509.0
        },
        "14": {
            "precision": 0.8175403225806451,
            "recall": 0.9332566168009206,
            "f1-score": 0.8715744223535733,
            "support": 869.0
        },
        "15": {
            "precision": 0.9537892791127541,
            "recall": 0.8445171849427169,
            "f1-score": 0.8958333333333334,
            "support": 611.0
        },
        "16": {
            "precision": 0.767379679144385,
            "recall": 0.9010989010989011,
            "f1-score": 0.8288808664259928,
            "support": 637.0
        },
        "17": {
            "precision": 0.956060606060606,
            "recall": 0.8925035360678925,
            "f1-score": 0.9231894659839064,
            "support": 707.0
        },
        "18": {
            "precision": 0.959731543624161,
            "recall": 0.9645868465430016,
            "f1-score": 0.9621530698065601,
            "support": 593.0
        },
        "19": {
            "precision": 0.8782608695652174,
            "recall": 0.8885630498533724,
            "f1-score": 0.8833819241982507,
            "support": 341.0
        },
        "20": {
            "precision": 0.8325041459369817,
            "recall": 0.9061371841155235,
            "f1-score": 0.867761452031115,
            "support": 554.0
        },
        "21": {
            "precision": 0.9322033898305084,
            "recall": 0.8154859967051071,
            "f1-score": 0.8699472759226714,
            "support": 607.0
        },
        "22": {
            "precision": 0.8268551236749117,
            "recall": 0.8268551236749117,
            "f1-score": 0.8268551236749117,
            "support": 566.0
        },
        "23": {
            "precision": 0.9186991869918699,
            "recall": 0.750332005312085,
            "f1-score": 0.8260233918128655,
            "support": 753.0
        },
        "24": {
            "precision": 0.9597855227882037,
            "recall": 0.5078014184397163,
            "f1-score": 0.6641929499072357,
            "support": 705.0
        },
        "25": {
            "precision": 0.9211746522411128,
            "recall": 0.924031007751938,
            "f1-score": 0.9226006191950464,
            "support": 645.0
        },
        "26": {
            "precision": 0.9145454545454546,
            "recall": 0.702513966480447,
            "f1-score": 0.7946287519747235,
            "support": 716.0
        },
        "27": {
            "precision": 0.8543417366946778,
            "recall": 0.8243243243243243,
            "f1-score": 0.8390646492434664,
            "support": 370.0
        },
        "28": {
            "precision": 0.3170731707317073,
            "recall": 0.01425438596491228,
            "f1-score": 0.02728226652675761,
            "support": 912.0
        },
        "29": {
            "precision": 0.8763326226012793,
            "recall": 0.8474226804123711,
            "f1-score": 0.8616352201257862,
            "support": 485.0
        },
        "30": {
            "precision": 0.89272030651341,
            "recall": 0.7911714770797963,
            "f1-score": 0.8388838883888389,
            "support": 589.0
        },
        "31": {
            "precision": 0.9295774647887324,
            "recall": 0.8505154639175257,
            "f1-score": 0.8882907133243607,
            "support": 388.0
        },
        "32": {
            "precision": 0.8794642857142857,
            "recall": 0.48166259168704156,
            "f1-score": 0.6224328593996841,
            "support": 409.0
        },
        "33": {
            "precision": 0.8347107438016529,
            "recall": 0.1992110453648915,
            "f1-score": 0.321656050955414,
            "support": 507.0
        },
        "34": {
            "precision": 0.9133574007220217,
            "recall": 0.8939929328621908,
            "f1-score": 0.9035714285714286,
            "support": 566.0
        },
        "35": {
            "precision": 0.4824945295404814,
            "recall": 0.8432122370936902,
            "f1-score": 0.6137787056367432,
            "support": 523.0
        },
        "36": {
            "precision": 0.798140770252324,
            "recall": 0.9554848966613673,
            "f1-score": 0.869753979739508,
            "support": 629.0
        },
        "37": {
            "precision": 0.8194444444444444,
            "recall": 0.8411405295315683,
            "f1-score": 0.8301507537688442,
            "support": 491.0
        },
        "38": {
            "precision": 0.8545454545454545,
            "recall": 0.44507575757575757,
            "f1-score": 0.5853051058530511,
            "support": 528.0
        },
        "39": {
            "precision": 0.535671100362757,
            "recall": 0.8390151515151515,
            "f1-score": 0.6538745387453875,
            "support": 528.0
        },
        "40": {
            "precision": 0.9098837209302325,
            "recall": 0.7964376590330788,
            "f1-score": 0.8493894165535957,
            "support": 393.0
        },
        "41": {
            "precision": 0.9537648612945839,
            "recall": 0.9809782608695652,
            "f1-score": 0.9671801741460148,
            "support": 736.0
        },