{
    "acc1": 0.7871159635822844,
    "acc5": [
        0.9417824367949509
    ],
    "mean_per_class_recall": 0.7729062349280418,
    "classification_report": {
        "0": {
            "precision": 0.23809523809523808,
            "recall": 0.02617801047120419,
            "f1-score": 0.04716981132075472,
            "support": 382.0
        },
        "1": {
            "precision": 0.7973856209150327,
            "recall": 0.19709208400646203,
            "f1-score": 0.3160621761658031,
            "support": 619.0
        },
        "2": {
            "precision": 0.6611570247933884,
            "recall": 0.7407407407407407,
            "f1-score": 0.6986899563318777,
            "support": 432.0
        },
        "3": {
            "precision": 0.9183955739972337,
            "recall": 0.972181551976574,
            "f1-score": 0.9445234708392604,
            "support": 683.0
        },
        "4": {
            "precision": 0.9296187683284457,
            "recall": 0.9323529411764706,
            "f1-score": 0.9309838472834068,
            "support": 680.0
        },
        "5": {
            "precision": 0.8695652173913043,
            "recall": 0.18433179723502305,
            "f1-score": 0.3041825095057034,
            "support": 434.0
        },
        "6": {
            "precision": 0.9506172839506173,
            "recall": 0.9144893111638955,
            "f1-score": 0.9322033898305084,
            "support": 421.0
        },
        "7": {
            "precision": 0.2975609756097561,
            "recall": 0.14186046511627906,
            "f1-score": 0.1921259842519685,
            "support": 430.0
        },
        "8": {
            "precision": 0.9050387596899225,
            "recall": 0.9396378269617707,
            "f1-score": 0.9220138203356367,
            "support": 497.0
        },
        "9": {
            "precision": 0.4926372155287818,
            "recall": 0.9633507853403142,
            "f1-score": 0.6519043401240036,
            "support": 382.0
        },
        "10": {
            "precision": 0.9859154929577465,
            "recall": 0.9395973154362416,
            "f1-score": 0.9621993127147767,
            "support": 447.0
        },
        "11": {
            "precision": 0.8084677419354839,
            "recall": 0.9733009708737864,
            "f1-score": 0.8832599118942731,
            "support": 412.0
        },
        "12": {
            "precision": 0.8429752066115702,
            "recall": 0.7298747763864043,
            "f1-score": 0.7823585810162992,
            "support": 559.0
        },
        "13": {
            "precision": 0.6047008547008547,
            "recall": 0.6919315403422983,
            "f1-score": 0.645381984036488,
            "support": 409.0
        },
        "14": {
            "precision": 0.968,
            "recall": 0.9272030651340997,
            "f1-score": 0.9471624266144814,
            "support": 522.0
        },
        "15": {
            "precision": 0.809437386569873,
            "recall": 0.818348623853211,
            "f1-score": 0.8138686131386861,
            "support": 545.0
        },
        "16": {
            "precision": 0.6301369863013698,
            "recall": 0.2534435261707989,
            "f1-score": 0.3614931237721022,
            "support": 363.0
        },
        "17": {
            "precision": 0.5627906976744186,
            "recall": 0.8506151142355008,
            "f1-score": 0.6773967809657103,
            "support": 569.0
        },
        "18": {
            "precision": 0.8236514522821576,
            "recall": 0.7664092664092664,
            "f1-score": 0.794,
            "support": 518.0
        },
        "19": {
            "precision": 0.8607888631090487,
            "recall": 0.8189845474613686,
            "f1-score": 0.8393665158371041,
            "support": 453.0
        },
        "20": {
            "precision": 0.6153846153846154,
            "recall": 0.9316455696202531,
            "f1-score": 0.7411883182275931,
            "support": 395.0
        },
        "21": {
            "precision": 0.8269841269841269,
            "recall": 0.8457792207792207,
            "f1-score": 0.8362760834670947,
            "support": 616.0
        },
        "22": {
            "precision": 0.7471751412429378,
            "recall": 0.9869402985074627,
            "f1-score": 0.8504823151125402,
            "support": 536.0
        },
        "23": {
            "precision": 0.9085948158253752,
            "recall": 0.9708454810495627,
            "f1-score": 0.9386892177589852,
            "support": 686.0
        },
        "24": {
            "precision": 0.6534351145038167,
            "recall": 0.9794050343249427,
            "f1-score": 0.7838827838827839,
            "support": 437.0
        },
        "25": {
            "precision": 0.7826747720364742,
            "recall": 0.7874617737003058,
            "f1-score": 0.7850609756097561,
            "support": 654.0
        },
        "26": {
            "precision": 0.9240162822252375,
            "recall": 0.9826839826839827,
            "f1-score": 0.9524475524475524,
            "support": 693.0
        },
        "27": {
            "precision": 0.7879256965944272,
            "recall": 0.7189265536723164,
            "f1-score": 0.7518463810930576,
            "support": 708.0
        },
        "28": {
            "precision": 0.6599131693198264,
            "recall": 0.9559748427672956,
            "f1-score": 0.7808219178082192,
            "support": 477.0
        },
        "29": {
            "precision": 0.9158699808795411,
            "recall": 0.849290780141844,
            "f1-score": 0.8813247470101196,
            "support": 564.0
        },
        "30": {
            "precision": 0.6524926686217009,
            "recall": 0.7712305025996534,
            "f1-score": 0.7069102462271644,
            "support": 577.0
        },
        "31": {
            "precision": 0.8065134099616859,
            "recall": 0.8938428874734607,
            "f1-score": 0.8479355488418933,
            "support": 471.0
        },
        "32": {
            "precision": 0.9302325581395349,
            "recall": 0.925700365408039,
            "f1-score": 0.927960927960928,
            "support": 821.0
        },
        "33": {
            "precision": 0.8834080717488789,
            "recall": 0.8995433789954338,
            "f1-score": 0.8914027149321267,
            "support": 657.0
        },
        "34": {
            "precision": 0.9746192893401016,
            "recall": 0.34657039711191334,
            "f1-score": 0.511318242343542,
            "support": 554.0
        },
        "35": {
            "precision": 0.6205450733752621,
            "recall": 0.9502407704654896,
            "f1-score": 0.7507926442612556,
            "support": 623.0
        },
        "36": {
            "precision": 0.7884057971014493,
            "recall": 0.815592203898051,
            "f1-score": 0.8017686072218129,
            "support": 667.0
        },
        "37": {
            "precision": 0.6879910213243546,
            "recall": 0.9623233908948194,
            "f1-score": 0.8023560209424084,
            "support": 637.0
        },
        "38": {
            "precision": 0.8679817905918058,
            "recall": 0.9828178694158075,
            "f1-score": 0.9218372280419017,
            "support": 582.0
        },
        "39": {
            "precision": 0.8829268292682927,
            "recall": 0.8444790046656299,
            "f1-score": 0.863275039745628,
            "support": 643.0
        },
        "40": {
            "precision": 0.8177874186550976,
            "recall": 0.5835913312693498,
            "f1-score": 0.6811201445347786,
            "support": 646.0
        },
        "41": {
            "precision": 0.7815384615384615,
            "recall": 0.951310861423221,
            "f1-score": 0.8581081081081081,
            "support": 534.0
        },