{
    "acc1": 0.7094609460946094,
    "acc5": [
        0.9151815181518151
    ],
    "mean_per_class_recall": 0.7109578865653304,
    "classification_report": {
        "0": {
            "precision": 0.9511784511784511,
            "recall": 0.9127625201938611,
            "f1-score": 0.9315746084089035,
            "support": 619.0
        },
        "1": {
            "precision": 0.7729083665338645,
            "recall": 0.8798185941043084,
            "f1-score": 0.8229056203605515,
            "support": 441.0
        },
        "2": {
            "precision": 0.8275862068965517,
            "recall": 0.033012379642365884,
            "f1-score": 0.06349206349206349,
            "support": 727.0
        },
        "3": {
            "precision": 0.7090909090909091,
            "recall": 0.8496732026143791,
            "f1-score": 0.7730426164519326,
            "support": 459.0
        },
        "4": {
            "precision": 0.6189655172413793,
            "recall": 0.8159090909090909,
            "f1-score": 0.703921568627451,
            "support": 440.0
        },
        "5": {
            "precision": 0.9738276990185387,
            "recall": 0.9706521739130435,
            "f1-score": 0.9722373434948285,
            "support": 920.0
        },
        "6": {
            "precision": 0.47368421052631576,
            "recall": 0.14862385321100918,
            "f1-score": 0.22625698324022347,
            "support": 545.0
        },
        "7": {
            "precision": 0.5231316725978647,
            "recall": 0.6547884187082406,
            "f1-score": 0.5816023738872403,
            "support": 449.0
        },
        "8": {
            "precision": 0.8568329718004338,
            "recall": 0.9541062801932367,
            "f1-score": 0.9028571428571428,
            "support": 414.0
        },
        "9": {
            "precision": 0.4322916666666667,
            "recall": 0.24702380952380953,
            "f1-score": 0.3143939393939394,
            "support": 336.0
        },
        "10": {
            "precision": 0.6841379310344827,
            "recall": 0.7898089171974523,
            "f1-score": 0.7331855136733185,
            "support": 628.0
        },
        "11": {
            "precision": 0.9147058823529411,
            "recall": 0.7775,
            "f1-score": 0.8405405405405405,
            "support": 800.0
        },
        "12": {
            "precision": 0.9186851211072664,
            "recall": 0.9348591549295775,
            "f1-score": 0.9267015706806283,
            "support": 568.0
        },
        "13": {
            "precision": 0.6756302521008404,
            "recall": 0.9640287769784173,
            "f1-score": 0.7944664031620553,
            "support": 417.0
        },
        "14": {
            "precision": 0.723489932885906,
            "recall": 0.9028475711892797,
            "f1-score": 0.8032786885245902,
            "support": 597.0
        },
        "15": {
            "precision": 0.38461538461538464,
            "recall": 0.11568123393316196,
            "f1-score": 0.17786561264822134,
            "support": 389.0
        },
        "16": {
            "precision": 0.7241379310344828,
            "recall": 0.43388429752066116,
            "f1-score": 0.5426356589147286,
            "support": 484.0
        },
        "17": {
            "precision": 0.6547945205479452,
            "recall": 0.6096938775510204,
            "f1-score": 0.631439894319683,
            "support": 392.0
        },
        "18": {
            "precision": 0.8571428571428571,
            "recall": 0.8461538461538461,
            "f1-score": 0.8516129032258064,
            "support": 390.0
        },
        "19": {
            "precision": 0.6433691756272402,
            "recall": 0.8864197530864197,
            "f1-score": 0.7455867082035307,
            "support": 405.0
        },
        "20": {
            "precision": 0.7270408163265306,
            "recall": 0.7744565217391305,
            "f1-score": 0.75,
            "support": 368.0
        },
        "21": {
            "precision": 0.71875,
            "recall": 0.36425339366515835,
            "f1-score": 0.48348348348348347,
            "support": 442.0
        },
        "22": {
            "precision": 0.8915956151035322,
            "recall": 0.9695364238410596,
            "f1-score": 0.9289340101522843,
            "support": 755.0
        },
        "23": {
            "precision": 0.42475728155339804,
            "recall": 0.4533678756476684,
            "f1-score": 0.43859649122807015,
            "support": 386.0
        },
        "24": {
            "precision": 0.740990990990991,
            "recall": 0.80440097799511,
            "f1-score": 0.7713950762016413,
            "support": 409.0
        },
        "25": {
            "precision": 0.5253256150506512,
            "recall": 0.7515527950310559,
            "f1-score": 0.6183986371379898,
            "support": 483.0
        },
        "26": {
            "precision": 0.7493188010899182,
            "recall": 0.4032258064516129,
            "f1-score": 0.5243088655862727,
            "support": 682.0
        },
        "27": {
            "precision": 0.8746130030959752,
            "recall": 0.9277504105090312,
            "f1-score": 0.900398406374502,
            "support": 609.0
        },
        "28": {
            "precision": 0.6746575342465754,
            "recall": 0.9825436408977556,
            "f1-score": 0.8,
            "support": 401.0
        },
        "29": {
            "precision": 0.5585774058577406,
            "recall": 0.8585209003215434,
            "f1-score": 0.6768060836501901,
            "support": 622.0
        },
        "30": {
            "precision": 0.7094017094017094,
            "recall": 0.390282131661442,
            "f1-score": 0.5035389282103134,
            "support": 638.0
        },
        "31": {
            "precision": 0.28695652173913044,
            "recall": 0.0586145648312611,
            "f1-score": 0.09734513274336283,
            "support": 563.0
        },
        "32": {
            "precision": 0.4463276836158192,
            "recall": 0.8816964285714286,
            "f1-score": 0.5926481620405101,
            "support": 448.0
        },
        "33": {
            "precision": 0.8397863818424566,
            "recall": 0.8985714285714286,
            "f1-score": 0.8681849551414769,
            "support": 700.0
        },
        "34": {
            "precision": 0.8801169590643275,
            "recall": 0.8048128342245989,
            "f1-score": 0.840782122905028,
            "support": 374.0
        },
        "35": {
            "precision": 0.8539823008849557,
            "recall": 0.9278846153846154,
            "f1-score": 0.8894009216589862,
            "support": 416.0
        },
        "36": {
            "precision": 0.9290617848970252,
            "recall": 0.7992125984251969,
            "f1-score": 0.8592592592592593,
            "support": 508.0
        },
        "37": {
            "precision": 0.6840764331210191,
            "recall": 0.8592,
            "f1-score": 0.7617021276595745,
            "support": 625.0
        },
        "38": {
            "precision": 0.7451790633608816,
            "recall": 0.9575221238938053,
            "f1-score": 0.8381099922540666,
            "support": 565.0
        },
        "39": {
            "precision": 0.6625766871165644,
            "recall": 0.9310344827586207,
            "f1-score": 0.7741935483870968,
            "support": 696.0
        },
        "40": {
            "precision": 0.7525773195876289,
            "recall": 0.37823834196891193,
            "f1-score": 0.503448275862069,
            "support": 386.0
        },
        "41": {
            "precision": 0.5223404255319148,
            "recall": 0.8265993265993266,
            "f1-score": 0.6401564537157758,
            "support": 594.0
        },