{
    "acc1": 0.764979831316465,
    "acc5": [
        0.9431243124312432
    ],
    "mean_per_class_recall": 0.7610868350337765,
    "classification_report": {
        "0": {
            "precision": 0.976068376068376,
            "recall": 0.9224555735056543,
            "f1-score": 0.9485049833887044,
            "support": 619.0
        },
        "1": {
            "precision": 0.9024390243902439,
            "recall": 0.9229024943310657,
            "f1-score": 0.9125560538116592,
            "support": 441.0
        },
        "2": {
            "precision": 0.917910447761194,
            "recall": 0.6767537826685007,
            "f1-score": 0.7790973871733967,
            "support": 727.0
        },
        "3": {
            "precision": 0.7922606924643585,
            "recall": 0.8474945533769063,
            "f1-score": 0.8189473684210526,
            "support": 459.0
        },
        "4": {
            "precision": 0.7549407114624506,
            "recall": 0.8681818181818182,
            "f1-score": 0.8076109936575053,
            "support": 440.0
        },
        "5": {
            "precision": 0.9878183831672204,
            "recall": 0.9695652173913043,
            "f1-score": 0.9786066922654965,
            "support": 920.0
        },
        "6": {
            "precision": 0.488,
            "recall": 0.3357798165137615,
            "f1-score": 0.3978260869565217,
            "support": 545.0
        },
        "7": {
            "precision": 0.5397631133671743,
            "recall": 0.7104677060133631,
            "f1-score": 0.6134615384615385,
            "support": 449.0
        },
        "8": {
            "precision": 0.8565217391304348,
            "recall": 0.9516908212560387,
            "f1-score": 0.9016018306636155,
            "support": 414.0
        },
        "9": {
            "precision": 0.5113350125944585,
            "recall": 0.6041666666666666,
            "f1-score": 0.5538881309686221,
            "support": 336.0
        },
        "10": {
            "precision": 0.7834586466165413,
            "recall": 0.8296178343949044,
            "f1-score": 0.805877803557618,
            "support": 628.0
        },
        "11": {
            "precision": 0.9747899159663865,
            "recall": 0.725,
            "f1-score": 0.8315412186379928,
            "support": 800.0
        },
        "12": {
            "precision": 0.953125,
            "recall": 0.9665492957746479,
            "f1-score": 0.9597902097902098,
            "support": 568.0
        },
        "13": {
            "precision": 0.7472527472527473,
            "recall": 0.9784172661870504,
            "f1-score": 0.8473520249221184,
            "support": 417.0
        },
        "14": {
            "precision": 0.6985769728331177,
            "recall": 0.9045226130653267,
            "f1-score": 0.7883211678832117,
            "support": 597.0
        },
        "15": {
            "precision": 0.48717948717948717,
            "recall": 0.04884318766066838,
            "f1-score": 0.08878504672897196,
            "support": 389.0
        },
        "16": {
            "precision": 0.7846607669616519,
            "recall": 0.5495867768595041,
            "f1-score": 0.6464155528554071,
            "support": 484.0
        },
        "17": {
            "precision": 0.8448275862068966,
            "recall": 0.625,
            "f1-score": 0.718475073313783,
            "support": 392.0
        },
        "18": {
            "precision": 0.8300220750551877,
            "recall": 0.9641025641025641,
            "f1-score": 0.8920521945432978,
            "support": 390.0
        },
        "19": {
            "precision": 0.8034398034398035,
            "recall": 0.8074074074074075,
            "f1-score": 0.8054187192118226,
            "support": 405.0
        },
        "20": {
            "precision": 0.8034188034188035,
            "recall": 0.7663043478260869,
            "f1-score": 0.7844228094575799,
            "support": 368.0
        },
        "21": {
            "precision": 0.5882352941176471,
            "recall": 0.06787330316742081,
            "f1-score": 0.12170385395537525,
            "support": 442.0
        },
        "22": {
            "precision": 0.9542395693135935,
            "recall": 0.9390728476821192,
            "f1-score": 0.9465954606141522,
            "support": 755.0
        },
        "23": {
            "precision": 0.37537537537537535,
            "recall": 0.6476683937823834,
            "f1-score": 0.4752851711026616,
            "support": 386.0
        },
        "24": {
            "precision": 0.9376854599406528,
            "recall": 0.7726161369193154,
            "f1-score": 0.8471849865951743,
            "support": 409.0
        },
        "25": {
            "precision": 0.6261510128913443,
            "recall": 0.7039337474120083,
            "f1-score": 0.6627680311890838,
            "support": 483.0
        },
        "26": {
            "precision": 0.8767857142857143,
            "recall": 0.7199413489736071,
            "f1-score": 0.7906602254428341,
            "support": 682.0
        },
        "27": {
            "precision": 0.8448275862068966,
            "recall": 0.9655172413793104,
            "f1-score": 0.9011494252873563,
            "support": 609.0
        },
        "28": {
            "precision": 0.6924428822495606,
            "recall": 0.9825436408977556,
            "f1-score": 0.8123711340206186,
            "support": 401.0
        },
        "29": {
            "precision": 0.5570539419087137,
            "recall": 0.8633440514469454,
            "f1-score": 0.6771752837326608,
            "support": 622.0
        },
        "30": {
            "precision": 0.6147368421052631,
            "recall": 0.45768025078369906,
            "f1-score": 0.5247079964061097,
            "support": 638.0
        },
        "31": {
            "precision": 0.7962962962962963,
            "recall": 0.0763765541740675,
            "f1-score": 0.1393841166936791,
            "support": 563.0
        },
        "32": {
            "precision": 0.5866013071895425,
            "recall": 0.8013392857142857,
            "f1-score": 0.6773584905660377,
            "support": 448.0
        },
        "33": {
            "precision": 0.7987804878048781,
            "recall": 0.9357142857142857,
            "f1-score": 0.8618421052631579,
            "support": 700.0
        },
        "34": {
            "precision": 0.8225,
            "recall": 0.8796791443850267,
            "f1-score": 0.8501291989664083,
            "support": 374.0
        },
        "35": {
            "precision": 0.7485822306238186,
            "recall": 0.9519230769230769,
            "f1-score": 0.8380952380952381,
            "support": 416.0
        },
        "36": {
            "precision": 0.9191685912240185,
            "recall": 0.7834645669291339,
            "f1-score": 0.8459086078639745,
            "support": 508.0
        },
        "37": {
            "precision": 0.8328173374613003,
            "recall": 0.8608,
            "f1-score": 0.8465774980330448,
            "support": 625.0
        },
        "38": {
            "precision": 0.7718794835007173,
            "recall": 0.952212389380531,
            "f1-score": 0.8526148969889065,
            "support": 565.0
        },
        "39": {
            "precision": 0.8614130434782609,
            "recall": 0.9109195402298851,
            "f1-score": 0.8854748603351955,
            "support": 696.0
        },
        "40": {
            "precision": 0.7265193370165746,
            "recall": 0.6813471502590673,
            "f1-score": 0.7032085561497327,
            "support": 386.0
        },
        "41": {
            "precision": 0.7406417112299465,
            "recall": 0.9326599326599326,
            "f1-score": 0.8256333830104322,
            "support": 594.0
        },
        "42": {
            "precision": 0.37177121771217714,