{
    "acc1": 0.775939449262133,
    "acc5": [
        0.9480069983264872
    ],
    "mean_per_class_recall": 0.7718250931231978,
    "classification_report": {
        "0": {
            "precision": 0.9063745019920318,
            "recall": 0.8852140077821011,
            "f1-score": 0.8956692913385826,
            "support": 514.0
        },
        "1": {
            "precision": 0.8927789934354485,
            "recall": 0.8259109311740891,
            "f1-score": 0.8580441640378549,
            "support": 494.0
        },
        "2": {
            "precision": 0.8639175257731959,
            "recall": 0.8674948240165632,
            "f1-score": 0.8657024793388429,
            "support": 483.0
        },
        "3": {
            "precision": 0.4659606656580938,
            "recall": 0.4731182795698925,
            "f1-score": 0.4695121951219512,
            "support": 651.0
        },
        "4": {
            "precision": 0.8614008941877794,
            "recall": 0.8550295857988166,
            "f1-score": 0.858203414996288,
            "support": 676.0
        },
        "5": {
            "precision": 0.2608695652173913,
            "recall": 0.016483516483516484,
            "f1-score": 0.031007751937984496,
            "support": 364.0
        },
        "6": {
            "precision": 0.8828571428571429,
            "recall": 0.8619246861924686,
            "f1-score": 0.8722653493295696,
            "support": 717.0
        },
        "7": {
            "precision": 0.4945321992709599,
            "recall": 0.9487179487179487,
            "f1-score": 0.6501597444089456,
            "support": 429.0
        },
        "8": {
            "precision": 0.7825484764542936,
            "recall": 0.9127625201938611,
            "f1-score": 0.8426547352721849,
            "support": 619.0
        },
        "9": {
            "precision": 0.9050387596899225,
            "recall": 0.9015444015444015,
            "f1-score": 0.9032882011605415,
            "support": 518.0
        },
        "10": {
            "precision": 0.9354838709677419,
            "recall": 0.7855530474040632,
            "f1-score": 0.8539877300613496,
            "support": 443.0
        },
        "11": {
            "precision": 0.7746478873239436,
            "recall": 0.47413793103448276,
            "f1-score": 0.5882352941176471,
            "support": 464.0
        },
        "12": {
            "precision": 0.8112798264642083,
            "recall": 0.9816272965879265,
            "f1-score": 0.8883610451306413,
            "support": 381.0
        },
        "13": {
            "precision": 0.9482352941176471,
            "recall": 0.8955555555555555,
            "f1-score": 0.9211428571428572,
            "support": 450.0
        },
        "14": {
            "precision": 0.8363171355498721,
            "recall": 0.9356223175965666,
            "f1-score": 0.8831870357866306,
            "support": 699.0
        },
        "15": {
            "precision": 0.6254901960784314,
            "recall": 0.589648798521257,
            "f1-score": 0.6070409134157945,
            "support": 541.0
        },
        "16": {
            "precision": 0.8866666666666667,
            "recall": 0.8209876543209876,
            "f1-score": 0.8525641025641025,
            "support": 486.0
        },
        "17": {
            "precision": 0.7596330275229358,
            "recall": 0.8448979591836735,
            "f1-score": 0.8,
            "support": 490.0
        },
        "18": {
            "precision": 0.72,
            "recall": 0.7411764705882353,
            "f1-score": 0.7304347826086957,
            "support": 340.0
        },
        "19": {
            "precision": 0.821917808219178,
            "recall": 0.9090909090909091,
            "f1-score": 0.8633093525179856,
            "support": 462.0
        },
        "20": {
            "precision": 0.9210526315789473,
            "recall": 0.6407322654462243,
            "f1-score": 0.7557354925775979,
            "support": 437.0
        },
        "21": {
            "precision": 0.8694158075601375,
            "recall": 0.6571428571428571,
            "f1-score": 0.7485207100591716,
            "support": 385.0
        },
        "22": {
            "precision": 0.39644970414201186,
            "recall": 0.7952522255192879,
            "f1-score": 0.5291214215202369,
            "support": 337.0
        },
        "23": {
            "precision": 0.8670886075949367,
            "recall": 0.8082595870206489,
            "f1-score": 0.8366412213740458,
            "support": 339.0
        },
        "24": {
            "precision": 0.8351219512195122,
            "recall": 0.9406593406593406,
            "f1-score": 0.8847545219638243,
            "support": 910.0
        },
        "25": {
            "precision": 0.48672566371681414,
            "recall": 0.5329457364341085,
            "f1-score": 0.5087881591119334,
            "support": 516.0
        },
        "26": {
            "precision": 0.9675675675675676,
            "recall": 0.8287037037037037,
            "f1-score": 0.8927680798004988,
            "support": 432.0
        },
        "27": {
            "precision": 0.6847599164926931,
            "recall": 0.82,
            "f1-score": 0.7463026166097838,
            "support": 400.0
        },
        "28": {
            "precision": 0.7790178571428571,
            "recall": 0.9587912087912088,
            "f1-score": 0.8596059113300493,
            "support": 364.0
        },
        "29": {
            "precision": 0.8459657701711492,
            "recall": 0.8917525773195877,
            "f1-score": 0.8682559598494354,
            "support": 388.0
        },
        "30": {
            "precision": 0.8354430379746836,
            "recall": 0.473967684021544,
            "f1-score": 0.6048109965635738,
            "support": 557.0
        },
        "31": {
            "precision": 0.8840070298769771,
            "recall": 0.9617590822179732,
            "f1-score": 0.9212454212454212,
            "support": 523.0
        },
        "32": {
            "precision": 0.8058551617873652,
            "recall": 0.8021472392638037,
            "f1-score": 0.8039969254419678,
            "support": 652.0
        },
        "33": {
            "precision": 0.6337209302325582,
            "recall": 0.9289772727272727,
            "f1-score": 0.7534562211981567,
            "support": 352.0
        },
        "34": {
            "precision": 0.6561360874848117,
            "recall": 0.8244274809160306,
            "f1-score": 0.7307171853856563,
            "support": 655.0
        },
        "35": {
            "precision": 0.9212121212121213,
            "recall": 0.6346555323590815,
            "f1-score": 0.7515451174289246,
            "support": 479.0
        },
        "36": {
            "precision": 0.9257362355953905,
            "recall": 0.8795620437956204,
            "f1-score": 0.9020586400499064,
            "support": 822.0
        },
        "37": {
            "precision": 0.8367609254498715,
            "recall": 0.8821138211382114,
            "f1-score": 0.8588390501319261,
            "support": 738.0
        },
        "38": {
            "precision": 0.9663461538461539,
            "recall": 0.8375,
            "f1-score": 0.8973214285714286,
            "support": 720.0
        },
        "39": {
            "precision": 0.6295843520782396,
            "recall": 0.7142857142857143,
            "f1-score": 0.6692657569850552,
            "support": 721.0
        },
        "40": {
            "precision": 0.8234126984126984,
            "recall": 0.7229965156794426,
            "f1-score": 0.7699443413729128,
            "support": 574.0
        },
        "41": {
            "precision": 0.909972299168975,
            "recall": 0.8423076923076923,
            "f1-score": 0.8748335552596538,
            "support": 780.0
        },