{
    "acc1": 0.7869346004570351,
    "acc5": [
        0.9480576009285792
    ],
    "mean_per_class_recall": 0.7772796490972018,
    "classification_report": {
        "0": {
            "precision": 0.23157894736842105,
            "recall": 0.05759162303664921,
            "f1-score": 0.09224318658280922,
            "support": 382.0
        },
        "1": {
            "precision": 0.7532133676092545,
            "recall": 0.47334410339256866,
            "f1-score": 0.5813492063492064,
            "support": 619.0
        },
        "2": {
            "precision": 0.6361904761904762,
            "recall": 0.7731481481481481,
            "f1-score": 0.6980146290491118,
            "support": 432.0
        },
        "3": {
            "precision": 0.9538239538239538,
            "recall": 0.9677891654465594,
            "f1-score": 0.9607558139534884,
            "support": 683.0
        },
        "4": {
            "precision": 0.8919667590027701,
            "recall": 0.9470588235294117,
            "f1-score": 0.9186875891583453,
            "support": 680.0
        },
        "5": {
            "precision": 0.8171428571428572,
            "recall": 0.3294930875576037,
            "f1-score": 0.4696223316912972,
            "support": 434.0
        },
        "6": {
            "precision": 0.9650872817955112,
            "recall": 0.9192399049881235,
            "f1-score": 0.9416058394160584,
            "support": 421.0
        },
        "7": {
            "precision": 0.25742574257425743,
            "recall": 0.3627906976744186,
            "f1-score": 0.30115830115830117,
            "support": 430.0
        },
        "8": {
            "precision": 0.7897350993377483,
            "recall": 0.959758551307847,
            "f1-score": 0.8664850136239782,
            "support": 497.0
        },
        "9": {
            "precision": 0.43559718969555034,
            "recall": 0.9738219895287958,
            "f1-score": 0.6019417475728155,
            "support": 382.0
        },
        "10": {
            "precision": 0.9835680751173709,
            "recall": 0.9373601789709173,
            "f1-score": 0.9599083619702177,
            "support": 447.0
        },
        "11": {
            "precision": 0.8302277432712215,
            "recall": 0.9733009708737864,
            "f1-score": 0.8960893854748604,
            "support": 412.0
        },
        "12": {
            "precision": 0.9462809917355371,
            "recall": 0.40966010733452596,
            "f1-score": 0.5717852684144819,
            "support": 559.0
        },
        "13": {
            "precision": 0.6777251184834123,
            "recall": 0.6992665036674817,
            "f1-score": 0.6883273164861613,
            "support": 409.0
        },
        "14": {
            "precision": 0.9552238805970149,
            "recall": 0.9808429118773946,
            "f1-score": 0.9678638941398866,
            "support": 522.0
        },
        "15": {
            "precision": 0.8728070175438597,
            "recall": 0.7302752293577982,
            "f1-score": 0.7952047952047953,
            "support": 545.0
        },
        "16": {
            "precision": 0.6485714285714286,
            "recall": 0.6253443526170799,
            "f1-score": 0.6367461430575035,
            "support": 363.0
        },
        "17": {
            "precision": 0.436411149825784,
            "recall": 0.8804920913884007,
            "f1-score": 0.5835760046592895,
            "support": 569.0
        },
        "18": {
            "precision": 0.8235294117647058,
            "recall": 0.8378378378378378,
            "f1-score": 0.830622009569378,
            "support": 518.0
        },
        "19": {
            "precision": 0.8606194690265486,
            "recall": 0.8587196467991169,
            "f1-score": 0.8596685082872928,
            "support": 453.0
        },
        "20": {
            "precision": 0.5489051094890511,
            "recall": 0.9518987341772152,
            "f1-score": 0.6962962962962963,
            "support": 395.0
        },
        "21": {
            "precision": 0.8779661016949153,
            "recall": 0.8409090909090909,
            "f1-score": 0.8590381426202321,
            "support": 616.0
        },
        "22": {
            "precision": 0.8380952380952381,
            "recall": 0.9850746268656716,
            "f1-score": 0.9056603773584906,
            "support": 536.0
        },
        "23": {
            "precision": 0.9185082872928176,
            "recall": 0.9693877551020408,
            "f1-score": 0.9432624113475178,
            "support": 686.0
        },
        "24": {
            "precision": 0.7759562841530054,
            "recall": 0.9748283752860412,
            "f1-score": 0.8640973630831643,
            "support": 437.0
        },
        "25": {
            "precision": 0.8040123456790124,
            "recall": 0.7966360856269113,
            "f1-score": 0.8003072196620584,
            "support": 654.0
        },
        "26": {
            "precision": 0.957983193277311,
            "recall": 0.987012987012987,
            "f1-score": 0.9722814498933902,
            "support": 693.0
        },
        "27": {
            "precision": 0.7473118279569892,
            "recall": 0.7853107344632768,
            "f1-score": 0.7658402203856749,
            "support": 708.0
        },
        "28": {
            "precision": 0.7683823529411765,
            "recall": 0.8763102725366876,
            "f1-score": 0.8188050930460333,
            "support": 477.0
        },
        "29": {
            "precision": 0.8986615678776291,
            "recall": 0.8333333333333334,
            "f1-score": 0.8647654093836247,
            "support": 564.0
        },
        "30": {
            "precision": 0.6776212832550861,
            "recall": 0.7504332755632582,
            "f1-score": 0.712171052631579,
            "support": 577.0
        },
        "31": {
            "precision": 0.7963302752293578,
            "recall": 0.921443736730361,
            "f1-score": 0.8543307086614174,
            "support": 471.0
        },
        "32": {
            "precision": 0.9365079365079365,
            "recall": 0.9342265529841657,
            "f1-score": 0.9353658536585366,
            "support": 821.0
        },
        "33": {
            "precision": 0.9160186625194401,
            "recall": 0.8964992389649924,
            "f1-score": 0.9061538461538462,
            "support": 657.0
        },
        "34": {
            "precision": 0.9699570815450643,
            "recall": 0.40794223826714804,
            "f1-score": 0.5743329097839899,
            "support": 554.0
        },
        "35": {
            "precision": 0.6222222222222222,
            "recall": 0.9438202247191011,
            "f1-score": 0.75,
            "support": 623.0
        },
        "36": {
            "precision": 0.8959854014598541,
            "recall": 0.7361319340329835,
            "f1-score": 0.8082304526748971,
            "support": 667.0
        },
        "37": {
            "precision": 0.6824858757062147,
            "recall": 0.9481946624803768,
            "f1-score": 0.7936925098554534,
            "support": 637.0
        },
        "38": {
            "precision": 0.8976377952755905,
            "recall": 0.979381443298969,
            "f1-score": 0.9367296631059984,
            "support": 582.0
        },
        "39": {
            "precision": 0.8676923076923077,
            "recall": 0.8771384136858476,
            "f1-score": 0.8723897911832946,
            "support": 643.0
        },
        "40": {
            "precision": 0.8156312625250501,
            "recall": 0.6300309597523219,
            "f1-score": 0.7109170305676856,
            "support": 646.0
        },
        "41": {
            "precision": 0.7928902627511591,
            "recall": 0.9606741573033708,
            "f1-score": 0.8687552921253175,
            "support": 534.0
        },