{
    "acc1": 0.780541609615092,
    "acc5": [
        0.9484634109234749
    ],
    "mean_per_class_recall": 0.7768593051827236,
    "classification_report": {
        "0": {
            "precision": 0.898989898989899,
            "recall": 0.8657587548638133,
            "f1-score": 0.8820614469772051,
            "support": 514.0
        },
        "1": {
            "precision": 0.8905579399141631,
            "recall": 0.840080971659919,
            "f1-score": 0.8645833333333334,
            "support": 494.0
        },
        "2": {
            "precision": 0.9042316258351893,
            "recall": 0.8405797101449275,
            "f1-score": 0.871244635193133,
            "support": 483.0
        },
        "3": {
            "precision": 0.41743119266055045,
            "recall": 0.41935483870967744,
            "f1-score": 0.41839080459770117,
            "support": 651.0
        },
        "4": {
            "precision": 0.8540145985401459,
            "recall": 0.8653846153846154,
            "f1-score": 0.8596620132255695,
            "support": 676.0
        },
        "5": {
            "precision": 0.22077922077922077,
            "recall": 0.046703296703296704,
            "f1-score": 0.07709750566893424,
            "support": 364.0
        },
        "6": {
            "precision": 0.8793103448275862,
            "recall": 0.9246861924686193,
            "f1-score": 0.9014276002719238,
            "support": 717.0
        },
        "7": {
            "precision": 0.5073891625615764,
            "recall": 0.9603729603729604,
            "f1-score": 0.6639806607574537,
            "support": 429.0
        },
        "8": {
            "precision": 0.7467532467532467,
            "recall": 0.9289176090468497,
            "f1-score": 0.827933765298776,
            "support": 619.0
        },
        "9": {
            "precision": 0.9080234833659491,
            "recall": 0.8957528957528957,
            "f1-score": 0.901846452866861,
            "support": 518.0
        },
        "10": {
            "precision": 0.92,
            "recall": 0.7787810383747178,
            "f1-score": 0.843520782396088,
            "support": 443.0
        },
        "11": {
            "precision": 0.8730964467005076,
            "recall": 0.3706896551724138,
            "f1-score": 0.5204236006051437,
            "support": 464.0
        },
        "12": {
            "precision": 0.8077753779697624,
            "recall": 0.9816272965879265,
            "f1-score": 0.8862559241706162,
            "support": 381.0
        },
        "13": {
            "precision": 0.9553349875930521,
            "recall": 0.8555555555555555,
            "f1-score": 0.902696365767878,
            "support": 450.0
        },
        "14": {
            "precision": 0.8457648546144121,
            "recall": 0.9570815450643777,
            "f1-score": 0.897986577181208,
            "support": 699.0
        },
        "15": {
            "precision": 0.7007672634271099,
            "recall": 0.5064695009242144,
            "f1-score": 0.5879828326180258,
            "support": 541.0
        },
        "16": {
            "precision": 0.8621399176954733,
            "recall": 0.8621399176954733,
            "f1-score": 0.8621399176954733,
            "support": 486.0
        },
        "17": {
            "precision": 0.7460035523978685,
            "recall": 0.8571428571428571,
            "f1-score": 0.7977207977207977,
            "support": 490.0
        },
        "18": {
            "precision": 0.7835365853658537,
            "recall": 0.7558823529411764,
            "f1-score": 0.7694610778443114,
            "support": 340.0
        },
        "19": {
            "precision": 0.8597938144329897,
            "recall": 0.9025974025974026,
            "f1-score": 0.880675818373812,
            "support": 462.0
        },
        "20": {
            "precision": 0.9642857142857143,
            "recall": 0.8032036613272311,
            "f1-score": 0.8764044943820225,
            "support": 437.0
        },
        "21": {
            "precision": 0.8355704697986577,
            "recall": 0.6467532467532467,
            "f1-score": 0.7291361639824304,
            "support": 385.0
        },
        "22": {
            "precision": 0.4355628058727569,
            "recall": 0.7922848664688428,
            "f1-score": 0.5621052631578948,
            "support": 337.0
        },
        "23": {
            "precision": 0.8618421052631579,
            "recall": 0.7728613569321534,
            "f1-score": 0.8149300155520995,
            "support": 339.0
        },
        "24": {
            "precision": 0.8145315487571702,
            "recall": 0.9362637362637363,
            "f1-score": 0.8711656441717791,
            "support": 910.0
        },
        "25": {
            "precision": 0.4789915966386555,
            "recall": 0.6627906976744186,
            "f1-score": 0.5560975609756098,
            "support": 516.0
        },
        "26": {
            "precision": 0.9326683291770573,
            "recall": 0.8657407407407407,
            "f1-score": 0.8979591836734694,
            "support": 432.0
        },
        "27": {
            "precision": 0.7331786542923434,
            "recall": 0.79,
            "f1-score": 0.7605294825511432,
            "support": 400.0
        },
        "28": {
            "precision": 0.740506329113924,
            "recall": 0.9642857142857143,
            "f1-score": 0.837708830548926,
            "support": 364.0
        },
        "29": {
            "precision": 0.817351598173516,
            "recall": 0.9226804123711341,
            "f1-score": 0.8668280871670703,
            "support": 388.0
        },
        "30": {
            "precision": 0.8103448275862069,
            "recall": 0.5062836624775583,
            "f1-score": 0.6232044198895028,
            "support": 557.0
        },
        "31": {
            "precision": 0.8787346221441125,
            "recall": 0.9560229445506692,
            "f1-score": 0.9157509157509157,
            "support": 523.0
        },
        "32": {
            "precision": 0.8415841584158416,
            "recall": 0.7822085889570553,
            "f1-score": 0.8108108108108109,
            "support": 652.0
        },
        "33": {
            "precision": 0.6666666666666666,
            "recall": 0.9090909090909091,
            "f1-score": 0.7692307692307693,
            "support": 352.0
        },
        "34": {
            "precision": 0.7058823529411765,
            "recall": 0.7694656488549618,
            "f1-score": 0.7363038714390066,
            "support": 655.0
        },
        "35": {
            "precision": 0.8962536023054755,
            "recall": 0.6492693110647182,
            "f1-score": 0.7530266343825666,
            "support": 479.0
        },
        "36": {
            "precision": 0.932806324110672,
            "recall": 0.8613138686131386,
            "f1-score": 0.8956356736242884,
            "support": 822.0
        },
        "37": {
            "precision": 0.8249370277078085,
            "recall": 0.8875338753387534,
            "f1-score": 0.8550913838120104,
            "support": 738.0
        },
        "38": {
            "precision": 0.9707241910631741,
            "recall": 0.875,
            "f1-score": 0.9203798392987582,
            "support": 720.0
        },
        "39": {
            "precision": 0.7075862068965517,
            "recall": 0.7115117891816921,
            "f1-score": 0.7095435684647303,
            "support": 721.0
        },
        "40": {
            "precision": 0.8083832335329342,
            "recall": 0.705574912891986,
            "f1-score": 0.7534883720930232,
            "support": 574.0
        },
        "41": {
            "precision": 0.9221140472878998,
            "recall": 0.85,
            "f1-score": 0.8845897264843229,
            "support": 780.0
        },