{
    "acc1": 0.7781074090978244,
    "acc5": [
        0.949604442415944
    ],
    "mean_per_class_recall": 0.7756526655458522,
    "classification_report": {
        "0": {
            "precision": 0.896484375,
            "recall": 0.8929961089494164,
            "f1-score": 0.8947368421052632,
            "support": 514.0
        },
        "1": {
            "precision": 0.9100877192982456,
            "recall": 0.840080971659919,
            "f1-score": 0.8736842105263158,
            "support": 494.0
        },
        "2": {
            "precision": 0.8976034858387799,
            "recall": 0.8530020703933747,
            "f1-score": 0.8747346072186837,
            "support": 483.0
        },
        "3": {
            "precision": 0.5026362038664324,
            "recall": 0.4393241167434716,
            "f1-score": 0.46885245901639344,
            "support": 651.0
        },
        "4": {
            "precision": 0.8533724340175953,
            "recall": 0.8609467455621301,
            "f1-score": 0.8571428571428571,
            "support": 676.0
        },
        "5": {
            "precision": 0.43023255813953487,
            "recall": 0.10164835164835165,
            "f1-score": 0.16444444444444445,
            "support": 364.0
        },
        "6": {
            "precision": 0.8751677852348994,
            "recall": 0.9093444909344491,
            "f1-score": 0.8919288645690835,
            "support": 717.0
        },
        "7": {
            "precision": 0.5086633663366337,
            "recall": 0.958041958041958,
            "f1-score": 0.6645109135004043,
            "support": 429.0
        },
        "8": {
            "precision": 0.7441558441558441,
            "recall": 0.925686591276252,
            "f1-score": 0.8250539956803455,
            "support": 619.0
        },
        "9": {
            "precision": 0.8914285714285715,
            "recall": 0.9034749034749034,
            "f1-score": 0.8974113135186961,
            "support": 518.0
        },
        "10": {
            "precision": 0.918918918918919,
            "recall": 0.7674943566591422,
            "f1-score": 0.8364083640836408,
            "support": 443.0
        },
        "11": {
            "precision": 0.8685446009389671,
            "recall": 0.39870689655172414,
            "f1-score": 0.5465288035450517,
            "support": 464.0
        },
        "12": {
            "precision": 0.7919320594479831,
            "recall": 0.979002624671916,
            "f1-score": 0.8755868544600939,
            "support": 381.0
        },
        "13": {
            "precision": 0.9458128078817734,
            "recall": 0.8533333333333334,
            "f1-score": 0.897196261682243,
            "support": 450.0
        },
        "14": {
            "precision": 0.8679738562091504,
            "recall": 0.949928469241774,
            "f1-score": 0.907103825136612,
            "support": 699.0
        },
        "15": {
            "precision": 0.6897810218978102,
            "recall": 0.34935304990757854,
            "f1-score": 0.4638036809815951,
            "support": 541.0
        },
        "16": {
            "precision": 0.8898305084745762,
            "recall": 0.8641975308641975,
            "f1-score": 0.8768267223382046,
            "support": 486.0
        },
        "17": {
            "precision": 0.7902912621359224,
            "recall": 0.8306122448979592,
            "f1-score": 0.8099502487562189,
            "support": 490.0
        },
        "18": {
            "precision": 0.701058201058201,
            "recall": 0.7794117647058824,
            "f1-score": 0.7381615598885793,
            "support": 340.0
        },
        "19": {
            "precision": 0.8228346456692913,
            "recall": 0.9047619047619048,
            "f1-score": 0.8618556701030928,
            "support": 462.0
        },
        "20": {
            "precision": 0.9517684887459807,
            "recall": 0.6773455377574371,
            "f1-score": 0.7914438502673797,
            "support": 437.0
        },
        "21": {
            "precision": 0.9064748201438849,
            "recall": 0.6545454545454545,
            "f1-score": 0.7601809954751131,
            "support": 385.0
        },
        "22": {
            "precision": 0.4344262295081967,
            "recall": 0.7863501483679525,
            "f1-score": 0.5596620908130939,
            "support": 337.0
        },
        "23": {
            "precision": 0.8741721854304636,
            "recall": 0.7787610619469026,
            "f1-score": 0.8237129485179407,
            "support": 339.0
        },
        "24": {
            "precision": 0.7603231597845601,
            "recall": 0.9307692307692308,
            "f1-score": 0.8369565217391305,
            "support": 910.0
        },
        "25": {
            "precision": 0.41753171856978083,
            "recall": 0.7015503875968992,
            "f1-score": 0.5234996384671005,
            "support": 516.0
        },
        "26": {
            "precision": 0.948019801980198,
            "recall": 0.8865740740740741,
            "f1-score": 0.916267942583732,
            "support": 432.0
        },
        "27": {
            "precision": 0.6962025316455697,
            "recall": 0.825,
            "f1-score": 0.7551487414187643,
            "support": 400.0
        },
        "28": {
            "precision": 0.725,
            "recall": 0.9560439560439561,
            "f1-score": 0.8246445497630331,
            "support": 364.0
        },
        "29": {
            "precision": 0.828978622327791,
            "recall": 0.8994845360824743,
            "f1-score": 0.8627935723114957,
            "support": 388.0
        },
        "30": {
            "precision": 0.860248447204969,
            "recall": 0.49730700179533216,
            "f1-score": 0.6302616609783845,
            "support": 557.0
        },
        "31": {
            "precision": 0.8782608695652174,
            "recall": 0.9655831739961759,
            "f1-score": 0.9198542805100182,
            "support": 523.0
        },
        "32": {
            "precision": 0.843042071197411,
            "recall": 0.799079754601227,
            "f1-score": 0.8204724409448819,
            "support": 652.0
        },
        "33": {
            "precision": 0.6356589147286822,
            "recall": 0.9318181818181818,
            "f1-score": 0.7557603686635944,
            "support": 352.0
        },
        "34": {
            "precision": 0.7001356852103121,
            "recall": 0.7877862595419848,
            "f1-score": 0.7413793103448276,
            "support": 655.0
        },
        "35": {
            "precision": 0.9154929577464789,
            "recall": 0.6784968684759917,
            "f1-score": 0.7793764988009593,
            "support": 479.0
        },
        "36": {
            "precision": 0.9506849315068493,
            "recall": 0.8442822384428224,
            "f1-score": 0.8943298969072165,
            "support": 822.0
        },
        "37": {
            "precision": 0.827020202020202,
            "recall": 0.8875338753387534,
            "f1-score": 0.8562091503267973,
            "support": 738.0
        },
        "38": {
            "precision": 0.9613601236476044,
            "recall": 0.8638888888888889,
            "f1-score": 0.9100219458668617,
            "support": 720.0
        },
        "39": {
            "precision": 0.6908809891808346,
            "recall": 0.6199722607489597,
            "f1-score": 0.6535087719298246,
            "support": 721.0
        },
        "40": {
            "precision": 0.8646288209606987,
            "recall": 0.6898954703832753,
            "f1-score": 0.7674418604651163,
            "support": 574.0
        },
        "41": {
            "precision": 0.9201623815967523,
            "recall": 0.8717948717948718,
            "f1-score": 0.8953258722843976,
            "support": 780.0
        },