{
    "acc1": 0.7593694766078707,
    "acc5": [
        0.9211124337192944
    ],
    "mean_per_class_recall": 0.7644941378497567,
    "classification_report": {
        "0": {
            "precision": 0.936986301369863,
            "recall": 0.7755102040816326,
            "f1-score": 0.8486352357320099,
            "support": 441.0
        },
        "1": {
            "precision": 0.42995839112343964,
            "recall": 0.8222811671087533,
            "f1-score": 0.5646630236794171,
            "support": 377.0
        },
        "2": {
            "precision": 0.7083333333333334,
            "recall": 0.9635627530364372,
            "f1-score": 0.8164665523156089,
            "support": 494.0
        },
        "3": {
            "precision": 0.7425149700598802,
            "recall": 0.9077598828696926,
            "f1-score": 0.8168642951251647,
            "support": 683.0
        },
        "4": {
            "precision": 0.8987951807228916,
            "recall": 0.8966346153846154,
            "f1-score": 0.8977135980746089,
            "support": 416.0
        },
        "5": {
            "precision": 0.6643356643356644,
            "recall": 0.965166908563135,
            "f1-score": 0.7869822485207101,
            "support": 689.0
        },
        "6": {
            "precision": 0.6855345911949685,
            "recall": 0.9058171745152355,
            "f1-score": 0.7804295942720764,
            "support": 361.0
        },
        "7": {
            "precision": 0.8747514910536779,
            "recall": 0.9865470852017937,
            "f1-score": 0.9272918861959958,
            "support": 446.0
        },
        "8": {
            "precision": 0.5498721227621484,
            "recall": 0.5922865013774105,
            "f1-score": 0.5702917771883289,
            "support": 363.0
        },
        "9": {
            "precision": 0.9267822736030829,
            "recall": 0.8293103448275863,
            "f1-score": 0.8753412192902639,
            "support": 580.0
        },
        "10": {
            "precision": 0.8074245939675174,
            "recall": 0.5621970920840065,
            "f1-score": 0.6628571428571428,
            "support": 619.0
        },
        "11": {
            "precision": 0.907563025210084,
            "recall": 0.8228571428571428,
            "f1-score": 0.8631368631368631,
            "support": 525.0
        },
        "12": {
            "precision": 0.8435643564356435,
            "recall": 0.8160919540229885,
            "f1-score": 0.8296007789678675,
            "support": 522.0
        },
        "13": {
            "precision": 0.7802197802197802,
            "recall": 0.9764243614931237,
            "f1-score": 0.8673647469458988,
            "support": 509.0
        },
        "14": {
            "precision": 0.7778846153846154,
            "recall": 0.9309551208285386,
            "f1-score": 0.8475641697223677,
            "support": 869.0
        },
        "15": {
            "precision": 0.8597063621533442,
            "recall": 0.8625204582651391,
            "f1-score": 0.8611111111111112,
            "support": 611.0
        },
        "16": {
            "precision": 0.8270440251572327,
            "recall": 0.82574568288854,
            "f1-score": 0.826394344069128,
            "support": 637.0
        },
        "17": {
            "precision": 0.9563253012048193,
            "recall": 0.8981612446958982,
            "f1-score": 0.9263311451495259,
            "support": 707.0
        },
        "18": {
            "precision": 0.9744897959183674,
            "recall": 0.9662731871838112,
            "f1-score": 0.9703640982218459,
            "support": 593.0
        },
        "19": {
            "precision": 0.906896551724138,
            "recall": 0.7712609970674487,
            "f1-score": 0.8335974643423137,
            "support": 341.0
        },
        "20": {
            "precision": 0.8312829525483304,
            "recall": 0.8537906137184116,
            "f1-score": 0.8423864648263579,
            "support": 554.0
        },
        "21": {
            "precision": 0.9194991055456172,
            "recall": 0.8467874794069192,
            "f1-score": 0.8816466552315609,
            "support": 607.0
        },
        "22": {
            "precision": 0.8199608610567515,
            "recall": 0.7402826855123675,
            "f1-score": 0.7780872794800371,
            "support": 566.0
        },
        "23": {
            "precision": 0.9538714991762768,
            "recall": 0.7689243027888446,
            "f1-score": 0.8514705882352941,
            "support": 753.0
        },
        "24": {
            "precision": 0.8026315789473685,
            "recall": 0.25957446808510637,
            "f1-score": 0.39228295819935693,
            "support": 705.0
        },
        "25": {
            "precision": 0.7742363877822045,
            "recall": 0.9038759689922481,
            "f1-score": 0.8340486409155937,
            "support": 645.0
        },
        "26": {
            "precision": 0.8953488372093024,
            "recall": 0.6452513966480447,
            "f1-score": 0.75,
            "support": 716.0
        },
        "27": {
            "precision": 0.8623188405797102,
            "recall": 0.6432432432432432,
            "f1-score": 0.7368421052631579,
            "support": 370.0
        },
        "28": {
            "precision": 0.19607843137254902,
            "recall": 0.010964912280701754,
            "f1-score": 0.020768431983385256,
            "support": 912.0
        },
        "29": {
            "precision": 0.7964774951076321,
            "recall": 0.8391752577319588,
            "f1-score": 0.8172690763052208,
            "support": 485.0
        },
        "30": {
            "precision": 0.8377358490566038,
            "recall": 0.7538200339558574,
            "f1-score": 0.7935656836461126,
            "support": 589.0
        },
        "31": {
            "precision": 0.9187675070028011,
            "recall": 0.845360824742268,
            "f1-score": 0.8805369127516779,
            "support": 388.0
        },
        "32": {
            "precision": 0.6711409395973155,
            "recall": 0.4889975550122249,
            "f1-score": 0.5657708628005658,
            "support": 409.0
        },
        "33": {
            "precision": 0.8695652173913043,
            "recall": 0.03944773175542406,
            "f1-score": 0.07547169811320754,
            "support": 507.0
        },
        "34": {
            "precision": 0.8838028169014085,
            "recall": 0.8869257950530035,
            "f1-score": 0.8853615520282186,
            "support": 566.0
        },
        "35": {
            "precision": 0.4970202622169249,
            "recall": 0.7973231357552581,
            "f1-score": 0.6123348017621145,
            "support": 523.0
        },
        "36": {
            "precision": 0.7805851063829787,
            "recall": 0.9332273449920508,
            "f1-score": 0.8501086169442433,
            "support": 629.0
        },
        "37": {
            "precision": 0.7896749521988528,
            "recall": 0.8411405295315683,
            "f1-score": 0.814595660749507,
            "support": 491.0
        },
        "38": {
            "precision": 0.81,
            "recall": 0.4602272727272727,
            "f1-score": 0.5869565217391305,
            "support": 528.0
        },
        "39": {
            "precision": 0.5227272727272727,
            "recall": 0.740530303030303,
            "f1-score": 0.6128526645768025,
            "support": 528.0
        },
        "40": {
            "precision": 0.9235668789808917,
            "recall": 0.36895674300254455,
            "f1-score": 0.5272727272727272,
            "support": 393.0
        },
        "41": {
            "precision": 0.9397116644823067,
            "recall": 0.9741847826086957,
            "f1-score": 0.9566377585056705,
            "support": 736.0
        },