{
    "acc1": 0.7839937839937839,
    "acc5": [
        0.963053613053613
    ],
    "mean_per_class_recall": 0.7809177521320162,
    "classification_report": {
        "0": {
            "precision": 0.5604982206405694,
            "recall": 0.8076923076923077,
            "f1-score": 0.6617647058823529,
            "support": 390.0
        },
        "1": {
            "precision": 0.851024208566108,
            "recall": 0.744299674267101,
            "f1-score": 0.794092093831451,
            "support": 614.0
        },
        "2": {
            "precision": 0.7510917030567685,
            "recall": 0.9052631578947369,
            "f1-score": 0.8210023866348448,
            "support": 570.0
        },
        "3": {
            "precision": 0.8831548198636806,
            "recall": 0.9283520982599796,
            "f1-score": 0.9051896207584831,
            "support": 977.0
        },
        "4": {
            "precision": 0.8932461873638344,
            "recall": 0.8991228070175439,
            "f1-score": 0.8961748633879781,
            "support": 456.0
        },
        "5": {
            "precision": 0.8070175438596491,
            "recall": 0.6524822695035462,
            "f1-score": 0.7215686274509804,
            "support": 564.0
        },
        "6": {
            "precision": 0.8515901060070671,
            "recall": 0.8128161888701517,
            "f1-score": 0.8317515099223468,
            "support": 593.0
        },
        "7": {
            "precision": 0.6207276736493936,
            "recall": 0.8316100443131462,
            "f1-score": 0.7108585858585859,
            "support": 677.0
        },
        "8": {
            "precision": 0.45481927710843373,
            "recall": 0.371007371007371,
            "f1-score": 0.40866035182679294,
            "support": 407.0
        },
        "9": {
            "precision": 0.7189189189189189,
            "recall": 0.9006772009029346,
            "f1-score": 0.7995991983967936,
            "support": 443.0
        },
        "10": {
            "precision": 0.7995049504950495,
            "recall": 0.6247582205029013,
            "f1-score": 0.7014115092290988,
            "support": 517.0
        },
        "11": {
            "precision": 0.9071146245059288,
            "recall": 0.9663157894736842,
            "f1-score": 0.9357798165137615,
            "support": 475.0
        },
        "12": {
            "precision": 0.8058510638297872,
            "recall": 0.7749360613810742,
            "f1-score": 0.7900912646675359,
            "support": 391.0
        },
        "13": {
            "precision": 0.767175572519084,
            "recall": 0.8933333333333333,
            "f1-score": 0.8254620123203286,
            "support": 450.0
        },
        "14": {
            "precision": 0.9585585585585585,
            "recall": 0.9779411764705882,
            "f1-score": 0.9681528662420382,
            "support": 544.0
        },
        "15": {
            "precision": 0.8886554621848739,
            "recall": 0.925601750547046,
            "f1-score": 0.9067524115755627,
            "support": 457.0
        },
        "16": {
            "precision": 0.8677563150074294,
            "recall": 0.9404186795491143,
            "f1-score": 0.9026275115919629,
            "support": 621.0
        },
        "17": {
            "precision": 0.9325259515570934,
            "recall": 0.8983333333333333,
            "f1-score": 0.9151103565365025,
            "support": 600.0
        },
        "18": {
            "precision": 0.8743169398907104,
            "recall": 0.9266409266409267,
            "f1-score": 0.8997188378631678,
            "support": 518.0
        },
        "19": {
            "precision": 0.9108108108108108,
            "recall": 0.6229205175600739,
            "f1-score": 0.7398463227222832,
            "support": 541.0
        },
        "20": {
            "precision": 0.8188277087033747,
            "recall": 0.8173758865248227,
            "f1-score": 0.8181011535048802,
            "support": 564.0
        },
        "21": {
            "precision": 0.807570977917981,
            "recall": 0.6547314578005116,
            "f1-score": 0.7231638418079096,
            "support": 391.0
        },
        "22": {
            "precision": 0.9168831168831169,
            "recall": 0.5252976190476191,
            "f1-score": 0.6679280983916746,
            "support": 672.0
        },
        "23": {
            "precision": 0.7837837837837838,
            "recall": 0.7994987468671679,
            "f1-score": 0.7915632754342432,
            "support": 399.0
        },
        "24": {
            "precision": 0.8438003220611916,
            "recall": 0.9597069597069597,
            "f1-score": 0.8980291345329906,
            "support": 546.0
        },
        "25": {
            "precision": 0.7736720554272517,
            "recall": 0.9571428571428572,
            "f1-score": 0.855683269476373,
            "support": 350.0
        },
        "26": {
            "precision": 0.8615384615384616,
            "recall": 0.9739130434782609,
            "f1-score": 0.9142857142857143,
            "support": 460.0
        },
        "27": {
            "precision": 0.975609756097561,
            "recall": 0.15894039735099338,
            "f1-score": 0.2733485193621868,
            "support": 755.0
        },
        "28": {
            "precision": 0.9415954415954416,
            "recall": 0.9734904270986745,
            "f1-score": 0.9572773352643013,
            "support": 679.0
        },
        "29": {
            "precision": 0.7633928571428571,
            "recall": 0.6309963099630996,
            "f1-score": 0.6909090909090909,
            "support": 542.0
        },
        "30": {
            "precision": 0.9016393442622951,
            "recall": 0.8675078864353313,
            "f1-score": 0.8842443729903537,
            "support": 634.0
        },
        "31": {
            "precision": 0.8975409836065574,
            "recall": 0.8036697247706422,
            "f1-score": 0.8480154888673765,
            "support": 545.0
        },
        "32": {
            "precision": 0.913961038961039,
            "recall": 0.89792663476874,
            "f1-score": 0.9058728881737731,
            "support": 627.0
        },
        "33": {
            "precision": 0.9119638826185101,
            "recall": 0.8632478632478633,
            "f1-score": 0.8869374313940724,
            "support": 468.0
        },
        "34": {
            "precision": 0.7153024911032029,
            "recall": 0.522077922077922,
            "f1-score": 0.6036036036036037,
            "support": 385.0
        },
        "35": {
            "precision": 0.6062639821029083,
            "recall": 0.7094240837696335,
            "f1-score": 0.6537997587454765,
            "support": 382.0
        },
        "36": {
            "precision": 0.8138957816377171,
            "recall": 0.7420814479638009,
            "f1-score": 0.7763313609467456,
            "support": 442.0
        },
        "37": {
            "precision": 0.7478991596638656,
            "recall": 0.419811320754717,
            "f1-score": 0.5377643504531722,
            "support": 424.0
        },
        "38": {
            "precision": 0.5327313769751693,
            "recall": 0.7421383647798742,
            "f1-score": 0.6202365308804205,
            "support": 318.0
        },
        "39": {
            "precision": 0.7641196013289037,
            "recall": 0.5263157894736842,
            "f1-score": 0.6233062330623306,
            "support": 437.0
        },
        "40": {
            "precision": 0.884765625,
            "recall": 0.8579545454545454,
            "f1-score": 0.8711538461538462,
            "support": 528.0
        },
        "41": {
            "precision": 0.9387442572741195,
            "recall": 0.9027982326951399,
            "f1-score": 0.9204204204204204,
            "support": 679.0
        },