{
    "acc1": 0.816614363524871,
    "acc5": [
        0.9649749305630704
    ],
    "mean_per_class_recall": 0.8264360931274807,
    "classification_report": {
        "0": {
            "precision": 0.8997821350762527,
            "recall": 0.9365079365079365,
            "f1-score": 0.9177777777777778,
            "support": 441.0
        },
        "1": {
            "precision": 0.6172344689378757,
            "recall": 0.8169761273209549,
            "f1-score": 0.7031963470319634,
            "support": 377.0
        },
        "2": {
            "precision": 0.9195876288659793,
            "recall": 0.902834008097166,
            "f1-score": 0.9111338100102145,
            "support": 494.0
        },
        "3": {
            "precision": 0.8704225352112676,
            "recall": 0.9048316251830161,
            "f1-score": 0.8872936109117013,
            "support": 683.0
        },
        "4": {
            "precision": 0.8990610328638498,
            "recall": 0.9206730769230769,
            "f1-score": 0.9097387173396675,
            "support": 416.0
        },
        "5": {
            "precision": 0.7522522522522522,
            "recall": 0.969521044992743,
            "f1-score": 0.8471781864299303,
            "support": 689.0
        },
        "6": {
            "precision": 0.5878260869565217,
            "recall": 0.9362880886426593,
            "f1-score": 0.7222222222222222,
            "support": 361.0
        },
        "7": {
            "precision": 0.8945233265720081,
            "recall": 0.9887892376681614,
            "f1-score": 0.939297124600639,
            "support": 446.0
        },
        "8": {
            "precision": 0.5183887915936952,
            "recall": 0.8154269972451791,
            "f1-score": 0.6338329764453962,
            "support": 363.0
        },
        "9": {
            "precision": 0.9029605263157895,
            "recall": 0.946551724137931,
            "f1-score": 0.9242424242424242,
            "support": 580.0
        },
        "10": {
            "precision": 0.8984547461368654,
            "recall": 0.6575121163166397,
            "f1-score": 0.7593283582089553,
            "support": 619.0
        },
        "11": {
            "precision": 0.9078694817658349,
            "recall": 0.900952380952381,
            "f1-score": 0.904397705544933,
            "support": 525.0
        },
        "12": {
            "precision": 0.8757894736842106,
            "recall": 0.7969348659003831,
            "f1-score": 0.8345035105315948,
            "support": 522.0
        },
        "13": {
            "precision": 0.7676923076923077,
            "recall": 0.9803536345776032,
            "f1-score": 0.8610871440897325,
            "support": 509.0
        },
        "14": {
            "precision": 0.8369905956112853,
            "recall": 0.9217491369390104,
            "f1-score": 0.8773274917853231,
            "support": 869.0
        },
        "15": {
            "precision": 0.9332129963898917,
            "recall": 0.8461538461538461,
            "f1-score": 0.8875536480686695,
            "support": 611.0
        },
        "16": {
            "precision": 0.8660436137071651,
            "recall": 0.8728414442700158,
            "f1-score": 0.8694292415949961,
            "support": 637.0
        },
        "17": {
            "precision": 0.9445255474452555,
            "recall": 0.9151343705799151,
            "f1-score": 0.9295977011494253,
            "support": 707.0
        },
        "18": {
            "precision": 0.964765100671141,
            "recall": 0.96964586846543,
            "f1-score": 0.9671993271656855,
            "support": 593.0
        },
        "19": {
            "precision": 0.8959537572254336,
            "recall": 0.9090909090909091,
            "f1-score": 0.9024745269286754,
            "support": 341.0
        },
        "20": {
            "precision": 0.8677536231884058,
            "recall": 0.8646209386281588,
            "f1-score": 0.8661844484629295,
            "support": 554.0
        },
        "21": {
            "precision": 0.9084628670120898,
            "recall": 0.8665568369028006,
            "f1-score": 0.8870151770657673,
            "support": 607.0
        },
        "22": {
            "precision": 0.8104575163398693,
            "recall": 0.8763250883392226,
            "f1-score": 0.8421052631578947,
            "support": 566.0
        },
        "23": {
            "precision": 0.961730449251248,
            "recall": 0.7675962815405046,
            "f1-score": 0.8537666174298375,
            "support": 753.0
        },
        "24": {
            "precision": 0.9682926829268292,
            "recall": 0.5631205673758866,
            "f1-score": 0.7121076233183856,
            "support": 705.0
        },
        "25": {
            "precision": 0.8561452513966481,
            "recall": 0.9503875968992248,
            "f1-score": 0.9008082292432035,
            "support": 645.0
        },
        "26": {
            "precision": 0.9134948096885813,
            "recall": 0.7374301675977654,
            "f1-score": 0.8160741885625966,
            "support": 716.0
        },
        "27": {
            "precision": 0.8571428571428571,
            "recall": 0.7783783783783784,
            "f1-score": 0.8158640226628895,
            "support": 370.0
        },
        "28": {
            "precision": 0.6808510638297872,
            "recall": 0.03508771929824561,
            "f1-score": 0.0667361835245047,
            "support": 912.0
        },
        "29": {
            "precision": 0.859375,
            "recall": 0.9072164948453608,
            "f1-score": 0.8826479438314945,
            "support": 485.0
        },
        "30": {
            "precision": 0.8856624319419237,
            "recall": 0.8285229202037352,
            "f1-score": 0.856140350877193,
            "support": 589.0
        },
        "31": {
            "precision": 0.9375,
            "recall": 0.8505154639175257,
            "f1-score": 0.8918918918918919,
            "support": 388.0
        },
        "32": {
            "precision": 0.8410852713178295,
            "recall": 0.530562347188264,
            "f1-score": 0.6506746626686657,
            "support": 409.0
        },
        "33": {
            "precision": 0.88,
            "recall": 0.21696252465483234,
            "f1-score": 0.34810126582278483,
            "support": 507.0
        },
        "34": {
            "precision": 0.9094138543516874,
            "recall": 0.9045936395759717,
            "f1-score": 0.9069973427812223,
            "support": 566.0
        },
        "35": {
            "precision": 0.5199063231850117,
            "recall": 0.8489483747609943,
            "f1-score": 0.644880174291939,
            "support": 523.0
        },
        "36": {
            "precision": 0.8082191780821918,
            "recall": 0.9379968203497615,
            "f1-score": 0.8682855040470935,
            "support": 629.0
        },
        "37": {
            "precision": 0.860125260960334,
            "recall": 0.8391038696537678,
            "f1-score": 0.8494845360824742,
            "support": 491.0
        },
        "38": {
            "precision": 0.8142414860681114,
            "recall": 0.4981060606060606,
            "f1-score": 0.618096357226792,
            "support": 528.0
        },
        "39": {
            "precision": 0.582995951417004,
            "recall": 0.8181818181818182,
            "f1-score": 0.6808510638297872,
            "support": 528.0
        },
        "40": {
            "precision": 0.8975741239892183,
            "recall": 0.8473282442748091,
            "f1-score": 0.8717277486910995,
            "support": 393.0
        },
        "41": {
            "precision": 0.978021978021978,
            "recall": 0.967391304347826,
            "f1-score": 0.9726775956284153,
            "support": 736.0
        },