{
    "acc1": 0.7928470383401647,
    "acc5": [
        0.9470782400522326
    ],
    "mean_per_class_recall": 0.7814386367609956,
    "classification_report": {
        "0": {
            "precision": 0.3855421686746988,
            "recall": 0.08376963350785341,
            "f1-score": 0.13763440860215054,
            "support": 382.0
        },
        "1": {
            "precision": 0.8280542986425339,
            "recall": 0.2956381260096931,
            "f1-score": 0.4357142857142857,
            "support": 619.0
        },
        "2": {
            "precision": 0.7317073170731707,
            "recall": 0.6944444444444444,
            "f1-score": 0.7125890736342043,
            "support": 432.0
        },
        "3": {
            "precision": 0.9291666666666667,
            "recall": 0.9795021961932651,
            "f1-score": 0.9536707056307911,
            "support": 683.0
        },
        "4": {
            "precision": 0.8924137931034483,
            "recall": 0.9514705882352941,
            "f1-score": 0.9209964412811388,
            "support": 680.0
        },
        "5": {
            "precision": 0.9565217391304348,
            "recall": 0.20276497695852536,
            "f1-score": 0.33460076045627374,
            "support": 434.0
        },
        "6": {
            "precision": 0.9509803921568627,
            "recall": 0.9216152019002375,
            "f1-score": 0.9360675512665863,
            "support": 421.0
        },
        "7": {
            "precision": 0.20977011494252873,
            "recall": 0.1697674418604651,
            "f1-score": 0.18766066838046272,
            "support": 430.0
        },
        "8": {
            "precision": 0.758957654723127,
            "recall": 0.937625754527163,
            "f1-score": 0.8388838883888389,
            "support": 497.0
        },
        "9": {
            "precision": 0.48877146631439894,
            "recall": 0.9685863874345549,
            "f1-score": 0.6496927129060579,
            "support": 382.0
        },
        "10": {
            "precision": 0.9834905660377359,
            "recall": 0.9328859060402684,
            "f1-score": 0.9575200918484501,
            "support": 447.0
        },
        "11": {
            "precision": 0.8502109704641351,
            "recall": 0.9781553398058253,
            "f1-score": 0.909706546275395,
            "support": 412.0
        },
        "12": {
            "precision": 0.9411764705882353,
            "recall": 0.5724508050089445,
            "f1-score": 0.7119021134593994,
            "support": 559.0
        },
        "13": {
            "precision": 0.6567796610169492,
            "recall": 0.7579462102689487,
            "f1-score": 0.7037457434733257,
            "support": 409.0
        },
        "14": {
            "precision": 0.9690522243713733,
            "recall": 0.9597701149425287,
            "f1-score": 0.9643888354186718,
            "support": 522.0
        },
        "15": {
            "precision": 0.8407258064516129,
            "recall": 0.7651376146788991,
            "f1-score": 0.8011527377521613,
            "support": 545.0
        },
        "16": {
            "precision": 0.4355300859598854,
            "recall": 0.837465564738292,
            "f1-score": 0.5730442978322338,
            "support": 363.0
        },
        "17": {
            "precision": 0.47477744807121663,
            "recall": 0.843585237258348,
            "f1-score": 0.6075949367088608,
            "support": 569.0
        },
        "18": {
            "precision": 0.8253968253968254,
            "recall": 0.803088803088803,
            "f1-score": 0.8140900195694716,
            "support": 518.0
        },
        "19": {
            "precision": 0.8141414141414142,
            "recall": 0.8896247240618101,
            "f1-score": 0.8502109704641351,
            "support": 453.0
        },
        "20": {
            "precision": 0.6089108910891089,
            "recall": 0.9341772151898734,
            "f1-score": 0.7372627372627373,
            "support": 395.0
        },
        "21": {
            "precision": 0.8443017656500803,
            "recall": 0.8538961038961039,
            "f1-score": 0.8490718321226796,
            "support": 616.0
        },
        "22": {
            "precision": 0.8076335877862595,
            "recall": 0.9869402985074627,
            "f1-score": 0.8883291351805206,
            "support": 536.0
        },
        "23": {
            "precision": 0.8818061088977424,
            "recall": 0.967930029154519,
            "f1-score": 0.9228630993745657,
            "support": 686.0
        },
        "24": {
            "precision": 0.8045540796963947,
            "recall": 0.9702517162471396,
            "f1-score": 0.8796680497925311,
            "support": 437.0
        },
        "25": {
            "precision": 0.8039816232771823,
            "recall": 0.8027522935779816,
            "f1-score": 0.8033664881407804,
            "support": 654.0
        },
        "26": {
            "precision": 0.9254742547425474,
            "recall": 0.9855699855699855,
            "f1-score": 0.9545772187281621,
            "support": 693.0
        },
        "27": {
            "precision": 0.8114104595879557,
            "recall": 0.7231638418079096,
            "f1-score": 0.7647498132935027,
            "support": 708.0
        },
        "28": {
            "precision": 0.7258064516129032,
            "recall": 0.9433962264150944,
            "f1-score": 0.8204193254329991,
            "support": 477.0
        },
        "29": {
            "precision": 0.9061302681992337,
            "recall": 0.8386524822695035,
            "f1-score": 0.8710865561694291,
            "support": 564.0
        },
        "30": {
            "precision": 0.6387726638772664,
            "recall": 0.7937608318890814,
            "f1-score": 0.7078825347758887,
            "support": 577.0
        },
        "31": {
            "precision": 0.8236434108527132,
            "recall": 0.9023354564755839,
            "f1-score": 0.8611955420466059,
            "support": 471.0
        },
        "32": {
            "precision": 0.9116945107398569,
            "recall": 0.9305724725943971,
            "f1-score": 0.921036769138035,
            "support": 821.0
        },
        "33": {
            "precision": 0.9142419601837672,
            "recall": 0.908675799086758,
            "f1-score": 0.9114503816793893,
            "support": 657.0
        },
        "34": {
            "precision": 0.9746031746031746,
            "recall": 0.5541516245487365,
            "f1-score": 0.7065592635212888,
            "support": 554.0
        },
        "35": {
            "precision": 0.6513966480446928,
            "recall": 0.9357945425361156,
            "f1-score": 0.7681159420289855,
            "support": 623.0
        },
        "36": {
            "precision": 0.8130841121495327,
            "recall": 0.782608695652174,
            "f1-score": 0.7975553857906799,
            "support": 667.0
        },
        "37": {
            "precision": 0.7268408551068883,
            "recall": 0.9607535321821036,
            "f1-score": 0.8275862068965517,
            "support": 637.0
        },
        "38": {
            "precision": 0.9270664505672609,
            "recall": 0.9828178694158075,
            "f1-score": 0.9541284403669725,
            "support": 582.0
        },
        "39": {
            "precision": 0.8639760837070254,
            "recall": 0.8989113530326595,
            "f1-score": 0.8810975609756098,
            "support": 643.0
        },
        "40": {
            "precision": 0.8663697104677061,
            "recall": 0.6021671826625387,
            "f1-score": 0.7105022831050228,
            "support": 646.0
        },
        "41": {
            "precision": 0.7816265060240963,
            "recall": 0.9719101123595506,
            "f1-score": 0.8664440734557596,