{
    "acc1": 0.7419141914191419,
    "acc5": [
        0.9186285295196186
    ],
    "mean_per_class_recall": 0.7293602118586161,
    "classification_report": {
        "0": {
            "precision": 0.9568221070811744,
            "recall": 0.8949919224555735,
            "f1-score": 0.9248747913188647,
            "support": 619.0
        },
        "1": {
            "precision": 0.8414376321353065,
            "recall": 0.9024943310657596,
            "f1-score": 0.8708971553610503,
            "support": 441.0
        },
        "2": {
            "precision": 0.6628498727735369,
            "recall": 0.7166437414030261,
            "f1-score": 0.6886979510905485,
            "support": 727.0
        },
        "3": {
            "precision": 0.6678507992895204,
            "recall": 0.8191721132897604,
            "f1-score": 0.735812133072407,
            "support": 459.0
        },
        "4": {
            "precision": 0.819672131147541,
            "recall": 0.7954545454545454,
            "f1-score": 0.8073817762399077,
            "support": 440.0
        },
        "5": {
            "precision": 0.9855072463768116,
            "recall": 0.9608695652173913,
            "f1-score": 0.973032471106219,
            "support": 920.0
        },
        "6": {
            "precision": 0.20192307692307693,
            "recall": 0.03853211009174312,
            "f1-score": 0.06471494607087827,
            "support": 545.0
        },
        "7": {
            "precision": 0.3385036496350365,
            "recall": 0.8262806236080178,
            "f1-score": 0.4802588996763754,
            "support": 449.0
        },
        "8": {
            "precision": 0.9060240963855422,
            "recall": 0.9082125603864735,
            "f1-score": 0.9071170084439083,
            "support": 414.0
        },
        "9": {
            "precision": 0.5959183673469388,
            "recall": 0.43452380952380953,
            "f1-score": 0.5025817555938038,
            "support": 336.0
        },
        "10": {
            "precision": 0.756198347107438,
            "recall": 0.8742038216560509,
            "f1-score": 0.810930576070901,
            "support": 628.0
        },
        "11": {
            "precision": 0.9753521126760564,
            "recall": 0.6925,
            "f1-score": 0.8099415204678363,
            "support": 800.0
        },
        "12": {
            "precision": 0.9054726368159204,
            "recall": 0.9612676056338029,
            "f1-score": 0.932536293766012,
            "support": 568.0
        },
        "13": {
            "precision": 0.8590308370044053,
            "recall": 0.935251798561151,
            "f1-score": 0.8955223880597015,
            "support": 417.0
        },
        "14": {
            "precision": 0.7178082191780822,
            "recall": 0.8777219430485762,
            "f1-score": 0.7897513187641296,
            "support": 597.0
        },
        "15": {
            "precision": 0.45454545454545453,
            "recall": 0.012853470437017995,
            "f1-score": 0.025,
            "support": 389.0
        },
        "16": {
            "precision": 0.6274944567627494,
            "recall": 0.5847107438016529,
            "f1-score": 0.6053475935828877,
            "support": 484.0
        },
        "17": {
            "precision": 0.68,
            "recall": 0.4336734693877551,
            "f1-score": 0.5295950155763239,
            "support": 392.0
        },
        "18": {
            "precision": 0.872093023255814,
            "recall": 0.9615384615384616,
            "f1-score": 0.9146341463414634,
            "support": 390.0
        },
        "19": {
            "precision": 0.592948717948718,
            "recall": 0.9135802469135802,
            "f1-score": 0.7191448007774538,
            "support": 405.0
        },
        "20": {
            "precision": 0.8285714285714286,
            "recall": 0.7092391304347826,
            "f1-score": 0.7642752562225475,
            "support": 368.0
        },
        "21": {
            "precision": 0.6439393939393939,
            "recall": 0.38461538461538464,
            "f1-score": 0.48158640226628896,
            "support": 442.0
        },
        "22": {
            "precision": 0.9076517150395779,
            "recall": 0.9112582781456954,
            "f1-score": 0.9094514210178454,
            "support": 755.0
        },
        "23": {
            "precision": 0.2094017094017094,
            "recall": 0.12694300518134716,
            "f1-score": 0.15806451612903225,
            "support": 386.0
        },
        "24": {
            "precision": 0.8938547486033519,
            "recall": 0.78239608801956,
            "f1-score": 0.834419817470665,
            "support": 409.0
        },
        "25": {
            "precision": 0.6509433962264151,
            "recall": 0.5714285714285714,
            "f1-score": 0.6085997794928335,
            "support": 483.0
        },
        "26": {
            "precision": 0.8284389489953632,
            "recall": 0.7859237536656891,
            "f1-score": 0.8066215199398044,
            "support": 682.0
        },
        "27": {
            "precision": 0.7785234899328859,
            "recall": 0.9523809523809523,
            "f1-score": 0.8567208271787297,
            "support": 609.0
        },
        "28": {
            "precision": 0.641914191419142,
            "recall": 0.970074812967581,
            "f1-score": 0.7725918570009931,
            "support": 401.0
        },
        "29": {
            "precision": 0.6480263157894737,
            "recall": 0.6334405144694534,
            "f1-score": 0.640650406504065,
            "support": 622.0
        },
        "30": {
            "precision": 0.6442105263157895,
            "recall": 0.47962382445141066,
            "f1-score": 0.5498652291105122,
            "support": 638.0
        },
        "31": {
            "precision": 0.7746835443037975,
            "recall": 0.5435168738898757,
            "f1-score": 0.6388308977035491,
            "support": 563.0
        },
        "32": {
            "precision": 0.3670745272525028,
            "recall": 0.7366071428571429,
            "f1-score": 0.48997772828507796,
            "support": 448.0
        },
        "33": {
            "precision": 0.7454337899543378,
            "recall": 0.9328571428571428,
            "f1-score": 0.8286802030456852,
            "support": 700.0
        },
        "34": {
            "precision": 0.7517899761336515,
            "recall": 0.8422459893048129,
            "f1-score": 0.7944514501891551,
            "support": 374.0
        },
        "35": {
            "precision": 0.7766599597585513,
            "recall": 0.9278846153846154,
            "f1-score": 0.8455640744797371,
            "support": 416.0
        },
        "36": {
            "precision": 0.892933618843683,
            "recall": 0.8208661417322834,
            "f1-score": 0.8553846153846154,
            "support": 508.0
        },
        "37": {
            "precision": 0.8238897396630934,
            "recall": 0.8608,
            "f1-score": 0.8419405320813772,
            "support": 625.0
        },
        "38": {
            "precision": 0.7254641909814323,
            "recall": 0.968141592920354,
            "f1-score": 0.8294162244124337,
            "support": 565.0
        },
        "39": {
            "precision": 0.8728571428571429,
            "recall": 0.8778735632183908,
            "f1-score": 0.8753581661891118,
            "support": 696.0
        },
        "40": {
            "precision": 0.8092485549132948,
            "recall": 0.3626943005181347,
            "f1-score": 0.5008944543828264,
            "support": 386.0
        },
        "41": {
            "precision": 0.7485714285714286,
            "recall": 0.8821548821548821,
            "f1-score": 0.8098918083462133,
            "support": 594.0
        },