{
    "acc1": 0.7876963255830824,
    "acc5": [
        0.9404403496681055
    ],
    "mean_per_class_recall": 0.774483507110245,
    "classification_report": {
        "0": {
            "precision": 0.4166666666666667,
            "recall": 0.10471204188481675,
            "f1-score": 0.16736401673640167,
            "support": 382.0
        },
        "1": {
            "precision": 0.7135678391959799,
            "recall": 0.4588045234248788,
            "f1-score": 0.5585054080629301,
            "support": 619.0
        },
        "2": {
            "precision": 0.6768149882903981,
            "recall": 0.6689814814814815,
            "f1-score": 0.6728754365541327,
            "support": 432.0
        },
        "3": {
            "precision": 0.9338959212376934,
            "recall": 0.972181551976574,
            "f1-score": 0.9526542324246772,
            "support": 683.0
        },
        "4": {
            "precision": 0.8890410958904109,
            "recall": 0.9544117647058824,
            "f1-score": 0.9205673758865248,
            "support": 680.0
        },
        "5": {
            "precision": 0.754601226993865,
            "recall": 0.2834101382488479,
            "f1-score": 0.4120603015075377,
            "support": 434.0
        },
        "6": {
            "precision": 0.9639175257731959,
            "recall": 0.8883610451306413,
            "f1-score": 0.9245982694684796,
            "support": 421.0
        },
        "7": {
            "precision": 0.16163410301953818,
            "recall": 0.2116279069767442,
            "f1-score": 0.18328298086606243,
            "support": 430.0
        },
        "8": {
            "precision": 0.7424483306836248,
            "recall": 0.9396378269617707,
            "f1-score": 0.8294849023090586,
            "support": 497.0
        },
        "9": {
            "precision": 0.5069252077562327,
            "recall": 0.9581151832460733,
            "f1-score": 0.6630434782608695,
            "support": 382.0
        },
        "10": {
            "precision": 0.9836065573770492,
            "recall": 0.9395973154362416,
            "f1-score": 0.9610983981693364,
            "support": 447.0
        },
        "11": {
            "precision": 0.811088295687885,
            "recall": 0.9587378640776699,
            "f1-score": 0.8787541713014461,
            "support": 412.0
        },
        "12": {
            "precision": 0.7805825242718447,
            "recall": 0.7191413237924866,
            "f1-score": 0.7486033519553073,
            "support": 559.0
        },
        "13": {
            "precision": 0.5719489981785064,
            "recall": 0.7677261613691931,
            "f1-score": 0.6555323590814196,
            "support": 409.0
        },
        "14": {
            "precision": 0.9683794466403162,
            "recall": 0.9386973180076629,
            "f1-score": 0.953307392996109,
            "support": 522.0
        },
        "15": {
            "precision": 0.813780260707635,
            "recall": 0.8018348623853211,
            "f1-score": 0.8077634011090573,
            "support": 545.0
        },
        "16": {
            "precision": 0.7614213197969543,
            "recall": 0.4132231404958678,
            "f1-score": 0.5357142857142857,
            "support": 363.0
        },
        "17": {
            "precision": 0.48494983277591974,
            "recall": 0.7644991212653779,
            "f1-score": 0.5934515688949522,
            "support": 569.0
        },
        "18": {
            "precision": 0.9081364829396326,
            "recall": 0.667953667953668,
            "f1-score": 0.7697441601779755,
            "support": 518.0
        },
        "19": {
            "precision": 0.8272357723577236,
            "recall": 0.8984547461368654,
            "f1-score": 0.8613756613756614,
            "support": 453.0
        },
        "20": {
            "precision": 0.5813586097946287,
            "recall": 0.9316455696202531,
            "f1-score": 0.7159533073929961,
            "support": 395.0
        },
        "21": {
            "precision": 0.8852739726027398,
            "recall": 0.8392857142857143,
            "f1-score": 0.8616666666666667,
            "support": 616.0
        },
        "22": {
            "precision": 0.8495145631067961,
            "recall": 0.9794776119402985,
            "f1-score": 0.9098786828422877,
            "support": 536.0
        },
        "23": {
            "precision": 0.9077340569877883,
            "recall": 0.9752186588921283,
            "f1-score": 0.9402670414617006,
            "support": 686.0
        },
        "24": {
            "precision": 0.7652329749103942,
            "recall": 0.977116704805492,
            "f1-score": 0.8582914572864322,
            "support": 437.0
        },
        "25": {
            "precision": 0.7513736263736264,
            "recall": 0.8363914373088684,
            "f1-score": 0.7916063675832128,
            "support": 654.0
        },
        "26": {
            "precision": 0.9421487603305785,
            "recall": 0.987012987012987,
            "f1-score": 0.9640591966173362,
            "support": 693.0
        },
        "27": {
            "precision": 0.7653478854024557,
            "recall": 0.7923728813559322,
            "f1-score": 0.7786259541984732,
            "support": 708.0
        },
        "28": {
            "precision": 0.6705882352941176,
            "recall": 0.9559748427672956,
            "f1-score": 0.7882454624027658,
            "support": 477.0
        },
        "29": {
            "precision": 0.9254658385093167,
            "recall": 0.7925531914893617,
            "f1-score": 0.8538681948424068,
            "support": 564.0
        },
        "30": {
            "precision": 0.7225913621262459,
            "recall": 0.7538994800693241,
            "f1-score": 0.7379134860050891,
            "support": 577.0
        },
        "31": {
            "precision": 0.8036036036036036,
            "recall": 0.9469214437367304,
            "f1-score": 0.8693957115009746,
            "support": 471.0
        },
        "32": {
            "precision": 0.928136419001218,
            "recall": 0.928136419001218,
            "f1-score": 0.928136419001218,
            "support": 821.0
        },
        "33": {
            "precision": 0.9270664505672609,
            "recall": 0.8706240487062404,
            "f1-score": 0.8979591836734694,
            "support": 657.0
        },
        "34": {
            "precision": 0.9456066945606695,
            "recall": 0.40794223826714804,
            "f1-score": 0.5699873896595208,
            "support": 554.0
        },
        "35": {
            "precision": 0.6882494004796164,
            "recall": 0.9213483146067416,
            "f1-score": 0.787920384351407,
            "support": 623.0
        },
        "36": {
            "precision": 0.8711433756805808,
            "recall": 0.719640179910045,
            "f1-score": 0.7881773399014779,
            "support": 667.0
        },
        "37": {
            "precision": 0.6619718309859155,
            "recall": 0.9591836734693877,
            "f1-score": 0.7833333333333333,
            "support": 637.0
        },
        "38": {
            "precision": 0.9312602291325696,
            "recall": 0.9776632302405498,
            "f1-score": 0.9538977367979883,
            "support": 582.0
        },
        "39": {
            "precision": 0.8357558139534884,
            "recall": 0.8942457231726283,
            "f1-score": 0.8640120210368144,
            "support": 643.0
        },
        "40": {
            "precision": 0.8971428571428571,
            "recall": 0.48606811145510836,
            "f1-score": 0.6305220883534136,
            "support": 646.0
        },
        "41": {
            "precision": 0.8126984126984127,
            "recall": 0.9588014981273408,
            "f1-score": 0.8797250859106529,
            "support": 534.0
        },