{
    "acc1": 0.7798569907196106,
    "acc5": [
        0.9491860642020387
    ],
    "mean_per_class_recall": 0.7756928357918977,
    "classification_report": {
        "0": {
            "precision": 0.890625,
            "recall": 0.8871595330739299,
            "f1-score": 0.8888888888888888,
            "support": 514.0
        },
        "1": {
            "precision": 0.9019607843137255,
            "recall": 0.8380566801619433,
            "f1-score": 0.8688352570828961,
            "support": 494.0
        },
        "2": {
            "precision": 0.9049676025917927,
            "recall": 0.8674948240165632,
            "f1-score": 0.8858350951374208,
            "support": 483.0
        },
        "3": {
            "precision": 0.5137457044673539,
            "recall": 0.4592933947772657,
            "f1-score": 0.48499594484995945,
            "support": 651.0
        },
        "4": {
            "precision": 0.8687782805429864,
            "recall": 0.8520710059171598,
            "f1-score": 0.8603435399551904,
            "support": 676.0
        },
        "5": {
            "precision": 0.43529411764705883,
            "recall": 0.10164835164835165,
            "f1-score": 0.16481069042316257,
            "support": 364.0
        },
        "6": {
            "precision": 0.8136645962732919,
            "recall": 0.9135285913528591,
            "f1-score": 0.8607095926412615,
            "support": 717.0
        },
        "7": {
            "precision": 0.5188442211055276,
            "recall": 0.9627039627039627,
            "f1-score": 0.6742857142857143,
            "support": 429.0
        },
        "8": {
            "precision": 0.7535853976531942,
            "recall": 0.9337641357027464,
            "f1-score": 0.834054834054834,
            "support": 619.0
        },
        "9": {
            "precision": 0.8646209386281588,
            "recall": 0.9247104247104247,
            "f1-score": 0.8936567164179104,
            "support": 518.0
        },
        "10": {
            "precision": 0.9191374663072777,
            "recall": 0.7697516930022573,
            "f1-score": 0.8378378378378378,
            "support": 443.0
        },
        "11": {
            "precision": 0.8067226890756303,
            "recall": 0.41379310344827586,
            "f1-score": 0.5470085470085471,
            "support": 464.0
        },
        "12": {
            "precision": 0.8038793103448276,
            "recall": 0.979002624671916,
            "f1-score": 0.8828402366863906,
            "support": 381.0
        },
        "13": {
            "precision": 0.9583333333333334,
            "recall": 0.8688888888888889,
            "f1-score": 0.9114219114219114,
            "support": 450.0
        },
        "14": {
            "precision": 0.8685939553219448,
            "recall": 0.9456366237482118,
            "f1-score": 0.9054794520547945,
            "support": 699.0
        },
        "15": {
            "precision": 0.6825842696629213,
            "recall": 0.4491682070240296,
            "f1-score": 0.5418060200668896,
            "support": 541.0
        },
        "16": {
            "precision": 0.879746835443038,
            "recall": 0.8580246913580247,
            "f1-score": 0.86875,
            "support": 486.0
        },
        "17": {
            "precision": 0.7181663837011885,
            "recall": 0.863265306122449,
            "f1-score": 0.7840593141797961,
            "support": 490.0
        },
        "18": {
            "precision": 0.6884816753926701,
            "recall": 0.7735294117647059,
            "f1-score": 0.7285318559556787,
            "support": 340.0
        },
        "19": {
            "precision": 0.8455284552845529,
            "recall": 0.9004329004329005,
            "f1-score": 0.8721174004192872,
            "support": 462.0
        },
        "20": {
            "precision": 0.91701244813278,
            "recall": 0.505720823798627,
            "f1-score": 0.6519174041297935,
            "support": 437.0
        },
        "21": {
            "precision": 0.9,
            "recall": 0.6545454545454545,
            "f1-score": 0.7578947368421053,
            "support": 385.0
        },
        "22": {
            "precision": 0.4180451127819549,
            "recall": 0.8249258160237388,
            "f1-score": 0.5548902195608783,
            "support": 337.0
        },
        "23": {
            "precision": 0.8534201954397395,
            "recall": 0.7728613569321534,
            "f1-score": 0.8111455108359134,
            "support": 339.0
        },
        "24": {
            "precision": 0.8118532455315146,
            "recall": 0.9483516483516483,
            "f1-score": 0.8748099341104917,
            "support": 910.0
        },
        "25": {
            "precision": 0.4700460829493088,
            "recall": 0.5930232558139535,
            "f1-score": 0.5244215938303342,
            "support": 516.0
        },
        "26": {
            "precision": 0.9399038461538461,
            "recall": 0.9050925925925926,
            "f1-score": 0.9221698113207547,
            "support": 432.0
        },
        "27": {
            "precision": 0.6838842975206612,
            "recall": 0.8275,
            "f1-score": 0.748868778280543,
            "support": 400.0
        },
        "28": {
            "precision": 0.7446351931330472,
            "recall": 0.9532967032967034,
            "f1-score": 0.8361445783132531,
            "support": 364.0
        },
        "29": {
            "precision": 0.830952380952381,
            "recall": 0.8994845360824743,
            "f1-score": 0.8638613861386139,
            "support": 388.0
        },
        "30": {
            "precision": 0.8278145695364238,
            "recall": 0.4488330341113106,
            "f1-score": 0.5820721769499418,
            "support": 557.0
        },
        "31": {
            "precision": 0.8946428571428572,
            "recall": 0.9579349904397706,
            "f1-score": 0.925207756232687,
            "support": 523.0
        },
        "32": {
            "precision": 0.8407643312101911,
            "recall": 0.8098159509202454,
            "f1-score": 0.825,
            "support": 652.0
        },
        "33": {
            "precision": 0.7114093959731543,
            "recall": 0.9034090909090909,
            "f1-score": 0.7959949937421777,
            "support": 352.0
        },
        "34": {
            "precision": 0.7206303724928367,
            "recall": 0.76793893129771,
            "f1-score": 0.7435328898743533,
            "support": 655.0
        },
        "35": {
            "precision": 0.9002849002849003,
            "recall": 0.6597077244258872,
            "f1-score": 0.7614457831325301,
            "support": 479.0
        },
        "36": {
            "precision": 0.953083109919571,
            "recall": 0.864963503649635,
            "f1-score": 0.9068877551020408,
            "support": 822.0
        },
        "37": {
            "precision": 0.8706199460916442,
            "recall": 0.8753387533875339,
            "f1-score": 0.8729729729729729,
            "support": 738.0
        },
        "38": {
            "precision": 0.9453717754172989,
            "recall": 0.8652777777777778,
            "f1-score": 0.9035532994923858,
            "support": 720.0
        },
        "39": {
            "precision": 0.6597812879708383,
            "recall": 0.753120665742025,
            "f1-score": 0.7033678756476683,
            "support": 721.0
        },
        "40": {
            "precision": 0.8520833333333333,
            "recall": 0.7125435540069687,
            "f1-score": 0.7760910815939279,
            "support": 574.0
        },
        "41": {
            "precision": 0.9221476510067114,
            "recall": 0.8807692307692307,
            "f1-score": 0.9009836065573771,
            "support": 780.0
        },
        "42": {
            "precision": 0.6447058823529411,