{
    "acc1": 0.7738539238539238,
    "acc5": [
        0.9601010101010101
    ],
    "mean_per_class_recall": 0.7659846501935047,
    "classification_report": {
        "0": {
            "precision": 0.575139146567718,
            "recall": 0.7948717948717948,
            "f1-score": 0.667384284176534,
            "support": 390.0
        },
        "1": {
            "precision": 0.8984198645598194,
            "recall": 0.6482084690553745,
            "f1-score": 0.7530747398297067,
            "support": 614.0
        },
        "2": {
            "precision": 0.7091906721536351,
            "recall": 0.9070175438596492,
            "f1-score": 0.7959969207082371,
            "support": 570.0
        },
        "3": {
            "precision": 0.8754940711462451,
            "recall": 0.9068577277379734,
            "f1-score": 0.8908999497234792,
            "support": 977.0
        },
        "4": {
            "precision": 0.8736383442265795,
            "recall": 0.8793859649122807,
            "f1-score": 0.8765027322404372,
            "support": 456.0
        },
        "5": {
            "precision": 0.8065934065934066,
            "recall": 0.650709219858156,
            "f1-score": 0.7203140333660452,
            "support": 564.0
        },
        "6": {
            "precision": 0.8154859967051071,
            "recall": 0.8347386172006745,
            "f1-score": 0.825,
            "support": 593.0
        },
        "7": {
            "precision": 0.6002109704641351,
            "recall": 0.8404726735598228,
            "f1-score": 0.7003076923076923,
            "support": 677.0
        },
        "8": {
            "precision": 0.5067873303167421,
            "recall": 0.2751842751842752,
            "f1-score": 0.35668789808917195,
            "support": 407.0
        },
        "9": {
            "precision": 0.7855626326963907,
            "recall": 0.835214446952596,
            "f1-score": 0.8096280087527352,
            "support": 443.0
        },
        "10": {
            "precision": 0.75,
            "recall": 0.6382978723404256,
            "f1-score": 0.6896551724137931,
            "support": 517.0
        },
        "11": {
            "precision": 0.872865275142315,
            "recall": 0.968421052631579,
            "f1-score": 0.9181636726546906,
            "support": 475.0
        },
        "12": {
            "precision": 0.8229665071770335,
            "recall": 0.4398976982097187,
            "f1-score": 0.5733333333333334,
            "support": 391.0
        },
        "13": {
            "precision": 0.768642447418738,
            "recall": 0.8933333333333333,
            "f1-score": 0.8263103802672148,
            "support": 450.0
        },
        "14": {
            "precision": 0.9446428571428571,
            "recall": 0.9724264705882353,
            "f1-score": 0.9583333333333334,
            "support": 544.0
        },
        "15": {
            "precision": 0.8673469387755102,
            "recall": 0.9299781181619255,
            "f1-score": 0.8975712777191129,
            "support": 457.0
        },
        "16": {
            "precision": 0.8573529411764705,
            "recall": 0.9388083735909822,
            "f1-score": 0.8962336664104535,
            "support": 621.0
        },
        "17": {
            "precision": 0.9138513513513513,
            "recall": 0.9016666666666666,
            "f1-score": 0.9077181208053692,
            "support": 600.0
        },
        "18": {
            "precision": 0.8738229755178908,
            "recall": 0.8957528957528957,
            "f1-score": 0.8846520495710201,
            "support": 518.0
        },
        "19": {
            "precision": 0.8867469879518072,
            "recall": 0.6802218114602587,
            "f1-score": 0.7698744769874477,
            "support": 541.0
        },
        "20": {
            "precision": 0.7865546218487395,
            "recall": 0.8297872340425532,
            "f1-score": 0.8075927523727351,
            "support": 564.0
        },
        "21": {
            "precision": 0.8528428093645485,
            "recall": 0.6521739130434783,
            "f1-score": 0.7391304347826086,
            "support": 391.0
        },
        "22": {
            "precision": 0.8894736842105263,
            "recall": 0.5029761904761905,
            "f1-score": 0.6425855513307985,
            "support": 672.0
        },
        "23": {
            "precision": 0.73568281938326,
            "recall": 0.8370927318295739,
            "f1-score": 0.7831184056271981,
            "support": 399.0
        },
        "24": {
            "precision": 0.7687776141384389,
            "recall": 0.9560439560439561,
            "f1-score": 0.8522448979591837,
            "support": 546.0
        },
        "25": {
            "precision": 0.8525469168900804,
            "recall": 0.9085714285714286,
            "f1-score": 0.8796680497925311,
            "support": 350.0
        },
        "26": {
            "precision": 0.8487712665406427,
            "recall": 0.9760869565217392,
            "f1-score": 0.9079878665318504,
            "support": 460.0
        },
        "27": {
            "precision": 0.9863013698630136,
            "recall": 0.38145695364238413,
            "f1-score": 0.5501432664756447,
            "support": 755.0
        },
        "28": {
            "precision": 0.9417613636363636,
            "recall": 0.9764359351988218,
            "f1-score": 0.9587852494577006,
            "support": 679.0
        },
        "29": {
            "precision": 0.787292817679558,
            "recall": 0.525830258302583,
            "f1-score": 0.6305309734513275,
            "support": 542.0
        },
        "30": {
            "precision": 0.8731942215088283,
            "recall": 0.8580441640378549,
            "f1-score": 0.8655529037390612,
            "support": 634.0
        },
        "31": {
            "precision": 0.8786610878661087,
            "recall": 0.7706422018348624,
            "f1-score": 0.8211143695014663,
            "support": 545.0
        },
        "32": {
            "precision": 0.9185667752442996,
            "recall": 0.8995215311004785,
            "f1-score": 0.9089443996776793,
            "support": 627.0
        },
        "33": {
            "precision": 0.9331683168316832,
            "recall": 0.8055555555555556,
            "f1-score": 0.8646788990825688,
            "support": 468.0
        },
        "34": {
            "precision": 0.65625,
            "recall": 0.5454545454545454,
            "f1-score": 0.5957446808510638,
            "support": 385.0
        },
        "35": {
            "precision": 0.5932584269662922,
            "recall": 0.6910994764397905,
            "f1-score": 0.6384522370012092,
            "support": 382.0
        },
        "36": {
            "precision": 0.8070588235294117,
            "recall": 0.7760180995475113,
            "f1-score": 0.7912341407151096,
            "support": 442.0
        },
        "37": {
            "precision": 0.7528735632183908,
            "recall": 0.3089622641509434,
            "f1-score": 0.43812709030100333,
            "support": 424.0
        },
        "38": {
            "precision": 0.5167037861915368,
            "recall": 0.7295597484276729,
            "f1-score": 0.6049543676662321,
            "support": 318.0
        },
        "39": {
            "precision": 0.7318435754189944,
            "recall": 0.5995423340961098,
            "f1-score": 0.6591194968553459,
            "support": 437.0
        },
        "40": {
            "precision": 0.8827160493827161,
            "recall": 0.8125,
            "f1-score": 0.8461538461538461,
            "support": 528.0
        },
        "41": {
            "precision": 0.916030534351145,
            "recall": 0.8836524300441826,
            "f1-score": 0.8995502248875562,
            "support": 679.0
        },