{
    "acc1": 0.7282361569490282,
    "acc5": [
        0.9080674734140081
    ],
    "mean_per_class_recall": 0.7304942311247495,
    "classification_report": {
        "0": {
            "precision": 0.9690189328743546,
            "recall": 0.9095315024232633,
            "f1-score": 0.9383333333333334,
            "support": 619.0
        },
        "1": {
            "precision": 0.8617021276595744,
            "recall": 0.9183673469387755,
            "f1-score": 0.889132821075741,
            "support": 441.0
        },
        "2": {
            "precision": 0.9427402862985685,
            "recall": 0.6341127922971114,
            "f1-score": 0.7582236842105263,
            "support": 727.0
        },
        "3": {
            "precision": 0.7784552845528455,
            "recall": 0.8344226579520697,
            "f1-score": 0.8054679284963197,
            "support": 459.0
        },
        "4": {
            "precision": 0.75,
            "recall": 0.865909090909091,
            "f1-score": 0.8037974683544303,
            "support": 440.0
        },
        "5": {
            "precision": 0.9955207166853304,
            "recall": 0.966304347826087,
            "f1-score": 0.9806949806949807,
            "support": 920.0
        },
        "6": {
            "precision": 0.6540284360189573,
            "recall": 0.25321100917431194,
            "f1-score": 0.36507936507936506,
            "support": 545.0
        },
        "7": {
            "precision": 0.4813753581661891,
            "recall": 0.7483296213808464,
            "f1-score": 0.5858761987794245,
            "support": 449.0
        },
        "8": {
            "precision": 0.8450106157112527,
            "recall": 0.961352657004831,
            "f1-score": 0.8994350282485876,
            "support": 414.0
        },
        "9": {
            "precision": 0.28401360544217685,
            "recall": 0.49702380952380953,
            "f1-score": 0.36147186147186144,
            "support": 336.0
        },
        "10": {
            "precision": 0.7438136826783115,
            "recall": 0.8136942675159236,
            "f1-score": 0.7771863117870722,
            "support": 628.0
        },
        "11": {
            "precision": 0.9620034542314335,
            "recall": 0.69625,
            "f1-score": 0.807831762146483,
            "support": 800.0
        },
        "12": {
            "precision": 0.9332191780821918,
            "recall": 0.9595070422535211,
            "f1-score": 0.9461805555555556,
            "support": 568.0
        },
        "13": {
            "precision": 0.6564516129032258,
            "recall": 0.9760191846522782,
            "f1-score": 0.7849566055930569,
            "support": 417.0
        },
        "14": {
            "precision": 0.7127516778523489,
            "recall": 0.8894472361809045,
            "f1-score": 0.7913561847988078,
            "support": 597.0
        },
        "15": {
            "precision": 0.7083333333333334,
            "recall": 0.08740359897172237,
            "f1-score": 0.15560640732265446,
            "support": 389.0
        },
        "16": {
            "precision": 0.7936962750716332,
            "recall": 0.5723140495867769,
            "f1-score": 0.6650660264105642,
            "support": 484.0
        },
        "17": {
            "precision": 0.7965367965367965,
            "recall": 0.46938775510204084,
            "f1-score": 0.5906902086677368,
            "support": 392.0
        },
        "18": {
            "precision": 0.8526077097505669,
            "recall": 0.9641025641025641,
            "f1-score": 0.9049338146811071,
            "support": 390.0
        },
        "19": {
            "precision": 0.6625659050966608,
            "recall": 0.9308641975308642,
            "f1-score": 0.7741273100616016,
            "support": 405.0
        },
        "20": {
            "precision": 0.7513661202185792,
            "recall": 0.7472826086956522,
            "f1-score": 0.7493188010899182,
            "support": 368.0
        },
        "21": {
            "precision": 0.8255813953488372,
            "recall": 0.16063348416289594,
            "f1-score": 0.2689393939393939,
            "support": 442.0
        },
        "22": {
            "precision": 0.9689922480620154,
            "recall": 0.8278145695364238,
            "f1-score": 0.8928571428571429,
            "support": 755.0
        },
        "23": {
            "precision": 0.4430769230769231,
            "recall": 0.37305699481865284,
            "f1-score": 0.4050632911392405,
            "support": 386.0
        },
        "24": {
            "precision": 0.9497041420118343,
            "recall": 0.784841075794621,
            "f1-score": 0.8594377510040161,
            "support": 409.0
        },
        "25": {
            "precision": 0.5282758620689655,
            "recall": 0.7929606625258799,
            "f1-score": 0.6341059602649006,
            "support": 483.0
        },
        "26": {
            "precision": 0.8344827586206897,
            "recall": 0.7096774193548387,
            "f1-score": 0.7670364500792393,
            "support": 682.0
        },
        "27": {
            "precision": 0.8631578947368421,
            "recall": 0.9425287356321839,
            "f1-score": 0.9010989010989011,
            "support": 609.0
        },
        "28": {
            "precision": 0.6822107081174439,
            "recall": 0.9850374064837906,
            "f1-score": 0.8061224489795918,
            "support": 401.0
        },
        "29": {
            "precision": 0.4964788732394366,
            "recall": 0.9067524115755627,
            "f1-score": 0.6416382252559727,
            "support": 622.0
        },
        "30": {
            "precision": 0.7080536912751678,
            "recall": 0.33072100313479624,
            "f1-score": 0.45085470085470086,
            "support": 638.0
        },
        "31": {
            "precision": 0.7345132743362832,
            "recall": 0.14742451154529307,
            "f1-score": 0.2455621301775148,
            "support": 563.0
        },
        "32": {
            "precision": 0.6912114014251781,
            "recall": 0.6495535714285714,
            "f1-score": 0.669735327963176,
            "support": 448.0
        },
        "33": {
            "precision": 0.8175,
            "recall": 0.9342857142857143,
            "f1-score": 0.872,
            "support": 700.0
        },
        "34": {
            "precision": 0.8350785340314136,
            "recall": 0.8529411764705882,
            "f1-score": 0.843915343915344,
            "support": 374.0
        },
        "35": {
            "precision": 0.7231329690346083,
            "recall": 0.9543269230769231,
            "f1-score": 0.8227979274611399,
            "support": 416.0
        },
        "36": {
            "precision": 0.9272300469483568,
            "recall": 0.7775590551181102,
            "f1-score": 0.8458244111349036,
            "support": 508.0
        },
        "37": {
            "precision": 0.4459338695263628,
            "recall": 0.7984,
            "f1-score": 0.5722477064220184,
            "support": 625.0
        },
        "38": {
            "precision": 0.8173652694610778,
            "recall": 0.9663716814159292,
            "f1-score": 0.8856447688564477,
            "support": 565.0
        },
        "39": {
            "precision": 0.747072599531616,
            "recall": 0.9166666666666666,
            "f1-score": 0.8232258064516129,
            "support": 696.0
        },
        "40": {
            "precision": 0.8134715025906736,
            "recall": 0.4067357512953368,
            "f1-score": 0.542314335060449,
            "support": 386.0
        },
        "41": {
            "precision": 0.7198391420911529,
            "recall": 0.9040404040404041,
            "f1-score": 0.8014925373134328,
            "support": 594.0
        },