{
    "acc1": 0.7802641802641803,
    "acc5": [
        0.9611111111111111
    ],
    "mean_per_class_recall": 0.7757158078007436,
    "classification_report": {
        "0": {
            "precision": 0.5499124343257443,
            "recall": 0.8051282051282052,
            "f1-score": 0.6534859521331946,
            "support": 390.0
        },
        "1": {
            "precision": 0.8551307847082495,
            "recall": 0.6921824104234527,
            "f1-score": 0.7650765076507651,
            "support": 614.0
        },
        "2": {
            "precision": 0.7561683599419449,
            "recall": 0.9140350877192982,
            "f1-score": 0.8276409849086577,
            "support": 570.0
        },
        "3": {
            "precision": 0.881207400194742,
            "recall": 0.9263050153531218,
            "f1-score": 0.9031936127744511,
            "support": 977.0
        },
        "4": {
            "precision": 0.8826086956521739,
            "recall": 0.8903508771929824,
            "f1-score": 0.8864628820960698,
            "support": 456.0
        },
        "5": {
            "precision": 0.8173076923076923,
            "recall": 0.6028368794326241,
            "f1-score": 0.6938775510204082,
            "support": 564.0
        },
        "6": {
            "precision": 0.84375,
            "recall": 0.8195615514333895,
            "f1-score": 0.8314798973481609,
            "support": 593.0
        },
        "7": {
            "precision": 0.5985090521831736,
            "recall": 0.8301329394387001,
            "f1-score": 0.6955445544554455,
            "support": 677.0
        },
        "8": {
            "precision": 0.5,
            "recall": 0.343980343980344,
            "f1-score": 0.40756914119359533,
            "support": 407.0
        },
        "9": {
            "precision": 0.7514563106796116,
            "recall": 0.873589164785553,
            "f1-score": 0.8079331941544885,
            "support": 443.0
        },
        "10": {
            "precision": 0.8082191780821918,
            "recall": 0.5705996131528046,
            "f1-score": 0.6689342403628118,
            "support": 517.0
        },
        "11": {
            "precision": 0.9094488188976378,
            "recall": 0.9726315789473684,
            "f1-score": 0.9399796541200407,
            "support": 475.0
        },
        "12": {
            "precision": 0.7978436657681941,
            "recall": 0.7570332480818415,
            "f1-score": 0.7769028871391076,
            "support": 391.0
        },
        "13": {
            "precision": 0.7560521415270018,
            "recall": 0.9022222222222223,
            "f1-score": 0.8226950354609929,
            "support": 450.0
        },
        "14": {
            "precision": 0.9303135888501742,
            "recall": 0.9816176470588235,
            "f1-score": 0.9552772808586762,
            "support": 544.0
        },
        "15": {
            "precision": 0.8666666666666667,
            "recall": 0.9387308533916849,
            "f1-score": 0.9012605042016807,
            "support": 457.0
        },
        "16": {
            "precision": 0.8641063515509602,
            "recall": 0.9420289855072463,
            "f1-score": 0.901386748844376,
            "support": 621.0
        },
        "17": {
            "precision": 0.9217687074829932,
            "recall": 0.9033333333333333,
            "f1-score": 0.9124579124579124,
            "support": 600.0
        },
        "18": {
            "precision": 0.8574007220216606,
            "recall": 0.916988416988417,
            "f1-score": 0.8861940298507462,
            "support": 518.0
        },
        "19": {
            "precision": 0.8979057591623036,
            "recall": 0.634011090573013,
            "f1-score": 0.7432286023835319,
            "support": 541.0
        },
        "20": {
            "precision": 0.8292682926829268,
            "recall": 0.8439716312056738,
            "f1-score": 0.836555360281195,
            "support": 564.0
        },
        "21": {
            "precision": 0.8116883116883117,
            "recall": 0.639386189258312,
            "f1-score": 0.7153075822603719,
            "support": 391.0
        },
        "22": {
            "precision": 0.8725961538461539,
            "recall": 0.5401785714285714,
            "f1-score": 0.6672794117647058,
            "support": 672.0
        },
        "23": {
            "precision": 0.7839195979899497,
            "recall": 0.7819548872180451,
            "f1-score": 0.7829360100376411,
            "support": 399.0
        },
        "24": {
            "precision": 0.8109375,
            "recall": 0.9505494505494505,
            "f1-score": 0.8752107925801011,
            "support": 546.0
        },
        "25": {
            "precision": 0.8058252427184466,
            "recall": 0.9485714285714286,
            "f1-score": 0.8713910761154856,
            "support": 350.0
        },
        "26": {
            "precision": 0.8701550387596899,
            "recall": 0.9760869565217392,
            "f1-score": 0.9200819672131147,
            "support": 460.0
        },
        "27": {
            "precision": 0.9757281553398058,
            "recall": 0.2662251655629139,
            "f1-score": 0.4183142559833507,
            "support": 755.0
        },
        "28": {
            "precision": 0.9472182596291013,
            "recall": 0.9779086892488954,
            "f1-score": 0.9623188405797102,
            "support": 679.0
        },
        "29": {
            "precision": 0.7891891891891892,
            "recall": 0.5387453874538746,
            "f1-score": 0.6403508771929824,
            "support": 542.0
        },
        "30": {
            "precision": 0.8876033057851239,
            "recall": 0.8470031545741324,
            "f1-score": 0.8668280871670703,
            "support": 634.0
        },
        "31": {
            "precision": 0.8868686868686869,
            "recall": 0.8055045871559633,
            "f1-score": 0.8442307692307692,
            "support": 545.0
        },
        "32": {
            "precision": 0.9166666666666666,
            "recall": 0.8947368421052632,
            "f1-score": 0.9055690072639225,
            "support": 627.0
        },
        "33": {
            "precision": 0.9203747072599532,
            "recall": 0.8397435897435898,
            "f1-score": 0.8782122905027933,
            "support": 468.0
        },
        "34": {
            "precision": 0.7380073800738007,
            "recall": 0.5194805194805194,
            "f1-score": 0.6097560975609756,
            "support": 385.0
        },
        "35": {
            "precision": 0.6274038461538461,
            "recall": 0.6832460732984293,
            "f1-score": 0.6541353383458647,
            "support": 382.0
        },
        "36": {
            "precision": 0.7909319899244333,
            "recall": 0.7104072398190046,
            "f1-score": 0.7485101311084624,
            "support": 442.0
        },
        "37": {
            "precision": 0.7587719298245614,
            "recall": 0.4080188679245283,
            "f1-score": 0.5306748466257669,
            "support": 424.0
        },
        "38": {
            "precision": 0.5213483146067416,
            "recall": 0.7295597484276729,
            "f1-score": 0.6081258191349934,
            "support": 318.0
        },
        "39": {
            "precision": 0.7446153846153846,
            "recall": 0.5537757437070938,
            "f1-score": 0.6351706036745407,
            "support": 437.0
        },
        "40": {
            "precision": 0.8693069306930693,
            "recall": 0.8314393939393939,
            "f1-score": 0.8499515972894482,
            "support": 528.0
        },
        "41": {
            "precision": 0.925531914893617,
            "recall": 0.8969072164948454,
            "f1-score": 0.9109947643979057,
            "support": 679.0
        },