{
    "acc1": 0.6827552107104823,
    "acc5": [
        0.9113038186520614
    ],
    "mean_per_class_recall": 0.6773119892211671,
    "classification_report": {
        "0": {
            "precision": 0.8886597938144329,
            "recall": 0.8385214007782101,
            "f1-score": 0.8628628628628628,
            "support": 514.0
        },
        "1": {
            "precision": 0.8729729729729729,
            "recall": 0.6538461538461539,
            "f1-score": 0.7476851851851852,
            "support": 494.0
        },
        "2": {
            "precision": 0.8912466843501327,
            "recall": 0.6956521739130435,
            "f1-score": 0.7813953488372093,
            "support": 483.0
        },
        "3": {
            "precision": 0.42105263157894735,
            "recall": 0.06144393241167435,
            "f1-score": 0.10723860589812333,
            "support": 651.0
        },
        "4": {
            "precision": 0.8072072072072072,
            "recall": 0.6627218934911243,
            "f1-score": 0.7278635255889521,
            "support": 676.0
        },
        "5": {
            "precision": 0.2388888888888889,
            "recall": 0.11813186813186813,
            "f1-score": 0.15808823529411764,
            "support": 364.0
        },
        "6": {
            "precision": 0.847769028871391,
            "recall": 0.900976290097629,
            "f1-score": 0.8735632183908046,
            "support": 717.0
        },
        "7": {
            "precision": 0.5685714285714286,
            "recall": 0.9277389277389277,
            "f1-score": 0.7050487156775908,
            "support": 429.0
        },
        "8": {
            "precision": 0.6354625550660793,
            "recall": 0.9321486268174475,
            "f1-score": 0.7557301899148657,
            "support": 619.0
        },
        "9": {
            "precision": 0.9123867069486404,
            "recall": 0.583011583011583,
            "f1-score": 0.7114252061248527,
            "support": 518.0
        },
        "10": {
            "precision": 0.9545454545454546,
            "recall": 0.28442437923250563,
            "f1-score": 0.43826086956521737,
            "support": 443.0
        },
        "11": {
            "precision": 0.5544554455445545,
            "recall": 0.4827586206896552,
            "f1-score": 0.5161290322580645,
            "support": 464.0
        },
        "12": {
            "precision": 0.6921641791044776,
            "recall": 0.973753280839895,
            "f1-score": 0.8091603053435115,
            "support": 381.0
        },
        "13": {
            "precision": 0.9037974683544304,
            "recall": 0.7933333333333333,
            "f1-score": 0.8449704142011835,
            "support": 450.0
        },
        "14": {
            "precision": 0.5011219147344802,
            "recall": 0.9585121602288984,
            "f1-score": 0.6581532416502947,
            "support": 699.0
        },
        "15": {
            "precision": 0.49800796812749004,
            "recall": 0.46210720887245843,
            "f1-score": 0.4793863854266539,
            "support": 541.0
        },
        "16": {
            "precision": 0.8967136150234741,
            "recall": 0.7860082304526749,
            "f1-score": 0.8377192982456141,
            "support": 486.0
        },
        "17": {
            "precision": 0.7490774907749077,
            "recall": 0.8285714285714286,
            "f1-score": 0.7868217054263565,
            "support": 490.0
        },
        "18": {
            "precision": 0.710455764075067,
            "recall": 0.7794117647058824,
            "f1-score": 0.7433380084151473,
            "support": 340.0
        },
        "19": {
            "precision": 0.6786389413988658,
            "recall": 0.7770562770562771,
            "f1-score": 0.7245206861755802,
            "support": 462.0
        },
        "20": {
            "precision": 0.9497206703910615,
            "recall": 0.7780320366132724,
            "f1-score": 0.8553459119496856,
            "support": 437.0
        },
        "21": {
            "precision": 0.5407239819004525,
            "recall": 0.6207792207792208,
            "f1-score": 0.5779927448609432,
            "support": 385.0
        },
        "22": {
            "precision": 0.3264367816091954,
            "recall": 0.42136498516320475,
            "f1-score": 0.36787564766839376,
            "support": 337.0
        },
        "23": {
            "precision": 0.7446808510638298,
            "recall": 0.7227138643067846,
            "f1-score": 0.7335329341317365,
            "support": 339.0
        },
        "24": {
            "precision": 0.7238805970149254,
            "recall": 0.8527472527472527,
            "f1-score": 0.7830474268415741,
            "support": 910.0
        },
        "25": {
            "precision": 0.3073170731707317,
            "recall": 0.2441860465116279,
            "f1-score": 0.27213822894168466,
            "support": 516.0
        },
        "26": {
            "precision": 0.47619047619047616,
            "recall": 0.09259259259259259,
            "f1-score": 0.15503875968992248,
            "support": 432.0
        },
        "27": {
            "precision": 0.7279411764705882,
            "recall": 0.7425,
            "f1-score": 0.7351485148514851,
            "support": 400.0
        },
        "28": {
            "precision": 0.7008196721311475,
            "recall": 0.9395604395604396,
            "f1-score": 0.8028169014084507,
            "support": 364.0
        },
        "29": {
            "precision": 0.9127725856697819,
            "recall": 0.7551546391752577,
            "f1-score": 0.8265162200282088,
            "support": 388.0
        },
        "30": {
            "precision": 0.8151447661469933,
            "recall": 0.6570915619389587,
            "f1-score": 0.7276341948310139,
            "support": 557.0
        },
        "31": {
            "precision": 0.6586666666666666,
            "recall": 0.9445506692160612,
            "f1-score": 0.7761194029850746,
            "support": 523.0
        },
        "32": {
            "precision": 0.75920245398773,
            "recall": 0.75920245398773,
            "f1-score": 0.75920245398773,
            "support": 652.0
        },
        "33": {
            "precision": 0.7268408551068883,
            "recall": 0.8693181818181818,
            "f1-score": 0.7917205692108668,
            "support": 352.0
        },
        "34": {
            "precision": 0.532,
            "recall": 0.8122137404580153,
            "f1-score": 0.6429003021148036,
            "support": 655.0
        },
        "35": {
            "precision": 0.8787878787878788,
            "recall": 0.42379958246346555,
            "f1-score": 0.571830985915493,
            "support": 479.0
        },
        "36": {
            "precision": 0.8652912621359223,
            "recall": 0.8673965936739659,
            "f1-score": 0.8663426488456865,
            "support": 822.0
        },
        "37": {
            "precision": 0.8066666666666666,
            "recall": 0.8197831978319783,
            "f1-score": 0.8131720430107527,
            "support": 738.0
        },
        "38": {
            "precision": 0.8398692810457516,
            "recall": 0.7138888888888889,
            "f1-score": 0.7717717717717718,
            "support": 720.0
        },
        "39": {
            "precision": 0.4021164021164021,
            "recall": 0.6324549237170597,
            "f1-score": 0.49164420485175203,
            "support": 721.0
        },
        "40": {
            "precision": 0.6753022452504318,
            "recall": 0.681184668989547,
            "f1-score": 0.6782307025151778,
            "support": 574.0
        },
        "41": {
            "precision": 0.8861607142857143,
            "recall": 0.5089743589743589,
            "f1-score": 0.6465798045602605,
            "support": 780.0
        },