{
    "acc1": 0.8051434582320722,
    "acc5": [
        0.954514128187457
    ],
    "mean_per_class_recall": 0.7941119897667042,
    "classification_report": {
        "0": {
            "precision": 0.6014492753623188,
            "recall": 0.21727748691099477,
            "f1-score": 0.3192307692307692,
            "support": 382.0
        },
        "1": {
            "precision": 0.8653061224489796,
            "recall": 0.34248788368336025,
            "f1-score": 0.49074074074074076,
            "support": 619.0
        },
        "2": {
            "precision": 0.6435452793834296,
            "recall": 0.7731481481481481,
            "f1-score": 0.7024185068349106,
            "support": 432.0
        },
        "3": {
            "precision": 0.9190672153635117,
            "recall": 0.9809663250366032,
            "f1-score": 0.9490084985835694,
            "support": 683.0
        },
        "4": {
            "precision": 0.8708388814913449,
            "recall": 0.961764705882353,
            "f1-score": 0.9140461215932913,
            "support": 680.0
        },
        "5": {
            "precision": 0.9466666666666667,
            "recall": 0.3271889400921659,
            "f1-score": 0.4863013698630137,
            "support": 434.0
        },
        "6": {
            "precision": 0.9304556354916067,
            "recall": 0.9216152019002375,
            "f1-score": 0.9260143198090692,
            "support": 421.0
        },
        "7": {
            "precision": 0.26744186046511625,
            "recall": 0.10697674418604651,
            "f1-score": 0.15282392026578073,
            "support": 430.0
        },
        "8": {
            "precision": 0.8671586715867159,
            "recall": 0.9456740442655935,
            "f1-score": 0.904716073147257,
            "support": 497.0
        },
        "9": {
            "precision": 0.4849673202614379,
            "recall": 0.9712041884816754,
            "f1-score": 0.6469049694856146,
            "support": 382.0
        },
        "10": {
            "precision": 0.9858490566037735,
            "recall": 0.9351230425055929,
            "f1-score": 0.9598163030998852,
            "support": 447.0
        },
        "11": {
            "precision": 0.8547008547008547,
            "recall": 0.970873786407767,
            "f1-score": 0.9090909090909091,
            "support": 412.0
        },
        "12": {
            "precision": 0.9018087855297158,
            "recall": 0.6243291592128801,
            "f1-score": 0.7378435517970402,
            "support": 559.0
        },
        "13": {
            "precision": 0.6382113821138211,
            "recall": 0.7677261613691931,
            "f1-score": 0.6970033296337403,
            "support": 409.0
        },
        "14": {
            "precision": 0.974609375,
            "recall": 0.9559386973180076,
            "f1-score": 0.965183752417795,
            "support": 522.0
        },
        "15": {
            "precision": 0.8352059925093633,
            "recall": 0.818348623853211,
            "f1-score": 0.8266913809082483,
            "support": 545.0
        },
        "16": {
            "precision": 0.7482014388489209,
            "recall": 0.5730027548209367,
            "f1-score": 0.6489859594383776,
            "support": 363.0
        },
        "17": {
            "precision": 0.46061814556331004,
            "recall": 0.81195079086116,
            "f1-score": 0.5877862595419847,
            "support": 569.0
        },
        "18": {
            "precision": 0.8326612903225806,
            "recall": 0.7972972972972973,
            "f1-score": 0.814595660749507,
            "support": 518.0
        },
        "19": {
            "precision": 0.8135245901639344,
            "recall": 0.8763796909492274,
            "f1-score": 0.8437832093517534,
            "support": 453.0
        },
        "20": {
            "precision": 0.6172006745362564,
            "recall": 0.9265822784810127,
            "f1-score": 0.7408906882591093,
            "support": 395.0
        },
        "21": {
            "precision": 0.8828671328671329,
            "recall": 0.8198051948051948,
            "f1-score": 0.8501683501683501,
            "support": 616.0
        },
        "22": {
            "precision": 0.7990936555891238,
            "recall": 0.9869402985074627,
            "f1-score": 0.8831385642737897,
            "support": 536.0
        },
        "23": {
            "precision": 0.8953020134228188,
            "recall": 0.9723032069970845,
            "f1-score": 0.9322152341020266,
            "support": 686.0
        },
        "24": {
            "precision": 0.801125703564728,
            "recall": 0.977116704805492,
            "f1-score": 0.8804123711340206,
            "support": 437.0
        },
        "25": {
            "precision": 0.8070444104134763,
            "recall": 0.8058103975535168,
            "f1-score": 0.8064269319051263,
            "support": 654.0
        },
        "26": {
            "precision": 0.9472954230235784,
            "recall": 0.9855699855699855,
            "f1-score": 0.9660537482319661,
            "support": 693.0
        },
        "27": {
            "precision": 0.794074074074074,
            "recall": 0.7570621468926554,
            "f1-score": 0.7751265365148229,
            "support": 708.0
        },
        "28": {
            "precision": 0.7120500782472613,
            "recall": 0.9538784067085954,
            "f1-score": 0.8154121863799283,
            "support": 477.0
        },
        "29": {
            "precision": 0.9080234833659491,
            "recall": 0.8226950354609929,
            "f1-score": 0.8632558139534884,
            "support": 564.0
        },
        "30": {
            "precision": 0.649584487534626,
            "recall": 0.8128249566724437,
            "f1-score": 0.7220939183987682,
            "support": 577.0
        },
        "31": {
            "precision": 0.8187022900763359,
            "recall": 0.910828025477707,
            "f1-score": 0.8623115577889447,
            "support": 471.0
        },
        "32": {
            "precision": 0.9183431952662722,
            "recall": 0.9451887941534713,
            "f1-score": 0.9315726290516206,
            "support": 821.0
        },
        "33": {
            "precision": 0.9286821705426357,
            "recall": 0.9117199391171994,
            "f1-score": 0.9201228878648233,
            "support": 657.0
        },
        "34": {
            "precision": 0.9794238683127572,
            "recall": 0.4296028880866426,
            "f1-score": 0.5972396486825596,
            "support": 554.0
        },
        "35": {
            "precision": 0.6847697756788665,
            "recall": 0.9309791332263242,
            "f1-score": 0.7891156462585034,
            "support": 623.0
        },
        "36": {
            "precision": 0.8428351309707242,
            "recall": 0.8200899550224887,
            "f1-score": 0.831306990881459,
            "support": 667.0
        },
        "37": {
            "precision": 0.6943483275663207,
            "recall": 0.945054945054945,
            "f1-score": 0.800531914893617,
            "support": 637.0
        },
        "38": {
            "precision": 0.9025157232704403,
            "recall": 0.9862542955326461,
            "f1-score": 0.9425287356321839,
            "support": 582.0
        },
        "39": {
            "precision": 0.8680981595092024,
            "recall": 0.880248833592535,
            "f1-score": 0.8741312741312741,
            "support": 643.0
        },
        "40": {
            "precision": 0.8472505091649695,
            "recall": 0.6439628482972136,
            "f1-score": 0.731750219876869,
            "support": 646.0
        },
        "41": {
            "precision": 0.8183254344391785,
            "recall": 0.9700374531835206,
            "f1-score": 0.8877463581833762,
            "support": 534.0
        },