{
    "acc1": 0.7905255903369727,
    "acc5": [
        0.9407668032935543
    ],
    "mean_per_class_recall": 0.7783360498155427,
    "classification_report": {
        "0": {
            "precision": 0.20689655172413793,
            "recall": 0.04712041884816754,
            "f1-score": 0.0767590618336887,
            "support": 382.0
        },
        "1": {
            "precision": 0.7941834451901566,
            "recall": 0.5735056542810986,
            "f1-score": 0.6660412757973734,
            "support": 619.0
        },
        "2": {
            "precision": 0.6873385012919897,
            "recall": 0.6157407407407407,
            "f1-score": 0.6495726495726496,
            "support": 432.0
        },
        "3": {
            "precision": 0.9472934472934473,
            "recall": 0.9736456808199122,
            "f1-score": 0.9602888086642599,
            "support": 683.0
        },
        "4": {
            "precision": 0.9063829787234042,
            "recall": 0.9397058823529412,
            "f1-score": 0.9227436823104693,
            "support": 680.0
        },
        "5": {
            "precision": 0.78125,
            "recall": 0.1152073732718894,
            "f1-score": 0.20080321285140562,
            "support": 434.0
        },
        "6": {
            "precision": 0.9307875894988067,
            "recall": 0.9263657957244655,
            "f1-score": 0.9285714285714286,
            "support": 421.0
        },
        "7": {
            "precision": 0.2088607594936709,
            "recall": 0.15348837209302327,
            "f1-score": 0.1769436997319035,
            "support": 430.0
        },
        "8": {
            "precision": 0.6924198250728864,
            "recall": 0.9557344064386318,
            "f1-score": 0.8030431107354185,
            "support": 497.0
        },
        "9": {
            "precision": 0.49732620320855614,
            "recall": 0.9738219895287958,
            "f1-score": 0.6584070796460177,
            "support": 382.0
        },
        "10": {
            "precision": 0.9834905660377359,
            "recall": 0.9328859060402684,
            "f1-score": 0.9575200918484501,
            "support": 447.0
        },
        "11": {
            "precision": 0.8671023965141612,
            "recall": 0.9660194174757282,
            "f1-score": 0.9138920780711826,
            "support": 412.0
        },
        "12": {
            "precision": 0.9407894736842105,
            "recall": 0.5116279069767442,
            "f1-score": 0.6628041714947857,
            "support": 559.0
        },
        "13": {
            "precision": 0.6282828282828283,
            "recall": 0.7603911980440098,
            "f1-score": 0.6880530973451328,
            "support": 409.0
        },
        "14": {
            "precision": 0.9742574257425742,
            "recall": 0.9425287356321839,
            "f1-score": 0.9581304771178188,
            "support": 522.0
        },
        "15": {
            "precision": 0.8192771084337349,
            "recall": 0.7486238532110092,
            "f1-score": 0.7823585810162992,
            "support": 545.0
        },
        "16": {
            "precision": 0.5190562613430127,
            "recall": 0.7878787878787878,
            "f1-score": 0.6258205689277899,
            "support": 363.0
        },
        "17": {
            "precision": 0.5069370330843116,
            "recall": 0.8347978910369068,
            "f1-score": 0.6308100929614874,
            "support": 569.0
        },
        "18": {
            "precision": 0.7862318840579711,
            "recall": 0.8378378378378378,
            "f1-score": 0.811214953271028,
            "support": 518.0
        },
        "19": {
            "precision": 0.8347107438016529,
            "recall": 0.891832229580574,
            "f1-score": 0.8623265741728922,
            "support": 453.0
        },
        "20": {
            "precision": 0.5293276108726752,
            "recall": 0.9367088607594937,
            "f1-score": 0.676416819012797,
            "support": 395.0
        },
        "21": {
            "precision": 0.7390691114245416,
            "recall": 0.8506493506493507,
            "f1-score": 0.7909433962264151,
            "support": 616.0
        },
        "22": {
            "precision": 0.7960426179604262,
            "recall": 0.9757462686567164,
            "f1-score": 0.8767812238055323,
            "support": 536.0
        },
        "23": {
            "precision": 0.8727034120734908,
            "recall": 0.9693877551020408,
            "f1-score": 0.9185082872928176,
            "support": 686.0
        },
        "24": {
            "precision": 0.8603696098562629,
            "recall": 0.9588100686498856,
            "f1-score": 0.9069264069264069,
            "support": 437.0
        },
        "25": {
            "precision": 0.822866344605475,
            "recall": 0.7813455657492355,
            "f1-score": 0.8015686274509803,
            "support": 654.0
        },
        "26": {
            "precision": 0.9191374663072777,
            "recall": 0.9841269841269841,
            "f1-score": 0.9505226480836237,
            "support": 693.0
        },
        "27": {
            "precision": 0.8125,
            "recall": 0.7161016949152542,
            "f1-score": 0.7612612612612613,
            "support": 708.0
        },
        "28": {
            "precision": 0.8700787401574803,
            "recall": 0.9266247379454927,
            "f1-score": 0.8974619289340101,
            "support": 477.0
        },
        "29": {
            "precision": 0.9278557114228457,
            "recall": 0.8209219858156028,
            "f1-score": 0.8711194731890874,
            "support": 564.0
        },
        "30": {
            "precision": 0.6449787835926449,
            "recall": 0.7902946273830156,
            "f1-score": 0.7102803738317757,
            "support": 577.0
        },
        "31": {
            "precision": 0.823076923076923,
            "recall": 0.9087048832271762,
            "f1-score": 0.863773965691221,
            "support": 471.0
        },
        "32": {
            "precision": 0.916267942583732,
            "recall": 0.9330085261875761,
            "f1-score": 0.9245624622812312,
            "support": 821.0
        },
        "33": {
            "precision": 0.915625,
            "recall": 0.8919330289193302,
            "f1-score": 0.9036237471087124,
            "support": 657.0
        },
        "34": {
            "precision": 0.9636363636363636,
            "recall": 0.6696750902527075,
            "f1-score": 0.7902023429179978,
            "support": 554.0
        },
        "35": {
            "precision": 0.6772300469483568,
            "recall": 0.9261637239165329,
            "f1-score": 0.7823728813559322,
            "support": 623.0
        },
        "36": {
            "precision": 0.8330404217926186,
            "recall": 0.7106446776611695,
            "f1-score": 0.7669902912621359,
            "support": 667.0
        },
        "37": {
            "precision": 0.6931818181818182,
            "recall": 0.957613814756672,
            "f1-score": 0.8042188529993408,
            "support": 637.0
        },
        "38": {
            "precision": 0.8830769230769231,
            "recall": 0.9862542955326461,
            "f1-score": 0.9318181818181818,
            "support": 582.0
        },
        "39": {
            "precision": 0.8690292758089369,
            "recall": 0.8771384136858476,
            "f1-score": 0.8730650154798761,
            "support": 643.0
        },
        "40": {
            "precision": 0.881578947368421,
            "recall": 0.6222910216718266,
            "f1-score": 0.7295825771324864,
            "support": 646.0
        },
        "41": {
            "precision": 0.7833333333333333,
            "recall": 0.9681647940074907,
            "f1-score": 0.8659966499162479,
            "support": 534.0
        },