{
    "acc1": 0.7474147414741474,
    "acc5": [
        0.9214154748808214
    ],
    "mean_per_class_recall": 0.7513899250701809,
    "classification_report": {
        "0": {
            "precision": 0.9540229885057471,
            "recall": 0.938610662358643,
            "f1-score": 0.9462540716612378,
            "support": 619.0
        },
        "1": {
            "precision": 0.8950892857142857,
            "recall": 0.909297052154195,
            "f1-score": 0.9021372328458943,
            "support": 441.0
        },
        "2": {
            "precision": 0.8990384615384616,
            "recall": 0.7716643741403026,
            "f1-score": 0.8304959289415248,
            "support": 727.0
        },
        "3": {
            "precision": 0.7637795275590551,
            "recall": 0.8453159041394336,
            "f1-score": 0.8024819027921406,
            "support": 459.0
        },
        "4": {
            "precision": 0.8418491484184915,
            "recall": 0.7863636363636364,
            "f1-score": 0.8131609870740305,
            "support": 440.0
        },
        "5": {
            "precision": 0.9846322722283205,
            "recall": 0.975,
            "f1-score": 0.979792463134899,
            "support": 920.0
        },
        "6": {
            "precision": 0.4784688995215311,
            "recall": 0.3669724770642202,
            "f1-score": 0.4153686396677051,
            "support": 545.0
        },
        "7": {
            "precision": 0.5657894736842105,
            "recall": 0.5746102449888641,
            "f1-score": 0.5701657458563536,
            "support": 449.0
        },
        "8": {
            "precision": 0.8649237472766884,
            "recall": 0.9589371980676329,
            "f1-score": 0.9095074455899198,
            "support": 414.0
        },
        "9": {
            "precision": 0.2699868938401048,
            "recall": 0.6130952380952381,
            "f1-score": 0.37488626023657873,
            "support": 336.0
        },
        "10": {
            "precision": 0.7334293948126801,
            "recall": 0.8105095541401274,
            "f1-score": 0.7700453857791225,
            "support": 628.0
        },
        "11": {
            "precision": 0.9641638225255973,
            "recall": 0.70625,
            "f1-score": 0.8152958152958153,
            "support": 800.0
        },
        "12": {
            "precision": 0.9417808219178082,
            "recall": 0.9683098591549296,
            "f1-score": 0.9548611111111112,
            "support": 568.0
        },
        "13": {
            "precision": 0.7953216374269005,
            "recall": 0.9784172661870504,
            "f1-score": 0.8774193548387097,
            "support": 417.0
        },
        "14": {
            "precision": 0.7737752161383286,
            "recall": 0.8994974874371859,
            "f1-score": 0.8319132455460883,
            "support": 597.0
        },
        "15": {
            "precision": 0.5076923076923077,
            "recall": 0.08483290488431877,
            "f1-score": 0.14537444933920704,
            "support": 389.0
        },
        "16": {
            "precision": 0.7373271889400922,
            "recall": 0.6611570247933884,
            "f1-score": 0.6971677559912854,
            "support": 484.0
        },
        "17": {
            "precision": 0.8214285714285714,
            "recall": 0.5867346938775511,
            "f1-score": 0.6845238095238095,
            "support": 392.0
        },
        "18": {
            "precision": 0.8461538461538461,
            "recall": 0.958974358974359,
            "f1-score": 0.8990384615384616,
            "support": 390.0
        },
        "19": {
            "precision": 0.6666666666666666,
            "recall": 0.9185185185185185,
            "f1-score": 0.7725856697819314,
            "support": 405.0
        },
        "20": {
            "precision": 0.7936962750716332,
            "recall": 0.7527173913043478,
            "f1-score": 0.7726638772663877,
            "support": 368.0
        },
        "21": {
            "precision": 0.7777777777777778,
            "recall": 0.19004524886877827,
            "f1-score": 0.3054545454545455,
            "support": 442.0
        },
        "22": {
            "precision": 0.9670846394984326,
            "recall": 0.8172185430463577,
            "f1-score": 0.8858578607322326,
            "support": 755.0
        },
        "23": {
            "precision": 0.3977272727272727,
            "recall": 0.4533678756476684,
            "f1-score": 0.423728813559322,
            "support": 386.0
        },
        "24": {
            "precision": 0.930635838150289,
            "recall": 0.7872860635696821,
            "f1-score": 0.8529801324503311,
            "support": 409.0
        },
        "25": {
            "precision": 0.6761363636363636,
            "recall": 0.7391304347826086,
            "f1-score": 0.7062314540059347,
            "support": 483.0
        },
        "26": {
            "precision": 0.8141210374639769,
            "recall": 0.8284457478005866,
            "f1-score": 0.8212209302325582,
            "support": 682.0
        },
        "27": {
            "precision": 0.8194444444444444,
            "recall": 0.9688013136288999,
            "f1-score": 0.8878856282919488,
            "support": 609.0
        },
        "28": {
            "precision": 0.6407766990291263,
            "recall": 0.9875311720698254,
            "f1-score": 0.7772325809617272,
            "support": 401.0
        },
        "29": {
            "precision": 0.5177238805970149,
            "recall": 0.8922829581993569,
            "f1-score": 0.6552538370720189,
            "support": 622.0
        },
        "30": {
            "precision": 0.6774193548387096,
            "recall": 0.3620689655172414,
            "f1-score": 0.47191011235955055,
            "support": 638.0
        },
        "31": {
            "precision": 0.9183673469387755,
            "recall": 0.07992895204262877,
            "f1-score": 0.14705882352941177,
            "support": 563.0
        },
        "32": {
            "precision": 0.5025996533795494,
            "recall": 0.6473214285714286,
            "f1-score": 0.5658536585365853,
            "support": 448.0
        },
        "33": {
            "precision": 0.7785714285714286,
            "recall": 0.9342857142857143,
            "f1-score": 0.8493506493506493,
            "support": 700.0
        },
        "34": {
            "precision": 0.7870370370370371,
            "recall": 0.9090909090909091,
            "f1-score": 0.8436724565756824,
            "support": 374.0
        },
        "35": {
            "precision": 0.7410881801125704,
            "recall": 0.9495192307692307,
            "f1-score": 0.8324552160168599,
            "support": 416.0
        },
        "36": {
            "precision": 0.9328859060402684,
            "recall": 0.8208661417322834,
            "f1-score": 0.8732984293193717,
            "support": 508.0
        },
        "37": {
            "precision": 0.8535031847133758,
            "recall": 0.8576,
            "f1-score": 0.8555466879489226,
            "support": 625.0
        },
        "38": {
            "precision": 0.8190184049079755,
            "recall": 0.9451327433628318,
            "f1-score": 0.8775677896466721,
            "support": 565.0
        },
        "39": {
            "precision": 0.8417553191489362,
            "recall": 0.9094827586206896,
            "f1-score": 0.8743093922651933,
            "support": 696.0
        },
        "40": {
            "precision": 0.7884615384615384,
            "recall": 0.6373056994818653,
            "f1-score": 0.7048710601719198,
            "support": 386.0
        },
        "41": {
            "precision": 0.6975857687420585,
            "recall": 0.9242424242424242,
            "f1-score": 0.7950760318609703,
            "support": 594.0
        },