{
    "acc1": 0.7986869309731945,
    "acc5": [
        0.9528455874351627
    ],
    "mean_per_class_recall": 0.7892635671044149,
    "classification_report": {
        "0": {
            "precision": 0.5109489051094891,
            "recall": 0.18324607329842932,
            "f1-score": 0.2697495183044316,
            "support": 382.0
        },
        "1": {
            "precision": 0.8653846153846154,
            "recall": 0.36348949919224555,
            "f1-score": 0.5119453924914675,
            "support": 619.0
        },
        "2": {
            "precision": 0.6063829787234043,
            "recall": 0.7916666666666666,
            "f1-score": 0.6867469879518072,
            "support": 432.0
        },
        "3": {
            "precision": 0.9151846785225718,
            "recall": 0.9795021961932651,
            "f1-score": 0.9462517680339463,
            "support": 683.0
        },
        "4": {
            "precision": 0.8825136612021858,
            "recall": 0.95,
            "f1-score": 0.9150141643059491,
            "support": 680.0
        },
        "5": {
            "precision": 0.93125,
            "recall": 0.3433179723502304,
            "f1-score": 0.5016835016835017,
            "support": 434.0
        },
        "6": {
            "precision": 0.964735516372796,
            "recall": 0.9097387173396675,
            "f1-score": 0.9364303178484108,
            "support": 421.0
        },
        "7": {
            "precision": 0.32413793103448274,
            "recall": 0.10930232558139535,
            "f1-score": 0.1634782608695652,
            "support": 430.0
        },
        "8": {
            "precision": 0.807495741056218,
            "recall": 0.9537223340040242,
            "f1-score": 0.8745387453874539,
            "support": 497.0
        },
        "9": {
            "precision": 0.4932795698924731,
            "recall": 0.9607329842931938,
            "f1-score": 0.6518650088809946,
            "support": 382.0
        },
        "10": {
            "precision": 0.9926108374384236,
            "recall": 0.901565995525727,
            "f1-score": 0.9449003516998827,
            "support": 447.0
        },
        "11": {
            "precision": 0.8092369477911646,
            "recall": 0.9781553398058253,
            "f1-score": 0.8857142857142857,
            "support": 412.0
        },
        "12": {
            "precision": 0.9207161125319693,
            "recall": 0.6440071556350626,
            "f1-score": 0.7578947368421053,
            "support": 559.0
        },
        "13": {
            "precision": 0.62109375,
            "recall": 0.7775061124694377,
            "f1-score": 0.6905537459283387,
            "support": 409.0
        },
        "14": {
            "precision": 0.9671179883945842,
            "recall": 0.9578544061302682,
            "f1-score": 0.9624639076034649,
            "support": 522.0
        },
        "15": {
            "precision": 0.8333333333333334,
            "recall": 0.7614678899082569,
            "f1-score": 0.7957813998082455,
            "support": 545.0
        },
        "16": {
            "precision": 0.7320441988950276,
            "recall": 0.7300275482093664,
            "f1-score": 0.7310344827586207,
            "support": 363.0
        },
        "17": {
            "precision": 0.46962391513982643,
            "recall": 0.8558875219683656,
            "f1-score": 0.6064757160647571,
            "support": 569.0
        },
        "18": {
            "precision": 0.7969639468690702,
            "recall": 0.8108108108108109,
            "f1-score": 0.8038277511961722,
            "support": 518.0
        },
        "19": {
            "precision": 0.8495762711864406,
            "recall": 0.8852097130242825,
            "f1-score": 0.867027027027027,
            "support": 453.0
        },
        "20": {
            "precision": 0.6151260504201681,
            "recall": 0.9265822784810127,
            "f1-score": 0.7393939393939394,
            "support": 395.0
        },
        "21": {
            "precision": 0.9334637964774951,
            "recall": 0.7743506493506493,
            "f1-score": 0.8464951197870453,
            "support": 616.0
        },
        "22": {
            "precision": 0.8125960061443932,
            "recall": 0.9869402985074627,
            "f1-score": 0.8913226621735467,
            "support": 536.0
        },
        "23": {
            "precision": 0.892904953145917,
            "recall": 0.9723032069970845,
            "f1-score": 0.9309141660851361,
            "support": 686.0
        },
        "24": {
            "precision": 0.8164435946462715,
            "recall": 0.977116704805492,
            "f1-score": 0.8895833333333333,
            "support": 437.0
        },
        "25": {
            "precision": 0.8203125,
            "recall": 0.8027522935779816,
            "f1-score": 0.8114374034003091,
            "support": 654.0
        },
        "26": {
            "precision": 0.9279891304347826,
            "recall": 0.9855699855699855,
            "f1-score": 0.9559132260321903,
            "support": 693.0
        },
        "27": {
            "precision": 0.754054054054054,
            "recall": 0.788135593220339,
            "f1-score": 0.7707182320441989,
            "support": 708.0
        },
        "28": {
            "precision": 0.7049441786283892,
            "recall": 0.9266247379454927,
            "f1-score": 0.8007246376811594,
            "support": 477.0
        },
        "29": {
            "precision": 0.9262948207171314,
            "recall": 0.824468085106383,
            "f1-score": 0.8724202626641651,
            "support": 564.0
        },
        "30": {
            "precision": 0.6542857142857142,
            "recall": 0.7937608318890814,
            "f1-score": 0.7173061863743148,
            "support": 577.0
        },
        "31": {
            "precision": 0.7988929889298892,
            "recall": 0.9193205944798302,
            "f1-score": 0.8548864758144127,
            "support": 471.0
        },
        "32": {
            "precision": 0.8846153846153846,
            "recall": 0.9524969549330086,
            "f1-score": 0.9173020527859238,
            "support": 821.0
        },
        "33": {
            "precision": 0.9320388349514563,
            "recall": 0.8767123287671232,
            "f1-score": 0.9035294117647059,
            "support": 657.0
        },
        "34": {
            "precision": 0.9739130434782609,
            "recall": 0.4043321299638989,
            "f1-score": 0.5714285714285714,
            "support": 554.0
        },
        "35": {
            "precision": 0.6851415094339622,
            "recall": 0.9325842696629213,
            "f1-score": 0.7899388171312033,
            "support": 623.0
        },
        "36": {
            "precision": 0.8611111111111112,
            "recall": 0.7901049475262368,
            "f1-score": 0.8240813135261923,
            "support": 667.0
        },
        "37": {
            "precision": 0.6666666666666666,
            "recall": 0.945054945054945,
            "f1-score": 0.7818181818181819,
            "support": 637.0
        },
        "38": {
            "precision": 0.9052132701421801,
            "recall": 0.9845360824742269,
            "f1-score": 0.9432098765432099,
            "support": 582.0
        },
        "39": {
            "precision": 0.8212209302325582,
            "recall": 0.8786936236391913,
            "f1-score": 0.8489857250187829,
            "support": 643.0
        },
        "40": {
            "precision": 0.8636363636363636,
            "recall": 0.5882352941176471,
            "f1-score": 0.6998158379373849,
            "support": 646.0
        },
        "41": {
            "precision": 0.7844036697247706,
            "recall": 0.9606741573033708,
            "f1-score": 0.8636363636363636,
            "support": 534.0
        },