{
    "acc1": 0.8071637268693864,
    "acc5": [
        0.9627385203621541
    ],
    "mean_per_class_recall": 0.8173213146605802,
    "classification_report": {
        "0": {
            "precision": 0.8658280922431866,
            "recall": 0.9365079365079365,
            "f1-score": 0.8997821350762527,
            "support": 441.0
        },
        "1": {
            "precision": 0.6291666666666667,
            "recall": 0.8010610079575596,
            "f1-score": 0.704784130688448,
            "support": 377.0
        },
        "2": {
            "precision": 0.9364406779661016,
            "recall": 0.8947368421052632,
            "f1-score": 0.9151138716356108,
            "support": 494.0
        },
        "3": {
            "precision": 0.81951871657754,
            "recall": 0.8975109809663251,
            "f1-score": 0.856743535988819,
            "support": 683.0
        },
        "4": {
            "precision": 0.892018779342723,
            "recall": 0.9134615384615384,
            "f1-score": 0.9026128266033254,
            "support": 416.0
        },
        "5": {
            "precision": 0.7990487514863258,
            "recall": 0.9753265602322206,
            "f1-score": 0.8784313725490196,
            "support": 689.0
        },
        "6": {
            "precision": 0.6334586466165414,
            "recall": 0.9335180055401662,
            "f1-score": 0.7547592385218365,
            "support": 361.0
        },
        "7": {
            "precision": 0.8945233265720081,
            "recall": 0.9887892376681614,
            "f1-score": 0.939297124600639,
            "support": 446.0
        },
        "8": {
            "precision": 0.4957841483979764,
            "recall": 0.8099173553719008,
            "f1-score": 0.6150627615062761,
            "support": 363.0
        },
        "9": {
            "precision": 0.9208754208754208,
            "recall": 0.9431034482758621,
            "f1-score": 0.9318568994889267,
            "support": 580.0
        },
        "10": {
            "precision": 0.8958333333333334,
            "recall": 0.6252019386106623,
            "f1-score": 0.736441484300666,
            "support": 619.0
        },
        "11": {
            "precision": 0.8924528301886793,
            "recall": 0.900952380952381,
            "f1-score": 0.8966824644549763,
            "support": 525.0
        },
        "12": {
            "precision": 0.8492063492063492,
            "recall": 0.8199233716475096,
            "f1-score": 0.834307992202729,
            "support": 522.0
        },
        "13": {
            "precision": 0.7753510140405616,
            "recall": 0.9764243614931237,
            "f1-score": 0.8643478260869565,
            "support": 509.0
        },
        "14": {
            "precision": 0.8244897959183674,
            "recall": 0.9298043728423475,
            "f1-score": 0.8739859383450513,
            "support": 869.0
        },
        "15": {
            "precision": 0.9068901303538175,
            "recall": 0.7970540098199672,
            "f1-score": 0.8484320557491289,
            "support": 611.0
        },
        "16": {
            "precision": 0.8711755233494364,
            "recall": 0.8492935635792779,
            "f1-score": 0.8600953895071543,
            "support": 637.0
        },
        "17": {
            "precision": 0.9552238805970149,
            "recall": 0.9052333804809052,
            "f1-score": 0.9295570079883806,
            "support": 707.0
        },
        "18": {
            "precision": 0.9599332220367279,
            "recall": 0.96964586846543,
            "f1-score": 0.964765100671141,
            "support": 593.0
        },
        "19": {
            "precision": 0.9047619047619048,
            "recall": 0.8914956011730205,
            "f1-score": 0.8980797636632201,
            "support": 341.0
        },
        "20": {
            "precision": 0.8341793570219966,
            "recall": 0.8898916967509025,
            "f1-score": 0.8611353711790393,
            "support": 554.0
        },
        "21": {
            "precision": 0.9135802469135802,
            "recall": 0.8533772652388797,
            "f1-score": 0.8824531516183987,
            "support": 607.0
        },
        "22": {
            "precision": 0.7761437908496732,
            "recall": 0.8392226148409894,
            "f1-score": 0.8064516129032258,
            "support": 566.0
        },
        "23": {
            "precision": 0.9516666666666667,
            "recall": 0.7583001328021248,
            "f1-score": 0.844050258684405,
            "support": 753.0
        },
        "24": {
            "precision": 0.9367088607594937,
            "recall": 0.2099290780141844,
            "f1-score": 0.3429895712630359,
            "support": 705.0
        },
        "25": {
            "precision": 0.8862629246676514,
            "recall": 0.9302325581395349,
            "f1-score": 0.9077155824508321,
            "support": 645.0
        },
        "26": {
            "precision": 0.9213893967093236,
            "recall": 0.7039106145251397,
            "f1-score": 0.7980997624703088,
            "support": 716.0
        },
        "27": {
            "precision": 0.861764705882353,
            "recall": 0.7918918918918919,
            "f1-score": 0.8253521126760563,
            "support": 370.0
        },
        "28": {
            "precision": 0.9347826086956522,
            "recall": 0.14144736842105263,
            "f1-score": 0.24571428571428572,
            "support": 912.0
        },
        "29": {
            "precision": 0.8943965517241379,
            "recall": 0.8556701030927835,
            "f1-score": 0.8746048472075869,
            "support": 485.0
        },
        "30": {
            "precision": 0.9018867924528302,
            "recall": 0.8115449915110357,
            "f1-score": 0.8543342269883825,
            "support": 589.0
        },
        "31": {
            "precision": 0.9186046511627907,
            "recall": 0.8144329896907216,
            "f1-score": 0.8633879781420765,
            "support": 388.0
        },
        "32": {
            "precision": 0.8294573643410853,
            "recall": 0.5232273838630807,
            "f1-score": 0.6416791604197901,
            "support": 409.0
        },
        "33": {
            "precision": 0.905511811023622,
            "recall": 0.22682445759368836,
            "f1-score": 0.3627760252365931,
            "support": 507.0
        },
        "34": {
            "precision": 0.9099099099099099,
            "recall": 0.892226148409894,
            "f1-score": 0.9009812667261374,
            "support": 566.0
        },
        "35": {
            "precision": 0.4893162393162393,
            "recall": 0.875717017208413,
            "f1-score": 0.6278272789581906,
            "support": 523.0
        },
        "36": {
            "precision": 0.7782101167315175,
            "recall": 0.9538950715421304,
            "f1-score": 0.8571428571428571,
            "support": 629.0
        },
        "37": {
            "precision": 0.8426294820717132,
            "recall": 0.8615071283095723,
            "f1-score": 0.851963746223565,
            "support": 491.0
        },
        "38": {
            "precision": 0.8235294117647058,
            "recall": 0.45075757575757575,
            "f1-score": 0.5826193390452876,
            "support": 528.0
        },
        "39": {
            "precision": 0.5674967234600262,
            "recall": 0.8200757575757576,
            "f1-score": 0.6707978311386522,
            "support": 528.0
        },
        "40": {
            "precision": 0.8325471698113207,
            "recall": 0.8982188295165394,
            "f1-score": 0.8641370869033048,
            "support": 393.0
        },
        "41": {
            "precision": 0.9714673913043478,
            "recall": 0.9714673913043478,
            "f1-score": 0.9714673913043478,
            "support": 736.0
        },