{
    "acc1": 0.8043091878559251,
    "acc5": [
        0.9563277594399506
    ],
    "mean_per_class_recall": 0.79276615455445,
    "classification_report": {
        "0": {
            "precision": 0.6,
            "recall": 0.19633507853403143,
            "f1-score": 0.2958579881656805,
            "support": 382.0
        },
        "1": {
            "precision": 0.875886524822695,
            "recall": 0.3990306946688207,
            "f1-score": 0.5482796892341842,
            "support": 619.0
        },
        "2": {
            "precision": 0.7220956719817767,
            "recall": 0.7337962962962963,
            "f1-score": 0.7278989667049368,
            "support": 432.0
        },
        "3": {
            "precision": 0.925,
            "recall": 0.9751098096632503,
            "f1-score": 0.9493941553813258,
            "support": 683.0
        },
        "4": {
            "precision": 0.8775235531628532,
            "recall": 0.9588235294117647,
            "f1-score": 0.9163738580463809,
            "support": 680.0
        },
        "5": {
            "precision": 0.9172413793103448,
            "recall": 0.3064516129032258,
            "f1-score": 0.459412780656304,
            "support": 434.0
        },
        "6": {
            "precision": 0.9504950495049505,
            "recall": 0.9121140142517815,
            "f1-score": 0.9309090909090909,
            "support": 421.0
        },
        "7": {
            "precision": 0.3018867924528302,
            "recall": 0.22325581395348837,
            "f1-score": 0.25668449197860965,
            "support": 430.0
        },
        "8": {
            "precision": 0.89272030651341,
            "recall": 0.937625754527163,
            "f1-score": 0.914622178606477,
            "support": 497.0
        },
        "9": {
            "precision": 0.48556430446194226,
            "recall": 0.9685863874345549,
            "f1-score": 0.6468531468531469,
            "support": 382.0
        },
        "10": {
            "precision": 0.9813519813519813,
            "recall": 0.941834451901566,
            "f1-score": 0.9611872146118722,
            "support": 447.0
        },
        "11": {
            "precision": 0.8830022075055187,
            "recall": 0.970873786407767,
            "f1-score": 0.9248554913294798,
            "support": 412.0
        },
        "12": {
            "precision": 0.9486404833836858,
            "recall": 0.5617173524150268,
            "f1-score": 0.7056179775280899,
            "support": 559.0
        },
        "13": {
            "precision": 0.6754807692307693,
            "recall": 0.687041564792176,
            "f1-score": 0.6812121212121212,
            "support": 409.0
        },
        "14": {
            "precision": 0.9710982658959537,
            "recall": 0.9655172413793104,
            "f1-score": 0.968299711815562,
            "support": 522.0
        },
        "15": {
            "precision": 0.8269581056466302,
            "recall": 0.8330275229357799,
            "f1-score": 0.829981718464351,
            "support": 545.0
        },
        "16": {
            "precision": 0.5801526717557252,
            "recall": 0.628099173553719,
            "f1-score": 0.6031746031746031,
            "support": 363.0
        },
        "17": {
            "precision": 0.43857965451055664,
            "recall": 0.8031634446397188,
            "f1-score": 0.5673494723774053,
            "support": 569.0
        },
        "18": {
            "precision": 0.7942307692307692,
            "recall": 0.7972972972972973,
            "f1-score": 0.7957610789980732,
            "support": 518.0
        },
        "19": {
            "precision": 0.7965779467680608,
            "recall": 0.9249448123620309,
            "f1-score": 0.8559754851889684,
            "support": 453.0
        },
        "20": {
            "precision": 0.5434782608695652,
            "recall": 0.9493670886075949,
            "f1-score": 0.6912442396313364,
            "support": 395.0
        },
        "21": {
            "precision": 0.8797909407665505,
            "recall": 0.8198051948051948,
            "f1-score": 0.8487394957983193,
            "support": 616.0
        },
        "22": {
            "precision": 0.8,
            "recall": 0.9850746268656716,
            "f1-score": 0.882943143812709,
            "support": 536.0
        },
        "23": {
            "precision": 0.8993288590604027,
            "recall": 0.9766763848396501,
            "f1-score": 0.9364081062194269,
            "support": 686.0
        },
        "24": {
            "precision": 0.809433962264151,
            "recall": 0.9816933638443935,
            "f1-score": 0.8872802481902792,
            "support": 437.0
        },
        "25": {
            "precision": 0.799396681749623,
            "recall": 0.8103975535168195,
            "f1-score": 0.8048595292331056,
            "support": 654.0
        },
        "26": {
            "precision": 0.9448275862068966,
            "recall": 0.9884559884559885,
            "f1-score": 0.9661495063469676,
            "support": 693.0
        },
        "27": {
            "precision": 0.7917261055634808,
            "recall": 0.7838983050847458,
            "f1-score": 0.7877927608232789,
            "support": 708.0
        },
        "28": {
            "precision": 0.8170289855072463,
            "recall": 0.9454926624737946,
            "f1-score": 0.8765792031098154,
            "support": 477.0
        },
        "29": {
            "precision": 0.9110251450676983,
            "recall": 0.8351063829787234,
            "f1-score": 0.8714153561517114,
            "support": 564.0
        },
        "30": {
            "precision": 0.6327116212338594,
            "recall": 0.7642980935875217,
            "f1-score": 0.6923076923076923,
            "support": 577.0
        },
        "31": {
            "precision": 0.8140900195694716,
            "recall": 0.8832271762208068,
            "f1-score": 0.8472505091649695,
            "support": 471.0
        },
        "32": {
            "precision": 0.9556962025316456,
            "recall": 0.9196102314250914,
            "f1-score": 0.9373060211049038,
            "support": 821.0
        },
        "33": {
            "precision": 0.8900445765230312,
            "recall": 0.9117199391171994,
            "f1-score": 0.9007518796992481,
            "support": 657.0
        },
        "34": {
            "precision": 0.9777777777777777,
            "recall": 0.3971119133574007,
            "f1-score": 0.5648267008985879,
            "support": 554.0
        },
        "35": {
            "precision": 0.671264367816092,
            "recall": 0.9373996789727127,
            "f1-score": 0.78231748158071,
            "support": 623.0
        },
        "36": {
            "precision": 0.823262839879154,
            "recall": 0.8170914542728636,
            "f1-score": 0.8201655379984951,
            "support": 667.0
        },
        "37": {
            "precision": 0.695303550973654,
            "recall": 0.9529042386185244,
            "f1-score": 0.8039735099337748,
            "support": 637.0
        },
        "38": {
            "precision": 0.9227053140096618,
            "recall": 0.9845360824742269,
            "f1-score": 0.9526184538653366,
            "support": 582.0
        },
        "39": {
            "precision": 0.8683385579937304,
            "recall": 0.8615863141524106,
            "f1-score": 0.8649492583918813,
            "support": 643.0
        },
        "40": {
            "precision": 0.8093457943925234,
            "recall": 0.6702786377708978,
            "f1-score": 0.7332768839966131,
            "support": 646.0
        },
        "41": {
            "precision": 0.8276972624798712,
            "recall": 0.9625468164794008,
            "f1-score": 0.8900432900432901,
            "support": 534.0
        },