{
    "acc1": 0.815243660498503,
    "acc5": [
        0.9621253111135158
    ],
    "mean_per_class_recall": 0.8255532996500601,
    "classification_report": {
        "0": {
            "precision": 0.8910256410256411,
            "recall": 0.9455782312925171,
            "f1-score": 0.9174917491749175,
            "support": 441.0
        },
        "1": {
            "precision": 0.5864661654135338,
            "recall": 0.8275862068965517,
            "f1-score": 0.6864686468646864,
            "support": 377.0
        },
        "2": {
            "precision": 0.9238683127572016,
            "recall": 0.9089068825910931,
            "f1-score": 0.9163265306122449,
            "support": 494.0
        },
        "3": {
            "precision": 0.8481532147742818,
            "recall": 0.9077598828696926,
            "f1-score": 0.8769448373408769,
            "support": 683.0
        },
        "4": {
            "precision": 0.8959810874704491,
            "recall": 0.9110576923076923,
            "f1-score": 0.9034564958283671,
            "support": 416.0
        },
        "5": {
            "precision": 0.7852975495915986,
            "recall": 0.97677793904209,
            "f1-score": 0.8706338939197931,
            "support": 689.0
        },
        "6": {
            "precision": 0.6614173228346457,
            "recall": 0.9307479224376731,
            "f1-score": 0.7733026467203682,
            "support": 361.0
        },
        "7": {
            "precision": 0.8963414634146342,
            "recall": 0.9887892376681614,
            "f1-score": 0.9402985074626866,
            "support": 446.0
        },
        "8": {
            "precision": 0.6473317865429234,
            "recall": 0.768595041322314,
            "f1-score": 0.7027707808564232,
            "support": 363.0
        },
        "9": {
            "precision": 0.9121621621621622,
            "recall": 0.9310344827586207,
            "f1-score": 0.9215017064846417,
            "support": 580.0
        },
        "10": {
            "precision": 0.869215291750503,
            "recall": 0.6978998384491115,
            "f1-score": 0.7741935483870968,
            "support": 619.0
        },
        "11": {
            "precision": 0.8950381679389313,
            "recall": 0.8933333333333333,
            "f1-score": 0.894184938036225,
            "support": 525.0
        },
        "12": {
            "precision": 0.8834745762711864,
            "recall": 0.7988505747126436,
            "f1-score": 0.8390342052313883,
            "support": 522.0
        },
        "13": {
            "precision": 0.7712519319938176,
            "recall": 0.9803536345776032,
            "f1-score": 0.8633217993079585,
            "support": 509.0
        },
        "14": {
            "precision": 0.8153692614770459,
            "recall": 0.9401611047180668,
            "f1-score": 0.8733297701763763,
            "support": 869.0
        },
        "15": {
            "precision": 0.9471698113207547,
            "recall": 0.8216039279869067,
            "f1-score": 0.8799298860648553,
            "support": 611.0
        },
        "16": {
            "precision": 0.890728476821192,
            "recall": 0.8445839874411303,
            "f1-score": 0.8670427074939565,
            "support": 637.0
        },
        "17": {
            "precision": 0.9556213017751479,
            "recall": 0.9137199434229137,
            "f1-score": 0.9342010122921186,
            "support": 707.0
        },
        "18": {
            "precision": 0.9616666666666667,
            "recall": 0.9730185497470489,
            "f1-score": 0.9673093042749371,
            "support": 593.0
        },
        "19": {
            "precision": 0.9002932551319648,
            "recall": 0.9002932551319648,
            "f1-score": 0.9002932551319648,
            "support": 341.0
        },
        "20": {
            "precision": 0.8500881834215167,
            "recall": 0.8700361010830325,
            "f1-score": 0.8599464763603925,
            "support": 554.0
        },
        "21": {
            "precision": 0.9104991394148021,
            "recall": 0.871499176276771,
            "f1-score": 0.8905723905723906,
            "support": 607.0
        },
        "22": {
            "precision": 0.8096,
            "recall": 0.8939929328621908,
            "f1-score": 0.8497061293031066,
            "support": 566.0
        },
        "23": {
            "precision": 0.9558823529411765,
            "recall": 0.7768924302788844,
            "f1-score": 0.8571428571428571,
            "support": 753.0
        },
        "24": {
            "precision": 0.9672619047619048,
            "recall": 0.46099290780141844,
            "f1-score": 0.6243996157540826,
            "support": 705.0
        },
        "25": {
            "precision": 0.8464730290456431,
            "recall": 0.9488372093023256,
            "f1-score": 0.8947368421052632,
            "support": 645.0
        },
        "26": {
            "precision": 0.9182156133828996,
            "recall": 0.6899441340782123,
            "f1-score": 0.7878787878787878,
            "support": 716.0
        },
        "27": {
            "precision": 0.8592375366568915,
            "recall": 0.7918918918918919,
            "f1-score": 0.8241912798874824,
            "support": 370.0
        },
        "28": {
            "precision": 0.75,
            "recall": 0.023026315789473683,
            "f1-score": 0.04468085106382979,
            "support": 912.0
        },
        "29": {
            "precision": 0.8342541436464088,
            "recall": 0.934020618556701,
            "f1-score": 0.8813229571984436,
            "support": 485.0
        },
        "30": {
            "precision": 0.8813868613138686,
            "recall": 0.8200339558573854,
            "f1-score": 0.8496042216358839,
            "support": 589.0
        },
        "31": {
            "precision": 0.930635838150289,
            "recall": 0.8298969072164949,
            "f1-score": 0.8773841961852861,
            "support": 388.0
        },
        "32": {
            "precision": 0.8582375478927203,
            "recall": 0.5476772616136919,
            "f1-score": 0.6686567164179105,
            "support": 409.0
        },
        "33": {
            "precision": 0.8916666666666667,
            "recall": 0.21104536489151873,
            "f1-score": 0.3413078149920255,
            "support": 507.0
        },
        "34": {
            "precision": 0.9089285714285714,
            "recall": 0.8992932862190812,
            "f1-score": 0.9040852575488455,
            "support": 566.0
        },
        "35": {
            "precision": 0.5116822429906542,
            "recall": 0.8374760994263862,
            "f1-score": 0.6352429296591733,
            "support": 523.0
        },
        "36": {
            "precision": 0.8062330623306233,
            "recall": 0.9459459459459459,
            "f1-score": 0.8705193855157278,
            "support": 629.0
        },
        "37": {
            "precision": 0.8834745762711864,
            "recall": 0.8492871690427699,
            "f1-score": 0.8660436137071651,
            "support": 491.0
        },
        "38": {
            "precision": 0.799410029498525,
            "recall": 0.5132575757575758,
            "f1-score": 0.6251441753171857,
            "support": 528.0
        },
        "39": {
            "precision": 0.6229985443959243,
            "recall": 0.8106060606060606,
            "f1-score": 0.7045267489711934,
            "support": 528.0
        },
        "40": {
            "precision": 0.8560411311053985,
            "recall": 0.8473282442748091,
            "f1-score": 0.8516624040920716,
            "support": 393.0
        },
        "41": {
            "precision": 0.975103734439834,
            "recall": 0.9578804347826086,
            "f1-score": 0.9664153529814942,
            "support": 736.0
        },