{
    "acc1": 0.7960027567195038,
    "acc5": [
        0.9472233305524321
    ],
    "mean_per_class_recall": 0.7852009895660541,
    "classification_report": {
        "0": {
            "precision": 0.5478260869565217,
            "recall": 0.1649214659685864,
            "f1-score": 0.2535211267605634,
            "support": 382.0
        },
        "1": {
            "precision": 0.9518072289156626,
            "recall": 0.12762520193861066,
            "f1-score": 0.22507122507122507,
            "support": 619.0
        },
        "2": {
            "precision": 0.6390423572744015,
            "recall": 0.8032407407407407,
            "f1-score": 0.7117948717948718,
            "support": 432.0
        },
        "3": {
            "precision": 0.9527896995708155,
            "recall": 0.9751098096632503,
            "f1-score": 0.9638205499276411,
            "support": 683.0
        },
        "4": {
            "precision": 0.8626155878467635,
            "recall": 0.9602941176470589,
            "f1-score": 0.9088378566457899,
            "support": 680.0
        },
        "5": {
            "precision": 0.9529411764705882,
            "recall": 0.37327188940092165,
            "f1-score": 0.5364238410596026,
            "support": 434.0
        },
        "6": {
            "precision": 0.9627791563275434,
            "recall": 0.9216152019002375,
            "f1-score": 0.941747572815534,
            "support": 421.0
        },
        "7": {
            "precision": 0.20098039215686275,
            "recall": 0.09534883720930233,
            "f1-score": 0.12933753943217666,
            "support": 430.0
        },
        "8": {
            "precision": 0.8237347294938918,
            "recall": 0.9496981891348089,
            "f1-score": 0.8822429906542056,
            "support": 497.0
        },
        "9": {
            "precision": 0.471190781049936,
            "recall": 0.9633507853403142,
            "f1-score": 0.6328460877042132,
            "support": 382.0
        },
        "10": {
            "precision": 0.9856801909307876,
            "recall": 0.9239373601789709,
            "f1-score": 0.953810623556582,
            "support": 447.0
        },
        "11": {
            "precision": 0.801980198019802,
            "recall": 0.9830097087378641,
            "f1-score": 0.8833151581243184,
            "support": 412.0
        },
        "12": {
            "precision": 0.8986486486486487,
            "recall": 0.7137745974955277,
            "f1-score": 0.7956131605184447,
            "support": 559.0
        },
        "13": {
            "precision": 0.6666666666666666,
            "recall": 0.7237163814180929,
            "f1-score": 0.694021101992966,
            "support": 409.0
        },
        "14": {
            "precision": 0.9653179190751445,
            "recall": 0.9597701149425287,
            "f1-score": 0.962536023054755,
            "support": 522.0
        },
        "15": {
            "precision": 0.8548707753479126,
            "recall": 0.7889908256880734,
            "f1-score": 0.8206106870229007,
            "support": 545.0
        },
        "16": {
            "precision": 0.6932270916334662,
            "recall": 0.4793388429752066,
            "f1-score": 0.5667752442996743,
            "support": 363.0
        },
        "17": {
            "precision": 0.4200351493848858,
            "recall": 0.8400702987697716,
            "f1-score": 0.5600468658465143,
            "support": 569.0
        },
        "18": {
            "precision": 0.7834862385321101,
            "recall": 0.8243243243243243,
            "f1-score": 0.8033866415804327,
            "support": 518.0
        },
        "19": {
            "precision": 0.7782026768642447,
            "recall": 0.8984547461368654,
            "f1-score": 0.8340163934426229,
            "support": 453.0
        },
        "20": {
            "precision": 0.5938511326860841,
            "recall": 0.9291139240506329,
            "f1-score": 0.7245804540967423,
            "support": 395.0
        },
        "21": {
            "precision": 0.8735632183908046,
            "recall": 0.8636363636363636,
            "f1-score": 0.8685714285714285,
            "support": 616.0
        },
        "22": {
            "precision": 0.8564437194127243,
            "recall": 0.9794776119402985,
            "f1-score": 0.9138381201044387,
            "support": 536.0
        },
        "23": {
            "precision": 0.8993288590604027,
            "recall": 0.9766763848396501,
            "f1-score": 0.9364081062194269,
            "support": 686.0
        },
        "24": {
            "precision": 0.8233009708737864,
            "recall": 0.9702517162471396,
            "f1-score": 0.8907563025210085,
            "support": 437.0
        },
        "25": {
            "precision": 0.7829232995658466,
            "recall": 0.827217125382263,
            "f1-score": 0.8044609665427509,
            "support": 654.0
        },
        "26": {
            "precision": 0.9230769230769231,
            "recall": 0.987012987012987,
            "f1-score": 0.9539748953974896,
            "support": 693.0
        },
        "27": {
            "precision": 0.798219584569733,
            "recall": 0.7598870056497176,
            "f1-score": 0.7785817655571635,
            "support": 708.0
        },
        "28": {
            "precision": 0.6544117647058824,
            "recall": 0.9329140461215933,
            "f1-score": 0.7692307692307693,
            "support": 477.0
        },
        "29": {
            "precision": 0.9244532803180915,
            "recall": 0.824468085106383,
            "f1-score": 0.8716026241799437,
            "support": 564.0
        },
        "30": {
            "precision": 0.7068145800316957,
            "recall": 0.7729636048526863,
            "f1-score": 0.7384105960264901,
            "support": 577.0
        },
        "31": {
            "precision": 0.8040665434380776,
            "recall": 0.9235668789808917,
            "f1-score": 0.8596837944664032,
            "support": 471.0
        },
        "32": {
            "precision": 0.9347826086956522,
            "recall": 0.9427527405602923,
            "f1-score": 0.9387507580351728,
            "support": 821.0
        },
        "33": {
            "precision": 0.8956780923994039,
            "recall": 0.9147640791476408,
            "f1-score": 0.9051204819277109,
            "support": 657.0
        },
        "34": {
            "precision": 0.9824561403508771,
            "recall": 0.4043321299638989,
            "f1-score": 0.5728900255754475,
            "support": 554.0
        },
        "35": {
            "precision": 0.6845238095238095,
            "recall": 0.9229534510433387,
            "f1-score": 0.7860560492139439,
            "support": 623.0
        },
        "36": {
            "precision": 0.8194233687405159,
            "recall": 0.8095952023988006,
            "f1-score": 0.8144796380090498,
            "support": 667.0
        },
        "37": {
            "precision": 0.7518891687657431,
            "recall": 0.9372056514913658,
            "f1-score": 0.8343815513626834,
            "support": 637.0
        },
        "38": {
            "precision": 0.8482142857142857,
            "recall": 0.979381443298969,
            "f1-score": 0.9090909090909091,
            "support": 582.0
        },
        "39": {
            "precision": 0.8680981595092024,
            "recall": 0.880248833592535,
            "f1-score": 0.8741312741312741,
            "support": 643.0
        },
        "40": {
            "precision": 0.8924485125858124,
            "recall": 0.6037151702786377,
            "f1-score": 0.7202216066481995,
            "support": 646.0
        },
        "41": {
            "precision": 0.7847328244274809,
            "recall": 0.9625468164794008,
            "f1-score": 0.864592094196804,
            "support": 534.0
        },