{
    "acc1": 0.6667766776677668,
    "acc5": [
        0.8808947561422809
    ],
    "mean_per_class_recall": 0.6548904427845362,
    "classification_report": {
        "0": {
            "precision": 0.849112426035503,
            "recall": 0.9273021001615509,
            "f1-score": 0.8864864864864865,
            "support": 619.0
        },
        "1": {
            "precision": 0.8660287081339713,
            "recall": 0.8208616780045351,
            "f1-score": 0.8428405122235157,
            "support": 441.0
        },
        "2": {
            "precision": 0.8596750369276218,
            "recall": 0.8005502063273727,
            "f1-score": 0.8290598290598291,
            "support": 727.0
        },
        "3": {
            "precision": 0.5669291338582677,
            "recall": 0.7843137254901961,
            "f1-score": 0.6581352833638026,
            "support": 459.0
        },
        "4": {
            "precision": 0.575,
            "recall": 0.8886363636363637,
            "f1-score": 0.6982142857142857,
            "support": 440.0
        },
        "5": {
            "precision": 0.9940334128878282,
            "recall": 0.9054347826086957,
            "f1-score": 0.9476678043230944,
            "support": 920.0
        },
        "6": {
            "precision": 0.30343511450381677,
            "recall": 0.29174311926605506,
            "f1-score": 0.29747427502338636,
            "support": 545.0
        },
        "7": {
            "precision": 0.43415637860082307,
            "recall": 0.46993318485523383,
            "f1-score": 0.45133689839572194,
            "support": 449.0
        },
        "8": {
            "precision": 0.7421875,
            "recall": 0.9178743961352657,
            "f1-score": 0.8207343412526998,
            "support": 414.0
        },
        "9": {
            "precision": 0.3348314606741573,
            "recall": 0.44345238095238093,
            "f1-score": 0.38156209987195905,
            "support": 336.0
        },
        "10": {
            "precision": 0.3963470319634703,
            "recall": 0.6910828025477707,
            "f1-score": 0.5037724898432966,
            "support": 628.0
        },
        "11": {
            "precision": 0.8705547652916074,
            "recall": 0.765,
            "f1-score": 0.8143712574850299,
            "support": 800.0
        },
        "12": {
            "precision": 0.9281867145421903,
            "recall": 0.9102112676056338,
            "f1-score": 0.9191111111111111,
            "support": 568.0
        },
        "13": {
            "precision": 0.56071964017991,
            "recall": 0.8968824940047961,
            "f1-score": 0.6900369003690037,
            "support": 417.0
        },
        "14": {
            "precision": 0.6431870669745958,
            "recall": 0.932998324958124,
            "f1-score": 0.7614490772385509,
            "support": 597.0
        },
        "15": {
            "precision": 0.058823529411764705,
            "recall": 0.028277634961439587,
            "f1-score": 0.03819444444444445,
            "support": 389.0
        },
        "16": {
            "precision": 0.6443298969072165,
            "recall": 0.25826446280991733,
            "f1-score": 0.3687315634218289,
            "support": 484.0
        },
        "17": {
            "precision": 0.7566371681415929,
            "recall": 0.4362244897959184,
            "f1-score": 0.5533980582524272,
            "support": 392.0
        },
        "18": {
            "precision": 0.85,
            "recall": 0.9153846153846154,
            "f1-score": 0.8814814814814815,
            "support": 390.0
        },
        "19": {
            "precision": 0.6517509727626459,
            "recall": 0.8271604938271605,
            "f1-score": 0.7290533188248096,
            "support": 405.0
        },
        "20": {
            "precision": 0.7985611510791367,
            "recall": 0.6032608695652174,
            "f1-score": 0.6873065015479877,
            "support": 368.0
        },
        "21": {
            "precision": 0.23809523809523808,
            "recall": 0.011312217194570135,
            "f1-score": 0.02159827213822894,
            "support": 442.0
        },
        "22": {
            "precision": 0.683944374209861,
            "recall": 0.7165562913907285,
            "f1-score": 0.6998706338939198,
            "support": 755.0
        },
        "23": {
            "precision": 0.29333333333333333,
            "recall": 0.5129533678756477,
            "f1-score": 0.37323279924599434,
            "support": 386.0
        },
        "24": {
            "precision": 0.922360248447205,
            "recall": 0.726161369193154,
            "f1-score": 0.8125854993160054,
            "support": 409.0
        },
        "25": {
            "precision": 0.550185873605948,
            "recall": 0.6128364389233955,
            "f1-score": 0.5798237022526934,
            "support": 483.0
        },
        "26": {
            "precision": 0.8285714285714286,
            "recall": 0.4252199413489736,
            "f1-score": 0.562015503875969,
            "support": 682.0
        },
        "27": {
            "precision": 0.8562783661119516,
            "recall": 0.9293924466338259,
            "f1-score": 0.8913385826771654,
            "support": 609.0
        },
        "28": {
            "precision": 0.6295081967213115,
            "recall": 0.9576059850374065,
            "f1-score": 0.7596439169139466,
            "support": 401.0
        },
        "29": {
            "precision": 0.483640081799591,
            "recall": 0.7604501607717041,
            "f1-score": 0.59125,
            "support": 622.0
        },
        "30": {
            "precision": 0.48375451263537905,
            "recall": 0.21003134796238246,
            "f1-score": 0.292896174863388,
            "support": 638.0
        },
        "31": {
            "precision": 0.5071090047393365,
            "recall": 0.19005328596802842,
            "f1-score": 0.27648578811369506,
            "support": 563.0
        },
        "32": {
            "precision": 0.2608695652173913,
            "recall": 0.04017857142857143,
            "f1-score": 0.06963249516441006,
            "support": 448.0
        },
        "33": {
            "precision": 0.6536144578313253,
            "recall": 0.93,
            "f1-score": 0.7676886792452831,
            "support": 700.0
        },
        "34": {
            "precision": 0.7197452229299363,
            "recall": 0.30213903743315507,
            "f1-score": 0.4256120527306968,
            "support": 374.0
        },
        "35": {
            "precision": 0.8344519015659956,
            "recall": 0.8966346153846154,
            "f1-score": 0.8644264194669756,
            "support": 416.0
        },
        "36": {
            "precision": 0.7972166998011928,
            "recall": 0.7893700787401575,
            "f1-score": 0.7932739861523245,
            "support": 508.0
        },
        "37": {
            "precision": 0.8369747899159664,
            "recall": 0.7968,
            "f1-score": 0.8163934426229508,
            "support": 625.0
        },
        "38": {
            "precision": 0.7344632768361582,
            "recall": 0.9203539823008849,
            "f1-score": 0.816967792615868,
            "support": 565.0
        },
        "39": {
            "precision": 0.9013605442176871,
            "recall": 0.7614942528735632,
            "f1-score": 0.8255451713395638,
            "support": 696.0
        },
        "40": {
            "precision": 0.7277628032345014,
            "recall": 0.6994818652849741,
            "f1-score": 0.71334214002642,
            "support": 386.0
        },
        "41": {
            "precision": 0.5169172932330827,
            "recall": 0.46296296296296297,
            "f1-score": 0.48845470692717585,
            "support": 594.0
        },
        "42": {
            "precision": 0.48133848133848134,