{
    "acc1": 0.7550509630381951,
    "acc5": [
        0.9255685733976567
    ],
    "mean_per_class_recall": 0.7390070242172985,
    "classification_report": {
        "0": {
            "precision": 0.6158536585365854,
            "recall": 0.2643979057591623,
            "f1-score": 0.36996336996337,
            "support": 382.0
        },
        "1": {
            "precision": 0.8183807439824945,
            "recall": 0.6042003231017771,
            "f1-score": 0.6951672862453532,
            "support": 619.0
        },
        "2": {
            "precision": 0.7789757412398922,
            "recall": 0.6689814814814815,
            "f1-score": 0.7198007471980075,
            "support": 432.0
        },
        "3": {
            "precision": 0.9614814814814815,
            "recall": 0.9502196193265008,
            "f1-score": 0.9558173784977909,
            "support": 683.0
        },
        "4": {
            "precision": 0.888121546961326,
            "recall": 0.9455882352941176,
            "f1-score": 0.915954415954416,
            "support": 680.0
        },
        "5": {
            "precision": 0.7697368421052632,
            "recall": 0.2695852534562212,
            "f1-score": 0.3993174061433447,
            "support": 434.0
        },
        "6": {
            "precision": 0.8881278538812786,
            "recall": 0.9239904988123515,
            "f1-score": 0.9057043073341094,
            "support": 421.0
        },
        "7": {
            "precision": 0.031413612565445025,
            "recall": 0.027906976744186046,
            "f1-score": 0.029556650246305417,
            "support": 430.0
        },
        "8": {
            "precision": 0.9329004329004329,
            "recall": 0.8672032193158954,
            "f1-score": 0.8988529718456726,
            "support": 497.0
        },
        "9": {
            "precision": 0.5393586005830904,
            "recall": 0.9685863874345549,
            "f1-score": 0.6928838951310862,
            "support": 382.0
        },
        "10": {
            "precision": 0.9806763285024155,
            "recall": 0.9082774049217002,
            "f1-score": 0.943089430894309,
            "support": 447.0
        },
        "11": {
            "precision": 0.8926014319809069,
            "recall": 0.9077669902912622,
            "f1-score": 0.9001203369434416,
            "support": 412.0
        },
        "12": {
            "precision": 0.5658307210031348,
            "recall": 0.6457960644007156,
            "f1-score": 0.6031746031746031,
            "support": 559.0
        },
        "13": {
            "precision": 0.6518324607329843,
            "recall": 0.60880195599022,
            "f1-score": 0.629582806573957,
            "support": 409.0
        },
        "14": {
            "precision": 0.9511278195488722,
            "recall": 0.9693486590038314,
            "f1-score": 0.9601518026565465,
            "support": 522.0
        },
        "15": {
            "precision": 0.7331081081081081,
            "recall": 0.7963302752293578,
            "f1-score": 0.7634124890061565,
            "support": 545.0
        },
        "16": {
            "precision": 0.26644736842105265,
            "recall": 0.2231404958677686,
            "f1-score": 0.24287856071964017,
            "support": 363.0
        },
        "17": {
            "precision": 0.4179372197309417,
            "recall": 0.8189806678383128,
            "f1-score": 0.5534441805225653,
            "support": 569.0
        },
        "18": {
            "precision": 0.64,
            "recall": 0.833976833976834,
            "f1-score": 0.7242246437552389,
            "support": 518.0
        },
        "19": {
            "precision": 0.7534246575342466,
            "recall": 0.8498896247240618,
            "f1-score": 0.7987551867219918,
            "support": 453.0
        },
        "20": {
            "precision": 0.5548961424332344,
            "recall": 0.9468354430379747,
            "f1-score": 0.6997193638914874,
            "support": 395.0
        },
        "21": {
            "precision": 0.6023936170212766,
            "recall": 0.7353896103896104,
            "f1-score": 0.6622807017543859,
            "support": 616.0
        },
        "22": {
            "precision": 0.8944636678200693,
            "recall": 0.9645522388059702,
            "f1-score": 0.9281867145421903,
            "support": 536.0
        },
        "23": {
            "precision": 0.8681757656458056,
            "recall": 0.9504373177842566,
            "f1-score": 0.907446068197634,
            "support": 686.0
        },
        "24": {
            "precision": 0.7495621716287215,
            "recall": 0.9794050343249427,
            "f1-score": 0.8492063492063492,
            "support": 437.0
        },
        "25": {
            "precision": 0.7202797202797203,
            "recall": 0.7874617737003058,
            "f1-score": 0.7523739956172388,
            "support": 654.0
        },
        "26": {
            "precision": 0.85297845373891,
            "recall": 0.9711399711399712,
            "f1-score": 0.9082321187584346,
            "support": 693.0
        },
        "27": {
            "precision": 0.581766917293233,
            "recall": 0.8742937853107344,
            "f1-score": 0.698645598194131,
            "support": 708.0
        },
        "28": {
            "precision": 0.8870588235294118,
            "recall": 0.790356394129979,
            "f1-score": 0.835920177383592,
            "support": 477.0
        },
        "29": {
            "precision": 0.9486652977412731,
            "recall": 0.8191489361702128,
            "f1-score": 0.879162702188392,
            "support": 564.0
        },
        "30": {
            "precision": 0.695859872611465,
            "recall": 0.75736568457539,
            "f1-score": 0.725311203319502,
            "support": 577.0
        },
        "31": {
            "precision": 0.8043052837573386,
            "recall": 0.8726114649681529,
            "f1-score": 0.8370672097759674,
            "support": 471.0
        },
        "32": {
            "precision": 0.8936416184971099,
            "recall": 0.9415347137637028,
            "f1-score": 0.9169632265717675,
            "support": 821.0
        },
        "33": {
            "precision": 0.8748137108792846,
            "recall": 0.893455098934551,
            "f1-score": 0.8840361445783133,
            "support": 657.0
        },
        "34": {
            "precision": 0.6021505376344086,
            "recall": 0.10108303249097472,
            "f1-score": 0.1731066460587326,
            "support": 554.0
        },
        "35": {
            "precision": 0.6644219977553311,
            "recall": 0.9502407704654896,
            "f1-score": 0.7820343461030383,
            "support": 623.0
        },
        "36": {
            "precision": 0.891832229580574,
            "recall": 0.6056971514242878,
            "f1-score": 0.7214285714285714,
            "support": 667.0
        },
        "37": {
            "precision": 0.6593647316538883,
            "recall": 0.945054945054945,
            "f1-score": 0.7767741935483871,
            "support": 637.0
        },
        "38": {
            "precision": 0.9311475409836065,
            "recall": 0.9759450171821306,
            "f1-score": 0.9530201342281879,
            "support": 582.0
        },
        "39": {
            "precision": 0.8604651162790697,
            "recall": 0.8631415241057543,
            "f1-score": 0.8618012422360248,
            "support": 643.0
        },
        "40": {
            "precision": 0.9128919860627178,
            "recall": 0.4055727554179567,
            "f1-score": 0.5616291532690246,
            "support": 646.0
        },
        "41": {
            "precision": 0.7872670807453416,
            "recall": 0.949438202247191,
            "f1-score": 0.8607809847198642,
            "support": 534.0
        },