{
    "acc1": 0.771950271950272,
    "acc5": [
        0.9578477078477079
    ],
    "mean_per_class_recall": 0.7661341740439239,
    "classification_report": {
        "0": {
            "precision": 0.49489795918367346,
            "recall": 0.7461538461538462,
            "f1-score": 0.5950920245398773,
            "support": 390.0
        },
        "1": {
            "precision": 0.8473451327433629,
            "recall": 0.6237785016286646,
            "f1-score": 0.7185741088180112,
            "support": 614.0
        },
        "2": {
            "precision": 0.7686453576864536,
            "recall": 0.8859649122807017,
            "f1-score": 0.8231458842705787,
            "support": 570.0
        },
        "3": {
            "precision": 0.8962075848303394,
            "recall": 0.9191402251791198,
            "f1-score": 0.9075290550783224,
            "support": 977.0
        },
        "4": {
            "precision": 0.8826086956521739,
            "recall": 0.8903508771929824,
            "f1-score": 0.8864628820960698,
            "support": 456.0
        },
        "5": {
            "precision": 0.8433734939759037,
            "recall": 0.6205673758865248,
            "f1-score": 0.7150153217568948,
            "support": 564.0
        },
        "6": {
            "precision": 0.8355704697986577,
            "recall": 0.8397976391231029,
            "f1-score": 0.8376787216148024,
            "support": 593.0
        },
        "7": {
            "precision": 0.5782520325203252,
            "recall": 0.8404726735598228,
            "f1-score": 0.6851294400963275,
            "support": 677.0
        },
        "8": {
            "precision": 0.4186746987951807,
            "recall": 0.3415233415233415,
            "f1-score": 0.3761840324763194,
            "support": 407.0
        },
        "9": {
            "precision": 0.7153024911032029,
            "recall": 0.90744920993228,
            "f1-score": 0.8,
            "support": 443.0
        },
        "10": {
            "precision": 0.7592592592592593,
            "recall": 0.6344294003868471,
            "f1-score": 0.6912539515279241,
            "support": 517.0
        },
        "11": {
            "precision": 0.8861003861003861,
            "recall": 0.9663157894736842,
            "f1-score": 0.9244712990936556,
            "support": 475.0
        },
        "12": {
            "precision": 0.7777777777777778,
            "recall": 0.7698209718670077,
            "f1-score": 0.7737789203084833,
            "support": 391.0
        },
        "13": {
            "precision": 0.7444444444444445,
            "recall": 0.8933333333333333,
            "f1-score": 0.8121212121212121,
            "support": 450.0
        },
        "14": {
            "precision": 0.9008403361344538,
            "recall": 0.9852941176470589,
            "f1-score": 0.9411764705882353,
            "support": 544.0
        },
        "15": {
            "precision": 0.8789144050104384,
            "recall": 0.9212253829321663,
            "f1-score": 0.8995726495726496,
            "support": 457.0
        },
        "16": {
            "precision": 0.7976031957390146,
            "recall": 0.964573268921095,
            "f1-score": 0.8731778425655977,
            "support": 621.0
        },
        "17": {
            "precision": 0.9217687074829932,
            "recall": 0.9033333333333333,
            "f1-score": 0.9124579124579124,
            "support": 600.0
        },
        "18": {
            "precision": 0.918,
            "recall": 0.8861003861003861,
            "f1-score": 0.9017681728880157,
            "support": 518.0
        },
        "19": {
            "precision": 0.9023746701846965,
            "recall": 0.6321626617375231,
            "f1-score": 0.7434782608695653,
            "support": 541.0
        },
        "20": {
            "precision": 0.7492354740061162,
            "recall": 0.8687943262411347,
            "f1-score": 0.8045977011494253,
            "support": 564.0
        },
        "21": {
            "precision": 0.8237704918032787,
            "recall": 0.5140664961636828,
            "f1-score": 0.6330708661417322,
            "support": 391.0
        },
        "22": {
            "precision": 0.9053708439897699,
            "recall": 0.5267857142857143,
            "f1-score": 0.6660395108184384,
            "support": 672.0
        },
        "23": {
            "precision": 0.7219730941704036,
            "recall": 0.8070175438596491,
            "f1-score": 0.762130177514793,
            "support": 399.0
        },
        "24": {
            "precision": 0.8467741935483871,
            "recall": 0.9615384615384616,
            "f1-score": 0.9005145797598628,
            "support": 546.0
        },
        "25": {
            "precision": 0.8233830845771144,
            "recall": 0.9457142857142857,
            "f1-score": 0.8803191489361702,
            "support": 350.0
        },
        "26": {
            "precision": 0.8674463937621832,
            "recall": 0.967391304347826,
            "f1-score": 0.9146968139773896,
            "support": 460.0
        },
        "27": {
            "precision": 0.9815950920245399,
            "recall": 0.2119205298013245,
            "f1-score": 0.3485838779956427,
            "support": 755.0
        },
        "28": {
            "precision": 0.9511494252873564,
            "recall": 0.9749631811487481,
            "f1-score": 0.9629090909090909,
            "support": 679.0
        },
        "29": {
            "precision": 0.792,
            "recall": 0.5479704797047971,
            "f1-score": 0.6477644492911668,
            "support": 542.0
        },
        "30": {
            "precision": 0.8778979907264297,
            "recall": 0.8958990536277602,
            "f1-score": 0.8868071818891491,
            "support": 634.0
        },
        "31": {
            "precision": 0.8529980657640233,
            "recall": 0.8091743119266055,
            "f1-score": 0.8305084745762712,
            "support": 545.0
        },
        "32": {
            "precision": 0.9327731092436975,
            "recall": 0.8851674641148325,
            "f1-score": 0.9083469721767594,
            "support": 627.0
        },
        "33": {
            "precision": 0.8728813559322034,
            "recall": 0.8803418803418803,
            "f1-score": 0.8765957446808511,
            "support": 468.0
        },
        "34": {
            "precision": 0.782608695652174,
            "recall": 0.42077922077922075,
            "f1-score": 0.5472972972972973,
            "support": 385.0
        },
        "35": {
            "precision": 0.5736263736263736,
            "recall": 0.6832460732984293,
            "f1-score": 0.6236559139784946,
            "support": 382.0
        },
        "36": {
            "precision": 0.780373831775701,
            "recall": 0.755656108597285,
            "f1-score": 0.767816091954023,
            "support": 442.0
        },
        "37": {
            "precision": 0.765625,
            "recall": 0.3466981132075472,
            "f1-score": 0.4772727272727273,
            "support": 424.0
        },
        "38": {
            "precision": 0.576,
            "recall": 0.6792452830188679,
            "f1-score": 0.6233766233766234,
            "support": 318.0
        },
        "39": {
            "precision": 0.8014705882352942,
            "recall": 0.4988558352402746,
            "f1-score": 0.614950634696756,
            "support": 437.0
        },
        "40": {
            "precision": 0.9012605042016807,
            "recall": 0.8125,
            "f1-score": 0.8545816733067729,
            "support": 528.0
        },
        "41": {
            "precision": 0.9415692821368948,
            "recall": 0.8306332842415317,
            "f1-score": 0.8826291079812206,
            "support": 679.0
        },
        "42": {
            "precision": 0.6906474820143885,