{
    "acc1": 0.770348394949034,
    "acc5": [
        0.9480069983264872
    ],
    "mean_per_class_recall": 0.7682588613312908,
    "classification_report": {
        "0": {
            "precision": 0.8986083499005965,
            "recall": 0.8793774319066148,
            "f1-score": 0.8888888888888888,
            "support": 514.0
        },
        "1": {
            "precision": 0.9140969162995595,
            "recall": 0.840080971659919,
            "f1-score": 0.8755274261603375,
            "support": 494.0
        },
        "2": {
            "precision": 0.8523622047244095,
            "recall": 0.8964803312629399,
            "f1-score": 0.8738647830474269,
            "support": 483.0
        },
        "3": {
            "precision": 0.49382716049382713,
            "recall": 0.43010752688172044,
            "f1-score": 0.45977011494252873,
            "support": 651.0
        },
        "4": {
            "precision": 0.8711180124223602,
            "recall": 0.8298816568047337,
            "f1-score": 0.85,
            "support": 676.0
        },
        "5": {
            "precision": 0.32,
            "recall": 0.08791208791208792,
            "f1-score": 0.13793103448275862,
            "support": 364.0
        },
        "6": {
            "precision": 0.7938021454112039,
            "recall": 0.9288702928870293,
            "f1-score": 0.8560411311053985,
            "support": 717.0
        },
        "7": {
            "precision": 0.5068664169787765,
            "recall": 0.9463869463869464,
            "f1-score": 0.6601626016260163,
            "support": 429.0
        },
        "8": {
            "precision": 0.7620320855614974,
            "recall": 0.9208400646203554,
            "f1-score": 0.8339429407461595,
            "support": 619.0
        },
        "9": {
            "precision": 0.9099804305283757,
            "recall": 0.8976833976833977,
            "f1-score": 0.9037900874635568,
            "support": 518.0
        },
        "10": {
            "precision": 0.9289940828402367,
            "recall": 0.708803611738149,
            "f1-score": 0.8040973111395646,
            "support": 443.0
        },
        "11": {
            "precision": 0.8293838862559242,
            "recall": 0.3771551724137931,
            "f1-score": 0.5185185185185185,
            "support": 464.0
        },
        "12": {
            "precision": 0.7828810020876826,
            "recall": 0.984251968503937,
            "f1-score": 0.872093023255814,
            "support": 381.0
        },
        "13": {
            "precision": 0.9582309582309583,
            "recall": 0.8666666666666667,
            "f1-score": 0.9101516919486581,
            "support": 450.0
        },
        "14": {
            "precision": 0.8891891891891892,
            "recall": 0.9413447782546495,
            "f1-score": 0.9145239749826268,
            "support": 699.0
        },
        "15": {
            "precision": 0.6624685138539043,
            "recall": 0.48613678373382624,
            "f1-score": 0.5607675906183369,
            "support": 541.0
        },
        "16": {
            "precision": 0.8733905579399142,
            "recall": 0.8374485596707819,
            "f1-score": 0.8550420168067226,
            "support": 486.0
        },
        "17": {
            "precision": 0.7570621468926554,
            "recall": 0.8204081632653061,
            "f1-score": 0.7874632713026445,
            "support": 490.0
        },
        "18": {
            "precision": 0.7007874015748031,
            "recall": 0.7852941176470588,
            "f1-score": 0.7406380027739251,
            "support": 340.0
        },
        "19": {
            "precision": 0.811787072243346,
            "recall": 0.9242424242424242,
            "f1-score": 0.8643724696356275,
            "support": 462.0
        },
        "20": {
            "precision": 0.9263157894736842,
            "recall": 0.6041189931350115,
            "f1-score": 0.7313019390581718,
            "support": 437.0
        },
        "21": {
            "precision": 0.8666666666666667,
            "recall": 0.574025974025974,
            "f1-score": 0.690625,
            "support": 385.0
        },
        "22": {
            "precision": 0.3987823439878234,
            "recall": 0.7774480712166172,
            "f1-score": 0.5271629778672032,
            "support": 337.0
        },
        "23": {
            "precision": 0.842443729903537,
            "recall": 0.7728613569321534,
            "f1-score": 0.8061538461538461,
            "support": 339.0
        },
        "24": {
            "precision": 0.8086710650329878,
            "recall": 0.9428571428571428,
            "f1-score": 0.8706240487062404,
            "support": 910.0
        },
        "25": {
            "precision": 0.39360730593607307,
            "recall": 0.8352713178294574,
            "f1-score": 0.5350713842333954,
            "support": 516.0
        },
        "26": {
            "precision": 0.9189814814814815,
            "recall": 0.9189814814814815,
            "f1-score": 0.9189814814814815,
            "support": 432.0
        },
        "27": {
            "precision": 0.693304535637149,
            "recall": 0.8025,
            "f1-score": 0.7439165701042874,
            "support": 400.0
        },
        "28": {
            "precision": 0.7554585152838428,
            "recall": 0.9505494505494505,
            "f1-score": 0.8418491484184915,
            "support": 364.0
        },
        "29": {
            "precision": 0.8519417475728155,
            "recall": 0.904639175257732,
            "f1-score": 0.8775,
            "support": 388.0
        },
        "30": {
            "precision": 0.8632218844984803,
            "recall": 0.5098743267504489,
            "f1-score": 0.6410835214446953,
            "support": 557.0
        },
        "31": {
            "precision": 0.9097605893186004,
            "recall": 0.9445506692160612,
            "f1-score": 0.926829268292683,
            "support": 523.0
        },
        "32": {
            "precision": 0.8370967741935483,
            "recall": 0.7960122699386503,
            "f1-score": 0.8160377358490566,
            "support": 652.0
        },
        "33": {
            "precision": 0.6885593220338984,
            "recall": 0.9232954545454546,
            "f1-score": 0.7888349514563107,
            "support": 352.0
        },
        "34": {
            "precision": 0.7134587554269175,
            "recall": 0.7526717557251908,
            "f1-score": 0.7325408618127786,
            "support": 655.0
        },
        "35": {
            "precision": 0.8294573643410853,
            "recall": 0.6701461377870563,
            "f1-score": 0.7413394919168591,
            "support": 479.0
        },
        "36": {
            "precision": 0.9484126984126984,
            "recall": 0.8722627737226277,
            "f1-score": 0.908745247148289,
            "support": 822.0
        },
        "37": {
            "precision": 0.821656050955414,
            "recall": 0.8739837398373984,
            "f1-score": 0.8470124753775443,
            "support": 738.0
        },
        "38": {
            "precision": 0.9435975609756098,
            "recall": 0.8597222222222223,
            "f1-score": 0.8997093023255814,
            "support": 720.0
        },
        "39": {
            "precision": 0.6902050113895216,
            "recall": 0.420249653259362,
            "f1-score": 0.5224137931034483,
            "support": 721.0
        },
        "40": {
            "precision": 0.8383838383838383,
            "recall": 0.7229965156794426,
            "f1-score": 0.7764265668849392,
            "support": 574.0
        },
        "41": {
            "precision": 0.9140083217753121,
            "recall": 0.8448717948717949,
            "f1-score": 0.8780812791472352,
            "support": 780.0
        },
        "42": {
            "precision": 0.6949152542372882,