{
    "acc1": 0.7734654234654235,
    "acc5": [
        0.9583527583527583
    ],
    "mean_per_class_recall": 0.7664850015762856,
    "classification_report": {
        "0": {
            "precision": 0.5551663747810858,
            "recall": 0.8128205128205128,
            "f1-score": 0.659729448491155,
            "support": 390.0
        },
        "1": {
            "precision": 0.8027444253859348,
            "recall": 0.762214983713355,
            "f1-score": 0.7819548872180451,
            "support": 614.0
        },
        "2": {
            "precision": 0.7275280898876404,
            "recall": 0.9087719298245615,
            "f1-score": 0.8081123244929798,
            "support": 570.0
        },
        "3": {
            "precision": 0.8816169393647738,
            "recall": 0.9375639713408394,
            "f1-score": 0.9087301587301587,
            "support": 977.0
        },
        "4": {
            "precision": 0.8637316561844863,
            "recall": 0.9035087719298246,
            "f1-score": 0.8831725616291533,
            "support": 456.0
        },
        "5": {
            "precision": 0.7670588235294118,
            "recall": 0.5780141843971631,
            "f1-score": 0.6592517694641051,
            "support": 564.0
        },
        "6": {
            "precision": 0.8424657534246576,
            "recall": 0.8296795952782462,
            "f1-score": 0.8360237892948174,
            "support": 593.0
        },
        "7": {
            "precision": 0.5733990147783251,
            "recall": 0.8596750369276218,
            "f1-score": 0.6879432624113475,
            "support": 677.0
        },
        "8": {
            "precision": 0.5343511450381679,
            "recall": 0.171990171990172,
            "f1-score": 0.26022304832713755,
            "support": 407.0
        },
        "9": {
            "precision": 0.7958333333333333,
            "recall": 0.8623024830699775,
            "f1-score": 0.8277356446370531,
            "support": 443.0
        },
        "10": {
            "precision": 0.8121212121212121,
            "recall": 0.5183752417794971,
            "f1-score": 0.6328217237308147,
            "support": 517.0
        },
        "11": {
            "precision": 0.9103585657370518,
            "recall": 0.9621052631578947,
            "f1-score": 0.9355168884339816,
            "support": 475.0
        },
        "12": {
            "precision": 0.7951388888888888,
            "recall": 0.5856777493606138,
            "f1-score": 0.6745213549337261,
            "support": 391.0
        },
        "13": {
            "precision": 0.7891566265060241,
            "recall": 0.8733333333333333,
            "f1-score": 0.8291139240506329,
            "support": 450.0
        },
        "14": {
            "precision": 0.9569120287253142,
            "recall": 0.9797794117647058,
            "f1-score": 0.9682107175295186,
            "support": 544.0
        },
        "15": {
            "precision": 0.9105882352941177,
            "recall": 0.8468271334792122,
            "f1-score": 0.8775510204081632,
            "support": 457.0
        },
        "16": {
            "precision": 0.8487518355359766,
            "recall": 0.9307568438003221,
            "f1-score": 0.8878648233486943,
            "support": 621.0
        },
        "17": {
            "precision": 0.9228187919463087,
            "recall": 0.9166666666666666,
            "f1-score": 0.919732441471572,
            "support": 600.0
        },
        "18": {
            "precision": 0.8302521008403362,
            "recall": 0.9536679536679536,
            "f1-score": 0.8876909254267745,
            "support": 518.0
        },
        "19": {
            "precision": 0.9096045197740112,
            "recall": 0.5951940850277264,
            "f1-score": 0.7195530726256983,
            "support": 541.0
        },
        "20": {
            "precision": 0.8140350877192982,
            "recall": 0.8226950354609929,
            "f1-score": 0.818342151675485,
            "support": 564.0
        },
        "21": {
            "precision": 0.7396907216494846,
            "recall": 0.7340153452685422,
            "f1-score": 0.7368421052631579,
            "support": 391.0
        },
        "22": {
            "precision": 0.8914141414141414,
            "recall": 0.5252976190476191,
            "f1-score": 0.6610486891385767,
            "support": 672.0
        },
        "23": {
            "precision": 0.8472622478386167,
            "recall": 0.7368421052631579,
            "f1-score": 0.7882037533512064,
            "support": 399.0
        },
        "24": {
            "precision": 0.795144157814871,
            "recall": 0.9597069597069597,
            "f1-score": 0.8697095435684647,
            "support": 546.0
        },
        "25": {
            "precision": 0.830379746835443,
            "recall": 0.9371428571428572,
            "f1-score": 0.8805369127516779,
            "support": 350.0
        },
        "26": {
            "precision": 0.8713450292397661,
            "recall": 0.9717391304347827,
            "f1-score": 0.9188078108941419,
            "support": 460.0
        },
        "27": {
            "precision": 0.9354838709677419,
            "recall": 0.3072847682119205,
            "f1-score": 0.4626121635094716,
            "support": 755.0
        },
        "28": {
            "precision": 0.9419263456090652,
            "recall": 0.979381443298969,
            "f1-score": 0.9602888086642599,
            "support": 679.0
        },
        "29": {
            "precision": 0.8102409638554217,
            "recall": 0.496309963099631,
            "f1-score": 0.6155606407322655,
            "support": 542.0
        },
        "30": {
            "precision": 0.864321608040201,
            "recall": 0.8138801261829653,
            "f1-score": 0.8383428107229894,
            "support": 634.0
        },
        "31": {
            "precision": 0.8508604206500956,
            "recall": 0.8165137614678899,
            "f1-score": 0.8333333333333334,
            "support": 545.0
        },
        "32": {
            "precision": 0.9264705882352942,
            "recall": 0.9043062200956937,
            "f1-score": 0.9152542372881356,
            "support": 627.0
        },
        "33": {
            "precision": 0.8717391304347826,
            "recall": 0.8568376068376068,
            "f1-score": 0.8642241379310345,
            "support": 468.0
        },
        "34": {
            "precision": 0.7665369649805448,
            "recall": 0.5116883116883116,
            "f1-score": 0.6137071651090342,
            "support": 385.0
        },
        "35": {
            "precision": 0.5399159663865546,
            "recall": 0.6727748691099477,
            "f1-score": 0.5990675990675991,
            "support": 382.0
        },
        "36": {
            "precision": 0.7280163599182005,
            "recall": 0.8054298642533937,
            "f1-score": 0.7647690655209453,
            "support": 442.0
        },
        "37": {
            "precision": 0.75,
            "recall": 0.3608490566037736,
            "f1-score": 0.4872611464968153,
            "support": 424.0
        },
        "38": {
            "precision": 0.5030674846625767,
            "recall": 0.7735849056603774,
            "f1-score": 0.6096654275092936,
            "support": 318.0
        },
        "39": {
            "precision": 0.7770491803278688,
            "recall": 0.5423340961098398,
            "f1-score": 0.6388140161725068,
            "support": 437.0
        },
        "40": {
            "precision": 0.913135593220339,
            "recall": 0.8162878787878788,
            "f1-score": 0.862,
            "support": 528.0
        },
        "41": {
            "precision": 0.9325153374233128,
            "recall": 0.8954344624447718,
            "f1-score": 0.9135987978963186,
            "support": 679.0
        },