{
    "acc1": 0.7780313403316598,
    "acc5": [
        0.9486916172219687
    ],
    "mean_per_class_recall": 0.775531544561196,
    "classification_report": {
        "0": {
            "precision": 0.888671875,
            "recall": 0.8852140077821011,
            "f1-score": 0.8869395711500975,
            "support": 514.0
        },
        "1": {
            "precision": 0.9181034482758621,
            "recall": 0.8623481781376519,
            "f1-score": 0.8893528183716075,
            "support": 494.0
        },
        "2": {
            "precision": 0.8972162740899358,
            "recall": 0.8674948240165632,
            "f1-score": 0.8821052631578947,
            "support": 483.0
        },
        "3": {
            "precision": 0.49894736842105264,
            "recall": 0.3640552995391705,
            "f1-score": 0.42095914742451157,
            "support": 651.0
        },
        "4": {
            "precision": 0.8550295857988166,
            "recall": 0.8550295857988166,
            "f1-score": 0.8550295857988166,
            "support": 676.0
        },
        "5": {
            "precision": 0.4268292682926829,
            "recall": 0.09615384615384616,
            "f1-score": 0.15695067264573992,
            "support": 364.0
        },
        "6": {
            "precision": 0.8422391857506362,
            "recall": 0.9232914923291492,
            "f1-score": 0.8809048569527611,
            "support": 717.0
        },
        "7": {
            "precision": 0.5030599755201959,
            "recall": 0.958041958041958,
            "f1-score": 0.6597110754414125,
            "support": 429.0
        },
        "8": {
            "precision": 0.7639257294429708,
            "recall": 0.9305331179321487,
            "f1-score": 0.8390386016023307,
            "support": 619.0
        },
        "9": {
            "precision": 0.8979206049149339,
            "recall": 0.916988416988417,
            "f1-score": 0.9073543457497613,
            "support": 518.0
        },
        "10": {
            "precision": 0.9132791327913279,
            "recall": 0.7607223476297968,
            "f1-score": 0.8300492610837439,
            "support": 443.0
        },
        "11": {
            "precision": 0.8623853211009175,
            "recall": 0.4051724137931034,
            "f1-score": 0.5513196480938416,
            "support": 464.0
        },
        "12": {
            "precision": 0.7890295358649789,
            "recall": 0.9816272965879265,
            "f1-score": 0.8748538011695907,
            "support": 381.0
        },
        "13": {
            "precision": 0.9582309582309583,
            "recall": 0.8666666666666667,
            "f1-score": 0.9101516919486581,
            "support": 450.0
        },
        "14": {
            "precision": 0.8678010471204188,
            "recall": 0.9484978540772532,
            "f1-score": 0.9063568010936432,
            "support": 699.0
        },
        "15": {
            "precision": 0.6775,
            "recall": 0.5009242144177449,
            "f1-score": 0.5759829968119022,
            "support": 541.0
        },
        "16": {
            "precision": 0.8810020876826722,
            "recall": 0.8683127572016461,
            "f1-score": 0.8746113989637305,
            "support": 486.0
        },
        "17": {
            "precision": 0.7481751824817519,
            "recall": 0.8367346938775511,
            "f1-score": 0.789980732177264,
            "support": 490.0
        },
        "18": {
            "precision": 0.6828644501278772,
            "recall": 0.7852941176470588,
            "f1-score": 0.7305061559507524,
            "support": 340.0
        },
        "19": {
            "precision": 0.8505050505050505,
            "recall": 0.9112554112554112,
            "f1-score": 0.8798328108672936,
            "support": 462.0
        },
        "20": {
            "precision": 0.9201388888888888,
            "recall": 0.6064073226544623,
            "f1-score": 0.7310344827586207,
            "support": 437.0
        },
        "21": {
            "precision": 0.8777777777777778,
            "recall": 0.6155844155844156,
            "f1-score": 0.7236641221374046,
            "support": 385.0
        },
        "22": {
            "precision": 0.41809672386895474,
            "recall": 0.7952522255192879,
            "f1-score": 0.5480572597137015,
            "support": 337.0
        },
        "23": {
            "precision": 0.8585209003215434,
            "recall": 0.7876106194690266,
            "f1-score": 0.8215384615384616,
            "support": 339.0
        },
        "24": {
            "precision": 0.8229066410009624,
            "recall": 0.9395604395604396,
            "f1-score": 0.8773730118009235,
            "support": 910.0
        },
        "25": {
            "precision": 0.46153846153846156,
            "recall": 0.686046511627907,
            "f1-score": 0.5518316445830086,
            "support": 516.0
        },
        "26": {
            "precision": 0.933806146572104,
            "recall": 0.9143518518518519,
            "f1-score": 0.9239766081871345,
            "support": 432.0
        },
        "27": {
            "precision": 0.720620842572062,
            "recall": 0.8125,
            "f1-score": 0.763807285546416,
            "support": 400.0
        },
        "28": {
            "precision": 0.7351694915254238,
            "recall": 0.9532967032967034,
            "f1-score": 0.8301435406698564,
            "support": 364.0
        },
        "29": {
            "precision": 0.8181818181818182,
            "recall": 0.904639175257732,
            "f1-score": 0.8592411260709915,
            "support": 388.0
        },
        "30": {
            "precision": 0.8549618320610687,
            "recall": 0.4021543985637343,
            "f1-score": 0.5470085470085471,
            "support": 557.0
        },
        "31": {
            "precision": 0.9199255121042831,
            "recall": 0.9445506692160612,
            "f1-score": 0.9320754716981132,
            "support": 523.0
        },
        "32": {
            "precision": 0.8314606741573034,
            "recall": 0.7944785276073619,
            "f1-score": 0.8125490196078431,
            "support": 652.0
        },
        "33": {
            "precision": 0.6714579055441479,
            "recall": 0.9289772727272727,
            "f1-score": 0.7794994040524433,
            "support": 352.0
        },
        "34": {
            "precision": 0.7136871508379888,
            "recall": 0.7801526717557252,
            "f1-score": 0.7454412837345004,
            "support": 655.0
        },
        "35": {
            "precision": 0.8794520547945206,
            "recall": 0.6701461377870563,
            "f1-score": 0.7606635071090048,
            "support": 479.0
        },
        "36": {
            "precision": 0.945910290237467,
            "recall": 0.8722627737226277,
            "f1-score": 0.9075949367088607,
            "support": 822.0
        },
        "37": {
            "precision": 0.8248730964467005,
            "recall": 0.8807588075880759,
            "f1-score": 0.8519003931847968,
            "support": 738.0
        },
        "38": {
            "precision": 0.9142441860465116,
            "recall": 0.8736111111111111,
            "f1-score": 0.8934659090909091,
            "support": 720.0
        },
        "39": {
            "precision": 0.6777939042089985,
            "recall": 0.6477115117891817,
            "f1-score": 0.6624113475177305,
            "support": 721.0
        },
        "40": {
            "precision": 0.8605150214592274,
            "recall": 0.6986062717770035,
            "f1-score": 0.7711538461538462,
            "support": 574.0
        },
        "41": {
            "precision": 0.9158751696065129,
            "recall": 0.8653846153846154,
            "f1-score": 0.8899143045484509,
            "support": 780.0
        },