{
    "acc1": 0.7450678401173451,
    "acc5": [
        0.9407774110744408
    ],
    "mean_per_class_recall": 0.749380503716016,
    "classification_report": {
        "0": {
            "precision": 0.965,
            "recall": 0.9353796445880452,
            "f1-score": 0.9499589827727646,
            "support": 619.0
        },
        "1": {
            "precision": 0.8760683760683761,
            "recall": 0.9297052154195011,
            "f1-score": 0.9020902090209021,
            "support": 441.0
        },
        "2": {
            "precision": 0.8861480075901328,
            "recall": 0.6423658872077029,
            "f1-score": 0.74481658692185,
            "support": 727.0
        },
        "3": {
            "precision": 0.7842323651452282,
            "recall": 0.8235294117647058,
            "f1-score": 0.8034006376195537,
            "support": 459.0
        },
        "4": {
            "precision": 0.6492146596858639,
            "recall": 0.8454545454545455,
            "f1-score": 0.7344521224086871,
            "support": 440.0
        },
        "5": {
            "precision": 0.9888888888888889,
            "recall": 0.967391304347826,
            "f1-score": 0.978021978021978,
            "support": 920.0
        },
        "6": {
            "precision": 0.582995951417004,
            "recall": 0.26422018348623855,
            "f1-score": 0.36363636363636365,
            "support": 545.0
        },
        "7": {
            "precision": 0.5719626168224299,
            "recall": 0.6815144766146993,
            "f1-score": 0.6219512195121951,
            "support": 449.0
        },
        "8": {
            "precision": 0.7732558139534884,
            "recall": 0.9637681159420289,
            "f1-score": 0.8580645161290322,
            "support": 414.0
        },
        "9": {
            "precision": 0.4327731092436975,
            "recall": 0.6130952380952381,
            "f1-score": 0.5073891625615764,
            "support": 336.0
        },
        "10": {
            "precision": 0.7577903682719547,
            "recall": 0.8519108280254777,
            "f1-score": 0.8020989505247377,
            "support": 628.0
        },
        "11": {
            "precision": 0.9775086505190311,
            "recall": 0.70625,
            "f1-score": 0.8200290275761973,
            "support": 800.0
        },
        "12": {
            "precision": 0.9398625429553265,
            "recall": 0.9630281690140845,
            "f1-score": 0.951304347826087,
            "support": 568.0
        },
        "13": {
            "precision": 0.810379241516966,
            "recall": 0.973621103117506,
            "f1-score": 0.8845315904139434,
            "support": 417.0
        },
        "14": {
            "precision": 0.7387755102040816,
            "recall": 0.9095477386934674,
            "f1-score": 0.8153153153153153,
            "support": 597.0
        },
        "15": {
            "precision": 0.5490196078431373,
            "recall": 0.07197943444730077,
            "f1-score": 0.12727272727272726,
            "support": 389.0
        },
        "16": {
            "precision": 0.6611418047882136,
            "recall": 0.7417355371900827,
            "f1-score": 0.6991236611489776,
            "support": 484.0
        },
        "17": {
            "precision": 0.8502202643171806,
            "recall": 0.4923469387755102,
            "f1-score": 0.6235864297253635,
            "support": 392.0
        },
        "18": {
            "precision": 0.847926267281106,
            "recall": 0.9435897435897436,
            "f1-score": 0.8932038834951457,
            "support": 390.0
        },
        "19": {
            "precision": 0.6388415672913118,
            "recall": 0.9259259259259259,
            "f1-score": 0.7560483870967742,
            "support": 405.0
        },
        "20": {
            "precision": 0.791907514450867,
            "recall": 0.7445652173913043,
            "f1-score": 0.7675070028011205,
            "support": 368.0
        },
        "21": {
            "precision": 0.8135593220338984,
            "recall": 0.2171945701357466,
            "f1-score": 0.34285714285714286,
            "support": 442.0
        },
        "22": {
            "precision": 0.9692307692307692,
            "recall": 0.8344370860927153,
            "f1-score": 0.896797153024911,
            "support": 755.0
        },
        "23": {
            "precision": 0.40145985401459855,
            "recall": 0.4274611398963731,
            "f1-score": 0.41405269761606023,
            "support": 386.0
        },
        "24": {
            "precision": 0.914364640883978,
            "recall": 0.8092909535452323,
            "f1-score": 0.8586251621271076,
            "support": 409.0
        },
        "25": {
            "precision": 0.5838709677419355,
            "recall": 0.7494824016563147,
            "f1-score": 0.6563916591115141,
            "support": 483.0
        },
        "26": {
            "precision": 0.8577405857740585,
            "recall": 0.6011730205278593,
            "f1-score": 0.7068965517241379,
            "support": 682.0
        },
        "27": {
            "precision": 0.8611940298507462,
            "recall": 0.9474548440065681,
            "f1-score": 0.9022673964034402,
            "support": 609.0
        },
        "28": {
            "precision": 0.640650406504065,
            "recall": 0.9825436408977556,
            "f1-score": 0.7755905511811023,
            "support": 401.0
        },
        "29": {
            "precision": 0.5659340659340659,
            "recall": 0.8279742765273312,
            "f1-score": 0.6723237597911227,
            "support": 622.0
        },
        "30": {
            "precision": 0.6681318681318681,
            "recall": 0.47648902821316613,
            "f1-score": 0.5562671546203111,
            "support": 638.0
        },
        "31": {
            "precision": 0.62,
            "recall": 0.055062166962699825,
            "f1-score": 0.10114192495921696,
            "support": 563.0
        },
        "32": {
            "precision": 0.4182621502209131,
            "recall": 0.6339285714285714,
            "f1-score": 0.5039929015084295,
            "support": 448.0
        },
        "33": {
            "precision": 0.8071253071253072,
            "recall": 0.9385714285714286,
            "f1-score": 0.8678996036988111,
            "support": 700.0
        },
        "34": {
            "precision": 0.7890995260663507,
            "recall": 0.8903743315508021,
            "f1-score": 0.8366834170854272,
            "support": 374.0
        },
        "35": {
            "precision": 0.7571157495256167,
            "recall": 0.9591346153846154,
            "f1-score": 0.8462354188759279,
            "support": 416.0
        },
        "36": {
            "precision": 0.9289099526066351,
            "recall": 0.7716535433070866,
            "f1-score": 0.843010752688172,
            "support": 508.0
        },
        "37": {
            "precision": 0.7629733520336606,
            "recall": 0.8704,
            "f1-score": 0.8131539611360239,
            "support": 625.0
        },
        "38": {
            "precision": 0.7645390070921986,
            "recall": 0.9539823008849557,
            "f1-score": 0.8488188976377953,
            "support": 565.0
        },
        "39": {
            "precision": 0.8671232876712329,
            "recall": 0.9094827586206896,
            "f1-score": 0.8877980364656382,
            "support": 696.0
        },
        "40": {
            "precision": 0.813953488372093,
            "recall": 0.6347150259067358,
            "f1-score": 0.7132459970887919,
            "support": 386.0
        },
        "41": {
            "precision": 0.6940581542351454,
            "recall": 0.9242424242424242,
            "f1-score": 0.7927797833935019,
            "support": 594.0
        },