{
    "acc1": 0.7984692952228952,
    "acc5": [
        0.9510319561826689
    ],
    "mean_per_class_recall": 0.7877338673921327,
    "classification_report": {
        "0": {
            "precision": 0.6166666666666667,
            "recall": 0.193717277486911,
            "f1-score": 0.2948207171314741,
            "support": 382.0
        },
        "1": {
            "precision": 0.84,
            "recall": 0.13570274636510501,
            "f1-score": 0.2336578581363004,
            "support": 619.0
        },
        "2": {
            "precision": 0.6510204081632653,
            "recall": 0.7384259259259259,
            "f1-score": 0.6919739696312365,
            "support": 432.0
        },
        "3": {
            "precision": 0.9300699300699301,
            "recall": 0.9736456808199122,
            "f1-score": 0.9513590844062947,
            "support": 683.0
        },
        "4": {
            "precision": 0.8843537414965986,
            "recall": 0.9558823529411765,
            "f1-score": 0.9187279151943463,
            "support": 680.0
        },
        "5": {
            "precision": 0.9354838709677419,
            "recall": 0.2672811059907834,
            "f1-score": 0.4157706093189964,
            "support": 434.0
        },
        "6": {
            "precision": 0.9598997493734336,
            "recall": 0.9097387173396675,
            "f1-score": 0.9341463414634147,
            "support": 421.0
        },
        "7": {
            "precision": 0.21428571428571427,
            "recall": 0.1325581395348837,
            "f1-score": 0.16379310344827586,
            "support": 430.0
        },
        "8": {
            "precision": 0.8229166666666666,
            "recall": 0.9537223340040242,
            "f1-score": 0.8835041938490215,
            "support": 497.0
        },
        "9": {
            "precision": 0.4953271028037383,
            "recall": 0.9712041884816754,
            "f1-score": 0.6560565870910698,
            "support": 382.0
        },
        "10": {
            "precision": 0.9836829836829837,
            "recall": 0.9440715883668904,
            "f1-score": 0.9634703196347032,
            "support": 447.0
        },
        "11": {
            "precision": 0.8466386554621849,
            "recall": 0.9781553398058253,
            "f1-score": 0.9076576576576577,
            "support": 412.0
        },
        "12": {
            "precision": 0.9270833333333334,
            "recall": 0.6368515205724508,
            "f1-score": 0.7550371155885471,
            "support": 559.0
        },
        "13": {
            "precision": 0.6383838383838384,
            "recall": 0.7726161369193154,
            "f1-score": 0.6991150442477876,
            "support": 409.0
        },
        "14": {
            "precision": 0.9673076923076923,
            "recall": 0.9636015325670498,
            "f1-score": 0.9654510556621881,
            "support": 522.0
        },
        "15": {
            "precision": 0.8483033932135728,
            "recall": 0.7798165137614679,
            "f1-score": 0.8126195028680688,
            "support": 545.0
        },
        "16": {
            "precision": 0.7508896797153025,
            "recall": 0.581267217630854,
            "f1-score": 0.65527950310559,
            "support": 363.0
        },
        "17": {
            "precision": 0.4255129348795718,
            "recall": 0.8383128295254832,
            "f1-score": 0.5644970414201184,
            "support": 569.0
        },
        "18": {
            "precision": 0.8441295546558705,
            "recall": 0.805019305019305,
            "f1-score": 0.8241106719367589,
            "support": 518.0
        },
        "19": {
            "precision": 0.8073022312373225,
            "recall": 0.8785871964679912,
            "f1-score": 0.8414376321353065,
            "support": 453.0
        },
        "20": {
            "precision": 0.6006493506493507,
            "recall": 0.9367088607594937,
            "f1-score": 0.731948565776459,
            "support": 395.0
        },
        "21": {
            "precision": 0.8773109243697479,
            "recall": 0.8474025974025974,
            "f1-score": 0.8620974401321222,
            "support": 616.0
        },
        "22": {
            "precision": 0.8193146417445483,
            "recall": 0.9813432835820896,
            "f1-score": 0.8930390492359932,
            "support": 536.0
        },
        "23": {
            "precision": 0.8882978723404256,
            "recall": 0.9737609329446064,
            "f1-score": 0.9290681502086231,
            "support": 686.0
        },
        "24": {
            "precision": 0.8483033932135728,
            "recall": 0.9725400457665904,
            "f1-score": 0.906183368869936,
            "support": 437.0
        },
        "25": {
            "precision": 0.7991004497751124,
            "recall": 0.8149847094801224,
            "f1-score": 0.8069644208932627,
            "support": 654.0
        },
        "26": {
            "precision": 0.9484679665738162,
            "recall": 0.9826839826839827,
            "f1-score": 0.9652728561304039,
            "support": 693.0
        },
        "27": {
            "precision": 0.7923976608187134,
            "recall": 0.7655367231638418,
            "f1-score": 0.7787356321839081,
            "support": 708.0
        },
        "28": {
            "precision": 0.6632653061224489,
            "recall": 0.9538784067085954,
            "f1-score": 0.7824591573516767,
            "support": 477.0
        },
        "29": {
            "precision": 0.900952380952381,
            "recall": 0.8386524822695035,
            "f1-score": 0.8686868686868687,
            "support": 564.0
        },
        "30": {
            "precision": 0.6458036984352774,
            "recall": 0.7868284228769498,
            "f1-score": 0.709375,
            "support": 577.0
        },
        "31": {
            "precision": 0.792910447761194,
            "recall": 0.9023354564755839,
            "f1-score": 0.8440913604766633,
            "support": 471.0
        },
        "32": {
            "precision": 0.9398034398034398,
            "recall": 0.9317904993909866,
            "f1-score": 0.9357798165137615,
            "support": 821.0
        },
        "33": {
            "precision": 0.8742690058479532,
            "recall": 0.9101978691019786,
            "f1-score": 0.8918717375093214,
            "support": 657.0
        },
        "34": {
            "precision": 0.9771689497716894,
            "recall": 0.3862815884476534,
            "f1-score": 0.553686934023286,
            "support": 554.0
        },
        "35": {
            "precision": 0.6595022624434389,
            "recall": 0.9357945425361156,
            "f1-score": 0.7737226277372263,
            "support": 623.0
        },
        "36": {
            "precision": 0.8801916932907349,
            "recall": 0.8260869565217391,
            "f1-score": 0.8522815158546017,
            "support": 667.0
        },
        "37": {
            "precision": 0.6842105263157895,
            "recall": 0.9591836734693877,
            "f1-score": 0.7986928104575164,
            "support": 637.0
        },
        "38": {
            "precision": 0.8869969040247678,
            "recall": 0.9845360824742269,
            "f1-score": 0.9332247557003257,
            "support": 582.0
        },
        "39": {
            "precision": 0.8580060422960725,
            "recall": 0.8833592534992224,
            "f1-score": 0.8704980842911877,
            "support": 643.0
        },
        "40": {
            "precision": 0.8692660550458715,
            "recall": 0.586687306501548,
            "f1-score": 0.7005545286506469,
            "support": 646.0
        },
        "41": {
            "precision": 0.8125984251968504,
            "recall": 0.9662921348314607,
            "f1-score": 0.8828058169375534,
            "support": 534.0
        },