{
    "acc1": 0.6592463092463092,
    "acc5": [
        0.9028749028749029
    ],
    "mean_per_class_recall": 0.6400511828399559,
    "classification_report": {
        "0": {
            "precision": 0.31281198003327787,
            "recall": 0.48205128205128206,
            "f1-score": 0.3794147325933401,
            "support": 390.0
        },
        "1": {
            "precision": 0.7258485639686684,
            "recall": 0.4527687296416938,
            "f1-score": 0.5576730190571715,
            "support": 614.0
        },
        "2": {
            "precision": 0.8611599297012302,
            "recall": 0.8596491228070176,
            "f1-score": 0.8604038630377524,
            "support": 570.0
        },
        "3": {
            "precision": 0.7663865546218488,
            "recall": 0.9334698055271239,
            "f1-score": 0.8417166589755423,
            "support": 977.0
        },
        "4": {
            "precision": 0.8755980861244019,
            "recall": 0.8026315789473685,
            "f1-score": 0.8375286041189931,
            "support": 456.0
        },
        "5": {
            "precision": 0.8208955223880597,
            "recall": 0.5851063829787234,
            "f1-score": 0.6832298136645962,
            "support": 564.0
        },
        "6": {
            "precision": 0.6505524861878453,
            "recall": 0.7942664418212478,
            "f1-score": 0.715261958997722,
            "support": 593.0
        },
        "7": {
            "precision": 0.5047058823529412,
            "recall": 0.6336779911373708,
            "f1-score": 0.5618860510805501,
            "support": 677.0
        },
        "8": {
            "precision": 0.3602941176470588,
            "recall": 0.12039312039312039,
            "f1-score": 0.18047882136279927,
            "support": 407.0
        },
        "9": {
            "precision": 0.7644927536231884,
            "recall": 0.4762979683972912,
            "f1-score": 0.5869262865090403,
            "support": 443.0
        },
        "10": {
            "precision": 0.6295180722891566,
            "recall": 0.40425531914893614,
            "f1-score": 0.4923439340400471,
            "support": 517.0
        },
        "11": {
            "precision": 0.8311688311688312,
            "recall": 0.9431578947368421,
            "f1-score": 0.883629191321499,
            "support": 475.0
        },
        "12": {
            "precision": 0.18404907975460122,
            "recall": 0.1534526854219949,
            "f1-score": 0.16736401673640167,
            "support": 391.0
        },
        "13": {
            "precision": 0.8324324324324325,
            "recall": 0.6844444444444444,
            "f1-score": 0.751219512195122,
            "support": 450.0
        },
        "14": {
            "precision": 0.8449367088607594,
            "recall": 0.9816176470588235,
            "f1-score": 0.9081632653061225,
            "support": 544.0
        },
        "15": {
            "precision": 0.5658307210031348,
            "recall": 0.7899343544857768,
            "f1-score": 0.6593607305936073,
            "support": 457.0
        },
        "16": {
            "precision": 0.7805851063829787,
            "recall": 0.9452495974235104,
            "f1-score": 0.8550619082301529,
            "support": 621.0
        },
        "17": {
            "precision": 0.8246951219512195,
            "recall": 0.9016666666666666,
            "f1-score": 0.8614649681528662,
            "support": 600.0
        },
        "18": {
            "precision": 0.87409200968523,
            "recall": 0.696911196911197,
            "f1-score": 0.7755102040816326,
            "support": 518.0
        },
        "19": {
            "precision": 0.9242424242424242,
            "recall": 0.4510166358595194,
            "f1-score": 0.6062111801242236,
            "support": 541.0
        },
        "20": {
            "precision": 0.7222222222222222,
            "recall": 0.23049645390070922,
            "f1-score": 0.34946236559139787,
            "support": 564.0
        },
        "21": {
            "precision": 0.6710239651416122,
            "recall": 0.7877237851662404,
            "f1-score": 0.7247058823529412,
            "support": 391.0
        },
        "22": {
            "precision": 0.7520833333333333,
            "recall": 0.5372023809523809,
            "f1-score": 0.6267361111111112,
            "support": 672.0
        },
        "23": {
            "precision": 0.6623376623376623,
            "recall": 0.12781954887218044,
            "f1-score": 0.21428571428571427,
            "support": 399.0
        },
        "24": {
            "precision": 0.7554269175108539,
            "recall": 0.9560439560439561,
            "f1-score": 0.8439773645917542,
            "support": 546.0
        },
        "25": {
            "precision": 0.6729559748427673,
            "recall": 0.6114285714285714,
            "f1-score": 0.6407185628742516,
            "support": 350.0
        },
        "26": {
            "precision": 0.6961240310077519,
            "recall": 0.9760869565217392,
            "f1-score": 0.8126696832579186,
            "support": 460.0
        },
        "27": {
            "precision": 0.5179856115107914,
            "recall": 0.2860927152317881,
            "f1-score": 0.36860068259385664,
            "support": 755.0
        },
        "28": {
            "precision": 0.9340028694404591,
            "recall": 0.9587628865979382,
            "f1-score": 0.9462209302325582,
            "support": 679.0
        },
        "29": {
            "precision": 0.7594202898550725,
            "recall": 0.4833948339483395,
            "f1-score": 0.5907553551296505,
            "support": 542.0
        },
        "30": {
            "precision": 0.747599451303155,
            "recall": 0.8596214511041009,
            "f1-score": 0.7997065297138665,
            "support": 634.0
        },
        "31": {
            "precision": 0.7193798449612403,
            "recall": 0.8513761467889909,
            "f1-score": 0.7798319327731092,
            "support": 545.0
        },
        "32": {
            "precision": 0.7976011994002998,
            "recall": 0.8484848484848485,
            "f1-score": 0.8222565687789799,
            "support": 627.0
        },
        "33": {
            "precision": 0.8643533123028391,
            "recall": 0.5854700854700855,
            "f1-score": 0.6980891719745222,
            "support": 468.0
        },
        "34": {
            "precision": 0.6113989637305699,
            "recall": 0.3064935064935065,
            "f1-score": 0.4083044982698962,
            "support": 385.0
        },
        "35": {
            "precision": 0.45,
            "recall": 0.4712041884816754,
            "f1-score": 0.46035805626598464,
            "support": 382.0
        },
        "36": {
            "precision": 0.38620689655172413,
            "recall": 0.38009049773755654,
            "f1-score": 0.3831242873432155,
            "support": 442.0
        },
        "37": {
            "precision": 0.7052631578947368,
            "recall": 0.3160377358490566,
            "f1-score": 0.4364820846905538,
            "support": 424.0
        },
        "38": {
            "precision": 0.3413078149920255,
            "recall": 0.6729559748427673,
            "f1-score": 0.45291005291005293,
            "support": 318.0
        },
        "39": {
            "precision": 0.610655737704918,
            "recall": 0.6819221967963387,
            "f1-score": 0.6443243243243243,
            "support": 437.0
        },
        "40": {
            "precision": 0.8673913043478261,
            "recall": 0.7556818181818182,
            "f1-score": 0.8076923076923077,
            "support": 528.0
        },
        "41": {
            "precision": 0.9309153713298791,
            "recall": 0.7938144329896907,
            "f1-score": 0.8569157392686805,
            "support": 679.0
        },