{
    "acc1": 0.7611821086261981,
    "acc5": [
        0.9463334854708657
    ],
    "mean_per_class_recall": 0.7632284271971649,
    "classification_report": {
        "0": {
            "precision": 0.903420523138833,
            "recall": 0.8735408560311284,
            "f1-score": 0.8882294757665677,
            "support": 514.0
        },
        "1": {
            "precision": 0.9098901098901099,
            "recall": 0.8380566801619433,
            "f1-score": 0.8724973656480506,
            "support": 494.0
        },
        "2": {
            "precision": 0.9099099099099099,
            "recall": 0.8364389233954451,
            "f1-score": 0.8716289104638619,
            "support": 483.0
        },
        "3": {
            "precision": 0.43454545454545457,
            "recall": 0.3671274961597542,
            "f1-score": 0.3980016652789342,
            "support": 651.0
        },
        "4": {
            "precision": 0.8460365853658537,
            "recall": 0.8210059171597633,
            "f1-score": 0.8333333333333334,
            "support": 676.0
        },
        "5": {
            "precision": 0.19117647058823528,
            "recall": 0.03571428571428571,
            "f1-score": 0.06018518518518518,
            "support": 364.0
        },
        "6": {
            "precision": 0.847741935483871,
            "recall": 0.9163179916317992,
            "f1-score": 0.8806970509383378,
            "support": 717.0
        },
        "7": {
            "precision": 0.5318595578673602,
            "recall": 0.9533799533799534,
            "f1-score": 0.6828046744574291,
            "support": 429.0
        },
        "8": {
            "precision": 0.7350318471337579,
            "recall": 0.9321486268174475,
            "f1-score": 0.8219373219373219,
            "support": 619.0
        },
        "9": {
            "precision": 0.8759259259259259,
            "recall": 0.9131274131274131,
            "f1-score": 0.8941398865784499,
            "support": 518.0
        },
        "10": {
            "precision": 0.9297752808988764,
            "recall": 0.7471783295711061,
            "f1-score": 0.8285356695869838,
            "support": 443.0
        },
        "11": {
            "precision": 0.8318965517241379,
            "recall": 0.41594827586206895,
            "f1-score": 0.5545977011494253,
            "support": 464.0
        },
        "12": {
            "precision": 0.8025751072961373,
            "recall": 0.9816272965879265,
            "f1-score": 0.8831168831168831,
            "support": 381.0
        },
        "13": {
            "precision": 0.9675810473815462,
            "recall": 0.8622222222222222,
            "f1-score": 0.9118683901292597,
            "support": 450.0
        },
        "14": {
            "precision": 0.8391959798994975,
            "recall": 0.9556509298998569,
            "f1-score": 0.8936454849498328,
            "support": 699.0
        },
        "15": {
            "precision": 0.7205387205387206,
            "recall": 0.3955637707948244,
            "f1-score": 0.5107398568019093,
            "support": 541.0
        },
        "16": {
            "precision": 0.8927738927738927,
            "recall": 0.7880658436213992,
            "f1-score": 0.8371584699453551,
            "support": 486.0
        },
        "17": {
            "precision": 0.7645985401459854,
            "recall": 0.8551020408163266,
            "f1-score": 0.8073217726396917,
            "support": 490.0
        },
        "18": {
            "precision": 0.7404371584699454,
            "recall": 0.7970588235294118,
            "f1-score": 0.7677053824362606,
            "support": 340.0
        },
        "19": {
            "precision": 0.7332185886402753,
            "recall": 0.922077922077922,
            "f1-score": 0.8168744007670182,
            "support": 462.0
        },
        "20": {
            "precision": 0.9457831325301205,
            "recall": 0.7185354691075515,
            "f1-score": 0.8166449934980494,
            "support": 437.0
        },
        "21": {
            "precision": 0.8585209003215434,
            "recall": 0.6935064935064935,
            "f1-score": 0.7672413793103449,
            "support": 385.0
        },
        "22": {
            "precision": 0.40059790732436473,
            "recall": 0.7952522255192879,
            "f1-score": 0.532803180914513,
            "support": 337.0
        },
        "23": {
            "precision": 0.8662207357859532,
            "recall": 0.7640117994100295,
            "f1-score": 0.8119122257053292,
            "support": 339.0
        },
        "24": {
            "precision": 0.7859778597785978,
            "recall": 0.9362637362637363,
            "f1-score": 0.8545636910732196,
            "support": 910.0
        },
        "25": {
            "precision": 0.34626865671641793,
            "recall": 0.8992248062015504,
            "f1-score": 0.5,
            "support": 516.0
        },
        "26": {
            "precision": 0.949238578680203,
            "recall": 0.8657407407407407,
            "f1-score": 0.9055690072639225,
            "support": 432.0
        },
        "27": {
            "precision": 0.7093275488069414,
            "recall": 0.8175,
            "f1-score": 0.759581881533101,
            "support": 400.0
        },
        "28": {
            "precision": 0.7014028056112225,
            "recall": 0.9615384615384616,
            "f1-score": 0.8111239860950173,
            "support": 364.0
        },
        "29": {
            "precision": 0.8528678304239401,
            "recall": 0.8814432989690721,
            "f1-score": 0.8669201520912547,
            "support": 388.0
        },
        "30": {
            "precision": 0.8161559888579387,
            "recall": 0.526032315978456,
            "f1-score": 0.6397379912663755,
            "support": 557.0
        },
        "31": {
            "precision": 0.8780487804878049,
            "recall": 0.9636711281070746,
            "f1-score": 0.918869644484959,
            "support": 523.0
        },
        "32": {
            "precision": 0.8360128617363344,
            "recall": 0.7975460122699386,
            "f1-score": 0.8163265306122449,
            "support": 652.0
        },
        "33": {
            "precision": 0.6368932038834951,
            "recall": 0.9318181818181818,
            "f1-score": 0.7566320645905421,
            "support": 352.0
        },
        "34": {
            "precision": 0.6571072319201995,
            "recall": 0.8045801526717558,
            "f1-score": 0.723404255319149,
            "support": 655.0
        },
        "35": {
            "precision": 0.9315960912052117,
            "recall": 0.5970772442588727,
            "f1-score": 0.727735368956743,
            "support": 479.0
        },
        "36": {
            "precision": 0.9333333333333333,
            "recall": 0.851581508515815,
            "f1-score": 0.8905852417302799,
            "support": 822.0
        },
        "37": {
            "precision": 0.868421052631579,
            "recall": 0.8943089430894309,
            "f1-score": 0.8811748998664887,
            "support": 738.0
        },
        "38": {
            "precision": 0.9574132492113565,
            "recall": 0.8430555555555556,
            "f1-score": 0.896602658788774,
            "support": 720.0
        },
        "39": {
            "precision": 0.5851063829787234,
            "recall": 0.07628294036061026,
            "f1-score": 0.13496932515337423,
            "support": 721.0
        },
        "40": {
            "precision": 0.8673218673218673,
            "recall": 0.6149825783972126,
            "f1-score": 0.7196738022426096,
            "support": 574.0
        },
        "41": {
            "precision": 0.9212707182320442,
            "recall": 0.8551282051282051,
            "f1-score": 0.886968085106383,
            "support": 780.0
        },