{
    "acc1": 0.6276127612761276,
    "acc5": [
        0.862999633296663
    ],
    "mean_per_class_recall": 0.6345980815532474,
    "classification_report": {
        "0": {
            "precision": 0.9467140319715808,
            "recall": 0.8610662358642972,
            "f1-score": 0.9018612521150592,
            "support": 619.0
        },
        "1": {
            "precision": 0.9034267912772586,
            "recall": 0.6575963718820862,
            "f1-score": 0.7611548556430446,
            "support": 441.0
        },
        "2": {
            "precision": 0.2717391304347826,
            "recall": 0.0343878954607978,
            "f1-score": 0.06105006105006105,
            "support": 727.0
        },
        "3": {
            "precision": 0.6034755134281201,
            "recall": 0.8322440087145969,
            "f1-score": 0.6996336996336996,
            "support": 459.0
        },
        "4": {
            "precision": 0.8247978436657682,
            "recall": 0.6954545454545454,
            "f1-score": 0.7546239210850801,
            "support": 440.0
        },
        "5": {
            "precision": 0.9608695652173913,
            "recall": 0.9608695652173913,
            "f1-score": 0.9608695652173913,
            "support": 920.0
        },
        "6": {
            "precision": 0.28,
            "recall": 0.15412844036697249,
            "f1-score": 0.19881656804733727,
            "support": 545.0
        },
        "7": {
            "precision": 0.578125,
            "recall": 0.32962138084632514,
            "f1-score": 0.4198581560283688,
            "support": 449.0
        },
        "8": {
            "precision": 0.8051643192488263,
            "recall": 0.8285024154589372,
            "f1-score": 0.8166666666666667,
            "support": 414.0
        },
        "9": {
            "precision": 0.11275964391691394,
            "recall": 0.1130952380952381,
            "f1-score": 0.11292719167904904,
            "support": 336.0
        },
        "10": {
            "precision": 0.6600660066006601,
            "recall": 0.6369426751592356,
            "f1-score": 0.6482982171799028,
            "support": 628.0
        },
        "11": {
            "precision": 0.9724137931034482,
            "recall": 0.52875,
            "f1-score": 0.6850202429149798,
            "support": 800.0
        },
        "12": {
            "precision": 0.846749226006192,
            "recall": 0.9630281690140845,
            "f1-score": 0.9011532125205931,
            "support": 568.0
        },
        "13": {
            "precision": 0.7727272727272727,
            "recall": 0.9784172661870504,
            "f1-score": 0.8634920634920635,
            "support": 417.0
        },
        "14": {
            "precision": 0.7279005524861878,
            "recall": 0.8827470686767169,
            "f1-score": 0.7978803936411809,
            "support": 597.0
        },
        "15": {
            "precision": 0.07476635514018691,
            "recall": 0.061696658097686374,
            "f1-score": 0.0676056338028169,
            "support": 389.0
        },
        "16": {
            "precision": 0.4951856946354883,
            "recall": 0.743801652892562,
            "f1-score": 0.5945499587118084,
            "support": 484.0
        },
        "17": {
            "precision": 0.7445482866043613,
            "recall": 0.6096938775510204,
            "f1-score": 0.6704067321178121,
            "support": 392.0
        },
        "18": {
            "precision": 0.791231732776618,
            "recall": 0.9717948717948718,
            "f1-score": 0.8722669735327964,
            "support": 390.0
        },
        "19": {
            "precision": 0.6876640419947506,
            "recall": 0.6469135802469136,
            "f1-score": 0.6666666666666666,
            "support": 405.0
        },
        "20": {
            "precision": 0.7084398976982097,
            "recall": 0.7527173913043478,
            "f1-score": 0.7299077733860343,
            "support": 368.0
        },
        "21": {
            "precision": 0.1941747572815534,
            "recall": 0.13574660633484162,
            "f1-score": 0.15978695073235685,
            "support": 442.0
        },
        "22": {
            "precision": 0.6950517836593786,
            "recall": 0.8,
            "f1-score": 0.7438423645320197,
            "support": 755.0
        },
        "23": {
            "precision": 0.3190789473684211,
            "recall": 0.5025906735751295,
            "f1-score": 0.3903420523138833,
            "support": 386.0
        },
        "24": {
            "precision": 0.9090909090909091,
            "recall": 0.7334963325183375,
            "f1-score": 0.8119079837618404,
            "support": 409.0
        },
        "25": {
            "precision": 0.447242206235012,
            "recall": 0.772256728778468,
            "f1-score": 0.5664388762338648,
            "support": 483.0
        },
        "26": {
            "precision": 0.7761194029850746,
            "recall": 0.7624633431085044,
            "f1-score": 0.7692307692307693,
            "support": 682.0
        },
        "27": {
            "precision": 0.6900237529691211,
            "recall": 0.9540229885057471,
            "f1-score": 0.8008270158511371,
            "support": 609.0
        },
        "28": {
            "precision": 0.7005444646098004,
            "recall": 0.9625935162094763,
            "f1-score": 0.8109243697478992,
            "support": 401.0
        },
        "29": {
            "precision": 0.5555555555555556,
            "recall": 0.48231511254019294,
            "f1-score": 0.5163511187607573,
            "support": 622.0
        },
        "30": {
            "precision": 0.6128472222222222,
            "recall": 0.5532915360501567,
            "f1-score": 0.5815485996705108,
            "support": 638.0
        },
        "31": {
            "precision": 0.02702702702702703,
            "recall": 0.0017761989342806395,
            "f1-score": 0.0033333333333333335,
            "support": 563.0
        },
        "32": {
            "precision": 0.625,
            "recall": 0.17857142857142858,
            "f1-score": 0.2777777777777778,
            "support": 448.0
        },
        "33": {
            "precision": 0.7593023255813953,
            "recall": 0.9328571428571428,
            "f1-score": 0.8371794871794872,
            "support": 700.0
        },
        "34": {
            "precision": 0.7847025495750708,
            "recall": 0.7406417112299465,
            "f1-score": 0.7620357634112792,
            "support": 374.0
        },
        "35": {
            "precision": 0.7399193548387096,
            "recall": 0.8822115384615384,
            "f1-score": 0.8048245614035088,
            "support": 416.0
        },
        "36": {
            "precision": 0.9324894514767933,
            "recall": 0.43503937007874016,
            "f1-score": 0.5932885906040268,
            "support": 508.0
        },
        "37": {
            "precision": 0.7158774373259053,
            "recall": 0.8224,
            "f1-score": 0.7654504839910647,
            "support": 625.0
        },
        "38": {
            "precision": 0.8101933216168717,
            "recall": 0.815929203539823,
            "f1-score": 0.8130511463844797,
            "support": 565.0
        },
        "39": {
            "precision": 0.7832080200501254,
            "recall": 0.8979885057471264,
            "f1-score": 0.8366800535475234,
            "support": 696.0
        },
        "40": {
            "precision": 0.7760416666666666,
            "recall": 0.3860103626943005,
            "f1-score": 0.5155709342560554,
            "support": 386.0
        },
        "41": {
            "precision": 0.3724808895066018,
            "recall": 0.9023569023569024,
            "f1-score": 0.5272995573044762,
            "support": 594.0
        },