{
    "acc1": 0.7745321770880876,
    "acc5": [
        0.9480830670926518
    ],
    "mean_per_class_recall": 0.7738278285583413,
    "classification_report": {
        "0": {
            "precision": 0.8797709923664122,
            "recall": 0.896887159533074,
            "f1-score": 0.8882466281310212,
            "support": 514.0
        },
        "1": {
            "precision": 0.9073275862068966,
            "recall": 0.8522267206477733,
            "f1-score": 0.8789144050104384,
            "support": 494.0
        },
        "2": {
            "precision": 0.9057017543859649,
            "recall": 0.855072463768116,
            "f1-score": 0.8796592119275826,
            "support": 483.0
        },
        "3": {
            "precision": 0.5103550295857988,
            "recall": 0.5299539170506913,
            "f1-score": 0.5199698568198945,
            "support": 651.0
        },
        "4": {
            "precision": 0.8619631901840491,
            "recall": 0.8313609467455622,
            "f1-score": 0.8463855421686747,
            "support": 676.0
        },
        "5": {
            "precision": 0.38823529411764707,
            "recall": 0.09065934065934066,
            "f1-score": 0.14699331848552338,
            "support": 364.0
        },
        "6": {
            "precision": 0.8580729166666666,
            "recall": 0.9191073919107392,
            "f1-score": 0.8875420875420875,
            "support": 717.0
        },
        "7": {
            "precision": 0.5156838143036386,
            "recall": 0.958041958041958,
            "f1-score": 0.6704730831973899,
            "support": 429.0
        },
        "8": {
            "precision": 0.7410256410256411,
            "recall": 0.9337641357027464,
            "f1-score": 0.8263045032165832,
            "support": 619.0
        },
        "9": {
            "precision": 0.8920454545454546,
            "recall": 0.9092664092664092,
            "f1-score": 0.9005736137667304,
            "support": 518.0
        },
        "10": {
            "precision": 0.9028571428571428,
            "recall": 0.7133182844243793,
            "f1-score": 0.7969735182849937,
            "support": 443.0
        },
        "11": {
            "precision": 0.8732394366197183,
            "recall": 0.40086206896551724,
            "f1-score": 0.5494830132939439,
            "support": 464.0
        },
        "12": {
            "precision": 0.78125,
            "recall": 0.984251968503937,
            "f1-score": 0.8710801393728222,
            "support": 381.0
        },
        "13": {
            "precision": 0.9556650246305419,
            "recall": 0.8622222222222222,
            "f1-score": 0.9065420560747663,
            "support": 450.0
        },
        "14": {
            "precision": 0.8619791666666666,
            "recall": 0.9470672389127325,
            "f1-score": 0.9025221540558964,
            "support": 699.0
        },
        "15": {
            "precision": 0.665083135391924,
            "recall": 0.5175600739371534,
            "f1-score": 0.5821205821205822,
            "support": 541.0
        },
        "16": {
            "precision": 0.8891257995735607,
            "recall": 0.8580246913580247,
            "f1-score": 0.8732984293193717,
            "support": 486.0
        },
        "17": {
            "precision": 0.7690875232774674,
            "recall": 0.8428571428571429,
            "f1-score": 0.804284323271665,
            "support": 490.0
        },
        "18": {
            "precision": 0.7108108108108108,
            "recall": 0.7735294117647059,
            "f1-score": 0.7408450704225352,
            "support": 340.0
        },
        "19": {
            "precision": 0.8091603053435115,
            "recall": 0.9177489177489178,
            "f1-score": 0.8600405679513184,
            "support": 462.0
        },
        "20": {
            "precision": 0.9375,
            "recall": 0.6864988558352403,
            "f1-score": 0.7926023778071334,
            "support": 437.0
        },
        "21": {
            "precision": 0.8802816901408451,
            "recall": 0.6493506493506493,
            "f1-score": 0.7473841554559043,
            "support": 385.0
        },
        "22": {
            "precision": 0.4186046511627907,
            "recall": 0.8011869436201781,
            "f1-score": 0.5498981670061099,
            "support": 337.0
        },
        "23": {
            "precision": 0.8571428571428571,
            "recall": 0.7787610619469026,
            "f1-score": 0.8160741885625966,
            "support": 339.0
        },
        "24": {
            "precision": 0.8029739776951673,
            "recall": 0.9494505494505494,
            "f1-score": 0.8700906344410876,
            "support": 910.0
        },
        "25": {
            "precision": 0.3926056338028169,
            "recall": 0.8643410852713178,
            "f1-score": 0.5399515738498789,
            "support": 516.0
        },
        "26": {
            "precision": 0.9482758620689655,
            "recall": 0.8912037037037037,
            "f1-score": 0.918854415274463,
            "support": 432.0
        },
        "27": {
            "precision": 0.7103594080338267,
            "recall": 0.84,
            "f1-score": 0.7697594501718213,
            "support": 400.0
        },
        "28": {
            "precision": 0.733615221987315,
            "recall": 0.9532967032967034,
            "f1-score": 0.8291517323775388,
            "support": 364.0
        },
        "29": {
            "precision": 0.8297872340425532,
            "recall": 0.904639175257732,
            "f1-score": 0.8655980271270037,
            "support": 388.0
        },
        "30": {
            "precision": 0.8641114982578397,
            "recall": 0.4452423698384201,
            "f1-score": 0.5876777251184834,
            "support": 557.0
        },
        "31": {
            "precision": 0.8752166377816292,
            "recall": 0.9655831739961759,
            "f1-score": 0.9181818181818182,
            "support": 523.0
        },
        "32": {
            "precision": 0.849025974025974,
            "recall": 0.8021472392638037,
            "f1-score": 0.8249211356466877,
            "support": 652.0
        },
        "33": {
            "precision": 0.6578947368421053,
            "recall": 0.9232954545454546,
            "f1-score": 0.7683215130023641,
            "support": 352.0
        },
        "34": {
            "precision": 0.695137976346912,
            "recall": 0.8076335877862595,
            "f1-score": 0.7471751412429378,
            "support": 655.0
        },
        "35": {
            "precision": 0.9022988505747126,
            "recall": 0.6555323590814196,
            "f1-score": 0.7593712212817413,
            "support": 479.0
        },
        "36": {
            "precision": 0.9539295392953929,
            "recall": 0.8564476885644768,
            "f1-score": 0.9025641025641026,
            "support": 822.0
        },
        "37": {
            "precision": 0.8539473684210527,
            "recall": 0.8794037940379403,
            "f1-score": 0.8664886515353805,
            "support": 738.0
        },
        "38": {
            "precision": 0.9775280898876404,
            "recall": 0.8458333333333333,
            "f1-score": 0.9069247952345495,
            "support": 720.0
        },
        "39": {
            "precision": 0.6970684039087948,
            "recall": 0.29680998613037446,
            "f1-score": 0.4163424124513619,
            "support": 721.0
        },
        "40": {
            "precision": 0.8263598326359832,
            "recall": 0.6881533101045296,
            "f1-score": 0.7509505703422054,
            "support": 574.0
        },
        "41": {
            "precision": 0.9153225806451613,
            "recall": 0.8730769230769231,
            "f1-score": 0.8937007874015748,
            "support": 780.0
        },