{
    "acc1": 0.6934428723566104,
    "acc5": [
        0.9161722196865967
    ],
    "mean_per_class_recall": 0.6918264593264137,
    "classification_report": {
        "0": {
            "precision": 0.7699805068226121,
            "recall": 0.7684824902723736,
            "f1-score": 0.7692307692307693,
            "support": 514.0
        },
        "1": {
            "precision": 0.7871939736346516,
            "recall": 0.8461538461538461,
            "f1-score": 0.8156097560975609,
            "support": 494.0
        },
        "2": {
            "precision": 0.9346246973365617,
            "recall": 0.7991718426501035,
            "f1-score": 0.8616071428571429,
            "support": 483.0
        },
        "3": {
            "precision": 0.38799414348462663,
            "recall": 0.8141321044546851,
            "f1-score": 0.525532969757065,
            "support": 651.0
        },
        "4": {
            "precision": 0.7168949771689498,
            "recall": 0.46449704142011833,
            "f1-score": 0.5637342908438061,
            "support": 676.0
        },
        "5": {
            "precision": 0.18354430379746836,
            "recall": 0.07967032967032966,
            "f1-score": 0.1111111111111111,
            "support": 364.0
        },
        "6": {
            "precision": 0.9218289085545722,
            "recall": 0.8716875871687587,
            "f1-score": 0.8960573476702509,
            "support": 717.0
        },
        "7": {
            "precision": 0.5137844611528822,
            "recall": 0.9557109557109557,
            "f1-score": 0.6682966585167074,
            "support": 429.0
        },
        "8": {
            "precision": 0.7729885057471264,
            "recall": 0.8691437802907916,
            "f1-score": 0.8182509505703423,
            "support": 619.0
        },
        "9": {
            "precision": 0.7926634768740032,
            "recall": 0.9594594594594594,
            "f1-score": 0.868122270742358,
            "support": 518.0
        },
        "10": {
            "precision": 0.7383966244725738,
            "recall": 0.39503386004514673,
            "f1-score": 0.5147058823529411,
            "support": 443.0
        },
        "11": {
            "precision": 0.5245283018867924,
            "recall": 0.5991379310344828,
            "f1-score": 0.5593561368209256,
            "support": 464.0
        },
        "12": {
            "precision": 0.6881918819188192,
            "recall": 0.979002624671916,
            "f1-score": 0.8082340195016251,
            "support": 381.0
        },
        "13": {
            "precision": 0.9455040871934605,
            "recall": 0.7711111111111111,
            "f1-score": 0.8494492044063647,
            "support": 450.0
        },
        "14": {
            "precision": 0.9437299035369775,
            "recall": 0.8397711015736766,
            "f1-score": 0.8887206661619985,
            "support": 699.0
        },
        "15": {
            "precision": 0.43156199677938806,
            "recall": 0.4953789279112754,
            "f1-score": 0.4612736660929432,
            "support": 541.0
        },
        "16": {
            "precision": 0.720226843100189,
            "recall": 0.7839506172839507,
            "f1-score": 0.7507389162561576,
            "support": 486.0
        },
        "17": {
            "precision": 0.8792650918635171,
            "recall": 0.6836734693877551,
            "f1-score": 0.7692307692307693,
            "support": 490.0
        },
        "18": {
            "precision": 0.4796380090497738,
            "recall": 0.31176470588235294,
            "f1-score": 0.3778966131907308,
            "support": 340.0
        },
        "19": {
            "precision": 0.48522727272727273,
            "recall": 0.9242424242424242,
            "f1-score": 0.6363636363636364,
            "support": 462.0
        },
        "20": {
            "precision": 0.9267676767676768,
            "recall": 0.8398169336384439,
            "f1-score": 0.8811524609843937,
            "support": 437.0
        },
        "21": {
            "precision": 0.8781362007168458,
            "recall": 0.6363636363636364,
            "f1-score": 0.7379518072289156,
            "support": 385.0
        },
        "22": {
            "precision": 0.3150242326332795,
            "recall": 0.5786350148367952,
            "f1-score": 0.40794979079497906,
            "support": 337.0
        },
        "23": {
            "precision": 0.834375,
            "recall": 0.7876106194690266,
            "f1-score": 0.8103186646433991,
            "support": 339.0
        },
        "24": {
            "precision": 0.642369020501139,
            "recall": 0.9296703296703297,
            "f1-score": 0.7597665020206555,
            "support": 910.0
        },
        "25": {
            "precision": 0.3185550082101806,
            "recall": 0.751937984496124,
            "f1-score": 0.447520184544406,
            "support": 516.0
        },
        "26": {
            "precision": 0.7700348432055749,
            "recall": 0.5115740740740741,
            "f1-score": 0.6147426981919333,
            "support": 432.0
        },
        "27": {
            "precision": 0.5555555555555556,
            "recall": 0.725,
            "f1-score": 0.6290672451193059,
            "support": 400.0
        },
        "28": {
            "precision": 0.7157464212678937,
            "recall": 0.9615384615384616,
            "f1-score": 0.82063305978898,
            "support": 364.0
        },
        "29": {
            "precision": 0.8622589531680441,
            "recall": 0.8067010309278351,
            "f1-score": 0.833555259653795,
            "support": 388.0
        },
        "30": {
            "precision": 0.6474358974358975,
            "recall": 0.362657091561939,
            "f1-score": 0.46490218642117376,
            "support": 557.0
        },
        "31": {
            "precision": 0.7394578313253012,
            "recall": 0.9388145315487572,
            "f1-score": 0.827295703454086,
            "support": 523.0
        },
        "32": {
            "precision": 0.7884615384615384,
            "recall": 0.754601226993865,
            "f1-score": 0.7711598746081505,
            "support": 652.0
        },
        "33": {
            "precision": 0.7072599531615925,
            "recall": 0.8579545454545454,
            "f1-score": 0.7753530166880617,
            "support": 352.0
        },
        "34": {
            "precision": 0.6601049868766404,
            "recall": 0.76793893129771,
            "f1-score": 0.7099505998588568,
            "support": 655.0
        },
        "35": {
            "precision": 0.7007672634271099,
            "recall": 0.5720250521920668,
            "f1-score": 0.6298850574712643,
            "support": 479.0
        },
        "36": {
            "precision": 0.950207468879668,
            "recall": 0.8357664233576643,
            "f1-score": 0.8893203883495145,
            "support": 822.0
        },
        "37": {
            "precision": 0.8604992657856094,
            "recall": 0.7940379403794038,
            "f1-score": 0.8259337561663143,
            "support": 738.0
        },
        "38": {
            "precision": 0.8462929475587704,
            "recall": 0.65,
            "f1-score": 0.7352710133542812,
            "support": 720.0
        },
        "39": {
            "precision": 0.19607843137254902,
            "recall": 0.013869625520110958,
            "f1-score": 0.025906735751295335,
            "support": 721.0
        },
        "40": {
            "precision": 0.8340336134453782,
            "recall": 0.6916376306620209,
            "f1-score": 0.7561904761904762,
            "support": 574.0
        },
        "41": {
            "precision": 0.9336569579288025,
            "recall": 0.7397435897435898,
            "f1-score": 0.8254649499284692,
            "support": 780.0
        },