{
    "acc1": 0.770479385347906,
    "acc5": [
        0.9410236987339032
    ],
    "mean_per_class_recall": 0.7757162528635411,
    "classification_report": {
        "0": {
            "precision": 0.847870182555781,
            "recall": 0.9478458049886621,
            "f1-score": 0.8950749464668094,
            "support": 441.0
        },
        "1": {
            "precision": 0.49823321554770317,
            "recall": 0.7480106100795756,
            "f1-score": 0.5980911983032874,
            "support": 377.0
        },
        "2": {
            "precision": 0.9067796610169492,
            "recall": 0.8663967611336032,
            "f1-score": 0.8861283643892339,
            "support": 494.0
        },
        "3": {
            "precision": 0.9287974683544303,
            "recall": 0.8594436310395315,
            "f1-score": 0.8927756653992396,
            "support": 683.0
        },
        "4": {
            "precision": 0.8909512761020881,
            "recall": 0.9230769230769231,
            "f1-score": 0.9067296340023613,
            "support": 416.0
        },
        "5": {
            "precision": 0.7848557692307693,
            "recall": 0.9477503628447025,
            "f1-score": 0.8586456278763971,
            "support": 689.0
        },
        "6": {
            "precision": 0.576530612244898,
            "recall": 0.9390581717451524,
            "f1-score": 0.7144362486828241,
            "support": 361.0
        },
        "7": {
            "precision": 0.8393881453154876,
            "recall": 0.984304932735426,
            "f1-score": 0.9060887512899897,
            "support": 446.0
        },
        "8": {
            "precision": 0.5348101265822784,
            "recall": 0.465564738292011,
            "f1-score": 0.49779086892488955,
            "support": 363.0
        },
        "9": {
            "precision": 0.8772893772893773,
            "recall": 0.8258620689655173,
            "f1-score": 0.8507992895204263,
            "support": 580.0
        },
        "10": {
            "precision": 0.7689393939393939,
            "recall": 0.6558966074313409,
            "f1-score": 0.7079337401918047,
            "support": 619.0
        },
        "11": {
            "precision": 0.9017341040462428,
            "recall": 0.8914285714285715,
            "f1-score": 0.896551724137931,
            "support": 525.0
        },
        "12": {
            "precision": 0.9356435643564357,
            "recall": 0.7241379310344828,
            "f1-score": 0.816414686825054,
            "support": 522.0
        },
        "13": {
            "precision": 0.8129251700680272,
            "recall": 0.9390962671905697,
            "f1-score": 0.8714676390154968,
            "support": 509.0
        },
        "14": {
            "precision": 0.7129060579455663,
            "recall": 0.9344073647871116,
            "f1-score": 0.8087649402390438,
            "support": 869.0
        },
        "15": {
            "precision": 0.8872180451127819,
            "recall": 0.7725040916530278,
            "f1-score": 0.8258967629046369,
            "support": 611.0
        },
        "16": {
            "precision": 0.8805668016194332,
            "recall": 0.6828885400313972,
            "f1-score": 0.7692307692307693,
            "support": 637.0
        },
        "17": {
            "precision": 0.9683860232945092,
            "recall": 0.8231966053748232,
            "f1-score": 0.8899082568807339,
            "support": 707.0
        },
        "18": {
            "precision": 0.955,
            "recall": 0.9662731871838112,
            "f1-score": 0.9606035205364627,
            "support": 593.0
        },
        "19": {
            "precision": 0.7644230769230769,
            "recall": 0.9325513196480938,
            "f1-score": 0.8401585204755614,
            "support": 341.0
        },
        "20": {
            "precision": 0.7148817802503477,
            "recall": 0.927797833935018,
            "f1-score": 0.8075412411626081,
            "support": 554.0
        },
        "21": {
            "precision": 0.8706293706293706,
            "recall": 0.8204283360790774,
            "f1-score": 0.8447837150127226,
            "support": 607.0
        },
        "22": {
            "precision": 0.7290780141843972,
            "recall": 0.9081272084805654,
            "f1-score": 0.8088119590873328,
            "support": 566.0
        },
        "23": {
            "precision": 0.972972972972973,
            "recall": 0.6693227091633466,
            "f1-score": 0.7930763178599528,
            "support": 753.0
        },
        "24": {
            "precision": 0.9332191780821918,
            "recall": 0.7730496453900709,
            "f1-score": 0.8456167571761055,
            "support": 705.0
        },
        "25": {
            "precision": 0.8365650969529086,
            "recall": 0.9364341085271318,
            "f1-score": 0.8836869056327725,
            "support": 645.0
        },
        "26": {
            "precision": 0.8275058275058275,
            "recall": 0.4958100558659218,
            "f1-score": 0.6200873362445415,
            "support": 716.0
        },
        "27": {
            "precision": 0.8821656050955414,
            "recall": 0.7486486486486487,
            "f1-score": 0.8099415204678363,
            "support": 370.0
        },
        "28": {
            "precision": 0.5117493472584856,
            "recall": 0.2149122807017544,
            "f1-score": 0.3027027027027027,
            "support": 912.0
        },
        "29": {
            "precision": 0.6830015313935681,
            "recall": 0.9195876288659793,
            "f1-score": 0.7838312829525483,
            "support": 485.0
        },
        "30": {
            "precision": 0.8262548262548263,
            "recall": 0.7266553480475382,
            "f1-score": 0.7732610659439928,
            "support": 589.0
        },
        "31": {
            "precision": 0.875,
            "recall": 0.7396907216494846,
            "f1-score": 0.8016759776536313,
            "support": 388.0
        },
        "32": {
            "precision": 0.6495956873315364,
            "recall": 0.589242053789731,
            "f1-score": 0.617948717948718,
            "support": 409.0
        },
        "33": {
            "precision": 0.7721518987341772,
            "recall": 0.1203155818540434,
            "f1-score": 0.20819112627986347,
            "support": 507.0
        },
        "34": {
            "precision": 0.8835978835978836,
            "recall": 0.8851590106007067,
            "f1-score": 0.884377758164166,
            "support": 566.0
        },
        "35": {
            "precision": 0.46238938053097345,
            "recall": 0.7992351816443595,
            "f1-score": 0.5858444288717589,
            "support": 523.0
        },
        "36": {
            "precision": 0.8197674418604651,
            "recall": 0.8966613672496025,
            "f1-score": 0.856492027334852,
            "support": 629.0
        },
        "37": {
            "precision": 0.7926356589147286,
            "recall": 0.8329938900203666,
            "f1-score": 0.8123138033763655,
            "support": 491.0
        },
        "38": {
            "precision": 0.7092198581560284,
            "recall": 0.1893939393939394,
            "f1-score": 0.29895366218236175,
            "support": 528.0
        },
        "39": {
            "precision": 0.5563380281690141,
            "recall": 0.7481060606060606,
            "f1-score": 0.6381260096930533,
            "support": 528.0
        },
        "40": {
            "precision": 0.38845553822152884,
            "recall": 0.6335877862595419,
            "f1-score": 0.4816247582205029,
            "support": 393.0
        },
        "41": {
            "precision": 0.9686221009549796,
            "recall": 0.9646739130434783,
            "f1-score": 0.966643975493533,
            "support": 736.0
        },