{
    "acc1": 0.7271561771561772,
    "acc5": [
        0.939044289044289
    ],
    "mean_per_class_recall": 0.7127826776979426,
    "classification_report": {
        "0": {
            "precision": 0.47752808988764045,
            "recall": 0.6538461538461539,
            "f1-score": 0.551948051948052,
            "support": 390.0
        },
        "1": {
            "precision": 0.8229166666666666,
            "recall": 0.38599348534201955,
            "f1-score": 0.5254988913525499,
            "support": 614.0
        },
        "2": {
            "precision": 0.7726597325408618,
            "recall": 0.9122807017543859,
            "f1-score": 0.8366854384553499,
            "support": 570.0
        },
        "3": {
            "precision": 0.8163082437275986,
            "recall": 0.932446264073695,
            "f1-score": 0.8705207835642619,
            "support": 977.0
        },
        "4": {
            "precision": 0.8703296703296703,
            "recall": 0.868421052631579,
            "f1-score": 0.8693743139407245,
            "support": 456.0
        },
        "5": {
            "precision": 0.821882951653944,
            "recall": 0.5726950354609929,
            "f1-score": 0.6750261233019854,
            "support": 564.0
        },
        "6": {
            "precision": 0.8017391304347826,
            "recall": 0.7774030354131535,
            "f1-score": 0.7893835616438356,
            "support": 593.0
        },
        "7": {
            "precision": 0.6562107904642409,
            "recall": 0.7725258493353028,
            "f1-score": 0.7096336499321574,
            "support": 677.0
        },
        "8": {
            "precision": 0.33220338983050846,
            "recall": 0.24078624078624078,
            "f1-score": 0.2792022792022792,
            "support": 407.0
        },
        "9": {
            "precision": 0.7543103448275862,
            "recall": 0.39503386004514673,
            "f1-score": 0.5185185185185185,
            "support": 443.0
        },
        "10": {
            "precision": 0.6391554702495201,
            "recall": 0.6441005802707931,
            "f1-score": 0.6416184971098265,
            "support": 517.0
        },
        "11": {
            "precision": 0.8726235741444867,
            "recall": 0.9663157894736842,
            "f1-score": 0.9170829170829171,
            "support": 475.0
        },
        "12": {
            "precision": 0.48148148148148145,
            "recall": 0.33248081841432225,
            "f1-score": 0.39334341906202724,
            "support": 391.0
        },
        "13": {
            "precision": 0.8012958963282938,
            "recall": 0.8244444444444444,
            "f1-score": 0.8127053669222344,
            "support": 450.0
        },
        "14": {
            "precision": 0.8276923076923077,
            "recall": 0.9889705882352942,
            "f1-score": 0.9011725293132329,
            "support": 544.0
        },
        "15": {
            "precision": 0.666098807495741,
            "recall": 0.8555798687089715,
            "f1-score": 0.7490421455938697,
            "support": 457.0
        },
        "16": {
            "precision": 0.7970430107526881,
            "recall": 0.9549114331723028,
            "f1-score": 0.8688644688644689,
            "support": 621.0
        },
        "17": {
            "precision": 0.8305597579425114,
            "recall": 0.915,
            "f1-score": 0.8707375099127677,
            "support": 600.0
        },
        "18": {
            "precision": 0.872865275142315,
            "recall": 0.888030888030888,
            "f1-score": 0.8803827751196173,
            "support": 518.0
        },
        "19": {
            "precision": 0.8818897637795275,
            "recall": 0.6210720887245841,
            "f1-score": 0.7288503253796096,
            "support": 541.0
        },
        "20": {
            "precision": 0.8595641646489104,
            "recall": 0.6294326241134752,
            "f1-score": 0.7267144319344934,
            "support": 564.0
        },
        "21": {
            "precision": 0.7391304347826086,
            "recall": 0.34782608695652173,
            "f1-score": 0.47304347826086957,
            "support": 391.0
        },
        "22": {
            "precision": 0.8278301886792453,
            "recall": 0.5223214285714286,
            "f1-score": 0.6405109489051095,
            "support": 672.0
        },
        "23": {
            "precision": 0.7894736842105263,
            "recall": 0.41353383458646614,
            "f1-score": 0.5427631578947368,
            "support": 399.0
        },
        "24": {
            "precision": 0.7514367816091954,
            "recall": 0.9578754578754579,
            "f1-score": 0.8421900161030595,
            "support": 546.0
        },
        "25": {
            "precision": 0.6413043478260869,
            "recall": 0.8428571428571429,
            "f1-score": 0.7283950617283951,
            "support": 350.0
        },
        "26": {
            "precision": 0.8082437275985663,
            "recall": 0.9804347826086957,
            "f1-score": 0.8860510805500982,
            "support": 460.0
        },
        "27": {
            "precision": 0.8367875647668394,
            "recall": 0.4278145695364238,
            "f1-score": 0.5661700262927257,
            "support": 755.0
        },
        "28": {
            "precision": 0.9241573033707865,
            "recall": 0.9690721649484536,
            "f1-score": 0.9460819554277499,
            "support": 679.0
        },
        "29": {
            "precision": 0.7816711590296496,
            "recall": 0.5350553505535055,
            "f1-score": 0.6352683461117196,
            "support": 542.0
        },
        "30": {
            "precision": 0.8987993138936535,
            "recall": 0.8264984227129337,
            "f1-score": 0.8611339359079704,
            "support": 634.0
        },
        "31": {
            "precision": 0.7634920634920634,
            "recall": 0.8825688073394495,
            "f1-score": 0.8187234042553192,
            "support": 545.0
        },
        "32": {
            "precision": 0.8780487804878049,
            "recall": 0.861244019138756,
            "f1-score": 0.8695652173913043,
            "support": 627.0
        },
        "33": {
            "precision": 0.8375,
            "recall": 0.8589743589743589,
            "f1-score": 0.8481012658227848,
            "support": 468.0
        },
        "34": {
            "precision": 0.6926070038910506,
            "recall": 0.4623376623376623,
            "f1-score": 0.5545171339563862,
            "support": 385.0
        },
        "35": {
            "precision": 0.5580110497237569,
            "recall": 0.5287958115183246,
            "f1-score": 0.543010752688172,
            "support": 382.0
        },
        "36": {
            "precision": 0.6408094435075885,
            "recall": 0.8597285067873304,
            "f1-score": 0.7342995169082126,
            "support": 442.0
        },
        "37": {
            "precision": 0.6242038216560509,
            "recall": 0.46226415094339623,
            "f1-score": 0.5311653116531165,
            "support": 424.0
        },
        "38": {
            "precision": 0.5395095367847411,
            "recall": 0.6226415094339622,
            "f1-score": 0.5781021897810219,
            "support": 318.0
        },
        "39": {
            "precision": 0.6288659793814433,
            "recall": 0.6979405034324943,
            "f1-score": 0.6616052060737527,
            "support": 437.0
        },
        "40": {
            "precision": 0.8387096774193549,
            "recall": 0.7386363636363636,
            "f1-score": 0.7854984894259819,
            "support": 528.0
        },
        "41": {
            "precision": 0.9264214046822743,
            "recall": 0.8159057437407953,
            "f1-score": 0.8676585747846516,
            "support": 679.0
        },