{
    "acc1": 0.8160372254085055,
    "acc5": [
        0.9668506294412582
    ],
    "mean_per_class_recall": 0.8255924883432972,
    "classification_report": {
        "0": {
            "precision": 0.8808510638297873,
            "recall": 0.9387755102040817,
            "f1-score": 0.9088913282107574,
            "support": 441.0
        },
        "1": {
            "precision": 0.5853658536585366,
            "recall": 0.8275862068965517,
            "f1-score": 0.6857142857142857,
            "support": 377.0
        },
        "2": {
            "precision": 0.9266247379454927,
            "recall": 0.8947368421052632,
            "f1-score": 0.9104016477857878,
            "support": 494.0
        },
        "3": {
            "precision": 0.8380952380952381,
            "recall": 0.9019033674963397,
            "f1-score": 0.8688293370944993,
            "support": 683.0
        },
        "4": {
            "precision": 0.8953488372093024,
            "recall": 0.9254807692307693,
            "f1-score": 0.9101654846335697,
            "support": 416.0
        },
        "5": {
            "precision": 0.7744533947065593,
            "recall": 0.97677793904209,
            "f1-score": 0.8639281129653402,
            "support": 689.0
        },
        "6": {
            "precision": 0.6530214424951267,
            "recall": 0.9279778393351801,
            "f1-score": 0.7665903890160183,
            "support": 361.0
        },
        "7": {
            "precision": 0.9028925619834711,
            "recall": 0.9798206278026906,
            "f1-score": 0.9397849462365592,
            "support": 446.0
        },
        "8": {
            "precision": 0.6220302375809935,
            "recall": 0.7933884297520661,
            "f1-score": 0.6973365617433414,
            "support": 363.0
        },
        "9": {
            "precision": 0.878740157480315,
            "recall": 0.9620689655172414,
            "f1-score": 0.9185185185185185,
            "support": 580.0
        },
        "10": {
            "precision": 0.8854415274463007,
            "recall": 0.5993537964458805,
            "f1-score": 0.7148362235067437,
            "support": 619.0
        },
        "11": {
            "precision": 0.8952380952380953,
            "recall": 0.8952380952380953,
            "f1-score": 0.8952380952380953,
            "support": 525.0
        },
        "12": {
            "precision": 0.8760330578512396,
            "recall": 0.8122605363984674,
            "f1-score": 0.8429423459244533,
            "support": 522.0
        },
        "13": {
            "precision": 0.7204610951008645,
            "recall": 0.9823182711198428,
            "f1-score": 0.8312551953449709,
            "support": 509.0
        },
        "14": {
            "precision": 0.8112449799196787,
            "recall": 0.9298043728423475,
            "f1-score": 0.8664879356568365,
            "support": 869.0
        },
        "15": {
            "precision": 0.9355992844364938,
            "recall": 0.855973813420622,
            "f1-score": 0.8940170940170941,
            "support": 611.0
        },
        "16": {
            "precision": 0.8814935064935064,
            "recall": 0.8524332810047096,
            "f1-score": 0.8667198723064645,
            "support": 637.0
        },
        "17": {
            "precision": 0.962178517397882,
            "recall": 0.8995756718528995,
            "f1-score": 0.9298245614035088,
            "support": 707.0
        },
        "18": {
            "precision": 0.956738768718802,
            "recall": 0.96964586846543,
            "f1-score": 0.9631490787269682,
            "support": 593.0
        },
        "19": {
            "precision": 0.8882521489971347,
            "recall": 0.9090909090909091,
            "f1-score": 0.8985507246376812,
            "support": 341.0
        },
        "20": {
            "precision": 0.8469565217391304,
            "recall": 0.8790613718411552,
            "f1-score": 0.8627103631532329,
            "support": 554.0
        },
        "21": {
            "precision": 0.9143356643356644,
            "recall": 0.8616144975288303,
            "f1-score": 0.8871925360474979,
            "support": 607.0
        },
        "22": {
            "precision": 0.803921568627451,
            "recall": 0.8692579505300353,
            "f1-score": 0.8353140916808149,
            "support": 566.0
        },
        "23": {
            "precision": 0.9515050167224081,
            "recall": 0.7556440903054449,
            "f1-score": 0.8423390081421169,
            "support": 753.0
        },
        "24": {
            "precision": 0.9726443768996961,
            "recall": 0.45390070921985815,
            "f1-score": 0.6189555125725339,
            "support": 705.0
        },
        "25": {
            "precision": 0.8815028901734104,
            "recall": 0.9457364341085271,
            "f1-score": 0.912490650710546,
            "support": 645.0
        },
        "26": {
            "precision": 0.9235074626865671,
            "recall": 0.6913407821229051,
            "f1-score": 0.7907348242811502,
            "support": 716.0
        },
        "27": {
            "precision": 0.8518518518518519,
            "recall": 0.8081081081081081,
            "f1-score": 0.8294036061026352,
            "support": 370.0
        },
        "28": {
            "precision": 0.8992248062015504,
            "recall": 0.12719298245614036,
            "f1-score": 0.2228626320845341,
            "support": 912.0
        },
        "29": {
            "precision": 0.8477842003853564,
            "recall": 0.9072164948453608,
            "f1-score": 0.8764940239043825,
            "support": 485.0
        },
        "30": {
            "precision": 0.8983364140480592,
            "recall": 0.8251273344651953,
            "f1-score": 0.8601769911504424,
            "support": 589.0
        },
        "31": {
            "precision": 0.9314285714285714,
            "recall": 0.8402061855670103,
            "f1-score": 0.8834688346883469,
            "support": 388.0
        },
        "32": {
            "precision": 0.8515625,
            "recall": 0.5330073349633252,
            "f1-score": 0.6556390977443609,
            "support": 409.0
        },
        "33": {
            "precision": 0.8852459016393442,
            "recall": 0.21301775147928995,
            "f1-score": 0.34340222575516693,
            "support": 507.0
        },
        "34": {
            "precision": 0.9159212880143113,
            "recall": 0.9045936395759717,
            "f1-score": 0.9102222222222223,
            "support": 566.0
        },
        "35": {
            "precision": 0.5190751445086705,
            "recall": 0.858508604206501,
            "f1-score": 0.6469740634005764,
            "support": 523.0
        },
        "36": {
            "precision": 0.8002680965147453,
            "recall": 0.9491255961844197,
            "f1-score": 0.8683636363636363,
            "support": 629.0
        },
        "37": {
            "precision": 0.8382642998027613,
            "recall": 0.8655804480651731,
            "f1-score": 0.8517034068136272,
            "support": 491.0
        },
        "38": {
            "precision": 0.81875,
            "recall": 0.4962121212121212,
            "f1-score": 0.6179245283018868,
            "support": 528.0
        },
        "39": {
            "precision": 0.6115819209039548,
            "recall": 0.8200757575757576,
            "f1-score": 0.7006472491909385,
            "support": 528.0
        },
        "40": {
            "precision": 0.8638743455497382,
            "recall": 0.8396946564885496,
            "f1-score": 0.8516129032258064,
            "support": 393.0
        },
        "41": {
            "precision": 0.9702702702702702,
            "recall": 0.9755434782608695,
            "f1-score": 0.9728997289972899,
            "support": 736.0
        },