{
    "acc1": 0.7817587098737259,
    "acc5": [
        0.9489958922866271
    ],
    "mean_per_class_recall": 0.7782204978936861,
    "classification_report": {
        "0": {
            "precision": 0.8929961089494164,
            "recall": 0.8929961089494164,
            "f1-score": 0.8929961089494164,
            "support": 514.0
        },
        "1": {
            "precision": 0.9104477611940298,
            "recall": 0.8643724696356275,
            "f1-score": 0.8868120456905504,
            "support": 494.0
        },
        "2": {
            "precision": 0.9153674832962138,
            "recall": 0.8509316770186336,
            "f1-score": 0.8819742489270386,
            "support": 483.0
        },
        "3": {
            "precision": 0.5061162079510704,
            "recall": 0.5084485407066052,
            "f1-score": 0.5072796934865901,
            "support": 651.0
        },
        "4": {
            "precision": 0.8504398826979472,
            "recall": 0.8579881656804734,
            "f1-score": 0.8541973490427098,
            "support": 676.0
        },
        "5": {
            "precision": 0.4725274725274725,
            "recall": 0.11813186813186813,
            "f1-score": 0.189010989010989,
            "support": 364.0
        },
        "6": {
            "precision": 0.8620689655172413,
            "recall": 0.9065550906555091,
            "f1-score": 0.8837525492861998,
            "support": 717.0
        },
        "7": {
            "precision": 0.5144654088050314,
            "recall": 0.9533799533799534,
            "f1-score": 0.6683006535947712,
            "support": 429.0
        },
        "8": {
            "precision": 0.7477003942181341,
            "recall": 0.9192245557350566,
            "f1-score": 0.8246376811594203,
            "support": 619.0
        },
        "9": {
            "precision": 0.9068441064638784,
            "recall": 0.9208494208494209,
            "f1-score": 0.9137931034482759,
            "support": 518.0
        },
        "10": {
            "precision": 0.9340659340659341,
            "recall": 0.7674943566591422,
            "f1-score": 0.8426270136307311,
            "support": 443.0
        },
        "11": {
            "precision": 0.8379629629629629,
            "recall": 0.3900862068965517,
            "f1-score": 0.5323529411764706,
            "support": 464.0
        },
        "12": {
            "precision": 0.7898089171974523,
            "recall": 0.9763779527559056,
            "f1-score": 0.8732394366197183,
            "support": 381.0
        },
        "13": {
            "precision": 0.9557739557739557,
            "recall": 0.8644444444444445,
            "f1-score": 0.9078179696616102,
            "support": 450.0
        },
        "14": {
            "precision": 0.8516624040920716,
            "recall": 0.9527896995708155,
            "f1-score": 0.8993923024983119,
            "support": 699.0
        },
        "15": {
            "precision": 0.6728971962616822,
            "recall": 0.532347504621072,
            "f1-score": 0.5944272445820433,
            "support": 541.0
        },
        "16": {
            "precision": 0.8997821350762527,
            "recall": 0.8497942386831275,
            "f1-score": 0.8740740740740741,
            "support": 486.0
        },
        "17": {
            "precision": 0.7162629757785467,
            "recall": 0.8448979591836735,
            "f1-score": 0.7752808988764045,
            "support": 490.0
        },
        "18": {
            "precision": 0.7058823529411765,
            "recall": 0.7764705882352941,
            "f1-score": 0.7394957983193278,
            "support": 340.0
        },
        "19": {
            "precision": 0.815028901734104,
            "recall": 0.9155844155844156,
            "f1-score": 0.8623853211009175,
            "support": 462.0
        },
        "20": {
            "precision": 0.9534883720930233,
            "recall": 0.6567505720823799,
            "f1-score": 0.7777777777777778,
            "support": 437.0
        },
        "21": {
            "precision": 0.894927536231884,
            "recall": 0.6415584415584416,
            "f1-score": 0.7473524962178517,
            "support": 385.0
        },
        "22": {
            "precision": 0.43230016313213704,
            "recall": 0.7863501483679525,
            "f1-score": 0.5578947368421052,
            "support": 337.0
        },
        "23": {
            "precision": 0.8488745980707395,
            "recall": 0.7787610619469026,
            "f1-score": 0.8123076923076923,
            "support": 339.0
        },
        "24": {
            "precision": 0.8344693281402142,
            "recall": 0.9417582417582417,
            "f1-score": 0.8848735157459989,
            "support": 910.0
        },
        "25": {
            "precision": 0.46238030095759236,
            "recall": 0.6550387596899225,
            "f1-score": 0.5421010425020049,
            "support": 516.0
        },
        "26": {
            "precision": 0.9444444444444444,
            "recall": 0.9050925925925926,
            "f1-score": 0.9243498817966903,
            "support": 432.0
        },
        "27": {
            "precision": 0.722707423580786,
            "recall": 0.8275,
            "f1-score": 0.7715617715617715,
            "support": 400.0
        },
        "28": {
            "precision": 0.7478448275862069,
            "recall": 0.9532967032967034,
            "f1-score": 0.8381642512077294,
            "support": 364.0
        },
        "29": {
            "precision": 0.8169014084507042,
            "recall": 0.8969072164948454,
            "f1-score": 0.855036855036855,
            "support": 388.0
        },
        "30": {
            "precision": 0.8571428571428571,
            "recall": 0.4955116696588869,
            "f1-score": 0.6279863481228669,
            "support": 557.0
        },
        "31": {
            "precision": 0.8932384341637011,
            "recall": 0.9598470363288719,
            "f1-score": 0.9253456221198156,
            "support": 523.0
        },
        "32": {
            "precision": 0.7984848484848485,
            "recall": 0.808282208588957,
            "f1-score": 0.8033536585365854,
            "support": 652.0
        },
        "33": {
            "precision": 0.6626262626262627,
            "recall": 0.9318181818181818,
            "f1-score": 0.7744982290436836,
            "support": 352.0
        },
        "34": {
            "precision": 0.6826029216467463,
            "recall": 0.7847328244274809,
            "f1-score": 0.7301136363636364,
            "support": 655.0
        },
        "35": {
            "precision": 0.9017857142857143,
            "recall": 0.6325678496868476,
            "f1-score": 0.743558282208589,
            "support": 479.0
        },
        "36": {
            "precision": 0.9375,
            "recall": 0.8759124087591241,
            "f1-score": 0.9056603773584906,
            "support": 822.0
        },
        "37": {
            "precision": 0.8373266078184111,
            "recall": 0.8997289972899729,
            "f1-score": 0.8674069235793599,
            "support": 738.0
        },
        "38": {
            "precision": 0.9495412844036697,
            "recall": 0.8625,
            "f1-score": 0.9039301310043668,
            "support": 720.0
        },
        "39": {
            "precision": 0.6865889212827988,
            "recall": 0.6532593619972261,
            "f1-score": 0.6695095948827292,
            "support": 721.0
        },
        "40": {
            "precision": 0.8412017167381974,
            "recall": 0.6829268292682927,
            "f1-score": 0.7538461538461538,
            "support": 574.0
        },
        "41": {
            "precision": 0.9238227146814404,
            "recall": 0.8551282051282051,
            "f1-score": 0.8881491344873502,
            "support": 780.0
        },