{
    "acc1": 0.777933177933178,
    "acc5": [
        0.9586247086247086
    ],
    "mean_per_class_recall": 0.771731030430365,
    "classification_report": {
        "0": {
            "precision": 0.5438282647584973,
            "recall": 0.7794871794871795,
            "f1-score": 0.6406743940990516,
            "support": 390.0
        },
        "1": {
            "precision": 0.8802395209580839,
            "recall": 0.7182410423452769,
            "f1-score": 0.7910313901345292,
            "support": 614.0
        },
        "2": {
            "precision": 0.721606648199446,
            "recall": 0.9140350877192982,
            "f1-score": 0.8065015479876161,
            "support": 570.0
        },
        "3": {
            "precision": 0.871219512195122,
            "recall": 0.9140225179119754,
            "f1-score": 0.8921078921078921,
            "support": 977.0
        },
        "4": {
            "precision": 0.893569844789357,
            "recall": 0.8837719298245614,
            "f1-score": 0.8886438809261301,
            "support": 456.0
        },
        "5": {
            "precision": 0.79957805907173,
            "recall": 0.6719858156028369,
            "f1-score": 0.7302504816955684,
            "support": 564.0
        },
        "6": {
            "precision": 0.8353140916808149,
            "recall": 0.8296795952782462,
            "f1-score": 0.8324873096446701,
            "support": 593.0
        },
        "7": {
            "precision": 0.6216216216216216,
            "recall": 0.8153618906942393,
            "f1-score": 0.7054313099041534,
            "support": 677.0
        },
        "8": {
            "precision": 0.48091603053435117,
            "recall": 0.3095823095823096,
            "f1-score": 0.37668161434977576,
            "support": 407.0
        },
        "9": {
            "precision": 0.7315689981096408,
            "recall": 0.873589164785553,
            "f1-score": 0.7962962962962963,
            "support": 443.0
        },
        "10": {
            "precision": 0.7842565597667639,
            "recall": 0.5203094777562862,
            "f1-score": 0.6255813953488372,
            "support": 517.0
        },
        "11": {
            "precision": 0.8878143133462283,
            "recall": 0.9663157894736842,
            "f1-score": 0.9254032258064516,
            "support": 475.0
        },
        "12": {
            "precision": 0.8112244897959183,
            "recall": 0.8132992327365729,
            "f1-score": 0.8122605363984674,
            "support": 391.0
        },
        "13": {
            "precision": 0.7518796992481203,
            "recall": 0.8888888888888888,
            "f1-score": 0.814663951120163,
            "support": 450.0
        },
        "14": {
            "precision": 0.9434628975265018,
            "recall": 0.9816176470588235,
            "f1-score": 0.9621621621621622,
            "support": 544.0
        },
        "15": {
            "precision": 0.8123791102514507,
            "recall": 0.9190371991247265,
            "f1-score": 0.8624229979466119,
            "support": 457.0
        },
        "16": {
            "precision": 0.8265734265734266,
            "recall": 0.9516908212560387,
            "f1-score": 0.8847305389221557,
            "support": 621.0
        },
        "17": {
            "precision": 0.9380378657487092,
            "recall": 0.9083333333333333,
            "f1-score": 0.9229466553767993,
            "support": 600.0
        },
        "18": {
            "precision": 0.86996336996337,
            "recall": 0.916988416988417,
            "f1-score": 0.8928571428571429,
            "support": 518.0
        },
        "19": {
            "precision": 0.9095127610208816,
            "recall": 0.7245841035120147,
            "f1-score": 0.8065843621399177,
            "support": 541.0
        },
        "20": {
            "precision": 0.8342342342342343,
            "recall": 0.8209219858156028,
            "f1-score": 0.8275245755138516,
            "support": 564.0
        },
        "21": {
            "precision": 0.8451612903225807,
            "recall": 0.670076726342711,
            "f1-score": 0.7475035663338089,
            "support": 391.0
        },
        "22": {
            "precision": 0.8813953488372093,
            "recall": 0.5639880952380952,
            "f1-score": 0.6878402903811253,
            "support": 672.0
        },
        "23": {
            "precision": 0.8087855297157622,
            "recall": 0.7844611528822055,
            "f1-score": 0.7964376590330788,
            "support": 399.0
        },
        "24": {
            "precision": 0.8077519379844961,
            "recall": 0.9542124542124543,
            "f1-score": 0.874895046179681,
            "support": 546.0
        },
        "25": {
            "precision": 0.7092050209205021,
            "recall": 0.9685714285714285,
            "f1-score": 0.8188405797101449,
            "support": 350.0
        },
        "26": {
            "precision": 0.8811881188118812,
            "recall": 0.967391304347826,
            "f1-score": 0.9222797927461139,
            "support": 460.0
        },
        "27": {
            "precision": 0.975609756097561,
            "recall": 0.26490066225165565,
            "f1-score": 0.4166666666666667,
            "support": 755.0
        },
        "28": {
            "precision": 0.9512195121951219,
            "recall": 0.9764359351988218,
            "f1-score": 0.9636627906976745,
            "support": 679.0
        },
        "29": {
            "precision": 0.8009950248756219,
            "recall": 0.5940959409594095,
            "f1-score": 0.6822033898305084,
            "support": 542.0
        },
        "30": {
            "precision": 0.8919803600654664,
            "recall": 0.8596214511041009,
            "f1-score": 0.8755020080321285,
            "support": 634.0
        },
        "31": {
            "precision": 0.8647058823529412,
            "recall": 0.8091743119266055,
            "f1-score": 0.8360189573459715,
            "support": 545.0
        },
        "32": {
            "precision": 0.8963893249607535,
            "recall": 0.9106858054226475,
            "f1-score": 0.9034810126582279,
            "support": 627.0
        },
        "33": {
            "precision": 0.9106699751861043,
            "recall": 0.7841880341880342,
            "f1-score": 0.8427095292766934,
            "support": 468.0
        },
        "34": {
            "precision": 0.7050359712230215,
            "recall": 0.509090909090909,
            "f1-score": 0.5912518853695324,
            "support": 385.0
        },
        "35": {
            "precision": 0.6509695290858726,
            "recall": 0.6151832460732984,
            "f1-score": 0.6325706594885598,
            "support": 382.0
        },
        "36": {
            "precision": 0.8193069306930693,
            "recall": 0.748868778280543,
            "f1-score": 0.7825059101654847,
            "support": 442.0
        },
        "37": {
            "precision": 0.8108108108108109,
            "recall": 0.14150943396226415,
            "f1-score": 0.24096385542168675,
            "support": 424.0
        },
        "38": {
            "precision": 0.5435294117647059,
            "recall": 0.7264150943396226,
            "f1-score": 0.6218034993270525,
            "support": 318.0
        },
        "39": {
            "precision": 0.7985074626865671,
            "recall": 0.4897025171624714,
            "f1-score": 0.6070921985815603,
            "support": 437.0
        },
        "40": {
            "precision": 0.889344262295082,
            "recall": 0.821969696969697,
            "f1-score": 0.8543307086614174,
            "support": 528.0
        },
        "41": {
            "precision": 0.9340836012861736,
            "recall": 0.8556701030927835,
            "f1-score": 0.8931591083781706,
            "support": 679.0
        },