{
    "acc1": 0.7837995337995338,
    "acc5": [
        0.9624320124320125
    ],
    "mean_per_class_recall": 0.7796420664332692,
    "classification_report": {
        "0": {
            "precision": 0.5759162303664922,
            "recall": 0.8461538461538461,
            "f1-score": 0.6853582554517134,
            "support": 390.0
        },
        "1": {
            "precision": 0.8579545454545454,
            "recall": 0.737785016286645,
            "f1-score": 0.7933450087565674,
            "support": 614.0
        },
        "2": {
            "precision": 0.7307152875175316,
            "recall": 0.9140350877192982,
            "f1-score": 0.8121590023382697,
            "support": 570.0
        },
        "3": {
            "precision": 0.892678034102307,
            "recall": 0.9109518935516888,
            "f1-score": 0.9017223910840932,
            "support": 977.0
        },
        "4": {
            "precision": 0.8945054945054945,
            "recall": 0.8925438596491229,
            "f1-score": 0.893523600439078,
            "support": 456.0
        },
        "5": {
            "precision": 0.8291571753986332,
            "recall": 0.6453900709219859,
            "f1-score": 0.7258225324027916,
            "support": 564.0
        },
        "6": {
            "precision": 0.8441780821917808,
            "recall": 0.8313659359190556,
            "f1-score": 0.8377230246389125,
            "support": 593.0
        },
        "7": {
            "precision": 0.6248612652608213,
            "recall": 0.8316100443131462,
            "f1-score": 0.7135614702154626,
            "support": 677.0
        },
        "8": {
            "precision": 0.4378531073446328,
            "recall": 0.3808353808353808,
            "f1-score": 0.4073587385019711,
            "support": 407.0
        },
        "9": {
            "precision": 0.765748031496063,
            "recall": 0.8781038374717833,
            "f1-score": 0.8180862250262881,
            "support": 443.0
        },
        "10": {
            "precision": 0.7783505154639175,
            "recall": 0.5841392649903289,
            "f1-score": 0.6674033149171271,
            "support": 517.0
        },
        "11": {
            "precision": 0.8980392156862745,
            "recall": 0.9642105263157895,
            "f1-score": 0.9299492385786802,
            "support": 475.0
        },
        "12": {
            "precision": 0.8162729658792651,
            "recall": 0.7953964194373402,
            "f1-score": 0.805699481865285,
            "support": 391.0
        },
        "13": {
            "precision": 0.7726396917148363,
            "recall": 0.8911111111111111,
            "f1-score": 0.8276573787409701,
            "support": 450.0
        },
        "14": {
            "precision": 0.9384885764499121,
            "recall": 0.9816176470588235,
            "f1-score": 0.9595687331536388,
            "support": 544.0
        },
        "15": {
            "precision": 0.9019189765458422,
            "recall": 0.925601750547046,
            "f1-score": 0.9136069114470843,
            "support": 457.0
        },
        "16": {
            "precision": 0.8382978723404255,
            "recall": 0.9516908212560387,
            "f1-score": 0.8914027149321267,
            "support": 621.0
        },
        "17": {
            "precision": 0.93717277486911,
            "recall": 0.895,
            "f1-score": 0.9156010230179028,
            "support": 600.0
        },
        "18": {
            "precision": 0.8774774774774775,
            "recall": 0.9401544401544402,
            "f1-score": 0.907735321528425,
            "support": 518.0
        },
        "19": {
            "precision": 0.903485254691689,
            "recall": 0.6229205175600739,
            "f1-score": 0.737417943107221,
            "support": 541.0
        },
        "20": {
            "precision": 0.8,
            "recall": 0.8439716312056738,
            "f1-score": 0.8213977566867989,
            "support": 564.0
        },
        "21": {
            "precision": 0.8380281690140845,
            "recall": 0.6086956521739131,
            "f1-score": 0.7051851851851851,
            "support": 391.0
        },
        "22": {
            "precision": 0.9153439153439153,
            "recall": 0.5148809523809523,
            "f1-score": 0.659047619047619,
            "support": 672.0
        },
        "23": {
            "precision": 0.810958904109589,
            "recall": 0.7418546365914787,
            "f1-score": 0.774869109947644,
            "support": 399.0
        },
        "24": {
            "precision": 0.8346709470304976,
            "recall": 0.9523809523809523,
            "f1-score": 0.8896492728828058,
            "support": 546.0
        },
        "25": {
            "precision": 0.7620137299771167,
            "recall": 0.9514285714285714,
            "f1-score": 0.8462515883100381,
            "support": 350.0
        },
        "26": {
            "precision": 0.8665377176015474,
            "recall": 0.9739130434782609,
            "f1-score": 0.917093142272262,
            "support": 460.0
        },
        "27": {
            "precision": 0.9658536585365853,
            "recall": 0.26225165562913905,
            "f1-score": 0.4125,
            "support": 755.0
        },
        "28": {
            "precision": 0.9445234708392604,
            "recall": 0.9779086892488954,
            "f1-score": 0.9609261939218524,
            "support": 679.0
        },
        "29": {
            "precision": 0.7887700534759359,
            "recall": 0.544280442804428,
            "f1-score": 0.6441048034934498,
            "support": 542.0
        },
        "30": {
            "precision": 0.90625,
            "recall": 0.8690851735015773,
            "f1-score": 0.8872785829307569,
            "support": 634.0
        },
        "31": {
            "precision": 0.8690476190476191,
            "recall": 0.8036697247706422,
            "f1-score": 0.8350810295519543,
            "support": 545.0
        },
        "32": {
            "precision": 0.9168026101141925,
            "recall": 0.8963317384370016,
            "f1-score": 0.9064516129032258,
            "support": 627.0
        },
        "33": {
            "precision": 0.905829596412556,
            "recall": 0.8632478632478633,
            "f1-score": 0.8840262582056893,
            "support": 468.0
        },
        "34": {
            "precision": 0.7157534246575342,
            "recall": 0.5428571428571428,
            "f1-score": 0.6174298375184638,
            "support": 385.0
        },
        "35": {
            "precision": 0.6150234741784038,
            "recall": 0.6858638743455497,
            "f1-score": 0.6485148514851485,
            "support": 382.0
        },
        "36": {
            "precision": 0.7728337236533958,
            "recall": 0.746606334841629,
            "f1-score": 0.759493670886076,
            "support": 442.0
        },
        "37": {
            "precision": 0.7926267281105991,
            "recall": 0.4056603773584906,
            "f1-score": 0.5366614664586583,
            "support": 424.0
        },
        "38": {
            "precision": 0.5300668151447662,
            "recall": 0.7484276729559748,
            "f1-score": 0.6205997392438071,
            "support": 318.0
        },
        "39": {
            "precision": 0.7809187279151943,
            "recall": 0.505720823798627,
            "f1-score": 0.6138888888888889,
            "support": 437.0
        },
        "40": {
            "precision": 0.8565891472868217,
            "recall": 0.8371212121212122,
            "f1-score": 0.8467432950191571,
            "support": 528.0
        },
        "41": {
            "precision": 0.9430379746835443,
            "recall": 0.8777614138438881,
            "f1-score": 0.9092295957284515,
            "support": 679.0
        },
        "42": {
            "precision": 0.6912751677852349,