{
    "acc1": 0.7966309562457166,
    "acc5": [
        0.949752912743931
    ],
    "mean_per_class_recall": 0.8040421472619677,
    "classification_report": {
        "0": {
            "precision": 0.7310344827586207,
            "recall": 0.9614512471655329,
            "f1-score": 0.8305582761998042,
            "support": 441.0
        },
        "1": {
            "precision": 0.6120331950207469,
            "recall": 0.7824933687002652,
            "f1-score": 0.6868451688009313,
            "support": 377.0
        },
        "2": {
            "precision": 0.9438202247191011,
            "recall": 0.8502024291497976,
            "f1-score": 0.8945686900958466,
            "support": 494.0
        },
        "3": {
            "precision": 0.9221556886227545,
            "recall": 0.9019033674963397,
            "f1-score": 0.9119170984455959,
            "support": 683.0
        },
        "4": {
            "precision": 0.8847926267281107,
            "recall": 0.9230769230769231,
            "f1-score": 0.9035294117647059,
            "support": 416.0
        },
        "5": {
            "precision": 0.7792056074766355,
            "recall": 0.9680696661828737,
            "f1-score": 0.8634304207119741,
            "support": 689.0
        },
        "6": {
            "precision": 0.5678807947019867,
            "recall": 0.9501385041551247,
            "f1-score": 0.7108808290155441,
            "support": 361.0
        },
        "7": {
            "precision": 0.8959183673469387,
            "recall": 0.984304932735426,
            "f1-score": 0.938034188034188,
            "support": 446.0
        },
        "8": {
            "precision": 0.3983957219251337,
            "recall": 0.8209366391184573,
            "f1-score": 0.5364536453645364,
            "support": 363.0
        },
        "9": {
            "precision": 0.8791593695271454,
            "recall": 0.8655172413793103,
            "f1-score": 0.8722849695916595,
            "support": 580.0
        },
        "10": {
            "precision": 0.8631578947368421,
            "recall": 0.6623586429725363,
            "f1-score": 0.7495429616087751,
            "support": 619.0
        },
        "11": {
            "precision": 0.8414634146341463,
            "recall": 0.92,
            "f1-score": 0.8789808917197452,
            "support": 525.0
        },
        "12": {
            "precision": 0.9071428571428571,
            "recall": 0.7298850574712644,
            "f1-score": 0.8089171974522293,
            "support": 522.0
        },
        "13": {
            "precision": 0.8255813953488372,
            "recall": 0.9764243614931237,
            "f1-score": 0.8946894689468947,
            "support": 509.0
        },
        "14": {
            "precision": 0.7931034482758621,
            "recall": 0.9263521288837745,
            "f1-score": 0.8545647558386412,
            "support": 869.0
        },
        "15": {
            "precision": 0.8316582914572864,
            "recall": 0.5417348608837971,
            "f1-score": 0.6560951437066402,
            "support": 611.0
        },
        "16": {
            "precision": 0.8719298245614036,
            "recall": 0.7802197802197802,
            "f1-score": 0.8235294117647058,
            "support": 637.0
        },
        "17": {
            "precision": 0.9710365853658537,
            "recall": 0.900990099009901,
            "f1-score": 0.9347028613352898,
            "support": 707.0
        },
        "18": {
            "precision": 0.956953642384106,
            "recall": 0.9747048903878583,
            "f1-score": 0.9657477025898078,
            "support": 593.0
        },
        "19": {
            "precision": 0.952054794520548,
            "recall": 0.8152492668621701,
            "f1-score": 0.8783570300157978,
            "support": 341.0
        },
        "20": {
            "precision": 0.8592321755027422,
            "recall": 0.8483754512635379,
            "f1-score": 0.8537693006357856,
            "support": 554.0
        },
        "21": {
            "precision": 0.8942807625649913,
            "recall": 0.8500823723228995,
            "f1-score": 0.8716216216216216,
            "support": 607.0
        },
        "22": {
            "precision": 0.7633587786259542,
            "recall": 0.8833922261484098,
            "f1-score": 0.819000819000819,
            "support": 566.0
        },
        "23": {
            "precision": 0.9378980891719745,
            "recall": 0.7822045152722443,
            "f1-score": 0.8530050687907313,
            "support": 753.0
        },
        "24": {
            "precision": 0.9663551401869159,
            "recall": 0.7333333333333333,
            "f1-score": 0.8338709677419355,
            "support": 705.0
        },
        "25": {
            "precision": 0.8155467720685112,
            "recall": 0.9596899224806201,
            "f1-score": 0.8817663817663818,
            "support": 645.0
        },
        "26": {
            "precision": 0.9082217973231358,
            "recall": 0.6634078212290503,
            "f1-score": 0.7667473769168685,
            "support": 716.0
        },
        "27": {
            "precision": 0.8942307692307693,
            "recall": 0.754054054054054,
            "f1-score": 0.8181818181818182,
            "support": 370.0
        },
        "28": {
            "precision": 0.75,
            "recall": 0.019736842105263157,
            "f1-score": 0.038461538461538464,
            "support": 912.0
        },
        "29": {
            "precision": 0.7426229508196721,
            "recall": 0.934020618556701,
            "f1-score": 0.8273972602739726,
            "support": 485.0
        },
        "30": {
            "precision": 0.8657243816254417,
            "recall": 0.831918505942275,
            "f1-score": 0.8484848484848485,
            "support": 589.0
        },
        "31": {
            "precision": 0.9136490250696379,
            "recall": 0.845360824742268,
            "f1-score": 0.8781793842034806,
            "support": 388.0
        },
        "32": {
            "precision": 0.8888888888888888,
            "recall": 0.35207823960880197,
            "f1-score": 0.5043782837127846,
            "support": 409.0
        },
        "33": {
            "precision": 0.8372093023255814,
            "recall": 0.28402366863905326,
            "f1-score": 0.42415316642120765,
            "support": 507.0
        },
        "34": {
            "precision": 0.9014084507042254,
            "recall": 0.9045936395759717,
            "f1-score": 0.9029982363315696,
            "support": 566.0
        },
        "35": {
            "precision": 0.5061179087875417,
            "recall": 0.869980879541109,
            "f1-score": 0.639943741209564,
            "support": 523.0
        },
        "36": {
            "precision": 0.8005502063273727,
            "recall": 0.9252782193958664,
            "f1-score": 0.8584070796460177,
            "support": 629.0
        },
        "37": {
            "precision": 0.8203125,
            "recall": 0.8553971486761711,
            "f1-score": 0.8374875373878365,
            "support": 491.0
        },
        "38": {
            "precision": 0.8506787330316742,
            "recall": 0.3560606060606061,
            "f1-score": 0.5020026702269693,
            "support": 528.0
        },
        "39": {
            "precision": 0.5815508021390374,
            "recall": 0.8238636363636364,
            "f1-score": 0.6818181818181818,
            "support": 528.0
        },
        "40": {
            "precision": 0.74235807860262,
            "recall": 0.8651399491094147,
            "f1-score": 0.799059929494712,
            "support": 393.0
        },
        "41": {
            "precision": 0.9791955617198336,
            "recall": 0.9592391304347826,
            "f1-score": 0.9691146190803019,
            "support": 736.0
        },