{
    "acc1": 0.6595526219288596,
    "acc5": [
        0.8817748441510818
    ],
    "mean_per_class_recall": 0.6642211975503427,
    "classification_report": {
        "0": {
            "precision": 0.9539594843462247,
            "recall": 0.8368336025848142,
            "f1-score": 0.891566265060241,
            "support": 619.0
        },
        "1": {
            "precision": 0.8026030368763557,
            "recall": 0.8390022675736961,
            "f1-score": 0.8203991130820399,
            "support": 441.0
        },
        "2": {
            "precision": 0.40734265734265734,
            "recall": 0.3204951856946355,
            "f1-score": 0.35873749037721325,
            "support": 727.0
        },
        "3": {
            "precision": 0.6308724832214765,
            "recall": 0.8191721132897604,
            "f1-score": 0.7127962085308057,
            "support": 459.0
        },
        "4": {
            "precision": 0.837465564738292,
            "recall": 0.6909090909090909,
            "f1-score": 0.7571606475716065,
            "support": 440.0
        },
        "5": {
            "precision": 0.9920814479638009,
            "recall": 0.9532608695652174,
            "f1-score": 0.9722838137472284,
            "support": 920.0
        },
        "6": {
            "precision": 0.336,
            "recall": 0.07706422018348624,
            "f1-score": 0.1253731343283582,
            "support": 545.0
        },
        "7": {
            "precision": 0.5160142348754448,
            "recall": 0.6458797327394209,
            "f1-score": 0.5736894164193868,
            "support": 449.0
        },
        "8": {
            "precision": 0.9131652661064426,
            "recall": 0.7874396135265701,
            "f1-score": 0.8456549935149157,
            "support": 414.0
        },
        "9": {
            "precision": 0.46741573033707867,
            "recall": 0.6190476190476191,
            "f1-score": 0.5326504481434059,
            "support": 336.0
        },
        "10": {
            "precision": 0.6912325285895807,
            "recall": 0.8662420382165605,
            "f1-score": 0.768904593639576,
            "support": 628.0
        },
        "11": {
            "precision": 0.9771309771309772,
            "recall": 0.5875,
            "f1-score": 0.7338017174082748,
            "support": 800.0
        },
        "12": {
            "precision": 0.9547101449275363,
            "recall": 0.9278169014084507,
            "f1-score": 0.9410714285714286,
            "support": 568.0
        },
        "13": {
            "precision": 0.8007968127490039,
            "recall": 0.9640287769784173,
            "f1-score": 0.8748639825897715,
            "support": 417.0
        },
        "14": {
            "precision": 0.7667638483965015,
            "recall": 0.88107202680067,
            "f1-score": 0.8199532346063912,
            "support": 597.0
        },
        "15": {
            "precision": 0.2714285714285714,
            "recall": 0.04884318766066838,
            "f1-score": 0.08278867102396514,
            "support": 389.0
        },
        "16": {
            "precision": 0.5243393602225312,
            "recall": 0.7789256198347108,
            "f1-score": 0.6267664172901081,
            "support": 484.0
        },
        "17": {
            "precision": 0.5555555555555556,
            "recall": 0.31887755102040816,
            "f1-score": 0.4051863857374392,
            "support": 392.0
        },
        "18": {
            "precision": 0.8614318706697459,
            "recall": 0.9564102564102565,
            "f1-score": 0.9064398541919806,
            "support": 390.0
        },
        "19": {
            "precision": 0.6517509727626459,
            "recall": 0.8271604938271605,
            "f1-score": 0.7290533188248096,
            "support": 405.0
        },
        "20": {
            "precision": 0.8141025641025641,
            "recall": 0.6902173913043478,
            "f1-score": 0.7470588235294118,
            "support": 368.0
        },
        "21": {
            "precision": 0.42790697674418604,
            "recall": 0.6244343891402715,
            "f1-score": 0.5078196872125115,
            "support": 442.0
        },
        "22": {
            "precision": 0.8795620437956204,
            "recall": 0.9576158940397351,
            "f1-score": 0.9169308814204186,
            "support": 755.0
        },
        "23": {
            "precision": 0.2921686746987952,
            "recall": 0.25129533678756477,
            "f1-score": 0.27019498607242337,
            "support": 386.0
        },
        "24": {
            "precision": 0.9736842105263158,
            "recall": 0.7237163814180929,
            "f1-score": 0.8302945301542777,
            "support": 409.0
        },
        "25": {
            "precision": 0.46559633027522934,
            "recall": 0.42028985507246375,
            "f1-score": 0.44178454842219805,
            "support": 483.0
        },
        "26": {
            "precision": 0.8098360655737705,
            "recall": 0.7243401759530792,
            "f1-score": 0.7647058823529411,
            "support": 682.0
        },
        "27": {
            "precision": 0.7948016415868673,
            "recall": 0.9540229885057471,
            "f1-score": 0.8671641791044776,
            "support": 609.0
        },
        "28": {
            "precision": 0.7094972067039106,
            "recall": 0.9501246882793017,
            "f1-score": 0.8123667377398721,
            "support": 401.0
        },
        "29": {
            "precision": 0.7440944881889764,
            "recall": 0.30385852090032156,
            "f1-score": 0.4315068493150685,
            "support": 622.0
        },
        "30": {
            "precision": 0.6471734892787524,
            "recall": 0.5203761755485894,
            "f1-score": 0.576889661164205,
            "support": 638.0
        },
        "31": {
            "precision": 0.4166666666666667,
            "recall": 0.04440497335701599,
            "f1-score": 0.08025682182985554,
            "support": 563.0
        },
        "32": {
            "precision": 0.16044997039668443,
            "recall": 0.6049107142857143,
            "f1-score": 0.25362657931679927,
            "support": 448.0
        },
        "33": {
            "precision": 0.7298787210584344,
            "recall": 0.9457142857142857,
            "f1-score": 0.8238954573739888,
            "support": 700.0
        },
        "34": {
            "precision": 0.7181818181818181,
            "recall": 0.6336898395721925,
            "f1-score": 0.6732954545454546,
            "support": 374.0
        },
        "35": {
            "precision": 0.8127753303964758,
            "recall": 0.8870192307692307,
            "f1-score": 0.8482758620689655,
            "support": 416.0
        },
        "36": {
            "precision": 0.7803030303030303,
            "recall": 0.8110236220472441,
            "f1-score": 0.7953667953667953,
            "support": 508.0
        },
        "37": {
            "precision": 0.7367601246105919,
            "recall": 0.7568,
            "f1-score": 0.7466456195737964,
            "support": 625.0
        },
        "38": {
            "precision": 0.817741935483871,
            "recall": 0.8973451327433628,
            "f1-score": 0.8556962025316456,
            "support": 565.0
        },
        "39": {
            "precision": 0.8039735099337748,
            "recall": 0.8721264367816092,
            "f1-score": 0.8366643694004136,
            "support": 696.0
        },
        "40": {
            "precision": 0.7142857142857143,
            "recall": 0.19430051813471502,
            "f1-score": 0.3054989816700611,
            "support": 386.0
        },
        "41": {
            "precision": 0.42337002540220153,
            "recall": 0.8417508417508418,
            "f1-score": 0.5633802816901409,
            "support": 594.0
        },