{
    "acc1": 0.7828282828282829,
    "acc5": [
        0.9622766122766123
    ],
    "mean_per_class_recall": 0.7770042450579158,
    "classification_report": {
        "0": {
            "precision": 0.5851272015655578,
            "recall": 0.7666666666666667,
            "f1-score": 0.6637069922308546,
            "support": 390.0
        },
        "1": {
            "precision": 0.8716904276985743,
            "recall": 0.6970684039087948,
            "f1-score": 0.7746606334841629,
            "support": 614.0
        },
        "2": {
            "precision": 0.7156726768377254,
            "recall": 0.9052631578947369,
            "f1-score": 0.7993803253292022,
            "support": 570.0
        },
        "3": {
            "precision": 0.8447789275634995,
            "recall": 0.9191402251791198,
            "f1-score": 0.8803921568627451,
            "support": 977.0
        },
        "4": {
            "precision": 0.8736616702355461,
            "recall": 0.8947368421052632,
            "f1-score": 0.8840736728060672,
            "support": 456.0
        },
        "5": {
            "precision": 0.8177458033573142,
            "recall": 0.6046099290780141,
            "f1-score": 0.6952089704383282,
            "support": 564.0
        },
        "6": {
            "precision": 0.8450946643717728,
            "recall": 0.8279932546374368,
            "f1-score": 0.8364565587734242,
            "support": 593.0
        },
        "7": {
            "precision": 0.5927083333333333,
            "recall": 0.8404726735598228,
            "f1-score": 0.6951740989615149,
            "support": 677.0
        },
        "8": {
            "precision": 0.384928716904277,
            "recall": 0.4643734643734644,
            "f1-score": 0.4209354120267261,
            "support": 407.0
        },
        "9": {
            "precision": 0.7374517374517374,
            "recall": 0.8623024830699775,
            "f1-score": 0.7950052029136316,
            "support": 443.0
        },
        "10": {
            "precision": 0.8317460317460318,
            "recall": 0.5067698259187621,
            "f1-score": 0.6298076923076923,
            "support": 517.0
        },
        "11": {
            "precision": 0.8996062992125984,
            "recall": 0.9621052631578947,
            "f1-score": 0.9298067141403866,
            "support": 475.0
        },
        "12": {
            "precision": 0.8181818181818182,
            "recall": 0.6675191815856778,
            "f1-score": 0.7352112676056338,
            "support": 391.0
        },
        "13": {
            "precision": 0.761996161228407,
            "recall": 0.8822222222222222,
            "f1-score": 0.8177136972193615,
            "support": 450.0
        },
        "14": {
            "precision": 0.9520426287744227,
            "recall": 0.9852941176470589,
            "f1-score": 0.9683830171635049,
            "support": 544.0
        },
        "15": {
            "precision": 0.8755186721991701,
            "recall": 0.9234135667396062,
            "f1-score": 0.898828541001065,
            "support": 457.0
        },
        "16": {
            "precision": 0.8701492537313433,
            "recall": 0.9388083735909822,
            "f1-score": 0.9031758326878389,
            "support": 621.0
        },
        "17": {
            "precision": 0.9261744966442953,
            "recall": 0.92,
            "f1-score": 0.9230769230769231,
            "support": 600.0
        },
        "18": {
            "precision": 0.871939736346516,
            "recall": 0.8938223938223938,
            "f1-score": 0.882745471877979,
            "support": 518.0
        },
        "19": {
            "precision": 0.9025787965616046,
            "recall": 0.5822550831792976,
            "f1-score": 0.7078651685393258,
            "support": 541.0
        },
        "20": {
            "precision": 0.804920913884007,
            "recall": 0.8120567375886525,
            "f1-score": 0.8084730803177406,
            "support": 564.0
        },
        "21": {
            "precision": 0.8662420382165605,
            "recall": 0.6956521739130435,
            "f1-score": 0.7716312056737589,
            "support": 391.0
        },
        "22": {
            "precision": 0.9226361031518625,
            "recall": 0.4791666666666667,
            "f1-score": 0.6307541625857003,
            "support": 672.0
        },
        "23": {
            "precision": 0.8311345646437994,
            "recall": 0.7894736842105263,
            "f1-score": 0.8097686375321337,
            "support": 399.0
        },
        "24": {
            "precision": 0.8416801292407108,
            "recall": 0.9542124542124543,
            "f1-score": 0.894420600858369,
            "support": 546.0
        },
        "25": {
            "precision": 0.7990314769975787,
            "recall": 0.9428571428571428,
            "f1-score": 0.8650065530799476,
            "support": 350.0
        },
        "26": {
            "precision": 0.8924302788844621,
            "recall": 0.9739130434782609,
            "f1-score": 0.9313929313929314,
            "support": 460.0
        },
        "27": {
            "precision": 0.9373134328358209,
            "recall": 0.41589403973509936,
            "f1-score": 0.5761467889908257,
            "support": 755.0
        },
        "28": {
            "precision": 0.9622641509433962,
            "recall": 0.9764359351988218,
            "f1-score": 0.9692982456140351,
            "support": 679.0
        },
        "29": {
            "precision": 0.7714932126696833,
            "recall": 0.6291512915129152,
            "f1-score": 0.693089430894309,
            "support": 542.0
        },
        "30": {
            "precision": 0.882636655948553,
            "recall": 0.8659305993690851,
            "f1-score": 0.8742038216560509,
            "support": 634.0
        },
        "31": {
            "precision": 0.8809523809523809,
            "recall": 0.7467889908256881,
            "f1-score": 0.8083416087388282,
            "support": 545.0
        },
        "32": {
            "precision": 0.926948051948052,
            "recall": 0.9106858054226475,
            "f1-score": 0.918744971842317,
            "support": 627.0
        },
        "33": {
            "precision": 0.9071925754060325,
            "recall": 0.8354700854700855,
            "f1-score": 0.8698553948832035,
            "support": 468.0
        },
        "34": {
            "precision": 0.6875,
            "recall": 0.5428571428571428,
            "f1-score": 0.6066763425253991,
            "support": 385.0
        },
        "35": {
            "precision": 0.6385224274406333,
            "recall": 0.6335078534031413,
            "f1-score": 0.6360052562417872,
            "support": 382.0
        },
        "36": {
            "precision": 0.8027210884353742,
            "recall": 0.8009049773755657,
            "f1-score": 0.8018120045300113,
            "support": 442.0
        },
        "37": {
            "precision": 0.7704918032786885,
            "recall": 0.44339622641509435,
            "f1-score": 0.562874251497006,
            "support": 424.0
        },
        "38": {
            "precision": 0.5621890547263682,
            "recall": 0.710691823899371,
            "f1-score": 0.6277777777777778,
            "support": 318.0
        },
        "39": {
            "precision": 0.7008310249307479,
            "recall": 0.5789473684210527,
            "f1-score": 0.6340852130325815,
            "support": 437.0
        },
        "40": {
            "precision": 0.9032921810699589,
            "recall": 0.8314393939393939,
            "f1-score": 0.8658777120315582,
            "support": 528.0
        },
        "41": {
            "precision": 0.9429012345679012,
            "recall": 0.8998527245949927,
            "f1-score": 0.9208741522230596,
            "support": 679.0
        },