{
    "acc1": 0.7692453978396471,
    "acc5": [
        0.9486535828388863
    ],
    "mean_per_class_recall": 0.7666854534311344,
    "classification_report": {
        "0": {
            "precision": 0.8695652173913043,
            "recall": 0.8949416342412452,
            "f1-score": 0.8820709491850431,
            "support": 514.0
        },
        "1": {
            "precision": 0.8984881209503239,
            "recall": 0.8421052631578947,
            "f1-score": 0.8693834900731452,
            "support": 494.0
        },
        "2": {
            "precision": 0.8939393939393939,
            "recall": 0.855072463768116,
            "f1-score": 0.8740740740740741,
            "support": 483.0
        },
        "3": {
            "precision": 0.4870848708487085,
            "recall": 0.20276497695852536,
            "f1-score": 0.28633405639913234,
            "support": 651.0
        },
        "4": {
            "precision": 0.811554332874828,
            "recall": 0.8727810650887574,
            "f1-score": 0.8410548823948681,
            "support": 676.0
        },
        "5": {
            "precision": 0.45348837209302323,
            "recall": 0.21428571428571427,
            "f1-score": 0.291044776119403,
            "support": 364.0
        },
        "6": {
            "precision": 0.8671052631578947,
            "recall": 0.9191073919107392,
            "f1-score": 0.8923493568043331,
            "support": 717.0
        },
        "7": {
            "precision": 0.5177664974619289,
            "recall": 0.951048951048951,
            "f1-score": 0.6705012325390304,
            "support": 429.0
        },
        "8": {
            "precision": 0.7116564417177914,
            "recall": 0.9369951534733441,
            "f1-score": 0.8089260808926081,
            "support": 619.0
        },
        "9": {
            "precision": 0.8722627737226277,
            "recall": 0.9227799227799228,
            "f1-score": 0.8968105065666041,
            "support": 518.0
        },
        "10": {
            "precision": 0.9130434782608695,
            "recall": 0.7584650112866818,
            "f1-score": 0.8286066584463625,
            "support": 443.0
        },
        "11": {
            "precision": 0.8703703703703703,
            "recall": 0.30387931034482757,
            "f1-score": 0.4504792332268371,
            "support": 464.0
        },
        "12": {
            "precision": 0.7902542372881356,
            "recall": 0.979002624671916,
            "f1-score": 0.8745603751465416,
            "support": 381.0
        },
        "13": {
            "precision": 0.9363207547169812,
            "recall": 0.8822222222222222,
            "f1-score": 0.9084668192219679,
            "support": 450.0
        },
        "14": {
            "precision": 0.8754966887417218,
            "recall": 0.9456366237482118,
            "f1-score": 0.9092159559834938,
            "support": 699.0
        },
        "15": {
            "precision": 0.6242299794661191,
            "recall": 0.5619223659889094,
            "f1-score": 0.5914396887159533,
            "support": 541.0
        },
        "16": {
            "precision": 0.88,
            "recall": 0.8600823045267489,
            "f1-score": 0.8699271592091571,
            "support": 486.0
        },
        "17": {
            "precision": 0.6919104991394148,
            "recall": 0.8204081632653061,
            "f1-score": 0.7507002801120448,
            "support": 490.0
        },
        "18": {
            "precision": 0.7368421052631579,
            "recall": 0.7823529411764706,
            "f1-score": 0.7589158345221113,
            "support": 340.0
        },
        "19": {
            "precision": 0.8402489626556017,
            "recall": 0.8766233766233766,
            "f1-score": 0.8580508474576272,
            "support": 462.0
        },
        "20": {
            "precision": 0.9460227272727273,
            "recall": 0.7620137299771167,
            "f1-score": 0.844106463878327,
            "support": 437.0
        },
        "21": {
            "precision": 0.8764940239043825,
            "recall": 0.5714285714285714,
            "f1-score": 0.6918238993710691,
            "support": 385.0
        },
        "22": {
            "precision": 0.4691588785046729,
            "recall": 0.744807121661721,
            "f1-score": 0.5756880733944955,
            "support": 337.0
        },
        "23": {
            "precision": 0.8145896656534954,
            "recall": 0.7905604719764012,
            "f1-score": 0.8023952095808383,
            "support": 339.0
        },
        "24": {
            "precision": 0.8161693936477382,
            "recall": 0.9318681318681319,
            "f1-score": 0.8701898409440739,
            "support": 910.0
        },
        "25": {
            "precision": 0.4464516129032258,
            "recall": 0.6705426356589147,
            "f1-score": 0.5360185902401239,
            "support": 516.0
        },
        "26": {
            "precision": 0.9403341288782816,
            "recall": 0.9120370370370371,
            "f1-score": 0.9259694477085781,
            "support": 432.0
        },
        "27": {
            "precision": 0.710239651416122,
            "recall": 0.815,
            "f1-score": 0.7590221187427241,
            "support": 400.0
        },
        "28": {
            "precision": 0.7815315315315315,
            "recall": 0.9532967032967034,
            "f1-score": 0.8589108910891089,
            "support": 364.0
        },
        "29": {
            "precision": 0.875968992248062,
            "recall": 0.8737113402061856,
            "f1-score": 0.8748387096774194,
            "support": 388.0
        },
        "30": {
            "precision": 0.8095238095238095,
            "recall": 0.39676840215439857,
            "f1-score": 0.5325301204819277,
            "support": 557.0
        },
        "31": {
            "precision": 0.9053803339517625,
            "recall": 0.9330783938814532,
            "f1-score": 0.9190207156308852,
            "support": 523.0
        },
        "32": {
            "precision": 0.773121387283237,
            "recall": 0.8205521472392638,
            "f1-score": 0.7961309523809523,
            "support": 652.0
        },
        "33": {
            "precision": 0.642570281124498,
            "recall": 0.9090909090909091,
            "f1-score": 0.7529411764705882,
            "support": 352.0
        },
        "34": {
            "precision": 0.6198547215496368,
            "recall": 0.7816793893129771,
            "f1-score": 0.6914247130317354,
            "support": 655.0
        },
        "35": {
            "precision": 0.9054545454545454,
            "recall": 0.5198329853862212,
            "f1-score": 0.6604774535809018,
            "support": 479.0
        },
        "36": {
            "precision": 0.9265822784810127,
            "recall": 0.8905109489051095,
            "f1-score": 0.9081885856079405,
            "support": 822.0
        },
        "37": {
            "precision": 0.823086574654956,
            "recall": 0.8888888888888888,
            "f1-score": 0.8547231270358306,
            "support": 738.0
        },
        "38": {
            "precision": 0.9467275494672754,
            "recall": 0.8638888888888889,
            "f1-score": 0.9034132171387074,
            "support": 720.0
        },
        "39": {
            "precision": 0.693069306930693,
            "recall": 0.5825242718446602,
            "f1-score": 0.6330067822155238,
            "support": 721.0
        },
        "40": {
            "precision": 0.8383620689655172,
            "recall": 0.6777003484320557,
            "f1-score": 0.7495183044315993,
            "support": 574.0
        },
        "41": {
            "precision": 0.9066305818673883,
            "recall": 0.8589743589743589,
            "f1-score": 0.8821593153390388,
            "support": 780.0
        },