{
    "acc1": 0.8163257944666883,
    "acc5": [
        0.9661292067958013
    ],
    "mean_per_class_recall": 0.8234531797811232,
    "classification_report": {
        "0": {
            "precision": 0.8763102725366876,
            "recall": 0.9478458049886621,
            "f1-score": 0.9106753812636166,
            "support": 441.0
        },
        "1": {
            "precision": 0.553763440860215,
            "recall": 0.8196286472148541,
            "f1-score": 0.6609625668449198,
            "support": 377.0
        },
        "2": {
            "precision": 0.9326086956521739,
            "recall": 0.868421052631579,
            "f1-score": 0.89937106918239,
            "support": 494.0
        },
        "3": {
            "precision": 0.9296187683284457,
            "recall": 0.9282576866764275,
            "f1-score": 0.928937728937729,
            "support": 683.0
        },
        "4": {
            "precision": 0.8946135831381733,
            "recall": 0.9182692307692307,
            "f1-score": 0.9062870699881376,
            "support": 416.0
        },
        "5": {
            "precision": 0.8133333333333334,
            "recall": 0.9738751814223512,
            "f1-score": 0.8863936591809776,
            "support": 689.0
        },
        "6": {
            "precision": 0.6544715447154471,
            "recall": 0.8919667590027701,
            "f1-score": 0.7549824150058617,
            "support": 361.0
        },
        "7": {
            "precision": 0.8979591836734694,
            "recall": 0.9865470852017937,
            "f1-score": 0.9401709401709402,
            "support": 446.0
        },
        "8": {
            "precision": 0.4659270998415214,
            "recall": 0.8099173553719008,
            "f1-score": 0.5915492957746479,
            "support": 363.0
        },
        "9": {
            "precision": 0.8957654723127035,
            "recall": 0.9482758620689655,
            "f1-score": 0.9212730318257957,
            "support": 580.0
        },
        "10": {
            "precision": 0.8654708520179372,
            "recall": 0.6235864297253635,
            "f1-score": 0.7248826291079812,
            "support": 619.0
        },
        "11": {
            "precision": 0.8863636363636364,
            "recall": 0.8914285714285715,
            "f1-score": 0.8888888888888888,
            "support": 525.0
        },
        "12": {
            "precision": 0.8674948240165632,
            "recall": 0.8026819923371648,
            "f1-score": 0.8338308457711443,
            "support": 522.0
        },
        "13": {
            "precision": 0.7342143906020558,
            "recall": 0.9823182711198428,
            "f1-score": 0.8403361344537815,
            "support": 509.0
        },
        "14": {
            "precision": 0.7964946445959105,
            "recall": 0.9413118527042578,
            "f1-score": 0.8628691983122363,
            "support": 869.0
        },
        "15": {
            "precision": 0.9678714859437751,
            "recall": 0.7888707037643208,
            "f1-score": 0.8692515779981965,
            "support": 611.0
        },
        "16": {
            "precision": 0.8649921507064364,
            "recall": 0.8649921507064364,
            "f1-score": 0.8649921507064364,
            "support": 637.0
        },
        "17": {
            "precision": 0.9474474474474475,
            "recall": 0.8925035360678925,
            "f1-score": 0.9191551347414421,
            "support": 707.0
        },
        "18": {
            "precision": 0.9631490787269682,
            "recall": 0.96964586846543,
            "f1-score": 0.9663865546218487,
            "support": 593.0
        },
        "19": {
            "precision": 0.9014492753623189,
            "recall": 0.9120234604105572,
            "f1-score": 0.9067055393586005,
            "support": 341.0
        },
        "20": {
            "precision": 0.8107667210440457,
            "recall": 0.8971119133574007,
            "f1-score": 0.8517566409597258,
            "support": 554.0
        },
        "21": {
            "precision": 0.9179755671902269,
            "recall": 0.8665568369028006,
            "f1-score": 0.8915254237288136,
            "support": 607.0
        },
        "22": {
            "precision": 0.8243243243243243,
            "recall": 0.8621908127208481,
            "f1-score": 0.842832469775475,
            "support": 566.0
        },
        "23": {
            "precision": 0.9594813614262561,
            "recall": 0.7861885790172642,
            "f1-score": 0.8642335766423358,
            "support": 753.0
        },
        "24": {
            "precision": 0.9592592592592593,
            "recall": 0.7347517730496453,
            "f1-score": 0.8321285140562249,
            "support": 705.0
        },
        "25": {
            "precision": 0.874095513748191,
            "recall": 0.9364341085271318,
            "f1-score": 0.9041916167664671,
            "support": 645.0
        },
        "26": {
            "precision": 0.9192307692307692,
            "recall": 0.6675977653631285,
            "f1-score": 0.7734627831715211,
            "support": 716.0
        },
        "27": {
            "precision": 0.8575949367088608,
            "recall": 0.7324324324324324,
            "f1-score": 0.7900874635568513,
            "support": 370.0
        },
        "28": {
            "precision": 0.7469879518072289,
            "recall": 0.06798245614035088,
            "f1-score": 0.12462311557788945,
            "support": 912.0
        },
        "29": {
            "precision": 0.9203539823008849,
            "recall": 0.8577319587628865,
            "f1-score": 0.887940234791889,
            "support": 485.0
        },
        "30": {
            "precision": 0.8798586572438163,
            "recall": 0.8455008488964346,
            "f1-score": 0.8623376623376623,
            "support": 589.0
        },
        "31": {
            "precision": 0.9434523809523809,
            "recall": 0.8170103092783505,
            "f1-score": 0.8756906077348067,
            "support": 388.0
        },
        "32": {
            "precision": 0.8310344827586207,
            "recall": 0.589242053789731,
            "f1-score": 0.6895565092989986,
            "support": 409.0
        },
        "33": {
            "precision": 0.8872180451127819,
            "recall": 0.23274161735700197,
            "f1-score": 0.36875,
            "support": 507.0
        },
        "34": {
            "precision": 0.924074074074074,
            "recall": 0.8816254416961131,
            "f1-score": 0.9023508137432188,
            "support": 566.0
        },
        "35": {
            "precision": 0.5152542372881356,
            "recall": 0.8718929254302104,
            "f1-score": 0.6477272727272727,
            "support": 523.0
        },
        "36": {
            "precision": 0.8115746971736204,
            "recall": 0.958664546899841,
            "f1-score": 0.8790087463556852,
            "support": 629.0
        },
        "37": {
            "precision": 0.8408163265306122,
            "recall": 0.8391038696537678,
            "f1-score": 0.8399592252803262,
            "support": 491.0
        },
        "38": {
            "precision": 0.8279569892473119,
            "recall": 0.4375,
            "f1-score": 0.5724907063197026,
            "support": 528.0
        },
        "39": {
            "precision": 0.6052998605299861,
            "recall": 0.821969696969697,
            "f1-score": 0.6971887550200804,
            "support": 528.0
        },
        "40": {
            "precision": 0.8443271767810027,
            "recall": 0.8142493638676844,
            "f1-score": 0.8290155440414507,
            "support": 393.0
        },
        "41": {
            "precision": 0.9511873350923483,
            "recall": 0.9796195652173914,
            "f1-score": 0.965194109772423,
            "support": 736.0
        },