{
    "acc1": 0.6862119545287862,
    "acc5": [
        0.870993766043271
    ],
    "mean_per_class_recall": 0.6698126133278645,
    "classification_report": {
        "0": {
            "precision": 0.9491525423728814,
            "recall": 0.9046849757673667,
            "f1-score": 0.9263854425144747,
            "support": 619.0
        },
        "1": {
            "precision": 0.8923766816143498,
            "recall": 0.9024943310657596,
            "f1-score": 0.8974069898534386,
            "support": 441.0
        },
        "2": {
            "precision": 0.8763157894736842,
            "recall": 0.4580467675378267,
            "f1-score": 0.6016260162601627,
            "support": 727.0
        },
        "3": {
            "precision": 0.6946107784431138,
            "recall": 0.7581699346405228,
            "f1-score": 0.725,
            "support": 459.0
        },
        "4": {
            "precision": 0.8181818181818182,
            "recall": 0.7363636363636363,
            "f1-score": 0.7751196172248804,
            "support": 440.0
        },
        "5": {
            "precision": 0.9724061810154525,
            "recall": 0.9576086956521739,
            "f1-score": 0.9649507119386638,
            "support": 920.0
        },
        "6": {
            "precision": 0.2356020942408377,
            "recall": 0.08256880733944955,
            "f1-score": 0.12228260869565218,
            "support": 545.0
        },
        "7": {
            "precision": 0.21966341895482727,
            "recall": 0.5523385300668151,
            "f1-score": 0.31432192648922685,
            "support": 449.0
        },
        "8": {
            "precision": 0.8809523809523809,
            "recall": 0.8043478260869565,
            "f1-score": 0.8409090909090909,
            "support": 414.0
        },
        "9": {
            "precision": 0.45555555555555555,
            "recall": 0.12202380952380952,
            "f1-score": 0.19248826291079812,
            "support": 336.0
        },
        "10": {
            "precision": 0.8351851851851851,
            "recall": 0.7181528662420382,
            "f1-score": 0.7722602739726028,
            "support": 628.0
        },
        "11": {
            "precision": 0.9875,
            "recall": 0.395,
            "f1-score": 0.5642857142857143,
            "support": 800.0
        },
        "12": {
            "precision": 0.9233716475095786,
            "recall": 0.8485915492957746,
            "f1-score": 0.8844036697247707,
            "support": 568.0
        },
        "13": {
            "precision": 0.5888252148997135,
            "recall": 0.9856115107913669,
            "f1-score": 0.737219730941704,
            "support": 417.0
        },
        "14": {
            "precision": 0.7181409295352323,
            "recall": 0.8023450586264657,
            "f1-score": 0.7579113924050633,
            "support": 597.0
        },
        "15": {
            "precision": 0.1346153846153846,
            "recall": 0.017994858611825194,
            "f1-score": 0.031746031746031744,
            "support": 389.0
        },
        "16": {
            "precision": 0.3168724279835391,
            "recall": 0.1590909090909091,
            "f1-score": 0.21182943603851445,
            "support": 484.0
        },
        "17": {
            "precision": 0.8039867109634552,
            "recall": 0.6173469387755102,
            "f1-score": 0.6984126984126984,
            "support": 392.0
        },
        "18": {
            "precision": 0.7969094922737306,
            "recall": 0.9256410256410257,
            "f1-score": 0.8564650059311981,
            "support": 390.0
        },
        "19": {
            "precision": 0.6309751434034416,
            "recall": 0.8148148148148148,
            "f1-score": 0.7112068965517241,
            "support": 405.0
        },
        "20": {
            "precision": 0.43676470588235294,
            "recall": 0.8070652173913043,
            "f1-score": 0.566793893129771,
            "support": 368.0
        },
        "21": {
            "precision": 0.09230769230769231,
            "recall": 0.013574660633484163,
            "f1-score": 0.023668639053254437,
            "support": 442.0
        },
        "22": {
            "precision": 0.874251497005988,
            "recall": 0.7735099337748345,
            "f1-score": 0.8208011243851019,
            "support": 755.0
        },
        "23": {
            "precision": 0.33288770053475936,
            "recall": 0.6450777202072538,
            "f1-score": 0.43915343915343913,
            "support": 386.0
        },
        "24": {
            "precision": 0.75,
            "recall": 0.7334963325183375,
            "f1-score": 0.7416563658838071,
            "support": 409.0
        },
        "25": {
            "precision": 0.6940509915014165,
            "recall": 0.5072463768115942,
            "f1-score": 0.5861244019138756,
            "support": 483.0
        },
        "26": {
            "precision": 0.8407079646017699,
            "recall": 0.6964809384164223,
            "f1-score": 0.7618283881315157,
            "support": 682.0
        },
        "27": {
            "precision": 0.7714663143989432,
            "recall": 0.9589490968801314,
            "f1-score": 0.8550512445095169,
            "support": 609.0
        },
        "28": {
            "precision": 0.6362126245847176,
            "recall": 0.9551122194513716,
            "f1-score": 0.7637088733798604,
            "support": 401.0
        },
        "29": {
            "precision": 0.47914547304170907,
            "recall": 0.7572347266881029,
            "f1-score": 0.5869158878504673,
            "support": 622.0
        },
        "30": {
            "precision": 0.7452471482889734,
            "recall": 0.3072100313479624,
            "f1-score": 0.43507214206437295,
            "support": 638.0
        },
        "31": {
            "precision": 0.0,
            "recall": 0.0,
            "f1-score": 0.0,
            "support": 563.0
        },
        "32": {
            "precision": 0.7799227799227799,
            "recall": 0.9017857142857143,
            "f1-score": 0.8364389233954451,
            "support": 448.0
        },
        "33": {
            "precision": 0.6782700421940928,
            "recall": 0.9185714285714286,
            "f1-score": 0.7803398058252428,
            "support": 700.0
        },
        "34": {
            "precision": 0.6339468302658486,
            "recall": 0.8288770053475936,
            "f1-score": 0.7184241019698725,
            "support": 374.0
        },
        "35": {
            "precision": 0.7030651340996169,
            "recall": 0.8822115384615384,
            "f1-score": 0.7825159914712153,
            "support": 416.0
        },
        "36": {
            "precision": 0.4486873508353222,
            "recall": 0.3700787401574803,
            "f1-score": 0.40560949298813376,
            "support": 508.0
        },
        "37": {
            "precision": 0.6927860696517413,
            "recall": 0.8912,
            "f1-score": 0.7795661301609517,
            "support": 625.0
        },
        "38": {
            "precision": 0.7289719626168224,
            "recall": 0.9663716814159292,
            "f1-score": 0.8310502283105022,
            "support": 565.0
        },
        "39": {
            "precision": 0.8220108695652174,
            "recall": 0.8692528735632183,
            "f1-score": 0.8449720670391061,
            "support": 696.0
        },
        "40": {
            "precision": 0.6330935251798561,
            "recall": 0.45595854922279794,
            "f1-score": 0.5301204819277109,
            "support": 386.0
        },
        "41": {
            "precision": 0.4683882457702582,
            "recall": 0.8855218855218855,
            "f1-score": 0.6126965637740245,
            "support": 594.0
        },
        "42": {
            "precision": 0.40721102863202546,