{
    "acc1": 0.7604693802713605,
    "acc5": [
        0.9438577191052439
    ],
    "mean_per_class_recall": 0.7618242475780761,
    "classification_report": {
        "0": {
            "precision": 0.9492635024549918,
            "recall": 0.9369951534733441,
            "f1-score": 0.943089430894309,
            "support": 619.0
        },
        "1": {
            "precision": 0.888402625820569,
            "recall": 0.9206349206349206,
            "f1-score": 0.9042316258351893,
            "support": 441.0
        },
        "2": {
            "precision": 0.9298561151079137,
            "recall": 0.7111416781292985,
            "f1-score": 0.8059236165237724,
            "support": 727.0
        },
        "3": {
            "precision": 0.8044806517311609,
            "recall": 0.8605664488017429,
            "f1-score": 0.8315789473684211,
            "support": 459.0
        },
        "4": {
            "precision": 0.7837837837837838,
            "recall": 0.8568181818181818,
            "f1-score": 0.8186753528773073,
            "support": 440.0
        },
        "5": {
            "precision": 0.9889380530973452,
            "recall": 0.9717391304347827,
            "f1-score": 0.9802631578947368,
            "support": 920.0
        },
        "6": {
            "precision": 0.6457399103139013,
            "recall": 0.26422018348623855,
            "f1-score": 0.375,
            "support": 545.0
        },
        "7": {
            "precision": 0.5264847512038523,
            "recall": 0.7305122494432071,
            "f1-score": 0.6119402985074627,
            "support": 449.0
        },
        "8": {
            "precision": 0.8687089715536105,
            "recall": 0.9589371980676329,
            "f1-score": 0.9115958668197475,
            "support": 414.0
        },
        "9": {
            "precision": 0.3270440251572327,
            "recall": 0.4642857142857143,
            "f1-score": 0.3837638376383764,
            "support": 336.0
        },
        "10": {
            "precision": 0.75,
            "recall": 0.8359872611464968,
            "f1-score": 0.7906626506024096,
            "support": 628.0
        },
        "11": {
            "precision": 0.9632721202003339,
            "recall": 0.72125,
            "f1-score": 0.8248749106504646,
            "support": 800.0
        },
        "12": {
            "precision": 0.9265442404006677,
            "recall": 0.977112676056338,
            "f1-score": 0.9511568123393316,
            "support": 568.0
        },
        "13": {
            "precision": 0.794921875,
            "recall": 0.9760191846522782,
            "f1-score": 0.876210979547901,
            "support": 417.0
        },
        "14": {
            "precision": 0.7233468286099866,
            "recall": 0.897822445561139,
            "f1-score": 0.8011958146487295,
            "support": 597.0
        },
        "15": {
            "precision": 0.5138888888888888,
            "recall": 0.09511568123393316,
            "f1-score": 0.16052060737527116,
            "support": 389.0
        },
        "16": {
            "precision": 0.726890756302521,
            "recall": 0.7148760330578512,
            "f1-score": 0.7208333333333333,
            "support": 484.0
        },
        "17": {
            "precision": 0.8284671532846716,
            "recall": 0.5790816326530612,
            "f1-score": 0.6816816816816816,
            "support": 392.0
        },
        "18": {
            "precision": 0.866822429906542,
            "recall": 0.9512820512820512,
            "f1-score": 0.9070904645476773,
            "support": 390.0
        },
        "19": {
            "precision": 0.7003891050583657,
            "recall": 0.8888888888888888,
            "f1-score": 0.7834602829162133,
            "support": 405.0
        },
        "20": {
            "precision": 0.7977207977207977,
            "recall": 0.7608695652173914,
            "f1-score": 0.7788595271210014,
            "support": 368.0
        },
        "21": {
            "precision": 0.7980769230769231,
            "recall": 0.18778280542986425,
            "f1-score": 0.304029304029304,
            "support": 442.0
        },
        "22": {
            "precision": 0.9533333333333334,
            "recall": 0.9470198675496688,
            "f1-score": 0.9501661129568106,
            "support": 755.0
        },
        "23": {
            "precision": 0.45785876993166286,
            "recall": 0.5207253886010362,
            "f1-score": 0.48727272727272725,
            "support": 386.0
        },
        "24": {
            "precision": 0.9462686567164179,
            "recall": 0.7750611246943765,
            "f1-score": 0.8521505376344086,
            "support": 409.0
        },
        "25": {
            "precision": 0.6035031847133758,
            "recall": 0.7846790890269151,
            "f1-score": 0.6822682268226823,
            "support": 483.0
        },
        "26": {
            "precision": 0.8695652173913043,
            "recall": 0.7624633431085044,
            "f1-score": 0.8125,
            "support": 682.0
        },
        "27": {
            "precision": 0.8650674662668666,
            "recall": 0.9474548440065681,
            "f1-score": 0.9043887147335423,
            "support": 609.0
        },
        "28": {
            "precision": 0.7250922509225092,
            "recall": 0.9800498753117207,
            "f1-score": 0.8335100742311771,
            "support": 401.0
        },
        "29": {
            "precision": 0.5381679389312977,
            "recall": 0.9067524115755627,
            "f1-score": 0.6754491017964072,
            "support": 622.0
        },
        "30": {
            "precision": 0.696236559139785,
            "recall": 0.4059561128526646,
            "f1-score": 0.5128712871287129,
            "support": 638.0
        },
        "31": {
            "precision": 0.5714285714285714,
            "recall": 0.014209591474245116,
            "f1-score": 0.02772963604852686,
            "support": 563.0
        },
        "32": {
            "precision": 0.6239837398373984,
            "recall": 0.6852678571428571,
            "f1-score": 0.6531914893617021,
            "support": 448.0
        },
        "33": {
            "precision": 0.7956469165659008,
            "recall": 0.94,
            "f1-score": 0.8618205631958088,
            "support": 700.0
        },
        "34": {
            "precision": 0.8345864661654135,
            "recall": 0.8903743315508021,
            "f1-score": 0.8615782664941786,
            "support": 374.0
        },
        "35": {
            "precision": 0.7233273056057866,
            "recall": 0.9615384615384616,
            "f1-score": 0.8255933952528379,
            "support": 416.0
        },
        "36": {
            "precision": 0.9182795698924732,
            "recall": 0.8405511811023622,
            "f1-score": 0.8776978417266187,
            "support": 508.0
        },
        "37": {
            "precision": 0.8506998444790047,
            "recall": 0.8752,
            "f1-score": 0.862776025236593,
            "support": 625.0
        },
        "38": {
            "precision": 0.7962154294032023,
            "recall": 0.968141592920354,
            "f1-score": 0.8738019169329073,
            "support": 565.0
        },
        "39": {
            "precision": 0.8797202797202798,
            "recall": 0.9037356321839081,
            "f1-score": 0.891566265060241,
            "support": 696.0
        },
        "40": {
            "precision": 0.8276923076923077,
            "recall": 0.6968911917098446,
            "f1-score": 0.7566807313642757,
            "support": 386.0
        },
        "41": {
            "precision": 0.7074742268041238,
            "recall": 0.9242424242424242,
            "f1-score": 0.8014598540145985,
            "support": 594.0
        },
        "42": {
            "precision": 0.3197810789679437,