{
    "acc1": 0.7852660597047408,
    "acc5": [
        0.9429068881714969
    ],
    "mean_per_class_recall": 0.7740393653047049,
    "classification_report": {
        "0": {
            "precision": 0.3057324840764331,
            "recall": 0.1256544502617801,
            "f1-score": 0.17810760667903525,
            "support": 382.0
        },
        "1": {
            "precision": 0.8376623376623377,
            "recall": 0.2084006462035541,
            "f1-score": 0.33376455368693403,
            "support": 619.0
        },
        "2": {
            "precision": 0.7354368932038835,
            "recall": 0.7013888888888888,
            "f1-score": 0.7180094786729858,
            "support": 432.0
        },
        "3": {
            "precision": 0.9116847826086957,
            "recall": 0.9824304538799414,
            "f1-score": 0.9457364341085271,
            "support": 683.0
        },
        "4": {
            "precision": 0.9015256588072122,
            "recall": 0.9558823529411765,
            "f1-score": 0.92790863668808,
            "support": 680.0
        },
        "5": {
            "precision": 0.9523809523809523,
            "recall": 0.2304147465437788,
            "f1-score": 0.37105751391465674,
            "support": 434.0
        },
        "6": {
            "precision": 0.9553349875930521,
            "recall": 0.9144893111638955,
            "f1-score": 0.9344660194174758,
            "support": 421.0
        },
        "7": {
            "precision": 0.28552971576227393,
            "recall": 0.513953488372093,
            "f1-score": 0.36710963455149503,
            "support": 430.0
        },
        "8": {
            "precision": 0.8974854932301741,
            "recall": 0.9336016096579477,
            "f1-score": 0.9151873767258383,
            "support": 497.0
        },
        "9": {
            "precision": 0.47455470737913485,
            "recall": 0.9764397905759162,
            "f1-score": 0.6386986301369864,
            "support": 382.0
        },
        "10": {
            "precision": 0.9768518518518519,
            "recall": 0.9440715883668904,
            "f1-score": 0.9601820250284414,
            "support": 447.0
        },
        "11": {
            "precision": 0.8333333333333334,
            "recall": 0.970873786407767,
            "f1-score": 0.8968609865470852,
            "support": 412.0
        },
        "12": {
            "precision": 0.759825327510917,
            "recall": 0.6225402504472272,
            "f1-score": 0.6843657817109144,
            "support": 559.0
        },
        "13": {
            "precision": 0.6233009708737864,
            "recall": 0.784841075794621,
            "f1-score": 0.6948051948051948,
            "support": 409.0
        },
        "14": {
            "precision": 0.9631782945736435,
            "recall": 0.9521072796934866,
            "f1-score": 0.9576107899807321,
            "support": 522.0
        },
        "15": {
            "precision": 0.8452830188679246,
            "recall": 0.8220183486238533,
            "f1-score": 0.8334883720930233,
            "support": 545.0
        },
        "16": {
            "precision": 0.6478260869565218,
            "recall": 0.41046831955922863,
            "f1-score": 0.5025295109612141,
            "support": 363.0
        },
        "17": {
            "precision": 0.46477495107632094,
            "recall": 0.8347978910369068,
            "f1-score": 0.5971087366436204,
            "support": 569.0
        },
        "18": {
            "precision": 0.8280922431865828,
            "recall": 0.7625482625482626,
            "f1-score": 0.7939698492462312,
            "support": 518.0
        },
        "19": {
            "precision": 0.820040899795501,
            "recall": 0.8852097130242825,
            "f1-score": 0.851380042462845,
            "support": 453.0
        },
        "20": {
            "precision": 0.6025641025641025,
            "recall": 0.9518987341772152,
            "f1-score": 0.7379784102060843,
            "support": 395.0
        },
        "21": {
            "precision": 0.851063829787234,
            "recall": 0.8441558441558441,
            "f1-score": 0.8475957620211899,
            "support": 616.0
        },
        "22": {
            "precision": 0.8157894736842105,
            "recall": 0.9832089552238806,
            "f1-score": 0.8917089678510999,
            "support": 536.0
        },
        "23": {
            "precision": 0.8951612903225806,
            "recall": 0.9708454810495627,
            "f1-score": 0.9314685314685315,
            "support": 686.0
        },
        "24": {
            "precision": 0.7830882352941176,
            "recall": 0.9748283752860412,
            "f1-score": 0.8685015290519877,
            "support": 437.0
        },
        "25": {
            "precision": 0.7647907647907648,
            "recall": 0.8103975535168195,
            "f1-score": 0.7869339272457313,
            "support": 654.0
        },
        "26": {
            "precision": 0.9294436906377205,
            "recall": 0.9884559884559885,
            "f1-score": 0.958041958041958,
            "support": 693.0
        },
        "27": {
            "precision": 0.7847025495750708,
            "recall": 0.7824858757062146,
            "f1-score": 0.7835926449787836,
            "support": 708.0
        },
        "28": {
            "precision": 0.7053291536050157,
            "recall": 0.9433962264150944,
            "f1-score": 0.8071748878923767,
            "support": 477.0
        },
        "29": {
            "precision": 0.9197651663405088,
            "recall": 0.8333333333333334,
            "f1-score": 0.8744186046511628,
            "support": 564.0
        },
        "30": {
            "precision": 0.6932707355242567,
            "recall": 0.7677642980935875,
            "f1-score": 0.7286184210526315,
            "support": 577.0
        },
        "31": {
            "precision": 0.7803992740471869,
            "recall": 0.9129511677282378,
            "f1-score": 0.8414872798434442,
            "support": 471.0
        },
        "32": {
            "precision": 0.9160756501182034,
            "recall": 0.9439707673568819,
            "f1-score": 0.9298140371925615,
            "support": 821.0
        },
        "33": {
            "precision": 0.8851963746223565,
            "recall": 0.8919330289193302,
            "f1-score": 0.88855193328279,
            "support": 657.0
        },
        "34": {
            "precision": 0.8828828828828829,
            "recall": 0.17689530685920576,
            "f1-score": 0.29473684210526313,
            "support": 554.0
        },
        "35": {
            "precision": 0.6330472103004292,
            "recall": 0.9470304975922953,
            "f1-score": 0.7588424437299035,
            "support": 623.0
        },
        "36": {
            "precision": 0.8551829268292683,
            "recall": 0.841079460269865,
            "f1-score": 0.8480725623582767,
            "support": 667.0
        },
        "37": {
            "precision": 0.6419491525423728,
            "recall": 0.9513343799058085,
            "f1-score": 0.7666034155597723,
            "support": 637.0
        },
        "38": {
            "precision": 0.926948051948052,
            "recall": 0.9810996563573883,
            "f1-score": 0.9532554257095158,
            "support": 582.0
        },
        "39": {
            "precision": 0.8101983002832861,
            "recall": 0.8895800933125972,
            "f1-score": 0.8480355819125278,
            "support": 643.0
        },
        "40": {
            "precision": 0.8975609756097561,
            "recall": 0.5696594427244582,
            "f1-score": 0.696969696969697,
            "support": 646.0
        },
        "41": {
            "precision": 0.7525325615050651,
            "recall": 0.9737827715355806,
            "f1-score": 0.8489795918367347,
            "support": 534.0
        },