{
    "acc1": 0.7478914558122479,
    "acc5": [
        0.9264026402640264
    ],
    "mean_per_class_recall": 0.7552694337623498,
    "classification_report": {
        "0": {
            "precision": 0.9475409836065574,
            "recall": 0.9337641357027464,
            "f1-score": 0.9406021155410903,
            "support": 619.0
        },
        "1": {
            "precision": 0.910913140311804,
            "recall": 0.927437641723356,
            "f1-score": 0.9191011235955057,
            "support": 441.0
        },
        "2": {
            "precision": 0.8882882882882883,
            "recall": 0.6781292984869326,
            "f1-score": 0.7691107644305772,
            "support": 727.0
        },
        "3": {
            "precision": 0.8347826086956521,
            "recall": 0.8366013071895425,
            "f1-score": 0.8356909684439608,
            "support": 459.0
        },
        "4": {
            "precision": 0.6778761061946903,
            "recall": 0.8704545454545455,
            "f1-score": 0.7621890547263681,
            "support": 440.0
        },
        "5": {
            "precision": 0.9814410480349345,
            "recall": 0.9771739130434782,
            "f1-score": 0.9793028322440087,
            "support": 920.0
        },
        "6": {
            "precision": 0.5766423357664233,
            "recall": 0.28990825688073396,
            "f1-score": 0.38583638583638585,
            "support": 545.0
        },
        "7": {
            "precision": 0.5471349353049908,
            "recall": 0.6592427616926503,
            "f1-score": 0.597979797979798,
            "support": 449.0
        },
        "8": {
            "precision": 0.8716814159292036,
            "recall": 0.9516908212560387,
            "f1-score": 0.9099307159353349,
            "support": 414.0
        },
        "9": {
            "precision": 0.42528735632183906,
            "recall": 0.6607142857142857,
            "f1-score": 0.5174825174825175,
            "support": 336.0
        },
        "10": {
            "precision": 0.7750362844702468,
            "recall": 0.8503184713375797,
            "f1-score": 0.8109339407744874,
            "support": 628.0
        },
        "11": {
            "precision": 0.981651376146789,
            "recall": 0.66875,
            "f1-score": 0.7955390334572491,
            "support": 800.0
        },
        "12": {
            "precision": 0.9335604770017035,
            "recall": 0.9647887323943662,
            "f1-score": 0.9489177489177489,
            "support": 568.0
        },
        "13": {
            "precision": 0.8316221765913757,
            "recall": 0.9712230215827338,
            "f1-score": 0.8960176991150443,
            "support": 417.0
        },
        "14": {
            "precision": 0.7096774193548387,
            "recall": 0.9212730318257957,
            "f1-score": 0.8017492711370262,
            "support": 597.0
        },
        "15": {
            "precision": 0.5490196078431373,
            "recall": 0.07197943444730077,
            "f1-score": 0.12727272727272726,
            "support": 389.0
        },
        "16": {
            "precision": 0.6466809421841542,
            "recall": 0.6239669421487604,
            "f1-score": 0.6351209253417456,
            "support": 484.0
        },
        "17": {
            "precision": 0.7959183673469388,
            "recall": 0.5969387755102041,
            "f1-score": 0.6822157434402333,
            "support": 392.0
        },
        "18": {
            "precision": 0.8601398601398601,
            "recall": 0.9461538461538461,
            "f1-score": 0.9010989010989011,
            "support": 390.0
        },
        "19": {
            "precision": 0.7409638554216867,
            "recall": 0.9111111111111111,
            "f1-score": 0.8172757475083057,
            "support": 405.0
        },
        "20": {
            "precision": 0.7815126050420168,
            "recall": 0.7581521739130435,
            "f1-score": 0.7696551724137931,
            "support": 368.0
        },
        "21": {
            "precision": 0.7586206896551724,
            "recall": 0.09954751131221719,
            "f1-score": 0.176,
            "support": 442.0
        },
        "22": {
            "precision": 0.968705547652916,
            "recall": 0.9019867549668874,
            "f1-score": 0.934156378600823,
            "support": 755.0
        },
        "23": {
            "precision": 0.39622641509433965,
            "recall": 0.4896373056994819,
            "f1-score": 0.4380069524913094,
            "support": 386.0
        },
        "24": {
            "precision": 0.9138888888888889,
            "recall": 0.80440097799511,
            "f1-score": 0.8556566970091027,
            "support": 409.0
        },
        "25": {
            "precision": 0.6016129032258064,
            "recall": 0.772256728778468,
            "f1-score": 0.6763372620126926,
            "support": 483.0
        },
        "26": {
            "precision": 0.8439306358381503,
            "recall": 0.6422287390029325,
            "f1-score": 0.7293921731890092,
            "support": 682.0
        },
        "27": {
            "precision": 0.8649851632047477,
            "recall": 0.9573070607553367,
            "f1-score": 0.9088074824629774,
            "support": 609.0
        },
        "28": {
            "precision": 0.7176684881602914,
            "recall": 0.9825436408977556,
            "f1-score": 0.8294736842105264,
            "support": 401.0
        },
        "29": {
            "precision": 0.48776223776223776,
            "recall": 0.8971061093247589,
            "f1-score": 0.6319365798414496,
            "support": 622.0
        },
        "30": {
            "precision": 0.70625,
            "recall": 0.3542319749216301,
            "f1-score": 0.4718162839248434,
            "support": 638.0
        },
        "31": {
            "precision": 0.28484848484848485,
            "recall": 0.08348134991119005,
            "f1-score": 0.12912087912087913,
            "support": 563.0
        },
        "32": {
            "precision": 0.6422628951747088,
            "recall": 0.8616071428571429,
            "f1-score": 0.7359389895138226,
            "support": 448.0
        },
        "33": {
            "precision": 0.7861409796893668,
            "recall": 0.94,
            "f1-score": 0.8562134027325959,
            "support": 700.0
        },
        "34": {
            "precision": 0.8203883495145631,
            "recall": 0.9037433155080213,
            "f1-score": 0.8600508905852418,
            "support": 374.0
        },
        "35": {
            "precision": 0.7132616487455197,
            "recall": 0.9567307692307693,
            "f1-score": 0.8172484599589322,
            "support": 416.0
        },
        "36": {
            "precision": 0.9445727482678984,
            "recall": 0.8051181102362205,
            "f1-score": 0.869287991498406,
            "support": 508.0
        },
        "37": {
            "precision": 0.8409785932721713,
            "recall": 0.88,
            "f1-score": 0.8600469116497264,
            "support": 625.0
        },
        "38": {
            "precision": 0.8328220858895705,
            "recall": 0.9610619469026549,
            "f1-score": 0.8923582580115037,
            "support": 565.0
        },
        "39": {
            "precision": 0.8084832904884319,
            "recall": 0.9037356321839081,
            "f1-score": 0.8534599728629579,
            "support": 696.0
        },
        "40": {
            "precision": 0.8096885813148789,
            "recall": 0.6062176165803109,
            "f1-score": 0.6933333333333334,
            "support": 386.0
        },
        "41": {
            "precision": 0.6571767497034401,
            "recall": 0.9326599326599326,
            "f1-score": 0.7710508002783577,
            "support": 594.0
        },