{
    "acc1": 0.7675213675213676,
    "acc5": [
        0.9595182595182595
    ],
    "mean_per_class_recall": 0.7626213676786707,
    "classification_report": {
        "0": {
            "precision": 0.551056338028169,
            "recall": 0.8025641025641026,
            "f1-score": 0.6534446764091858,
            "support": 390.0
        },
        "1": {
            "precision": 0.8588469184890656,
            "recall": 0.7035830618892508,
            "f1-score": 0.7735004476275739,
            "support": 614.0
        },
        "2": {
            "precision": 0.6958831341301461,
            "recall": 0.9192982456140351,
            "f1-score": 0.7921390778533636,
            "support": 570.0
        },
        "3": {
            "precision": 0.8637653736991485,
            "recall": 0.9344933469805528,
            "f1-score": 0.8977384464110127,
            "support": 977.0
        },
        "4": {
            "precision": 0.8714596949891068,
            "recall": 0.8771929824561403,
            "f1-score": 0.8743169398907104,
            "support": 456.0
        },
        "5": {
            "precision": 0.8287841191066998,
            "recall": 0.5921985815602837,
            "f1-score": 0.6907962771458118,
            "support": 564.0
        },
        "6": {
            "precision": 0.8361486486486487,
            "recall": 0.8347386172006745,
            "f1-score": 0.8354430379746836,
            "support": 593.0
        },
        "7": {
            "precision": 0.6441073512252042,
            "recall": 0.8153618906942393,
            "f1-score": 0.7196870925684485,
            "support": 677.0
        },
        "8": {
            "precision": 0.43309859154929575,
            "recall": 0.3022113022113022,
            "f1-score": 0.35600578871201155,
            "support": 407.0
        },
        "9": {
            "precision": 0.745697896749522,
            "recall": 0.8803611738148984,
            "f1-score": 0.8074534161490683,
            "support": 443.0
        },
        "10": {
            "precision": 0.7710843373493976,
            "recall": 0.6189555125725339,
            "f1-score": 0.6866952789699571,
            "support": 517.0
        },
        "11": {
            "precision": 0.9342915811088296,
            "recall": 0.9578947368421052,
            "f1-score": 0.9459459459459459,
            "support": 475.0
        },
        "12": {
            "precision": 0.7746113989637305,
            "recall": 0.7647058823529411,
            "f1-score": 0.7696267696267697,
            "support": 391.0
        },
        "13": {
            "precision": 0.7838899803536346,
            "recall": 0.8866666666666667,
            "f1-score": 0.8321167883211679,
            "support": 450.0
        },
        "14": {
            "precision": 0.9319371727748691,
            "recall": 0.9816176470588235,
            "f1-score": 0.9561324977618622,
            "support": 544.0
        },
        "15": {
            "precision": 0.8836206896551724,
            "recall": 0.8971553610503282,
            "f1-score": 0.8903365906623235,
            "support": 457.0
        },
        "16": {
            "precision": 0.8621700879765396,
            "recall": 0.9468599033816425,
            "f1-score": 0.9025326170376056,
            "support": 621.0
        },
        "17": {
            "precision": 0.9362068965517242,
            "recall": 0.905,
            "f1-score": 0.9203389830508475,
            "support": 600.0
        },
        "18": {
            "precision": 0.8472222222222222,
            "recall": 0.9420849420849421,
            "f1-score": 0.8921389396709324,
            "support": 518.0
        },
        "19": {
            "precision": 0.9127906976744186,
            "recall": 0.5804066543438078,
            "f1-score": 0.7096045197740113,
            "support": 541.0
        },
        "20": {
            "precision": 0.8031634446397188,
            "recall": 0.8102836879432624,
            "f1-score": 0.8067078552515445,
            "support": 564.0
        },
        "21": {
            "precision": 0.7689655172413793,
            "recall": 0.5703324808184144,
            "f1-score": 0.6549192364170338,
            "support": 391.0
        },
        "22": {
            "precision": 0.8920454545454546,
            "recall": 0.46726190476190477,
            "f1-score": 0.61328125,
            "support": 672.0
        },
        "23": {
            "precision": 0.8136482939632546,
            "recall": 0.7769423558897243,
            "f1-score": 0.7948717948717948,
            "support": 399.0
        },
        "24": {
            "precision": 0.8338709677419355,
            "recall": 0.9468864468864469,
            "f1-score": 0.8867924528301887,
            "support": 546.0
        },
        "25": {
            "precision": 0.6761710794297352,
            "recall": 0.9485714285714286,
            "f1-score": 0.7895362663495838,
            "support": 350.0
        },
        "26": {
            "precision": 0.8552380952380952,
            "recall": 0.9760869565217392,
            "f1-score": 0.9116751269035533,
            "support": 460.0
        },
        "27": {
            "precision": 0.9407407407407408,
            "recall": 0.16821192052980133,
            "f1-score": 0.2853932584269663,
            "support": 755.0
        },
        "28": {
            "precision": 0.9287709497206704,
            "recall": 0.979381443298969,
            "f1-score": 0.953405017921147,
            "support": 679.0
        },
        "29": {
            "precision": 0.7627118644067796,
            "recall": 0.5811808118081181,
            "f1-score": 0.6596858638743456,
            "support": 542.0
        },
        "30": {
            "precision": 0.9185441941074524,
            "recall": 0.8359621451104101,
            "f1-score": 0.8753096614368291,
            "support": 634.0
        },
        "31": {
            "precision": 0.871031746031746,
            "recall": 0.8055045871559633,
            "f1-score": 0.8369876072449952,
            "support": 545.0
        },
        "32": {
            "precision": 0.9247491638795987,
            "recall": 0.8819776714513556,
            "f1-score": 0.9028571428571428,
            "support": 627.0
        },
        "33": {
            "precision": 0.8945054945054945,
            "recall": 0.8696581196581197,
            "f1-score": 0.8819068255687974,
            "support": 468.0
        },
        "34": {
            "precision": 0.6830985915492958,
            "recall": 0.2519480519480519,
            "f1-score": 0.3681214421252372,
            "support": 385.0
        },
        "35": {
            "precision": 0.6046511627906976,
            "recall": 0.612565445026178,
            "f1-score": 0.6085825747724317,
            "support": 382.0
        },
        "36": {
            "precision": 0.8102189781021898,
            "recall": 0.753393665158371,
            "f1-score": 0.7807737397420867,
            "support": 442.0
        },
        "37": {
            "precision": 0.7991803278688525,
            "recall": 0.45990566037735847,
            "f1-score": 0.5838323353293413,
            "support": 424.0
        },
        "38": {
            "precision": 0.4128,
            "recall": 0.8113207547169812,
            "f1-score": 0.5471898197242842,
            "support": 318.0
        },
        "39": {
            "precision": 0.7932489451476793,
            "recall": 0.4302059496567506,
            "f1-score": 0.5578635014836796,
            "support": 437.0
        },
        "40": {
            "precision": 0.8900414937759336,
            "recall": 0.8125,
            "f1-score": 0.8495049504950495,
            "support": 528.0
        },
        "41": {
            "precision": 0.9114503816793893,
            "recall": 0.8792341678939617,
            "f1-score": 0.8950524737631185,
            "support": 679.0
        },