{
    "acc1": 0.7037882245549977,
    "acc5": [
        0.922904305492165
    ],
    "mean_per_class_recall": 0.7024486064988458,
    "classification_report": {
        "0": {
            "precision": 0.8416030534351145,
            "recall": 0.857976653696498,
            "f1-score": 0.8497109826589595,
            "support": 514.0
        },
        "1": {
            "precision": 0.8778947368421053,
            "recall": 0.8441295546558705,
            "f1-score": 0.8606811145510835,
            "support": 494.0
        },
        "2": {
            "precision": 0.8232848232848233,
            "recall": 0.8198757763975155,
            "f1-score": 0.8215767634854771,
            "support": 483.0
        },
        "3": {
            "precision": 0.36597938144329895,
            "recall": 0.10906298003072197,
            "f1-score": 0.1680473372781065,
            "support": 651.0
        },
        "4": {
            "precision": 0.7663230240549829,
            "recall": 0.6597633136094675,
            "f1-score": 0.7090620031796503,
            "support": 676.0
        },
        "5": {
            "precision": 0.3111111111111111,
            "recall": 0.038461538461538464,
            "f1-score": 0.06845965770171149,
            "support": 364.0
        },
        "6": {
            "precision": 0.7280799112097669,
            "recall": 0.9149232914923291,
            "f1-score": 0.8108776266996292,
            "support": 717.0
        },
        "7": {
            "precision": 0.5564738292011019,
            "recall": 0.9417249417249417,
            "f1-score": 0.6995670995670996,
            "support": 429.0
        },
        "8": {
            "precision": 0.7905982905982906,
            "recall": 0.8966074313408724,
            "f1-score": 0.8402725208175624,
            "support": 619.0
        },
        "9": {
            "precision": 0.9289617486338798,
            "recall": 0.6563706563706564,
            "f1-score": 0.7692307692307693,
            "support": 518.0
        },
        "10": {
            "precision": 0.9508196721311475,
            "recall": 0.1309255079006772,
            "f1-score": 0.23015873015873015,
            "support": 443.0
        },
        "11": {
            "precision": 0.7335766423357665,
            "recall": 0.4331896551724138,
            "f1-score": 0.5447154471544715,
            "support": 464.0
        },
        "12": {
            "precision": 0.8,
            "recall": 0.9868766404199475,
            "f1-score": 0.8836662749706228,
            "support": 381.0
        },
        "13": {
            "precision": 0.9585365853658536,
            "recall": 0.8733333333333333,
            "f1-score": 0.913953488372093,
            "support": 450.0
        },
        "14": {
            "precision": 0.7562929061784897,
            "recall": 0.9456366237482118,
            "f1-score": 0.8404322949777495,
            "support": 699.0
        },
        "15": {
            "precision": 0.5917874396135265,
            "recall": 0.45286506469500926,
            "f1-score": 0.5130890052356021,
            "support": 541.0
        },
        "16": {
            "precision": 0.7490842490842491,
            "recall": 0.8415637860082305,
            "f1-score": 0.7926356589147286,
            "support": 486.0
        },
        "17": {
            "precision": 0.38253825382538253,
            "recall": 0.8673469387755102,
            "f1-score": 0.5309181761399125,
            "support": 490.0
        },
        "18": {
            "precision": 0.710455764075067,
            "recall": 0.7794117647058824,
            "f1-score": 0.7433380084151473,
            "support": 340.0
        },
        "19": {
            "precision": 0.7421052631578947,
            "recall": 0.9155844155844156,
            "f1-score": 0.8197674418604651,
            "support": 462.0
        },
        "20": {
            "precision": 0.6031746031746031,
            "recall": 0.08695652173913043,
            "f1-score": 0.152,
            "support": 437.0
        },
        "21": {
            "precision": 0.881578947368421,
            "recall": 0.522077922077922,
            "f1-score": 0.6557911908646004,
            "support": 385.0
        },
        "22": {
            "precision": 0.36657303370786515,
            "recall": 0.7744807121661721,
            "f1-score": 0.49761677788369874,
            "support": 337.0
        },
        "23": {
            "precision": 0.7928994082840237,
            "recall": 0.7905604719764012,
            "f1-score": 0.7917282127031019,
            "support": 339.0
        },
        "24": {
            "precision": 0.7852593266606005,
            "recall": 0.9483516483516483,
            "f1-score": 0.8591338974614235,
            "support": 910.0
        },
        "25": {
            "precision": 0.28079392877991827,
            "recall": 0.9321705426356589,
            "f1-score": 0.4315836698070884,
            "support": 516.0
        },
        "26": {
            "precision": 0.926829268292683,
            "recall": 0.6157407407407407,
            "f1-score": 0.7399165507649513,
            "support": 432.0
        },
        "27": {
            "precision": 0.7177242888402626,
            "recall": 0.82,
            "f1-score": 0.7654609101516919,
            "support": 400.0
        },
        "28": {
            "precision": 0.7370689655172413,
            "recall": 0.9395604395604396,
            "f1-score": 0.8260869565217391,
            "support": 364.0
        },
        "29": {
            "precision": 0.8423645320197044,
            "recall": 0.8814432989690721,
            "f1-score": 0.8614609571788413,
            "support": 388.0
        },
        "30": {
            "precision": 0.5512048192771084,
            "recall": 0.32854578096947934,
            "f1-score": 0.41169853768278963,
            "support": 557.0
        },
        "31": {
            "precision": 0.8628158844765343,
            "recall": 0.9139579349904398,
            "f1-score": 0.8876508820798514,
            "support": 523.0
        },
        "32": {
            "precision": 0.827140549273021,
            "recall": 0.7852760736196319,
            "f1-score": 0.8056648308418568,
            "support": 652.0
        },
        "33": {
            "precision": 0.6805251641137856,
            "recall": 0.8835227272727273,
            "f1-score": 0.7688504326328801,
            "support": 352.0
        },
        "34": {
            "precision": 0.6979020979020979,
            "recall": 0.7618320610687023,
            "f1-score": 0.7284671532846715,
            "support": 655.0
        },
        "35": {
            "precision": 0.8853868194842407,
            "recall": 0.6450939457202505,
            "f1-score": 0.7463768115942029,
            "support": 479.0
        },
        "36": {
            "precision": 0.9593613933236574,
            "recall": 0.8041362530413625,
            "f1-score": 0.8749172733289212,
            "support": 822.0
        },
        "37": {
            "precision": 0.9051204819277109,
            "recall": 0.8143631436314364,
            "f1-score": 0.8573466476462197,
            "support": 738.0
        },
        "38": {
            "precision": 0.9165446559297218,
            "recall": 0.8694444444444445,
            "f1-score": 0.8923734853884533,
            "support": 720.0
        },
        "39": {
            "precision": 0.08571428571428572,
            "recall": 0.008321775312066574,
            "f1-score": 0.015170670037926675,
            "support": 721.0
        },
        "40": {
            "precision": 0.7813121272365805,
            "recall": 0.6846689895470384,
            "f1-score": 0.7298050139275766,
            "support": 574.0
        },
        "41": {
            "precision": 0.8505603985056039,
            "recall": 0.8756410256410256,
            "f1-score": 0.8629185091598232,
            "support": 780.0
        },