{
    "acc1": 0.7928074162247953,
    "acc5": [
        0.9560292897594056
    ],
    "mean_per_class_recall": 0.800459597566952,
    "classification_report": {
        "0": {
            "precision": 0.8049713193116634,
            "recall": 0.9546485260770975,
            "f1-score": 0.8734439834024896,
            "support": 441.0
        },
        "1": {
            "precision": 0.5590551181102362,
            "recall": 0.753315649867374,
            "f1-score": 0.6418079096045197,
            "support": 377.0
        },
        "2": {
            "precision": 0.94,
            "recall": 0.8562753036437247,
            "f1-score": 0.8961864406779662,
            "support": 494.0
        },
        "3": {
            "precision": 0.9312977099236641,
            "recall": 0.8931185944363104,
            "f1-score": 0.9118086696562033,
            "support": 683.0
        },
        "4": {
            "precision": 0.9009433962264151,
            "recall": 0.9182692307692307,
            "f1-score": 0.9095238095238095,
            "support": 416.0
        },
        "5": {
            "precision": 0.8268015170670038,
            "recall": 0.9492017416545718,
            "f1-score": 0.8837837837837837,
            "support": 689.0
        },
        "6": {
            "precision": 0.5992844364937389,
            "recall": 0.9279778393351801,
            "f1-score": 0.7282608695652174,
            "support": 361.0
        },
        "7": {
            "precision": 0.8817635270541082,
            "recall": 0.9865470852017937,
            "f1-score": 0.9312169312169312,
            "support": 446.0
        },
        "8": {
            "precision": 0.6111111111111112,
            "recall": 0.7575757575757576,
            "f1-score": 0.6765067650676507,
            "support": 363.0
        },
        "9": {
            "precision": 0.8615136876006442,
            "recall": 0.9224137931034483,
            "f1-score": 0.890924229808493,
            "support": 580.0
        },
        "10": {
            "precision": 0.8323232323232324,
            "recall": 0.6655896607431341,
            "f1-score": 0.7396768402154399,
            "support": 619.0
        },
        "11": {
            "precision": 0.8992248062015504,
            "recall": 0.8838095238095238,
            "f1-score": 0.8914505283381364,
            "support": 525.0
        },
        "12": {
            "precision": 0.9228915662650602,
            "recall": 0.7337164750957854,
            "f1-score": 0.8175026680896478,
            "support": 522.0
        },
        "13": {
            "precision": 0.7675507020280812,
            "recall": 0.9666011787819253,
            "f1-score": 0.8556521739130435,
            "support": 509.0
        },
        "14": {
            "precision": 0.780952380952381,
            "recall": 0.9436133486766398,
            "f1-score": 0.8546117769671704,
            "support": 869.0
        },
        "15": {
            "precision": 0.9128329297820823,
            "recall": 0.6170212765957447,
            "f1-score": 0.736328125,
            "support": 611.0
        },
        "16": {
            "precision": 0.8780487804878049,
            "recall": 0.7912087912087912,
            "f1-score": 0.8323699421965318,
            "support": 637.0
        },
        "17": {
            "precision": 0.9416909620991254,
            "recall": 0.9137199434229137,
            "f1-score": 0.927494615936827,
            "support": 707.0
        },
        "18": {
            "precision": 0.9599332220367279,
            "recall": 0.96964586846543,
            "f1-score": 0.964765100671141,
            "support": 593.0
        },
        "19": {
            "precision": 0.8373333333333334,
            "recall": 0.9208211143695014,
            "f1-score": 0.8770949720670391,
            "support": 341.0
        },
        "20": {
            "precision": 0.827027027027027,
            "recall": 0.8285198555956679,
            "f1-score": 0.8277727682596934,
            "support": 554.0
        },
        "21": {
            "precision": 0.8972602739726028,
            "recall": 0.8632619439868204,
            "f1-score": 0.8799328295549959,
            "support": 607.0
        },
        "22": {
            "precision": 0.6608695652173913,
            "recall": 0.9399293286219081,
            "f1-score": 0.7760758570386579,
            "support": 566.0
        },
        "23": {
            "precision": 0.9688581314878892,
            "recall": 0.7436918990703851,
            "f1-score": 0.8414725770097671,
            "support": 753.0
        },
        "24": {
            "precision": 0.9351351351351351,
            "recall": 0.7361702127659574,
            "f1-score": 0.8238095238095238,
            "support": 705.0
        },
        "25": {
            "precision": 0.7376654632972323,
            "recall": 0.9503875968992248,
            "f1-score": 0.8306233062330624,
            "support": 645.0
        },
        "26": {
            "precision": 0.9120654396728016,
            "recall": 0.6229050279329609,
            "f1-score": 0.7402489626556017,
            "support": 716.0
        },
        "27": {
            "precision": 0.8591549295774648,
            "recall": 0.8243243243243243,
            "f1-score": 0.8413793103448276,
            "support": 370.0
        },
        "28": {
            "precision": 0.7551020408163265,
            "recall": 0.12171052631578948,
            "f1-score": 0.2096317280453258,
            "support": 912.0
        },
        "29": {
            "precision": 0.8127272727272727,
            "recall": 0.9216494845360824,
            "f1-score": 0.863768115942029,
            "support": 485.0
        },
        "30": {
            "precision": 0.8817829457364341,
            "recall": 0.7724957555178268,
            "f1-score": 0.8235294117647058,
            "support": 589.0
        },
        "31": {
            "precision": 0.9446153846153846,
            "recall": 0.7912371134020618,
            "f1-score": 0.8611500701262272,
            "support": 388.0
        },
        "32": {
            "precision": 0.6960227272727273,
            "recall": 0.5990220048899756,
            "f1-score": 0.6438896189224704,
            "support": 409.0
        },
        "33": {
            "precision": 0.9012345679012346,
            "recall": 0.14398422090729784,
            "f1-score": 0.24829931972789115,
            "support": 507.0
        },
        "34": {
            "precision": 0.9052823315118397,
            "recall": 0.8780918727915195,
            "f1-score": 0.8914798206278027,
            "support": 566.0
        },
        "35": {
            "precision": 0.42660550458715596,
            "recall": 0.8891013384321224,
            "f1-score": 0.5765654060756354,
            "support": 523.0
        },
        "36": {
            "precision": 0.8265895953757225,
            "recall": 0.9093799682034976,
            "f1-score": 0.8660105980317941,
            "support": 629.0
        },
        "37": {
            "precision": 0.8391038696537678,
            "recall": 0.8391038696537678,
            "f1-score": 0.8391038696537678,
            "support": 491.0
        },
        "38": {
            "precision": 0.7745098039215687,
            "recall": 0.14962121212121213,
            "f1-score": 0.2507936507936508,
            "support": 528.0
        },
        "39": {
            "precision": 0.6068249258160238,
            "recall": 0.7746212121212122,
            "f1-score": 0.6805324459234608,
            "support": 528.0
        },
        "40": {
            "precision": 0.6417910447761194,
            "recall": 0.6564885496183206,
            "f1-score": 0.6490566037735849,
            "support": 393.0
        },
        "41": {
            "precision": 0.9705882352941176,
            "recall": 0.9415760869565217,
            "f1-score": 0.9558620689655173,
            "support": 736.0
        },