{
    "acc1": 0.7794094794094794,
    "acc5": [
        0.9617715617715618
    ],
    "mean_per_class_recall": 0.7751507769014527,
    "classification_report": {
        "0": {
            "precision": 0.5779816513761468,
            "recall": 0.8076923076923077,
            "f1-score": 0.6737967914438503,
            "support": 390.0
        },
        "1": {
            "precision": 0.858,
            "recall": 0.6986970684039088,
            "f1-score": 0.770197486535009,
            "support": 614.0
        },
        "2": {
            "precision": 0.707250341997264,
            "recall": 0.9070175438596492,
            "f1-score": 0.7947732513451191,
            "support": 570.0
        },
        "3": {
            "precision": 0.8897795591182365,
            "recall": 0.9089048106448311,
            "f1-score": 0.8992405063291139,
            "support": 977.0
        },
        "4": {
            "precision": 0.8826086956521739,
            "recall": 0.8903508771929824,
            "f1-score": 0.8864628820960698,
            "support": 456.0
        },
        "5": {
            "precision": 0.8357142857142857,
            "recall": 0.6223404255319149,
            "f1-score": 0.7134146341463414,
            "support": 564.0
        },
        "6": {
            "precision": 0.8148788927335641,
            "recall": 0.7942664418212478,
            "f1-score": 0.8044406490179334,
            "support": 593.0
        },
        "7": {
            "precision": 0.6159574468085106,
            "recall": 0.8552437223042836,
            "f1-score": 0.7161410018552876,
            "support": 677.0
        },
        "8": {
            "precision": 0.5058365758754864,
            "recall": 0.3194103194103194,
            "f1-score": 0.39156626506024095,
            "support": 407.0
        },
        "9": {
            "precision": 0.7246376811594203,
            "recall": 0.9029345372460497,
            "f1-score": 0.8040201005025126,
            "support": 443.0
        },
        "10": {
            "precision": 0.8679245283018868,
            "recall": 0.5338491295938105,
            "f1-score": 0.6610778443113773,
            "support": 517.0
        },
        "11": {
            "precision": 0.862453531598513,
            "recall": 0.9768421052631578,
            "f1-score": 0.9160908193484699,
            "support": 475.0
        },
        "12": {
            "precision": 0.8380681818181818,
            "recall": 0.7544757033248082,
            "f1-score": 0.7940780619111709,
            "support": 391.0
        },
        "13": {
            "precision": 0.7589453860640302,
            "recall": 0.8955555555555555,
            "f1-score": 0.8216106014271152,
            "support": 450.0
        },
        "14": {
            "precision": 0.9602888086642599,
            "recall": 0.9779411764705882,
            "f1-score": 0.9690346083788707,
            "support": 544.0
        },
        "15": {
            "precision": 0.8661257606490872,
            "recall": 0.9343544857768052,
            "f1-score": 0.8989473684210526,
            "support": 457.0
        },
        "16": {
            "precision": 0.8610709117221418,
            "recall": 0.9581320450885669,
            "f1-score": 0.9070121951219512,
            "support": 621.0
        },
        "17": {
            "precision": 0.9360568383658969,
            "recall": 0.8783333333333333,
            "f1-score": 0.9062768701633706,
            "support": 600.0
        },
        "18": {
            "precision": 0.8782287822878229,
            "recall": 0.918918918918919,
            "f1-score": 0.8981132075471698,
            "support": 518.0
        },
        "19": {
            "precision": 0.9061728395061729,
            "recall": 0.678373382624769,
            "f1-score": 0.7758985200845666,
            "support": 541.0
        },
        "20": {
            "precision": 0.7919463087248322,
            "recall": 0.8368794326241135,
            "f1-score": 0.8137931034482758,
            "support": 564.0
        },
        "21": {
            "precision": 0.7797202797202797,
            "recall": 0.5703324808184144,
            "f1-score": 0.6587887740029542,
            "support": 391.0
        },
        "22": {
            "precision": 0.8862433862433863,
            "recall": 0.49851190476190477,
            "f1-score": 0.638095238095238,
            "support": 672.0
        },
        "23": {
            "precision": 0.7647058823529411,
            "recall": 0.7493734335839599,
            "f1-score": 0.7569620253164557,
            "support": 399.0
        },
        "24": {
            "precision": 0.8524590163934426,
            "recall": 0.9523809523809523,
            "f1-score": 0.8996539792387543,
            "support": 546.0
        },
        "25": {
            "precision": 0.7975,
            "recall": 0.9114285714285715,
            "f1-score": 0.8506666666666667,
            "support": 350.0
        },
        "26": {
            "precision": 0.8490566037735849,
            "recall": 0.9782608695652174,
            "f1-score": 0.9090909090909091,
            "support": 460.0
        },
        "27": {
            "precision": 0.967391304347826,
            "recall": 0.23576158940397351,
            "f1-score": 0.37912673056443025,
            "support": 755.0
        },
        "28": {
            "precision": 0.9469914040114613,
            "recall": 0.9734904270986745,
            "f1-score": 0.9600580973129993,
            "support": 679.0
        },
        "29": {
            "precision": 0.7811634349030471,
            "recall": 0.5202952029520295,
            "f1-score": 0.6245847176079734,
            "support": 542.0
        },
        "30": {
            "precision": 0.9019607843137255,
            "recall": 0.8706624605678234,
            "f1-score": 0.8860353130016051,
            "support": 634.0
        },
        "31": {
            "precision": 0.8881856540084389,
            "recall": 0.7724770642201835,
            "f1-score": 0.8263002944062807,
            "support": 545.0
        },
        "32": {
            "precision": 0.9066455696202531,
            "recall": 0.9138755980861244,
            "f1-score": 0.9102462271644162,
            "support": 627.0
        },
        "33": {
            "precision": 0.9232505643340858,
            "recall": 0.8739316239316239,
            "f1-score": 0.897914379802415,
            "support": 468.0
        },
        "34": {
            "precision": 0.7066246056782335,
            "recall": 0.5818181818181818,
            "f1-score": 0.6381766381766382,
            "support": 385.0
        },
        "35": {
            "precision": 0.6246973365617433,
            "recall": 0.675392670157068,
            "f1-score": 0.6490566037735849,
            "support": 382.0
        },
        "36": {
            "precision": 0.7644230769230769,
            "recall": 0.7194570135746606,
            "f1-score": 0.7412587412587412,
            "support": 442.0
        },
        "37": {
            "precision": 0.7085889570552147,
            "recall": 0.5448113207547169,
            "f1-score": 0.616,
            "support": 424.0
        },
        "38": {
            "precision": 0.5555555555555556,
            "recall": 0.6761006289308176,
            "f1-score": 0.6099290780141844,
            "support": 318.0
        },
        "39": {
            "precision": 0.710455764075067,
            "recall": 0.6064073226544623,
            "f1-score": 0.654320987654321,
            "support": 437.0
        },
        "40": {
            "precision": 0.878968253968254,
            "recall": 0.8390151515151515,
            "f1-score": 0.8585271317829457,
            "support": 528.0
        },
        "41": {
            "precision": 0.9242658423493045,
            "recall": 0.8807069219440353,
            "f1-score": 0.9019607843137255,
            "support": 679.0
        },