{
    "acc1": 0.7380638063806381,
    "acc5": [
        0.9265126512651265
    ],
    "mean_per_class_recall": 0.7347625156478119,
    "classification_report": {
        "0": {
            "precision": 0.9516666666666667,
            "recall": 0.9224555735056543,
            "f1-score": 0.9368334700574241,
            "support": 619.0
        },
        "1": {
            "precision": 0.8481012658227848,
            "recall": 0.9115646258503401,
            "f1-score": 0.8786885245901639,
            "support": 441.0
        },
        "2": {
            "precision": 0.8735042735042735,
            "recall": 0.7028885832187071,
            "f1-score": 0.7789634146341463,
            "support": 727.0
        },
        "3": {
            "precision": 0.7428023032629558,
            "recall": 0.8431372549019608,
            "f1-score": 0.789795918367347,
            "support": 459.0
        },
        "4": {
            "precision": 0.7928730512249443,
            "recall": 0.8090909090909091,
            "f1-score": 0.8008998875140607,
            "support": 440.0
        },
        "5": {
            "precision": 0.9846491228070176,
            "recall": 0.9760869565217392,
            "f1-score": 0.980349344978166,
            "support": 920.0
        },
        "6": {
            "precision": 0.1839080459770115,
            "recall": 0.029357798165137616,
            "f1-score": 0.05063291139240506,
            "support": 545.0
        },
        "7": {
            "precision": 0.4142857142857143,
            "recall": 0.7750556792873051,
            "f1-score": 0.5399534522885958,
            "support": 449.0
        },
        "8": {
            "precision": 0.8904109589041096,
            "recall": 0.9420289855072463,
            "f1-score": 0.9154929577464789,
            "support": 414.0
        },
        "9": {
            "precision": 0.47533632286995514,
            "recall": 0.31547619047619047,
            "f1-score": 0.37924865831842575,
            "support": 336.0
        },
        "10": {
            "precision": 0.7339055793991416,
            "recall": 0.8168789808917197,
            "f1-score": 0.773172569706104,
            "support": 628.0
        },
        "11": {
            "precision": 0.9702970297029703,
            "recall": 0.735,
            "f1-score": 0.8364153627311522,
            "support": 800.0
        },
        "12": {
            "precision": 0.9320882852292021,
            "recall": 0.9665492957746479,
            "f1-score": 0.9490060501296457,
            "support": 568.0
        },
        "13": {
            "precision": 0.6726973684210527,
            "recall": 0.9808153477218226,
            "f1-score": 0.7980487804878049,
            "support": 417.0
        },
        "14": {
            "precision": 0.7751824817518248,
            "recall": 0.8894472361809045,
            "f1-score": 0.828393135725429,
            "support": 597.0
        },
        "15": {
            "precision": 0.5,
            "recall": 0.05398457583547558,
            "f1-score": 0.09744779582366589,
            "support": 389.0
        },
        "16": {
            "precision": 0.7081545064377682,
            "recall": 0.6818181818181818,
            "f1-score": 0.6947368421052632,
            "support": 484.0
        },
        "17": {
            "precision": 0.7598566308243727,
            "recall": 0.5408163265306123,
            "f1-score": 0.6318926974664679,
            "support": 392.0
        },
        "18": {
            "precision": 0.8758782201405152,
            "recall": 0.958974358974359,
            "f1-score": 0.9155446756425949,
            "support": 390.0
        },
        "19": {
            "precision": 0.6136363636363636,
            "recall": 0.9333333333333333,
            "f1-score": 0.7404505386875612,
            "support": 405.0
        },
        "20": {
            "precision": 0.7454068241469817,
            "recall": 0.7717391304347826,
            "f1-score": 0.7583444592790387,
            "support": 368.0
        },
        "21": {
            "precision": 0.7588652482269503,
            "recall": 0.2420814479638009,
            "f1-score": 0.3670668953687822,
            "support": 442.0
        },
        "22": {
            "precision": 0.9579100145137881,
            "recall": 0.8741721854304636,
            "f1-score": 0.9141274238227147,
            "support": 755.0
        },
        "23": {
            "precision": 0.34502923976608185,
            "recall": 0.30569948186528495,
            "f1-score": 0.3241758241758242,
            "support": 386.0
        },
        "24": {
            "precision": 0.8885869565217391,
            "recall": 0.7995110024449877,
            "f1-score": 0.8416988416988417,
            "support": 409.0
        },
        "25": {
            "precision": 0.613013698630137,
            "recall": 0.7412008281573499,
            "f1-score": 0.6710402999062793,
            "support": 483.0
        },
        "26": {
            "precision": 0.816793893129771,
            "recall": 0.7844574780058651,
            "f1-score": 0.8002991772625281,
            "support": 682.0
        },
        "27": {
            "precision": 0.8181818181818182,
            "recall": 0.9605911330049262,
            "f1-score": 0.8836858006042296,
            "support": 609.0
        },
        "28": {
            "precision": 0.6764199655765921,
            "recall": 0.9800498753117207,
            "f1-score": 0.8004073319755601,
            "support": 401.0
        },
        "29": {
            "precision": 0.544564152791381,
            "recall": 0.8938906752411575,
            "f1-score": 0.6768107121119903,
            "support": 622.0
        },
        "30": {
            "precision": 0.7126760563380282,
            "recall": 0.39655172413793105,
            "f1-score": 0.5095669687814703,
            "support": 638.0
        },
        "31": {
            "precision": 0.9047619047619048,
            "recall": 0.10124333925399645,
            "f1-score": 0.18210862619808307,
            "support": 563.0
        },
        "32": {
            "precision": 0.47674418604651164,
            "recall": 0.8236607142857143,
            "f1-score": 0.6039279869067103,
            "support": 448.0
        },
        "33": {
            "precision": 0.7890243902439025,
            "recall": 0.9242857142857143,
            "f1-score": 0.8513157894736842,
            "support": 700.0
        },
        "34": {
            "precision": 0.7287784679089027,
            "recall": 0.9411764705882353,
            "f1-score": 0.8214702450408401,
            "support": 374.0
        },
        "35": {
            "precision": 0.7586206896551724,
            "recall": 0.9519230769230769,
            "f1-score": 0.8443496801705757,
            "support": 416.0
        },
        "36": {
            "precision": 0.909297052154195,
            "recall": 0.7893700787401575,
            "f1-score": 0.845100105374078,
            "support": 508.0
        },
        "37": {
            "precision": 0.8217054263565892,
            "recall": 0.848,
            "f1-score": 0.8346456692913385,
            "support": 625.0
        },
        "38": {
            "precision": 0.7510316368638239,
            "recall": 0.9663716814159292,
            "f1-score": 0.8452012383900929,
            "support": 565.0
        },
        "39": {
            "precision": 0.8324468085106383,
            "recall": 0.8994252873563219,
            "f1-score": 0.8646408839779005,
            "support": 696.0
        },
        "40": {
            "precision": 0.7892156862745098,
            "recall": 0.4170984455958549,
            "f1-score": 0.5457627118644067,
            "support": 386.0
        },
        "41": {
            "precision": 0.6707466340269278,
            "recall": 0.9225589225589226,
            "f1-score": 0.7767540751240255,
            "support": 594.0
        },