{
    "acc1": 0.7514118078474514,
    "acc5": [
        0.933993399339934
    ],
    "mean_per_class_recall": 0.7527520731265129,
    "classification_report": {
        "0": {
            "precision": 0.967687074829932,
            "recall": 0.9192245557350566,
            "f1-score": 0.9428334714167357,
            "support": 619.0
        },
        "1": {
            "precision": 0.9107142857142857,
            "recall": 0.9251700680272109,
            "f1-score": 0.9178852643419573,
            "support": 441.0
        },
        "2": {
            "precision": 0.8881578947368421,
            "recall": 0.7427785419532325,
            "f1-score": 0.8089887640449438,
            "support": 727.0
        },
        "3": {
            "precision": 0.7306273062730627,
            "recall": 0.8627450980392157,
            "f1-score": 0.7912087912087912,
            "support": 459.0
        },
        "4": {
            "precision": 0.8070175438596491,
            "recall": 0.8363636363636363,
            "f1-score": 0.8214285714285714,
            "support": 440.0
        },
        "5": {
            "precision": 0.9825136612021858,
            "recall": 0.9771739130434782,
            "f1-score": 0.9798365122615804,
            "support": 920.0
        },
        "6": {
            "precision": 0.7668711656441718,
            "recall": 0.22935779816513763,
            "f1-score": 0.3531073446327684,
            "support": 545.0
        },
        "7": {
            "precision": 0.5804480651731161,
            "recall": 0.6347438752783965,
            "f1-score": 0.6063829787234043,
            "support": 449.0
        },
        "8": {
            "precision": 0.8531317494600432,
            "recall": 0.9541062801932367,
            "f1-score": 0.9007981755986317,
            "support": 414.0
        },
        "9": {
            "precision": 0.3855421686746988,
            "recall": 0.5714285714285714,
            "f1-score": 0.460431654676259,
            "support": 336.0
        },
        "10": {
            "precision": 0.8144796380090498,
            "recall": 0.8598726114649682,
            "f1-score": 0.836560805577072,
            "support": 628.0
        },
        "11": {
            "precision": 0.9678510998307953,
            "recall": 0.715,
            "f1-score": 0.822429906542056,
            "support": 800.0
        },
        "12": {
            "precision": 0.9609929078014184,
            "recall": 0.954225352112676,
            "f1-score": 0.9575971731448764,
            "support": 568.0
        },
        "13": {
            "precision": 0.7140350877192982,
            "recall": 0.9760191846522782,
            "f1-score": 0.8247213779128673,
            "support": 417.0
        },
        "14": {
            "precision": 0.7350901525658807,
            "recall": 0.8877721943048577,
            "f1-score": 0.8042488619119879,
            "support": 597.0
        },
        "15": {
            "precision": 0.7647058823529411,
            "recall": 0.033419023136246784,
            "f1-score": 0.06403940886699508,
            "support": 389.0
        },
        "16": {
            "precision": 0.7369565217391304,
            "recall": 0.7004132231404959,
            "f1-score": 0.7182203389830508,
            "support": 484.0
        },
        "17": {
            "precision": 0.82,
            "recall": 0.5229591836734694,
            "f1-score": 0.6386292834890965,
            "support": 392.0
        },
        "18": {
            "precision": 0.8094218415417559,
            "recall": 0.9692307692307692,
            "f1-score": 0.882147024504084,
            "support": 390.0
        },
        "19": {
            "precision": 0.6109324758842444,
            "recall": 0.9382716049382716,
            "f1-score": 0.7400194741966893,
            "support": 405.0
        },
        "20": {
            "precision": 0.8074712643678161,
            "recall": 0.7635869565217391,
            "f1-score": 0.7849162011173184,
            "support": 368.0
        },
        "21": {
            "precision": 0.735632183908046,
            "recall": 0.14479638009049775,
            "f1-score": 0.24196597353497165,
            "support": 442.0
        },
        "22": {
            "precision": 0.9286640726329443,
            "recall": 0.9483443708609272,
            "f1-score": 0.9384010484927916,
            "support": 755.0
        },
        "23": {
            "precision": 0.3789237668161435,
            "recall": 0.4378238341968912,
            "f1-score": 0.40625,
            "support": 386.0
        },
        "24": {
            "precision": 0.9224137931034483,
            "recall": 0.784841075794621,
            "f1-score": 0.8480845442536328,
            "support": 409.0
        },
        "25": {
            "precision": 0.554364471669219,
            "recall": 0.7494824016563147,
            "f1-score": 0.6373239436619719,
            "support": 483.0
        },
        "26": {
            "precision": 0.8564668769716088,
            "recall": 0.7961876832844574,
            "f1-score": 0.8252279635258358,
            "support": 682.0
        },
        "27": {
            "precision": 0.8738601823708206,
            "recall": 0.9441707717569786,
            "f1-score": 0.9076558800315706,
            "support": 609.0
        },
        "28": {
            "precision": 0.6689303904923599,
            "recall": 0.9825436408977556,
            "f1-score": 0.795959595959596,
            "support": 401.0
        },
        "29": {
            "precision": 0.512306289881495,
            "recall": 0.9035369774919614,
            "f1-score": 0.6538685282140779,
            "support": 622.0
        },
        "30": {
            "precision": 0.7217125382262997,
            "recall": 0.36990595611285265,
            "f1-score": 0.48911917098445595,
            "support": 638.0
        },
        "31": {
            "precision": 0.7017543859649122,
            "recall": 0.07104795737122557,
            "f1-score": 0.12903225806451613,
            "support": 563.0
        },
        "32": {
            "precision": 0.5201668984700973,
            "recall": 0.8348214285714286,
            "f1-score": 0.6409597257926307,
            "support": 448.0
        },
        "33": {
            "precision": 0.81,
            "recall": 0.9257142857142857,
            "f1-score": 0.864,
            "support": 700.0
        },
        "34": {
            "precision": 0.8372703412073491,
            "recall": 0.8529411764705882,
            "f1-score": 0.8450331125827815,
            "support": 374.0
        },
        "35": {
            "precision": 0.7947686116700201,
            "recall": 0.9495192307692307,
            "f1-score": 0.8652792990142387,
            "support": 416.0
        },
        "36": {
            "precision": 0.9443155452436195,
            "recall": 0.8011811023622047,
            "f1-score": 0.8668796592119276,
            "support": 508.0
        },
        "37": {
            "precision": 0.8417818740399385,
            "recall": 0.8768,
            "f1-score": 0.8589341692789969,
            "support": 625.0
        },
        "38": {
            "precision": 0.827217125382263,
            "recall": 0.9575221238938053,
            "f1-score": 0.8876127973748975,
            "support": 565.0
        },
        "39": {
            "precision": 0.8431635388739946,
            "recall": 0.9037356321839081,
            "f1-score": 0.8723994452149791,
            "support": 696.0
        },
        "40": {
            "precision": 0.718562874251497,
            "recall": 0.6217616580310881,
            "f1-score": 0.6666666666666666,
            "support": 386.0
        },
        "41": {
            "precision": 0.6591179976162098,
            "recall": 0.930976430976431,
            "f1-score": 0.7718073970690859,
            "support": 594.0
        },
        "42": {
            "precision": 0.37392138063279,