{
    "acc1": 0.6723138980564723,
    "acc5": [
        0.8782911624495783
    ],
    "mean_per_class_recall": 0.6816109122830096,
    "classification_report": {
        "0": {
            "precision": 0.9498327759197325,
            "recall": 0.9176090468497576,
            "f1-score": 0.9334428923582581,
            "support": 619.0
        },
        "1": {
            "precision": 0.9136690647482014,
            "recall": 0.8639455782312925,
            "f1-score": 0.8881118881118881,
            "support": 441.0
        },
        "2": {
            "precision": 0.16049382716049382,
            "recall": 0.017881705639614855,
            "f1-score": 0.03217821782178218,
            "support": 727.0
        },
        "3": {
            "precision": 0.7642276422764228,
            "recall": 0.8191721132897604,
            "f1-score": 0.7907465825446898,
            "support": 459.0
        },
        "4": {
            "precision": 0.7510288065843621,
            "recall": 0.8295454545454546,
            "f1-score": 0.7883369330453563,
            "support": 440.0
        },
        "5": {
            "precision": 0.9917743830787309,
            "recall": 0.9173913043478261,
            "f1-score": 0.9531338226990401,
            "support": 920.0
        },
        "6": {
            "precision": 0.40705882352941175,
            "recall": 0.3174311926605505,
            "f1-score": 0.35670103092783506,
            "support": 545.0
        },
        "7": {
            "precision": 0.6868327402135231,
            "recall": 0.4298440979955457,
            "f1-score": 0.5287671232876713,
            "support": 449.0
        },
        "8": {
            "precision": 0.8044943820224719,
            "recall": 0.8647342995169082,
            "f1-score": 0.8335273573923166,
            "support": 414.0
        },
        "9": {
            "precision": 0.22661870503597123,
            "recall": 0.375,
            "f1-score": 0.2825112107623318,
            "support": 336.0
        },
        "10": {
            "precision": 0.6652949245541838,
            "recall": 0.7722929936305732,
            "f1-score": 0.7148120854826824,
            "support": 628.0
        },
        "11": {
            "precision": 0.9546191247974068,
            "recall": 0.73625,
            "f1-score": 0.8313338038108681,
            "support": 800.0
        },
        "12": {
            "precision": 0.8131539611360239,
            "recall": 0.9577464788732394,
            "f1-score": 0.8795472918350848,
            "support": 568.0
        },
        "13": {
            "precision": 0.6716171617161716,
            "recall": 0.9760191846522782,
            "f1-score": 0.7956989247311828,
            "support": 417.0
        },
        "14": {
            "precision": 0.681360201511335,
            "recall": 0.9061976549413735,
            "f1-score": 0.7778576563623293,
            "support": 597.0
        },
        "15": {
            "precision": 0.07926829268292683,
            "recall": 0.033419023136246784,
            "f1-score": 0.04701627486437613,
            "support": 389.0
        },
        "16": {
            "precision": 0.5310650887573964,
            "recall": 0.7417355371900827,
            "f1-score": 0.6189655172413793,
            "support": 484.0
        },
        "17": {
            "precision": 0.7412790697674418,
            "recall": 0.6505102040816326,
            "f1-score": 0.6929347826086957,
            "support": 392.0
        },
        "18": {
            "precision": 0.8222222222222222,
            "recall": 0.9487179487179487,
            "f1-score": 0.8809523809523809,
            "support": 390.0
        },
        "19": {
            "precision": 0.7546296296296297,
            "recall": 0.8049382716049382,
            "f1-score": 0.7789725209080047,
            "support": 405.0
        },
        "20": {
            "precision": 0.7365728900255755,
            "recall": 0.782608695652174,
            "f1-score": 0.758893280632411,
            "support": 368.0
        },
        "21": {
            "precision": 0.2916666666666667,
            "recall": 0.03167420814479638,
            "f1-score": 0.05714285714285714,
            "support": 442.0
        },
        "22": {
            "precision": 0.8589743589743589,
            "recall": 0.2662251655629139,
            "f1-score": 0.4064711830131446,
            "support": 755.0
        },
        "23": {
            "precision": 0.3849129593810445,
            "recall": 0.5155440414507773,
            "f1-score": 0.4407530454042082,
            "support": 386.0
        },
        "24": {
            "precision": 0.9119318181818182,
            "recall": 0.784841075794621,
            "f1-score": 0.8436268068331143,
            "support": 409.0
        },
        "25": {
            "precision": 0.41629464285714285,
            "recall": 0.772256728778468,
            "f1-score": 0.5409717186366932,
            "support": 483.0
        },
        "26": {
            "precision": 0.8992094861660079,
            "recall": 0.6671554252199413,
            "f1-score": 0.765993265993266,
            "support": 682.0
        },
        "27": {
            "precision": 0.8060522696011004,
            "recall": 0.9622331691297209,
            "f1-score": 0.8772455089820359,
            "support": 609.0
        },
        "28": {
            "precision": 0.7519230769230769,
            "recall": 0.9750623441396509,
            "f1-score": 0.8490770901194354,
            "support": 401.0
        },
        "29": {
            "precision": 0.5904334828101644,
            "recall": 0.635048231511254,
            "f1-score": 0.6119287374128582,
            "support": 622.0
        },
        "30": {
            "precision": 0.613013698630137,
            "recall": 0.5611285266457681,
            "f1-score": 0.5859247135842881,
            "support": 638.0
        },
        "31": {
            "precision": 0.21212121212121213,
            "recall": 0.012433392539964476,
            "f1-score": 0.02348993288590604,
            "support": 563.0
        },
        "32": {
            "precision": 0.38179347826086957,
            "recall": 0.6272321428571429,
            "f1-score": 0.47466216216216217,
            "support": 448.0
        },
        "33": {
            "precision": 0.7660818713450293,
            "recall": 0.9357142857142857,
            "f1-score": 0.842443729903537,
            "support": 700.0
        },
        "34": {
            "precision": 0.7808564231738035,
            "recall": 0.8288770053475936,
            "f1-score": 0.8041504539559015,
            "support": 374.0
        },
        "35": {
            "precision": 0.784394250513347,
            "recall": 0.9182692307692307,
            "f1-score": 0.8460686600221484,
            "support": 416.0
        },
        "36": {
            "precision": 0.9444444444444444,
            "recall": 0.6358267716535433,
            "f1-score": 0.76,
            "support": 508.0
        },
        "37": {
            "precision": 0.7312834224598931,
            "recall": 0.8752,
            "f1-score": 0.7967953386744355,
            "support": 625.0
        },
        "38": {
            "precision": 0.5832389580973952,
            "recall": 0.911504424778761,
            "f1-score": 0.7113259668508287,
            "support": 565.0
        },
        "39": {
            "precision": 0.7563329312424608,
            "recall": 0.9008620689655172,
            "f1-score": 0.8222950819672131,
            "support": 696.0
        },
        "40": {
            "precision": 0.8113207547169812,
            "recall": 0.44559585492227977,
            "f1-score": 0.5752508361204013,
            "support": 386.0
        },
        "41": {
            "precision": 0.41686942416869427,
            "recall": 0.8653198653198653,
            "f1-score": 0.5626710454296662,
            "support": 594.0
        },