{
    "acc1": 0.8053610939823715,
    "acc5": [
        0.9496535964307737
    ],
    "mean_per_class_recall": 0.7910968298023999,
    "classification_report": {
        "0": {
            "precision": 0.6875,
            "recall": 0.2591623036649215,
            "f1-score": 0.376425855513308,
            "support": 382.0
        },
        "1": {
            "precision": 0.8432671081677704,
            "recall": 0.617124394184168,
            "f1-score": 0.7126865671641791,
            "support": 619.0
        },
        "2": {
            "precision": 0.7193763919821826,
            "recall": 0.7476851851851852,
            "f1-score": 0.7332576617480137,
            "support": 432.0
        },
        "3": {
            "precision": 0.9566473988439307,
            "recall": 0.9692532942898975,
            "f1-score": 0.9629090909090909,
            "support": 683.0
        },
        "4": {
            "precision": 0.8812415654520918,
            "recall": 0.9602941176470589,
            "f1-score": 0.9190710767065446,
            "support": 680.0
        },
        "5": {
            "precision": 0.9343065693430657,
            "recall": 0.29493087557603687,
            "f1-score": 0.44833625218914186,
            "support": 434.0
        },
        "6": {
            "precision": 0.9339622641509434,
            "recall": 0.9406175771971497,
            "f1-score": 0.9372781065088758,
            "support": 421.0
        },
        "7": {
            "precision": 0.04201680672268908,
            "recall": 0.011627906976744186,
            "f1-score": 0.018214936247723135,
            "support": 430.0
        },
        "8": {
            "precision": 0.8444846292947559,
            "recall": 0.9396378269617707,
            "f1-score": 0.8895238095238095,
            "support": 497.0
        },
        "9": {
            "precision": 0.506155950752394,
            "recall": 0.9685863874345549,
            "f1-score": 0.6648697214734951,
            "support": 382.0
        },
        "10": {
            "precision": 0.9787234042553191,
            "recall": 0.9261744966442953,
            "f1-score": 0.9517241379310345,
            "support": 447.0
        },
        "11": {
            "precision": 0.8309278350515464,
            "recall": 0.9781553398058253,
            "f1-score": 0.8985507246376812,
            "support": 412.0
        },
        "12": {
            "precision": 0.8719211822660099,
            "recall": 0.6332737030411449,
            "f1-score": 0.7336787564766839,
            "support": 559.0
        },
        "13": {
            "precision": 0.6174089068825911,
            "recall": 0.7457212713936431,
            "f1-score": 0.6755260243632336,
            "support": 409.0
        },
        "14": {
            "precision": 0.9686888454011742,
            "recall": 0.9482758620689655,
            "f1-score": 0.9583736689254598,
            "support": 522.0
        },
        "15": {
            "precision": 0.8034782608695652,
            "recall": 0.8477064220183487,
            "f1-score": 0.825,
            "support": 545.0
        },
        "16": {
            "precision": 0.4976303317535545,
            "recall": 0.2892561983471074,
            "f1-score": 0.36585365853658536,
            "support": 363.0
        },
        "17": {
            "precision": 0.4781725888324873,
            "recall": 0.827768014059754,
            "f1-score": 0.6061776061776062,
            "support": 569.0
        },
        "18": {
            "precision": 0.8350730688935282,
            "recall": 0.7722007722007722,
            "f1-score": 0.802407221664995,
            "support": 518.0
        },
        "19": {
            "precision": 0.8586497890295358,
            "recall": 0.8984547461368654,
            "f1-score": 0.8781014023732471,
            "support": 453.0
        },
        "20": {
            "precision": 0.5930047694753577,
            "recall": 0.9443037974683545,
            "f1-score": 0.728515625,
            "support": 395.0
        },
        "21": {
            "precision": 0.9392265193370166,
            "recall": 0.827922077922078,
            "f1-score": 0.8800690250215704,
            "support": 616.0
        },
        "22": {
            "precision": 0.8064024390243902,
            "recall": 0.9869402985074627,
            "f1-score": 0.8875838926174496,
            "support": 536.0
        },
        "23": {
            "precision": 0.8874172185430463,
            "recall": 0.9766763848396501,
            "f1-score": 0.9299097848716169,
            "support": 686.0
        },
        "24": {
            "precision": 0.7951582867783985,
            "recall": 0.977116704805492,
            "f1-score": 0.8767967145790554,
            "support": 437.0
        },
        "25": {
            "precision": 0.788546255506608,
            "recall": 0.8211009174311926,
            "f1-score": 0.8044943820224719,
            "support": 654.0
        },
        "26": {
            "precision": 0.9382716049382716,
            "recall": 0.987012987012987,
            "f1-score": 0.9620253164556962,
            "support": 693.0
        },
        "27": {
            "precision": 0.7766990291262136,
            "recall": 0.7909604519774012,
            "f1-score": 0.7837648705388384,
            "support": 708.0
        },
        "28": {
            "precision": 0.8075539568345323,
            "recall": 0.9412997903563941,
            "f1-score": 0.8693126815101646,
            "support": 477.0
        },
        "29": {
            "precision": 0.9161676646706587,
            "recall": 0.8138297872340425,
            "f1-score": 0.8619718309859155,
            "support": 564.0
        },
        "30": {
            "precision": 0.6803519061583577,
            "recall": 0.804159445407279,
            "f1-score": 0.7370929308975377,
            "support": 577.0
        },
        "31": {
            "precision": 0.78125,
            "recall": 0.9023354564755839,
            "f1-score": 0.8374384236453202,
            "support": 471.0
        },
        "32": {
            "precision": 0.9342265529841657,
            "recall": 0.9342265529841657,
            "f1-score": 0.9342265529841657,
            "support": 821.0
        },
        "33": {
            "precision": 0.9025875190258752,
            "recall": 0.9025875190258752,
            "f1-score": 0.9025875190258752,
            "support": 657.0
        },
        "34": {
            "precision": 0.958041958041958,
            "recall": 0.24729241877256317,
            "f1-score": 0.3931133428981349,
            "support": 554.0
        },
        "35": {
            "precision": 0.683649289099526,
            "recall": 0.9261637239165329,
            "f1-score": 0.7866394001363326,
            "support": 623.0
        },
        "36": {
            "precision": 0.7857142857142857,
            "recall": 0.808095952023988,
            "f1-score": 0.7967479674796748,
            "support": 667.0
        },
        "37": {
            "precision": 0.6872890888638921,
            "recall": 0.9591836734693877,
            "f1-score": 0.8007863695937091,
            "support": 637.0
        },
        "38": {
            "precision": 0.9208400646203554,
            "recall": 0.979381443298969,
            "f1-score": 0.9492089925062448,
            "support": 582.0
        },
        "39": {
            "precision": 0.8728682170542635,
            "recall": 0.8755832037325039,
            "f1-score": 0.8742236024844721,
            "support": 643.0
        },
        "40": {
            "precision": 0.8568329718004338,
            "recall": 0.6114551083591331,
            "f1-score": 0.7136404697380307,
            "support": 646.0
        },
        "41": {
            "precision": 0.8308943089430895,
            "recall": 0.9569288389513109,
            "f1-score": 0.8894691035683203,
            "support": 534.0
        },