{
    "acc1": 0.7745143745143745,
    "acc5": [
        0.9598290598290599
    ],
    "mean_per_class_recall": 0.7697356750149045,
    "classification_report": {
        "0": {
            "precision": 0.5480427046263345,
            "recall": 0.7897435897435897,
            "f1-score": 0.6470588235294118,
            "support": 390.0
        },
        "1": {
            "precision": 0.8683206106870229,
            "recall": 0.741042345276873,
            "f1-score": 0.7996485061511424,
            "support": 614.0
        },
        "2": {
            "precision": 0.7190542420027817,
            "recall": 0.9070175438596492,
            "f1-score": 0.8021722265321956,
            "support": 570.0
        },
        "3": {
            "precision": 0.8272058823529411,
            "recall": 0.9211873080859775,
            "f1-score": 0.8716707021791767,
            "support": 977.0
        },
        "4": {
            "precision": 0.8883928571428571,
            "recall": 0.8728070175438597,
            "f1-score": 0.8805309734513275,
            "support": 456.0
        },
        "5": {
            "precision": 0.8063829787234043,
            "recall": 0.6719858156028369,
            "f1-score": 0.7330754352030948,
            "support": 564.0
        },
        "6": {
            "precision": 0.8181818181818182,
            "recall": 0.8195615514333895,
            "f1-score": 0.818871103622578,
            "support": 593.0
        },
        "7": {
            "precision": 0.6076502732240437,
            "recall": 0.8212703101920237,
            "f1-score": 0.6984924623115578,
            "support": 677.0
        },
        "8": {
            "precision": 0.4738562091503268,
            "recall": 0.35626535626535627,
            "f1-score": 0.4067321178120617,
            "support": 407.0
        },
        "9": {
            "precision": 0.8036117381489842,
            "recall": 0.8036117381489842,
            "f1-score": 0.8036117381489842,
            "support": 443.0
        },
        "10": {
            "precision": 0.7396907216494846,
            "recall": 0.5551257253384912,
            "f1-score": 0.6342541436464089,
            "support": 517.0
        },
        "11": {
            "precision": 0.8826923076923077,
            "recall": 0.9663157894736842,
            "f1-score": 0.9226130653266331,
            "support": 475.0
        },
        "12": {
            "precision": 0.8128205128205128,
            "recall": 0.8107416879795396,
            "f1-score": 0.8117797695262484,
            "support": 391.0
        },
        "13": {
            "precision": 0.7662835249042146,
            "recall": 0.8888888888888888,
            "f1-score": 0.823045267489712,
            "support": 450.0
        },
        "14": {
            "precision": 0.9570661896243292,
            "recall": 0.9834558823529411,
            "f1-score": 0.970081595648232,
            "support": 544.0
        },
        "15": {
            "precision": 0.8404040404040404,
            "recall": 0.9102844638949672,
            "f1-score": 0.8739495798319328,
            "support": 457.0
        },
        "16": {
            "precision": 0.840057636887608,
            "recall": 0.9388083735909822,
            "f1-score": 0.8866920152091254,
            "support": 621.0
        },
        "17": {
            "precision": 0.9372822299651568,
            "recall": 0.8966666666666666,
            "f1-score": 0.9165247018739353,
            "support": 600.0
        },
        "18": {
            "precision": 0.8853974121996303,
            "recall": 0.9247104247104247,
            "f1-score": 0.9046270066100094,
            "support": 518.0
        },
        "19": {
            "precision": 0.9063291139240506,
            "recall": 0.6617375231053605,
            "f1-score": 0.7649572649572649,
            "support": 541.0
        },
        "20": {
            "precision": 0.8500948766603416,
            "recall": 0.7943262411347518,
            "f1-score": 0.8212648945921174,
            "support": 564.0
        },
        "21": {
            "precision": 0.811377245508982,
            "recall": 0.6930946291560103,
            "f1-score": 0.7475862068965518,
            "support": 391.0
        },
        "22": {
            "precision": 0.8790931989924433,
            "recall": 0.5193452380952381,
            "f1-score": 0.6529466791393826,
            "support": 672.0
        },
        "23": {
            "precision": 0.8157894736842105,
            "recall": 0.7769423558897243,
            "f1-score": 0.7958921694480102,
            "support": 399.0
        },
        "24": {
            "precision": 0.8181818181818182,
            "recall": 0.9560439560439561,
            "f1-score": 0.8817567567567568,
            "support": 546.0
        },
        "25": {
            "precision": 0.7858823529411765,
            "recall": 0.9542857142857143,
            "f1-score": 0.8619354838709677,
            "support": 350.0
        },
        "26": {
            "precision": 0.873046875,
            "recall": 0.9717391304347827,
            "f1-score": 0.9197530864197531,
            "support": 460.0
        },
        "27": {
            "precision": 0.9657142857142857,
            "recall": 0.223841059602649,
            "f1-score": 0.3634408602150538,
            "support": 755.0
        },
        "28": {
            "precision": 0.9498567335243553,
            "recall": 0.9764359351988218,
            "f1-score": 0.9629629629629629,
            "support": 679.0
        },
        "29": {
            "precision": 0.7482678983833718,
            "recall": 0.5977859778597786,
            "f1-score": 0.6646153846153846,
            "support": 542.0
        },
        "30": {
            "precision": 0.8862179487179487,
            "recall": 0.8722397476340694,
            "f1-score": 0.8791732909379968,
            "support": 634.0
        },
        "31": {
            "precision": 0.8615071283095723,
            "recall": 0.7761467889908257,
            "f1-score": 0.8166023166023166,
            "support": 545.0
        },
        "32": {
            "precision": 0.8962264150943396,
            "recall": 0.9090909090909091,
            "f1-score": 0.9026128266033254,
            "support": 627.0
        },
        "33": {
            "precision": 0.9138381201044387,
            "recall": 0.7478632478632479,
            "f1-score": 0.8225616921269095,
            "support": 468.0
        },
        "34": {
            "precision": 0.6762589928057554,
            "recall": 0.4883116883116883,
            "f1-score": 0.5671191553544495,
            "support": 385.0
        },
        "35": {
            "precision": 0.6085858585858586,
            "recall": 0.6308900523560209,
            "f1-score": 0.6195372750642674,
            "support": 382.0
        },
        "36": {
            "precision": 0.8161764705882353,
            "recall": 0.753393665158371,
            "f1-score": 0.7835294117647059,
            "support": 442.0
        },
        "37": {
            "precision": 0.81875,
            "recall": 0.3089622641509434,
            "f1-score": 0.4486301369863014,
            "support": 424.0
        },
        "38": {
            "precision": 0.5469483568075117,
            "recall": 0.7327044025157232,
            "f1-score": 0.6263440860215054,
            "support": 318.0
        },
        "39": {
            "precision": 0.7985611510791367,
            "recall": 0.5080091533180778,
            "f1-score": 0.620979020979021,
            "support": 437.0
        },
        "40": {
            "precision": 0.8913934426229508,
            "recall": 0.8238636363636364,
            "f1-score": 0.8562992125984252,
            "support": 528.0
        },
        "41": {
            "precision": 0.9319620253164557,
            "recall": 0.8674521354933726,
            "f1-score": 0.8985507246376812,
            "support": 679.0
        },