{
    "acc1": 0.7719838734215732,
    "acc5": [
        0.9476646888787464
    ],
    "mean_per_class_recall": 0.7677510391089405,
    "classification_report": {
        "0": {
            "precision": 0.8790786948176583,
            "recall": 0.8910505836575876,
            "f1-score": 0.885024154589372,
            "support": 514.0
        },
        "1": {
            "precision": 0.9265033407572383,
            "recall": 0.8421052631578947,
            "f1-score": 0.8822905620360552,
            "support": 494.0
        },
        "2": {
            "precision": 0.9174311926605505,
            "recall": 0.8281573498964804,
            "f1-score": 0.8705114254624592,
            "support": 483.0
        },
        "3": {
            "precision": 0.4536082474226804,
            "recall": 0.4055299539170507,
            "f1-score": 0.4282238442822384,
            "support": 651.0
        },
        "4": {
            "precision": 0.8626543209876543,
            "recall": 0.8269230769230769,
            "f1-score": 0.8444108761329305,
            "support": 676.0
        },
        "5": {
            "precision": 0.28695652173913044,
            "recall": 0.09065934065934066,
            "f1-score": 0.13778705636743216,
            "support": 364.0
        },
        "6": {
            "precision": 0.8248447204968944,
            "recall": 0.9260808926080892,
            "f1-score": 0.8725361366622865,
            "support": 717.0
        },
        "7": {
            "precision": 0.5184243964421855,
            "recall": 0.951048951048951,
            "f1-score": 0.6710526315789473,
            "support": 429.0
        },
        "8": {
            "precision": 0.7690253671562083,
            "recall": 0.9305331179321487,
            "f1-score": 0.8421052631578947,
            "support": 619.0
        },
        "9": {
            "precision": 0.9073359073359073,
            "recall": 0.9073359073359073,
            "f1-score": 0.9073359073359073,
            "support": 518.0
        },
        "10": {
            "precision": 0.9366391184573003,
            "recall": 0.7674943566591422,
            "f1-score": 0.8436724565756824,
            "support": 443.0
        },
        "11": {
            "precision": 0.8928571428571429,
            "recall": 0.3771551724137931,
            "f1-score": 0.5303030303030303,
            "support": 464.0
        },
        "12": {
            "precision": 0.8,
            "recall": 0.9868766404199475,
            "f1-score": 0.8836662749706228,
            "support": 381.0
        },
        "13": {
            "precision": 0.9607843137254902,
            "recall": 0.8711111111111111,
            "f1-score": 0.9137529137529138,
            "support": 450.0
        },
        "14": {
            "precision": 0.8026315789473685,
            "recall": 0.9599427753934192,
            "f1-score": 0.8742671009771987,
            "support": 699.0
        },
        "15": {
            "precision": 0.6687306501547987,
            "recall": 0.39926062846580407,
            "f1-score": 0.5,
            "support": 541.0
        },
        "16": {
            "precision": 0.9020044543429844,
            "recall": 0.8333333333333334,
            "f1-score": 0.8663101604278075,
            "support": 486.0
        },
        "17": {
            "precision": 0.6342943854324734,
            "recall": 0.8530612244897959,
            "f1-score": 0.7275892080069626,
            "support": 490.0
        },
        "18": {
            "precision": 0.6304849884526559,
            "recall": 0.8029411764705883,
            "f1-score": 0.7063389391979301,
            "support": 340.0
        },
        "19": {
            "precision": 0.7631578947368421,
            "recall": 0.9415584415584416,
            "f1-score": 0.8430232558139535,
            "support": 462.0
        },
        "20": {
            "precision": 0.915,
            "recall": 0.41876430205949655,
            "f1-score": 0.5745682888540031,
            "support": 437.0
        },
        "21": {
            "precision": 0.9407114624505929,
            "recall": 0.6181818181818182,
            "f1-score": 0.7460815047021944,
            "support": 385.0
        },
        "22": {
            "precision": 0.46045694200351495,
            "recall": 0.7774480712166172,
            "f1-score": 0.5783664459161147,
            "support": 337.0
        },
        "23": {
            "precision": 0.8873720136518771,
            "recall": 0.7669616519174042,
            "f1-score": 0.8227848101265823,
            "support": 339.0
        },
        "24": {
            "precision": 0.8263414634146341,
            "recall": 0.9307692307692308,
            "f1-score": 0.875452196382429,
            "support": 910.0
        },
        "25": {
            "precision": 0.4705159705159705,
            "recall": 0.7422480620155039,
            "f1-score": 0.5759398496240602,
            "support": 516.0
        },
        "26": {
            "precision": 0.9584415584415584,
            "recall": 0.8541666666666666,
            "f1-score": 0.9033047735618115,
            "support": 432.0
        },
        "27": {
            "precision": 0.7256235827664399,
            "recall": 0.8,
            "f1-score": 0.760998810939358,
            "support": 400.0
        },
        "28": {
            "precision": 0.7757847533632287,
            "recall": 0.9505494505494505,
            "f1-score": 0.854320987654321,
            "support": 364.0
        },
        "29": {
            "precision": 0.8415841584158416,
            "recall": 0.8762886597938144,
            "f1-score": 0.8585858585858586,
            "support": 388.0
        },
        "30": {
            "precision": 0.7571428571428571,
            "recall": 0.38061041292639136,
            "f1-score": 0.5065710872162486,
            "support": 557.0
        },
        "31": {
            "precision": 0.873015873015873,
            "recall": 0.9464627151051626,
            "f1-score": 0.908256880733945,
            "support": 523.0
        },
        "32": {
            "precision": 0.831496062992126,
            "recall": 0.8098159509202454,
            "f1-score": 0.8205128205128205,
            "support": 652.0
        },
        "33": {
            "precision": 0.6206896551724138,
            "recall": 0.9204545454545454,
            "f1-score": 0.7414187643020596,
            "support": 352.0
        },
        "34": {
            "precision": 0.7293447293447294,
            "recall": 0.7816793893129771,
            "f1-score": 0.7546057479734709,
            "support": 655.0
        },
        "35": {
            "precision": 0.9196428571428571,
            "recall": 0.6450939457202505,
            "f1-score": 0.758282208588957,
            "support": 479.0
        },
        "36": {
            "precision": 0.930628272251309,
            "recall": 0.864963503649635,
            "f1-score": 0.8965952080706179,
            "support": 822.0
        },
        "37": {
            "precision": 0.8703703703703703,
            "recall": 0.8915989159891599,
            "f1-score": 0.8808567603748326,
            "support": 738.0
        },
        "38": {
            "precision": 0.8689839572192514,
            "recall": 0.9027777777777778,
            "f1-score": 0.885558583106267,
            "support": 720.0
        },
        "39": {
            "precision": 0.7378815080789947,
            "recall": 0.5700416088765603,
            "f1-score": 0.6431924882629108,
            "support": 721.0
        },
        "40": {
            "precision": 0.830078125,
            "recall": 0.740418118466899,
            "f1-score": 0.7826887661141805,
            "support": 574.0
        },
        "41": {
            "precision": 0.8913324708926261,
            "recall": 0.8833333333333333,
            "f1-score": 0.8873148744365744,
            "support": 780.0
        },
        "42": {
            "precision": 0.6477272727272727,