{
    "acc1": 0.7774281274281274,
    "acc5": [
        0.9623154623154623
    ],
    "mean_per_class_recall": 0.7751311803995875,
    "classification_report": {
        "0": {
            "precision": 0.5419354838709678,
            "recall": 0.8615384615384616,
            "f1-score": 0.6653465346534654,
            "support": 390.0
        },
        "1": {
            "precision": 0.827027027027027,
            "recall": 0.747557003257329,
            "f1-score": 0.7852865697177075,
            "support": 614.0
        },
        "2": {
            "precision": 0.762962962962963,
            "recall": 0.9035087719298246,
            "f1-score": 0.8273092369477911,
            "support": 570.0
        },
        "3": {
            "precision": 0.8943731490621916,
            "recall": 0.9273285568065507,
            "f1-score": 0.9105527638190954,
            "support": 977.0
        },
        "4": {
            "precision": 0.8896103896103896,
            "recall": 0.9013157894736842,
            "f1-score": 0.8954248366013072,
            "support": 456.0
        },
        "5": {
            "precision": 0.8253588516746412,
            "recall": 0.6117021276595744,
            "f1-score": 0.7026476578411406,
            "support": 564.0
        },
        "6": {
            "precision": 0.8501805054151624,
            "recall": 0.7942664418212478,
            "f1-score": 0.8212728857890148,
            "support": 593.0
        },
        "7": {
            "precision": 0.6156424581005586,
            "recall": 0.8138847858197932,
            "f1-score": 0.7010178117048346,
            "support": 677.0
        },
        "8": {
            "precision": 0.41389728096676737,
            "recall": 0.3366093366093366,
            "f1-score": 0.3712737127371274,
            "support": 407.0
        },
        "9": {
            "precision": 0.7438330170777988,
            "recall": 0.8848758465011287,
            "f1-score": 0.8082474226804124,
            "support": 443.0
        },
        "10": {
            "precision": 0.7764127764127764,
            "recall": 0.6112185686653772,
            "f1-score": 0.683982683982684,
            "support": 517.0
        },
        "11": {
            "precision": 0.8918918918918919,
            "recall": 0.9726315789473684,
            "f1-score": 0.9305135951661632,
            "support": 475.0
        },
        "12": {
            "precision": 0.7337962962962963,
            "recall": 0.8107416879795396,
            "f1-score": 0.7703523693803159,
            "support": 391.0
        },
        "13": {
            "precision": 0.7622641509433963,
            "recall": 0.8977777777777778,
            "f1-score": 0.8244897959183674,
            "support": 450.0
        },
        "14": {
            "precision": 0.9566003616636528,
            "recall": 0.9724264705882353,
            "f1-score": 0.9644484958979034,
            "support": 544.0
        },
        "15": {
            "precision": 0.905982905982906,
            "recall": 0.9277899343544858,
            "f1-score": 0.9167567567567567,
            "support": 457.0
        },
        "16": {
            "precision": 0.8448275862068966,
            "recall": 0.9468599033816425,
            "f1-score": 0.8929384965831435,
            "support": 621.0
        },
        "17": {
            "precision": 0.9448398576512456,
            "recall": 0.885,
            "f1-score": 0.9139414802065404,
            "support": 600.0
        },
        "18": {
            "precision": 0.8800773694390716,
            "recall": 0.8783783783783784,
            "f1-score": 0.8792270531400966,
            "support": 518.0
        },
        "19": {
            "precision": 0.9086021505376344,
            "recall": 0.6247689463955638,
            "f1-score": 0.7404162102957283,
            "support": 541.0
        },
        "20": {
            "precision": 0.8554913294797688,
            "recall": 0.7872340425531915,
            "f1-score": 0.8199445983379502,
            "support": 564.0
        },
        "21": {
            "precision": 0.8312883435582822,
            "recall": 0.6930946291560103,
            "f1-score": 0.7559274755927475,
            "support": 391.0
        },
        "22": {
            "precision": 0.910941475826972,
            "recall": 0.5327380952380952,
            "f1-score": 0.672300469483568,
            "support": 672.0
        },
        "23": {
            "precision": 0.8212435233160622,
            "recall": 0.7944862155388471,
            "f1-score": 0.8076433121019109,
            "support": 399.0
        },
        "24": {
            "precision": 0.8478964401294499,
            "recall": 0.9597069597069597,
            "f1-score": 0.9003436426116839,
            "support": 546.0
        },
        "25": {
            "precision": 0.737417943107221,
            "recall": 0.9628571428571429,
            "f1-score": 0.8351920693928129,
            "support": 350.0
        },
        "26": {
            "precision": 0.8522727272727273,
            "recall": 0.9782608695652174,
            "f1-score": 0.9109311740890689,
            "support": 460.0
        },
        "27": {
            "precision": 0.9682539682539683,
            "recall": 0.08079470198675497,
            "f1-score": 0.1491442542787286,
            "support": 755.0
        },
        "28": {
            "precision": 0.9431009957325747,
            "recall": 0.9764359351988218,
            "f1-score": 0.959479015918958,
            "support": 679.0
        },
        "29": {
            "precision": 0.7533039647577092,
            "recall": 0.6309963099630996,
            "f1-score": 0.6867469879518072,
            "support": 542.0
        },
        "30": {
            "precision": 0.8606811145510835,
            "recall": 0.8769716088328076,
            "f1-score": 0.86875,
            "support": 634.0
        },
        "31": {
            "precision": 0.8850806451612904,
            "recall": 0.8055045871559633,
            "f1-score": 0.8434197886647454,
            "support": 545.0
        },
        "32": {
            "precision": 0.9089430894308943,
            "recall": 0.8915470494417863,
            "f1-score": 0.9001610305958132,
            "support": 627.0
        },
        "33": {
            "precision": 0.8842105263157894,
            "recall": 0.8974358974358975,
            "f1-score": 0.8907741251325557,
            "support": 468.0
        },
        "34": {
            "precision": 0.6403508771929824,
            "recall": 0.5688311688311688,
            "f1-score": 0.6024759284731774,
            "support": 385.0
        },
        "35": {
            "precision": 0.6041131105398457,
            "recall": 0.6151832460732984,
            "f1-score": 0.6095979247730221,
            "support": 382.0
        },
        "36": {
            "precision": 0.7875288683602771,
            "recall": 0.7714932126696833,
            "f1-score": 0.7794285714285715,
            "support": 442.0
        },
        "37": {
            "precision": 0.7973568281938326,
            "recall": 0.4268867924528302,
            "f1-score": 0.5560675883256528,
            "support": 424.0
        },
        "38": {
            "precision": 0.5448113207547169,
            "recall": 0.7264150943396226,
            "f1-score": 0.6226415094339622,
            "support": 318.0
        },
        "39": {
            "precision": 0.8064516129032258,
            "recall": 0.4576659038901602,
            "f1-score": 0.583941605839416,
            "support": 437.0
        },
        "40": {
            "precision": 0.896,
            "recall": 0.8484848484848485,
            "f1-score": 0.8715953307392996,
            "support": 528.0
        },
        "41": {
            "precision": 0.9493670886075949,
            "recall": 0.8836524300441826,
            "f1-score": 0.9153318077803204,
            "support": 679.0
        },