{
    "acc1": 0.7602952602952603,
    "acc5": [
        0.9517094017094017
    ],
    "mean_per_class_recall": 0.7508339189219241,
    "classification_report": {
        "0": {
            "precision": 0.6455026455026455,
            "recall": 0.6256410256410256,
            "f1-score": 0.6354166666666666,
            "support": 390.0
        },
        "1": {
            "precision": 0.7946902654867256,
            "recall": 0.7312703583061889,
            "f1-score": 0.7616624257845632,
            "support": 614.0
        },
        "2": {
            "precision": 0.6849673202614379,
            "recall": 0.9192982456140351,
            "f1-score": 0.7850187265917603,
            "support": 570.0
        },
        "3": {
            "precision": 0.8655139289145053,
            "recall": 0.9222108495394064,
            "f1-score": 0.8929633300297324,
            "support": 977.0
        },
        "4": {
            "precision": 0.8673913043478261,
            "recall": 0.875,
            "f1-score": 0.87117903930131,
            "support": 456.0
        },
        "5": {
            "precision": 0.7692307692307693,
            "recall": 0.6560283687943262,
            "f1-score": 0.7081339712918661,
            "support": 564.0
        },
        "6": {
            "precision": 0.7606060606060606,
            "recall": 0.8465430016863407,
            "f1-score": 0.8012769353551477,
            "support": 593.0
        },
        "7": {
            "precision": 0.58377239199157,
            "recall": 0.8183161004431314,
            "f1-score": 0.6814268142681427,
            "support": 677.0
        },
        "8": {
            "precision": 0.3480825958702065,
            "recall": 0.28992628992628994,
            "f1-score": 0.3163538873994638,
            "support": 407.0
        },
        "9": {
            "precision": 0.728515625,
            "recall": 0.8419864559819413,
            "f1-score": 0.7811518324607329,
            "support": 443.0
        },
        "10": {
            "precision": 0.7408376963350786,
            "recall": 0.5473887814313346,
            "f1-score": 0.6295884315906563,
            "support": 517.0
        },
        "11": {
            "precision": 0.8986083499005965,
            "recall": 0.9515789473684211,
            "f1-score": 0.9243353783231084,
            "support": 475.0
        },
        "12": {
            "precision": 0.8256410256410256,
            "recall": 0.8235294117647058,
            "f1-score": 0.8245838668373879,
            "support": 391.0
        },
        "13": {
            "precision": 0.7223230490018149,
            "recall": 0.8844444444444445,
            "f1-score": 0.7952047952047953,
            "support": 450.0
        },
        "14": {
            "precision": 0.9551166965888689,
            "recall": 0.9779411764705882,
            "f1-score": 0.9663941871026339,
            "support": 544.0
        },
        "15": {
            "precision": 0.9503386004514672,
            "recall": 0.9212253829321663,
            "f1-score": 0.9355555555555556,
            "support": 457.0
        },
        "16": {
            "precision": 0.8439306358381503,
            "recall": 0.9404186795491143,
            "f1-score": 0.8895658796648895,
            "support": 621.0
        },
        "17": {
            "precision": 0.9189655172413793,
            "recall": 0.8883333333333333,
            "f1-score": 0.9033898305084745,
            "support": 600.0
        },
        "18": {
            "precision": 0.8353140916808149,
            "recall": 0.9498069498069498,
            "f1-score": 0.8888888888888888,
            "support": 518.0
        },
        "19": {
            "precision": 0.8877284595300261,
            "recall": 0.6284658040665434,
            "f1-score": 0.7359307359307359,
            "support": 541.0
        },
        "20": {
            "precision": 0.7759472817133443,
            "recall": 0.8351063829787234,
            "f1-score": 0.8044406490179334,
            "support": 564.0
        },
        "21": {
            "precision": 0.6991525423728814,
            "recall": 0.8439897698209718,
            "f1-score": 0.764774044032445,
            "support": 391.0
        },
        "22": {
            "precision": 0.8700440528634361,
            "recall": 0.5877976190476191,
            "f1-score": 0.7015985790408525,
            "support": 672.0
        },
        "23": {
            "precision": 0.800711743772242,
            "recall": 0.5639097744360902,
            "f1-score": 0.6617647058823529,
            "support": 399.0
        },
        "24": {
            "precision": 0.7510668563300142,
            "recall": 0.967032967032967,
            "f1-score": 0.8454763811048839,
            "support": 546.0
        },
        "25": {
            "precision": 0.7433035714285714,
            "recall": 0.9514285714285714,
            "f1-score": 0.8345864661654135,
            "support": 350.0
        },
        "26": {
            "precision": 0.8417132216014898,
            "recall": 0.9826086956521739,
            "f1-score": 0.9067201604814443,
            "support": 460.0
        },
        "27": {
            "precision": 0.9017094017094017,
            "recall": 0.27947019867549666,
            "f1-score": 0.42669362992922144,
            "support": 755.0
        },
        "28": {
            "precision": 0.9472182596291013,
            "recall": 0.9779086892488954,
            "f1-score": 0.9623188405797102,
            "support": 679.0
        },
        "29": {
            "precision": 0.8238993710691824,
            "recall": 0.4833948339483395,
            "f1-score": 0.6093023255813953,
            "support": 542.0
        },
        "30": {
            "precision": 0.9157894736842105,
            "recall": 0.8233438485804416,
            "f1-score": 0.867109634551495,
            "support": 634.0
        },
        "31": {
            "precision": 0.8443579766536965,
            "recall": 0.7963302752293578,
            "f1-score": 0.8196411709159585,
            "support": 545.0
        },
        "32": {
            "precision": 0.9352640545144804,
            "recall": 0.8755980861244019,
            "f1-score": 0.9044481054365733,
            "support": 627.0
        },
        "33": {
            "precision": 0.9585635359116023,
            "recall": 0.7414529914529915,
            "f1-score": 0.8361445783132531,
            "support": 468.0
        },
        "34": {
            "precision": 0.6984924623115578,
            "recall": 0.36103896103896105,
            "f1-score": 0.476027397260274,
            "support": 385.0
        },
        "35": {
            "precision": 0.5953878406708596,
            "recall": 0.743455497382199,
            "f1-score": 0.6612339930151339,
            "support": 382.0
        },
        "36": {
            "precision": 0.8197879858657244,
            "recall": 0.5248868778280543,
            "f1-score": 0.64,
            "support": 442.0
        },
        "37": {
            "precision": 0.7222222222222222,
            "recall": 0.09198113207547169,
            "f1-score": 0.16317991631799164,
            "support": 424.0
        },
        "38": {
            "precision": 0.4665271966527197,
            "recall": 0.7012578616352201,
            "f1-score": 0.5603015075376885,
            "support": 318.0
        },
        "39": {
            "precision": 0.631578947368421,
            "recall": 0.7414187643020596,
            "f1-score": 0.6821052631578948,
            "support": 437.0
        },
        "40": {
            "precision": 0.9260089686098655,
            "recall": 0.7821969696969697,
            "f1-score": 0.8480492813141683,
            "support": 528.0
        },
        "41": {
            "precision": 0.9338461538461539,
            "recall": 0.8939617083946981,
            "f1-score": 0.9134687735139202,
            "support": 679.0
        },