{
    "acc1": 0.8068119989843665,
    "acc5": [
        0.9502339584315717
    ],
    "mean_per_class_recall": 0.7967474728385079,
    "classification_report": {
        "0": {
            "precision": 0.6946564885496184,
            "recall": 0.23821989528795812,
            "f1-score": 0.35477582846003897,
            "support": 382.0
        },
        "1": {
            "precision": 0.9201388888888888,
            "recall": 0.4281098546042003,
            "f1-score": 0.5843439911797134,
            "support": 619.0
        },
        "2": {
            "precision": 0.7136752136752137,
            "recall": 0.7731481481481481,
            "f1-score": 0.7422222222222222,
            "support": 432.0
        },
        "3": {
            "precision": 0.9227586206896552,
            "recall": 0.9795021961932651,
            "f1-score": 0.9502840909090909,
            "support": 683.0
        },
        "4": {
            "precision": 0.8756684491978609,
            "recall": 0.9632352941176471,
            "f1-score": 0.9173669467787114,
            "support": 680.0
        },
        "5": {
            "precision": 0.9015151515151515,
            "recall": 0.27419354838709675,
            "f1-score": 0.4204946996466431,
            "support": 434.0
        },
        "6": {
            "precision": 0.930622009569378,
            "recall": 0.9239904988123515,
            "f1-score": 0.9272943980929678,
            "support": 421.0
        },
        "7": {
            "precision": 0.03333333333333333,
            "recall": 0.004651162790697674,
            "f1-score": 0.00816326530612245,
            "support": 430.0
        },
        "8": {
            "precision": 0.7632850241545893,
            "recall": 0.9537223340040242,
            "f1-score": 0.8479427549194991,
            "support": 497.0
        },
        "9": {
            "precision": 0.5054495912806539,
            "recall": 0.9712041884816754,
            "f1-score": 0.6648745519713262,
            "support": 382.0
        },
        "10": {
            "precision": 0.985781990521327,
            "recall": 0.930648769574944,
            "f1-score": 0.9574223245109321,
            "support": 447.0
        },
        "11": {
            "precision": 0.8540772532188842,
            "recall": 0.9660194174757282,
            "f1-score": 0.9066059225512528,
            "support": 412.0
        },
        "12": {
            "precision": 0.8394793926247288,
            "recall": 0.6923076923076923,
            "f1-score": 0.7588235294117647,
            "support": 559.0
        },
        "13": {
            "precision": 0.5957066189624329,
            "recall": 0.8141809290953546,
            "f1-score": 0.6880165289256198,
            "support": 409.0
        },
        "14": {
            "precision": 0.9639468690702088,
            "recall": 0.9731800766283525,
            "f1-score": 0.9685414680648237,
            "support": 522.0
        },
        "15": {
            "precision": 0.8277777777777777,
            "recall": 0.8201834862385321,
            "f1-score": 0.823963133640553,
            "support": 545.0
        },
        "16": {
            "precision": 0.5434782608695652,
            "recall": 0.6887052341597796,
            "f1-score": 0.6075334143377886,
            "support": 363.0
        },
        "17": {
            "precision": 0.4876543209876543,
            "recall": 0.8330404217926186,
            "f1-score": 0.6151849448410124,
            "support": 569.0
        },
        "18": {
            "precision": 0.8461538461538461,
            "recall": 0.806949806949807,
            "f1-score": 0.8260869565217391,
            "support": 518.0
        },
        "19": {
            "precision": 0.811088295687885,
            "recall": 0.8719646799116998,
            "f1-score": 0.8404255319148937,
            "support": 453.0
        },
        "20": {
            "precision": 0.5964343598055105,
            "recall": 0.9316455696202531,
            "f1-score": 0.7272727272727273,
            "support": 395.0
        },
        "21": {
            "precision": 0.906934306569343,
            "recall": 0.8068181818181818,
            "f1-score": 0.8539518900343642,
            "support": 616.0
        },
        "22": {
            "precision": 0.808282208588957,
            "recall": 0.9832089552238806,
            "f1-score": 0.8872053872053872,
            "support": 536.0
        },
        "23": {
            "precision": 0.8982597054886211,
            "recall": 0.978134110787172,
            "f1-score": 0.9364968597348221,
            "support": 686.0
        },
        "24": {
            "precision": 0.7855822550831792,
            "recall": 0.9725400457665904,
            "f1-score": 0.869120654396728,
            "support": 437.0
        },
        "25": {
            "precision": 0.8407960199004975,
            "recall": 0.7752293577981652,
            "f1-score": 0.8066825775656324,
            "support": 654.0
        },
        "26": {
            "precision": 0.9445983379501385,
            "recall": 0.9841269841269841,
            "f1-score": 0.9639575971731449,
            "support": 693.0
        },
        "27": {
            "precision": 0.7785326086956522,
            "recall": 0.809322033898305,
            "f1-score": 0.7936288088642659,
            "support": 708.0
        },
        "28": {
            "precision": 0.7820069204152249,
            "recall": 0.9475890985324947,
            "f1-score": 0.8568720379146919,
            "support": 477.0
        },
        "29": {
            "precision": 0.9190751445086706,
            "recall": 0.8457446808510638,
            "f1-score": 0.8808864265927978,
            "support": 564.0
        },
        "30": {
            "precision": 0.6439290586630286,
            "recall": 0.8180242634315424,
            "f1-score": 0.7206106870229008,
            "support": 577.0
        },
        "31": {
            "precision": 0.7699443413729128,
            "recall": 0.881104033970276,
            "f1-score": 0.8217821782178217,
            "support": 471.0
        },
        "32": {
            "precision": 0.9388753056234719,
            "recall": 0.9354445797807551,
            "f1-score": 0.937156802928615,
            "support": 821.0
        },
        "33": {
            "precision": 0.9083969465648855,
            "recall": 0.9056316590563166,
            "f1-score": 0.9070121951219512,
            "support": 657.0
        },
        "34": {
            "precision": 0.9468599033816425,
            "recall": 0.35379061371841153,
            "f1-score": 0.5151116951379764,
            "support": 554.0
        },
        "35": {
            "precision": 0.6891252955082743,
            "recall": 0.9357945425361156,
            "f1-score": 0.7937372362151123,
            "support": 623.0
        },
        "36": {
            "precision": 0.8818493150684932,
            "recall": 0.7721139430284858,
            "f1-score": 0.8233413269384492,
            "support": 667.0
        },
        "37": {
            "precision": 0.715962441314554,
            "recall": 0.957613814756672,
            "f1-score": 0.8193418401611821,
            "support": 637.0
        },
        "38": {
            "precision": 0.9197431781701445,
            "recall": 0.9845360824742269,
            "f1-score": 0.9510373443983402,
            "support": 582.0
        },
        "39": {
            "precision": 0.8881889763779528,
            "recall": 0.8771384136858476,
            "f1-score": 0.8826291079812206,
            "support": 643.0
        },
        "40": {
            "precision": 0.8428571428571429,
            "recall": 0.6393188854489165,
            "f1-score": 0.727112676056338,
            "support": 646.0
        },
        "41": {
            "precision": 0.803125,
            "recall": 0.9625468164794008,
            "f1-score": 0.8756388415672913,
            "support": 534.0
        },