{
    "acc1": 0.7254678229119124,
    "acc5": [
        0.9306252852578731
    ],
    "mean_per_class_recall": 0.7322897999987991,
    "classification_report": {
        "0": {
            "precision": 0.9045454545454545,
            "recall": 0.77431906614786,
            "f1-score": 0.8343815513626834,
            "support": 514.0
        },
        "1": {
            "precision": 0.8514056224899599,
            "recall": 0.8582995951417004,
            "f1-score": 0.8548387096774194,
            "support": 494.0
        },
        "2": {
            "precision": 0.8053949903660886,
            "recall": 0.865424430641822,
            "f1-score": 0.8343313373253493,
            "support": 483.0
        },
        "3": {
            "precision": 0.18219037871033777,
            "recall": 0.27342549923195086,
            "f1-score": 0.21867321867321868,
            "support": 651.0
        },
        "4": {
            "precision": 0.9051094890510949,
            "recall": 0.7337278106508875,
            "f1-score": 0.8104575163398693,
            "support": 676.0
        },
        "5": {
            "precision": 0.04285714285714286,
            "recall": 0.008241758241758242,
            "f1-score": 0.013824884792626729,
            "support": 364.0
        },
        "6": {
            "precision": 0.8884239888423989,
            "recall": 0.8884239888423989,
            "f1-score": 0.8884239888423989,
            "support": 717.0
        },
        "7": {
            "precision": 0.5283505154639175,
            "recall": 0.9557109557109557,
            "f1-score": 0.6804979253112033,
            "support": 429.0
        },
        "8": {
            "precision": 0.8187134502923976,
            "recall": 0.9046849757673667,
            "f1-score": 0.8595548733691482,
            "support": 619.0
        },
        "9": {
            "precision": 0.8716577540106952,
            "recall": 0.944015444015444,
            "f1-score": 0.9063948100092678,
            "support": 518.0
        },
        "10": {
            "precision": 0.9164179104477612,
            "recall": 0.6930022573363431,
            "f1-score": 0.7892030848329049,
            "support": 443.0
        },
        "11": {
            "precision": 0.753731343283582,
            "recall": 0.4353448275862069,
            "f1-score": 0.5519125683060109,
            "support": 464.0
        },
        "12": {
            "precision": 0.8738095238095238,
            "recall": 0.963254593175853,
            "f1-score": 0.916354556803995,
            "support": 381.0
        },
        "13": {
            "precision": 0.9572446555819477,
            "recall": 0.8955555555555555,
            "f1-score": 0.9253731343283582,
            "support": 450.0
        },
        "14": {
            "precision": 0.856760374832664,
            "recall": 0.9155937052932761,
            "f1-score": 0.8852005532503457,
            "support": 699.0
        },
        "15": {
            "precision": 0.6675126903553299,
            "recall": 0.48613678373382624,
            "f1-score": 0.5625668449197861,
            "support": 541.0
        },
        "16": {
            "precision": 0.8256513026052105,
            "recall": 0.8477366255144033,
            "f1-score": 0.8365482233502538,
            "support": 486.0
        },
        "17": {
            "precision": 0.9234567901234568,
            "recall": 0.763265306122449,
            "f1-score": 0.8357541899441341,
            "support": 490.0
        },
        "18": {
            "precision": 0.7689393939393939,
            "recall": 0.5970588235294118,
            "f1-score": 0.6721854304635762,
            "support": 340.0
        },
        "19": {
            "precision": 0.8238866396761133,
            "recall": 0.8809523809523809,
            "f1-score": 0.8514644351464435,
            "support": 462.0
        },
        "20": {
            "precision": 0.9506172839506173,
            "recall": 0.8810068649885584,
            "f1-score": 0.9144893111638955,
            "support": 437.0
        },
        "21": {
            "precision": 0.7241379310344828,
            "recall": 0.6,
            "f1-score": 0.65625,
            "support": 385.0
        },
        "22": {
            "precision": 0.41626794258373206,
            "recall": 0.7744807121661721,
            "f1-score": 0.5414937759336099,
            "support": 337.0
        },
        "23": {
            "precision": 0.8184438040345822,
            "recall": 0.8377581120943953,
            "f1-score": 0.8279883381924198,
            "support": 339.0
        },
        "24": {
            "precision": 0.7448096885813149,
            "recall": 0.9461538461538461,
            "f1-score": 0.8334946757018393,
            "support": 910.0
        },
        "25": {
            "precision": 0.3578512396694215,
            "recall": 0.8391472868217055,
            "f1-score": 0.5017381228273464,
            "support": 516.0
        },
        "26": {
            "precision": 0.830316742081448,
            "recall": 0.8495370370370371,
            "f1-score": 0.8398169336384439,
            "support": 432.0
        },
        "27": {
            "precision": 0.6931818181818182,
            "recall": 0.7625,
            "f1-score": 0.7261904761904762,
            "support": 400.0
        },
        "28": {
            "precision": 0.7488888888888889,
            "recall": 0.9258241758241759,
            "f1-score": 0.828009828009828,
            "support": 364.0
        },
        "29": {
            "precision": 0.9299719887955182,
            "recall": 0.8556701030927835,
            "f1-score": 0.8912751677852349,
            "support": 388.0
        },
        "30": {
            "precision": 0.8473282442748091,
            "recall": 0.3985637342908438,
            "f1-score": 0.5421245421245421,
            "support": 557.0
        },
        "31": {
            "precision": 0.9673659673659674,
            "recall": 0.7934990439770554,
            "f1-score": 0.8718487394957983,
            "support": 523.0
        },
        "32": {
            "precision": 0.7852664576802508,
            "recall": 0.7684049079754601,
            "f1-score": 0.7767441860465116,
            "support": 652.0
        },
        "33": {
            "precision": 0.6774891774891775,
            "recall": 0.8892045454545454,
            "f1-score": 0.769041769041769,
            "support": 352.0
        },
        "34": {
            "precision": 0.5319351763584366,
            "recall": 0.8519083969465648,
            "f1-score": 0.6549295774647887,
            "support": 655.0
        },
        "35": {
            "precision": 0.7089201877934272,
            "recall": 0.6304801670146137,
            "f1-score": 0.6674033149171271,
            "support": 479.0
        },
        "36": {
            "precision": 0.8955773955773956,
            "recall": 0.8868613138686131,
            "f1-score": 0.89119804400978,
            "support": 822.0
        },
        "37": {
            "precision": 0.8492957746478873,
            "recall": 0.8170731707317073,
            "f1-score": 0.8328729281767956,
            "support": 738.0
        },
        "38": {
            "precision": 0.8579465541490858,
            "recall": 0.8472222222222222,
            "f1-score": 0.8525506638714185,
            "support": 720.0
        },
        "39": {
            "precision": 0.455026455026455,
            "recall": 0.11927877947295423,
            "f1-score": 0.189010989010989,
            "support": 721.0
        },
        "40": {
            "precision": 0.7861386138613862,
            "recall": 0.6916376306620209,
            "f1-score": 0.7358665430954587,
            "support": 574.0
        },
        "41": {
            "precision": 0.8787878787878788,
            "recall": 0.2602564102564103,
            "f1-score": 0.40158259149357073,
            "support": 780.0
        },