{
    "acc1": 0.7608908556712249,
    "acc5": [
        0.9299212884036417
    ],
    "mean_per_class_recall": 0.7474437031052882,
    "classification_report": {
        "0": {
            "precision": 0.6686746987951807,
            "recall": 0.581151832460733,
            "f1-score": 0.6218487394957983,
            "support": 382.0
        },
        "1": {
            "precision": 0.8895522388059701,
            "recall": 0.481421647819063,
            "f1-score": 0.6247379454926625,
            "support": 619.0
        },
        "2": {
            "precision": 0.6738609112709832,
            "recall": 0.6504629629629629,
            "f1-score": 0.6619552414605419,
            "support": 432.0
        },
        "3": {
            "precision": 0.7900355871886121,
            "recall": 0.9751098096632503,
            "f1-score": 0.872870249017038,
            "support": 683.0
        },
        "4": {
            "precision": 0.8328947368421052,
            "recall": 0.9308823529411765,
            "f1-score": 0.8791666666666667,
            "support": 680.0
        },
        "5": {
            "precision": 0.6666666666666666,
            "recall": 0.041474654377880185,
            "f1-score": 0.07809110629067245,
            "support": 434.0
        },
        "6": {
            "precision": 0.9619289340101523,
            "recall": 0.9002375296912114,
            "f1-score": 0.9300613496932515,
            "support": 421.0
        },
        "7": {
            "precision": 0.2300995024875622,
            "recall": 0.43023255813953487,
            "f1-score": 0.29983792544570503,
            "support": 430.0
        },
        "8": {
            "precision": 0.8243727598566308,
            "recall": 0.9255533199195171,
            "f1-score": 0.8720379146919431,
            "support": 497.0
        },
        "9": {
            "precision": 0.6698113207547169,
            "recall": 0.9293193717277487,
            "f1-score": 0.7785087719298246,
            "support": 382.0
        },
        "10": {
            "precision": 0.9783653846153846,
            "recall": 0.9105145413870246,
            "f1-score": 0.9432213209733488,
            "support": 447.0
        },
        "11": {
            "precision": 0.8568281938325991,
            "recall": 0.9441747572815534,
            "f1-score": 0.8983833718244804,
            "support": 412.0
        },
        "12": {
            "precision": 0.9287833827893175,
            "recall": 0.5599284436493739,
            "f1-score": 0.6986607142857143,
            "support": 559.0
        },
        "13": {
            "precision": 0.5384615384615384,
            "recall": 0.7872860635696821,
            "f1-score": 0.6395233366434955,
            "support": 409.0
        },
        "14": {
            "precision": 0.9571984435797666,
            "recall": 0.9425287356321839,
            "f1-score": 0.9498069498069498,
            "support": 522.0
        },
        "15": {
            "precision": 0.7084398976982097,
            "recall": 0.5082568807339449,
            "f1-score": 0.5918803418803419,
            "support": 545.0
        },
        "16": {
            "precision": 0.007722007722007722,
            "recall": 0.005509641873278237,
            "f1-score": 0.006430868167202572,
            "support": 363.0
        },
        "17": {
            "precision": 0.48884381338742394,
            "recall": 0.8471001757469244,
            "f1-score": 0.6199356913183279,
            "support": 569.0
        },
        "18": {
            "precision": 0.8333333333333334,
            "recall": 0.6853281853281853,
            "f1-score": 0.7521186440677966,
            "support": 518.0
        },
        "19": {
            "precision": 0.8489361702127659,
            "recall": 0.8807947019867549,
            "f1-score": 0.8645720476706392,
            "support": 453.0
        },
        "20": {
            "precision": 0.5923460898502496,
            "recall": 0.9012658227848102,
            "f1-score": 0.714859437751004,
            "support": 395.0
        },
        "21": {
            "precision": 0.851520572450805,
            "recall": 0.7727272727272727,
            "f1-score": 0.8102127659574468,
            "support": 616.0
        },
        "22": {
            "precision": 0.7629310344827587,
            "recall": 0.9906716417910447,
            "f1-score": 0.862012987012987,
            "support": 536.0
        },
        "23": {
            "precision": 0.8956639566395664,
            "recall": 0.9635568513119533,
            "f1-score": 0.9283707865168539,
            "support": 686.0
        },
        "24": {
            "precision": 0.8744769874476988,
            "recall": 0.9565217391304348,
            "f1-score": 0.9136612021857924,
            "support": 437.0
        },
        "25": {
            "precision": 0.650887573964497,
            "recall": 0.8409785932721713,
            "f1-score": 0.733822548365577,
            "support": 654.0
        },
        "26": {
            "precision": 0.9379310344827586,
            "recall": 0.9812409812409812,
            "f1-score": 0.9590973201692524,
            "support": 693.0
        },
        "27": {
            "precision": 0.6604215456674473,
            "recall": 0.7966101694915254,
            "f1-score": 0.7221510883482715,
            "support": 708.0
        },
        "28": {
            "precision": 0.8285714285714286,
            "recall": 0.9119496855345912,
            "f1-score": 0.8682634730538922,
            "support": 477.0
        },
        "29": {
            "precision": 0.8496503496503497,
            "recall": 0.8617021276595744,
            "f1-score": 0.8556338028169014,
            "support": 564.0
        },
        "30": {
            "precision": 0.5559655596555966,
            "recall": 0.7833622183708839,
            "f1-score": 0.6503597122302158,
            "support": 577.0
        },
        "31": {
            "precision": 0.828125,
            "recall": 0.9002123142250531,
            "f1-score": 0.8626653102746694,
            "support": 471.0
        },
        "32": {
            "precision": 0.9240963855421687,
            "recall": 0.9342265529841657,
            "f1-score": 0.9291338582677166,
            "support": 821.0
        },
        "33": {
            "precision": 0.9133333333333333,
            "recall": 0.8340943683409436,
            "f1-score": 0.8719172633253779,
            "support": 657.0
        },
        "34": {
            "precision": 0.9194630872483222,
            "recall": 0.49458483754512633,
            "f1-score": 0.6431924882629108,
            "support": 554.0
        },
        "35": {
            "precision": 0.6416758544652701,
            "recall": 0.9341894060995185,
            "f1-score": 0.7607843137254902,
            "support": 623.0
        },
        "36": {
            "precision": 0.8883720930232558,
            "recall": 0.2863568215892054,
            "f1-score": 0.4331065759637188,
            "support": 667.0
        },
        "37": {
            "precision": 0.6962025316455697,
            "recall": 0.9497645211930926,
            "f1-score": 0.8034528552456839,
            "support": 637.0
        },
        "38": {
            "precision": 0.9226973684210527,
            "recall": 0.9639175257731959,
            "f1-score": 0.9428571428571428,
            "support": 582.0
        },
        "39": {
            "precision": 0.7599431818181818,
            "recall": 0.8320373250388803,
            "f1-score": 0.7943578322197475,
            "support": 643.0
        },
        "40": {
            "precision": 0.9093264248704663,
            "recall": 0.5433436532507739,
            "f1-score": 0.6802325581395349,
            "support": 646.0
        },
        "41": {
            "precision": 0.7183908045977011,
            "recall": 0.9363295880149812,
            "f1-score": 0.8130081300813008,
            "support": 534.0
        },