{
    "acc1": 0.8007907432260872,
    "acc5": [
        0.9536435851862599
    ],
    "mean_per_class_recall": 0.7913709644464124,
    "classification_report": {
        "0": {
            "precision": 0.574468085106383,
            "recall": 0.21204188481675393,
            "f1-score": 0.30975143403441685,
            "support": 382.0
        },
        "1": {
            "precision": 0.8598726114649682,
            "recall": 0.21809369951534732,
            "f1-score": 0.3479381443298969,
            "support": 619.0
        },
        "2": {
            "precision": 0.6457925636007827,
            "recall": 0.7638888888888888,
            "f1-score": 0.6998939554612937,
            "support": 432.0
        },
        "3": {
            "precision": 0.940677966101695,
            "recall": 0.9751098096632503,
            "f1-score": 0.9575844716031632,
            "support": 683.0
        },
        "4": {
            "precision": 0.8711819389110226,
            "recall": 0.9647058823529412,
            "f1-score": 0.9155617585484996,
            "support": 680.0
        },
        "5": {
            "precision": 0.9608938547486033,
            "recall": 0.39631336405529954,
            "f1-score": 0.5611745513866232,
            "support": 434.0
        },
        "6": {
            "precision": 0.9367396593673966,
            "recall": 0.9144893111638955,
            "f1-score": 0.9254807692307693,
            "support": 421.0
        },
        "7": {
            "precision": 0.3074792243767313,
            "recall": 0.25813953488372093,
            "f1-score": 0.2806573957016435,
            "support": 430.0
        },
        "8": {
            "precision": 0.8838951310861424,
            "recall": 0.9496981891348089,
            "f1-score": 0.915615906886518,
            "support": 497.0
        },
        "9": {
            "precision": 0.4665825977301387,
            "recall": 0.9685863874345549,
            "f1-score": 0.6297872340425532,
            "support": 382.0
        },
        "10": {
            "precision": 0.9739952718676123,
            "recall": 0.9217002237136466,
            "f1-score": 0.9471264367816092,
            "support": 447.0
        },
        "11": {
            "precision": 0.8364389233954451,
            "recall": 0.9805825242718447,
            "f1-score": 0.9027932960893855,
            "support": 412.0
        },
        "12": {
            "precision": 0.8899755501222494,
            "recall": 0.6511627906976745,
            "f1-score": 0.7520661157024794,
            "support": 559.0
        },
        "13": {
            "precision": 0.6505050505050505,
            "recall": 0.7872860635696821,
            "f1-score": 0.7123893805309734,
            "support": 409.0
        },
        "14": {
            "precision": 0.970873786407767,
            "recall": 0.9578544061302682,
            "f1-score": 0.9643201542912246,
            "support": 522.0
        },
        "15": {
            "precision": 0.8551307847082495,
            "recall": 0.7798165137614679,
            "f1-score": 0.8157389635316699,
            "support": 545.0
        },
        "16": {
            "precision": 0.727810650887574,
            "recall": 0.6776859504132231,
            "f1-score": 0.7018544935805991,
            "support": 363.0
        },
        "17": {
            "precision": 0.42504409171075835,
            "recall": 0.8471001757469244,
            "f1-score": 0.5660598943041691,
            "support": 569.0
        },
        "18": {
            "precision": 0.7985074626865671,
            "recall": 0.8262548262548263,
            "f1-score": 0.8121442125237192,
            "support": 518.0
        },
        "19": {
            "precision": 0.8076923076923077,
            "recall": 0.8807947019867549,
            "f1-score": 0.8426610348468849,
            "support": 453.0
        },
        "20": {
            "precision": 0.6099173553719008,
            "recall": 0.9341772151898734,
            "f1-score": 0.738,
            "support": 395.0
        },
        "21": {
            "precision": 0.8957264957264958,
            "recall": 0.8506493506493507,
            "f1-score": 0.8726061615320566,
            "support": 616.0
        },
        "22": {
            "precision": 0.8475120385232745,
            "recall": 0.9850746268656716,
            "f1-score": 0.911130284728214,
            "support": 536.0
        },
        "23": {
            "precision": 0.8993288590604027,
            "recall": 0.9766763848396501,
            "f1-score": 0.9364081062194269,
            "support": 686.0
        },
        "24": {
            "precision": 0.7849264705882353,
            "recall": 0.977116704805492,
            "f1-score": 0.8705402650356778,
            "support": 437.0
        },
        "25": {
            "precision": 0.8085106382978723,
            "recall": 0.8134556574923547,
            "f1-score": 0.8109756097560976,
            "support": 654.0
        },
        "26": {
            "precision": 0.9356164383561644,
            "recall": 0.9855699855699855,
            "f1-score": 0.9599437807449052,
            "support": 693.0
        },
        "27": {
            "precision": 0.8095238095238095,
            "recall": 0.768361581920904,
            "f1-score": 0.7884057971014493,
            "support": 708.0
        },
        "28": {
            "precision": 0.6730486008836525,
            "recall": 0.9580712788259959,
            "f1-score": 0.7906574394463668,
            "support": 477.0
        },
        "29": {
            "precision": 0.9196078431372549,
            "recall": 0.8315602836879432,
            "f1-score": 0.8733705772811918,
            "support": 564.0
        },
        "30": {
            "precision": 0.7093206951026856,
            "recall": 0.7781629116117851,
            "f1-score": 0.7421487603305785,
            "support": 577.0
        },
        "31": {
            "precision": 0.7850799289520426,
            "recall": 0.9384288747346072,
            "f1-score": 0.8549323017408124,
            "support": 471.0
        },
        "32": {
            "precision": 0.9424280350438048,
            "recall": 0.9171741778319124,
            "f1-score": 0.9296296296296296,
            "support": 821.0
        },
        "33": {
            "precision": 0.9064856711915535,
            "recall": 0.9147640791476408,
            "f1-score": 0.9106060606060606,
            "support": 657.0
        },
        "34": {
            "precision": 0.9868995633187773,
            "recall": 0.40794223826714804,
            "f1-score": 0.5772669220945083,
            "support": 554.0
        },
        "35": {
            "precision": 0.6689655172413793,
            "recall": 0.9341894060995185,
            "f1-score": 0.7796383121232418,
            "support": 623.0
        },
        "36": {
            "precision": 0.8350824587706147,
            "recall": 0.8350824587706147,
            "f1-score": 0.8350824587706147,
            "support": 667.0
        },
        "37": {
            "precision": 0.7161214953271028,
            "recall": 0.9623233908948194,
            "f1-score": 0.8211654387139986,
            "support": 637.0
        },
        "38": {
            "precision": 0.8940809968847352,
            "recall": 0.9862542955326461,
            "f1-score": 0.9379084967320261,
            "support": 582.0
        },
        "39": {
            "precision": 0.8634294385432474,
            "recall": 0.8849144634525661,
            "f1-score": 0.8740399385560675,
            "support": 643.0
        },
        "40": {
            "precision": 0.8389121338912134,
            "recall": 0.6207430340557275,
            "f1-score": 0.7135231316725978,
            "support": 646.0
        },
        "41": {
            "precision": 0.790519877675841,
            "recall": 0.9681647940074907,
            "f1-score": 0.8703703703703703,
            "support": 534.0
        },