{"acc1": 0.8187919463087249, "acc5": [0.9361309831108489], "mean_per_class_recall": 0.8168121509623183, "classification_report": {"0": {"precision": 0.5663716814159292, "recall": 0.6701570680628273, "f1-score": 0.6139088729016786, "support": 382.0}, "1": {"precision": 0.8741573033707866, "recall": 0.8963133640552995, "f1-score": 0.8850967007963595, "support": 434.0}, "2": {"precision": 0.6878727634194831, "recall": 0.9057591623036649, "f1-score": 0.7819209039548023, "support": 382.0}, "3": {"precision": 0.9859484777517564, "recall": 0.941834451901566, "f1-score": 0.9633867276887872, "support": 447.0}, "4": {"precision": 0.8206185567010309, "recall": 0.7119856887298748, "f1-score": 0.7624521072796935, "support": 559.0}, "5": {"precision": 0.9661654135338346, "recall": 0.9846743295019157, "f1-score": 0.9753320683111955, "support": 522.0}, "6": {"precision": 0.5467625899280576, "recall": 0.8014059753954306, "f1-score": 0.6500356379187455, "support": 569.0}, "7": {"precision": 0.9405405405405406, "recall": 0.6718146718146718, "f1-score": 0.7837837837837838, "support": 518.0}, "8": {"precision": 0.8047058823529412, "recall": 0.8658227848101265, "f1-score": 0.8341463414634146, "support": 395.0}, "9": {"precision": 0.9398907103825137, "recall": 0.9626865671641791, "f1-score": 0.9511520737327189, "support": 536.0}, "10": {"precision": 0.9075425790754258, "recall": 0.8535469107551488, "f1-score": 0.8797169811320755, "support": 437.0}, "11": {"precision": 0.7842809364548495, "recall": 0.7171253822629969, "f1-score": 0.7492012779552716, "support": 654.0}, "12": {"precision": 0.916445623342175, "recall": 0.9759887005649718, "f1-score": 0.945280437756498, "support": 708.0}, "13": {"precision": 0.7234375, "recall": 0.9706498951781971, "f1-score": 0.8290062667860341, "support": 477.0}, "14": {"precision": 0.7905282331511839, "recall": 0.7521663778162911, "f1-score": 0.7708703374777975, "support": 577.0}, "15": {"precision": 0.8187022900763359, "recall": 0.910828025477707, "f1-score": 0.8623115577889447, "support": 471.0}, "16": {"precision": 0.9164556962025316, "recall": 0.881851400730816, "f1-score": 0.8988206083178151, "support": 821.0}, "17": {"precision": 0.8565153733528551, "recall": 0.8904109589041096, "f1-score": 0.8731343283582089, "support": 657.0}, "18": {"precision": 0.8246951219512195, "recall": 0.8683788121990369, "f1-score": 0.8459734167318217, "support": 623.0}, "19": {"precision": 0.8806404657933042, "recall": 0.9497645211930926, "f1-score": 0.9138972809667674, "support": 637.0}, "20": {"precision": 0.7825503355704698, "recall": 0.9066874027993779, "f1-score": 0.840057636887608, "support": 643.0}, "21": {"precision": 0.8237885462555066, "recall": 0.5789473684210527, "f1-score": 0.68, "support": 646.0}, "22": {"precision": 0.8538587848932676, "recall": 0.9885931558935361, "f1-score": 0.9162995594713657, "support": 526.0}, "23": {"precision": 0.0, "recall": 0.0, "f1-score": 0.0, "support": 512.0}, "24": {"precision": 0.8552631578947368, "recall": 0.7629107981220657, "f1-score": 0.8064516129032258, "support": 426.0}, "accuracy": 0.8187919463087249, "macro avg": {"precision": 0.7947095425364294, "recall": 0.8168121509623183, "f1-score": 0.8004894608145845, "support": 13559.0}, "weighted avg": {"precision": 0.8013962938991033, "recall": 0.8187919463087249, "f1-score": 0.8049462270086868, "support": 13559.0}}}