{"acc1": 0.8188994841331875, "acc5": [0.979756135688604], "mean_per_class_recall": 0.8142915995099719, "classification_report": {"0": {"precision": 0.8947368421052632, "recall": 0.8799171842650103, "f1-score": 0.8872651356993737, "support": 483.0}, "1": {"precision": 0.5275974025974026, "recall": 0.49923195084485406, "f1-score": 0.5130228887134964, "support": 651.0}, "2": {"precision": 0.456, "recall": 0.1565934065934066, "f1-score": 0.2331288343558282, "support": 364.0}, "3": {"precision": 0.9531568228105907, "recall": 0.9034749034749034, "f1-score": 0.9276511397423192, "support": 518.0}, "4": {"precision": 0.9422572178477691, "recall": 0.8103837471783296, "f1-score": 0.8713592233009708, "support": 443.0}, "5": {"precision": 0.8333333333333334, "recall": 0.984251968503937, "f1-score": 0.9025270758122743, "support": 381.0}, "6": {"precision": 0.9887387387387387, "recall": 0.9755555555555555, "f1-score": 0.9821029082774049, "support": 450.0}, "7": {"precision": 0.8855172413793103, "recall": 0.9184549356223176, "f1-score": 0.901685393258427, "support": 699.0}, "8": {"precision": 0.854978354978355, "recall": 0.7301293900184843, "f1-score": 0.7876370887337986, "support": 541.0}, "9": {"precision": 0.9038031319910514, "recall": 0.831275720164609, "f1-score": 0.8660235798499464, "support": 486.0}, "10": {"precision": 0.7752212389380531, "recall": 0.8938775510204081, "f1-score": 0.8303317535545024, "support": 490.0}, "11": {"precision": 0.903954802259887, "recall": 0.8311688311688312, "f1-score": 0.8660351826792964, "support": 385.0}, "12": {"precision": 0.5171171171171172, "recall": 0.8516320474777448, "f1-score": 0.6434977578475336, "support": 337.0}, "13": {"precision": 0.8260869565217391, "recall": 0.7846607669616519, "f1-score": 0.8048411497730711, "support": 339.0}, "14": {"precision": 0.9139344262295082, "recall": 0.9802197802197802, "f1-score": 0.9459172852598091, "support": 910.0}, "15": {"precision": 0.7031963470319634, "recall": 0.8953488372093024, "f1-score": 0.7877237851662404, "support": 516.0}, "16": {"precision": 0.8438228438228438, "recall": 0.9329896907216495, "f1-score": 0.8861689106487148, "support": 388.0}, "17": {"precision": 0.9014925373134328, "recall": 0.5421903052064632, "f1-score": 0.6771300448430493, "support": 557.0}, "18": {"precision": 0.7139784946236559, "recall": 0.9431818181818182, "f1-score": 0.8127294981640147, "support": 352.0}, "19": {"precision": 0.9092159559834938, "recall": 0.8956639566395664, "f1-score": 0.9023890784982935, "support": 738.0}, "20": {"precision": 0.974124809741248, "recall": 0.8888888888888888, "f1-score": 0.9295570079883806, "support": 720.0}, "21": {"precision": 0.8933601609657947, "recall": 0.7735191637630662, "f1-score": 0.8291316526610645, "support": 574.0}, "22": {"precision": 0.8853932584269663, "recall": 0.7073608617594255, "f1-score": 0.7864271457085829, "support": 557.0}, "23": {"precision": 0.5447470817120622, "recall": 0.7939508506616257, "f1-score": 0.6461538461538462, "support": 529.0}, "24": {"precision": 0.8699763593380615, "recall": 0.9533678756476683, "f1-score": 0.9097651421508035, "support": 386.0}, "accuracy": 0.8188994841331875, "macro avg": {"precision": 0.8166296590323056, "recall": 0.8142915995099719, "f1-score": 0.8052081003536418, "support": 12794.0}, "weighted avg": {"precision": 0.8281887846729986, "recall": 0.8188994841331875, "f1-score": 0.8147186168134211, "support": 12794.0}}}