{"acc1": 0.8394708616374688, "acc5": [0.9606006435466571], "mean_per_class_recall": 0.8459113199840771, "classification_report": {"0": {"precision": 0.6278118609406953, "recall": 0.8143236074270557, "f1-score": 0.7090069284064665, "support": 377.0}, "1": {"precision": 0.7435897435897436, "recall": 0.9392712550607287, "f1-score": 0.8300536672629696, "support": 494.0}, "2": {"precision": 0.9649122807017544, "recall": 0.8857979502196194, "f1-score": 0.9236641221374046, "support": 683.0}, "3": {"precision": 0.8072033898305084, "recall": 0.9158653846153846, "f1-score": 0.8581081081081081, "support": 416.0}, "4": {"precision": 0.6889352818371608, "recall": 0.9141274238227147, "f1-score": 0.7857142857142857, "support": 361.0}, "5": {"precision": 0.7900355871886121, "recall": 0.9955156950672646, "f1-score": 0.8809523809523809, "support": 446.0}, "6": {"precision": 0.9166666666666666, "recall": 0.8724137931034482, "f1-score": 0.8939929328621908, "support": 580.0}, "7": {"precision": 0.8744075829383886, "recall": 0.42462600690448793, "f1-score": 0.5716498838109992, "support": 869.0}, "8": {"precision": 0.9423076923076923, "recall": 0.9623567921440261, "f1-score": 0.9522267206477733, "support": 611.0}, "9": {"precision": 0.9739130434782609, "recall": 0.9504950495049505, "f1-score": 0.9620615604867573, "support": 707.0}, "10": {"precision": 0.8008130081300813, "recall": 0.9162790697674419, "f1-score": 0.8546637744034707, "support": 645.0}, "11": {"precision": 0.709483793517407, "recall": 0.8254189944134078, "f1-score": 0.76307295029051, "support": 716.0}, "12": {"precision": 0.8384279475982532, "recall": 0.518918918918919, "f1-score": 0.6410684474123539, "support": 370.0}, "13": {"precision": 0.9698558322411533, "recall": 0.8114035087719298, "f1-score": 0.8835820895522388, "support": 912.0}, "14": {"precision": 0.9329608938547486, "recall": 0.8608247422680413, "f1-score": 0.8954423592493298, "support": 388.0}, "15": {"precision": 0.9281867145421903, "recall": 0.821939586645469, "f1-score": 0.8718381112984823, "support": 629.0}, "16": {"precision": 0.9978165938864629, "recall": 0.9307535641547862, "f1-score": 0.9631190727081138, "support": 491.0}, "17": {"precision": 0.7870182555780934, "recall": 0.7348484848484849, "f1-score": 0.7600391772771793, "support": 528.0}, "18": {"precision": 0.6589018302828619, "recall": 0.75, "f1-score": 0.7015057573073517, "support": 528.0}, "19": {"precision": 0.7954545454545454, "recall": 0.8905852417302799, "f1-score": 0.8403361344537815, "support": 393.0}, "20": {"precision": 0.9675236806495264, "recall": 0.9714673913043478, "f1-score": 0.9694915254237289, "support": 736.0}, "21": {"precision": 0.8126843657817109, "recall": 0.8872785829307569, "f1-score": 0.8483448806774442, "support": 621.0}, "22": {"precision": 0.784037558685446, "recall": 0.8146341463414634, "f1-score": 0.7990430622009569, "support": 615.0}, "23": {"precision": 0.8112449799196787, "recall": 0.9596199524940617, "f1-score": 0.8792165397170838, "support": 421.0}, "24": {"precision": 0.830952380952381, "recall": 0.7790178571428571, "f1-score": 0.804147465437788, "support": 448.0}, "accuracy": 0.8396138720057205, "macro avg": {"precision": 0.8382058204221611, "recall": 0.8459113199840771, "f1-score": 0.8336936775119659, "support": 13985.0}, "weighted avg": {"precision": 0.8508795578759425, "recall": 0.8396138720057205, "f1-score": 0.8360728145771256, "support": 13985.0}}}