{"acc1": 0.82293673136761, "acc5": [0.9765150392650763], "mean_per_class_recall": 0.8130458697217271, "classification_report": {"0": {"precision": 0.958904109589041, "recall": 0.8171206225680934, "f1-score": 0.8823529411764706, "support": 514.0}, "1": {"precision": 0.9099099099099099, "recall": 0.6133603238866396, "f1-score": 0.7327690447400241, "support": 494.0}, "2": {"precision": 0.898989898989899, "recall": 0.658284023668639, "f1-score": 0.7600341588385995, "support": 676.0}, "3": {"precision": 0.9138418079096046, "recall": 0.902370990237099, "f1-score": 0.9080701754385965, "support": 717.0}, "4": {"precision": 0.8135593220338984, "recall": 0.7832167832167832, "f1-score": 0.7980997624703088, "support": 429.0}, "5": {"precision": 0.7347994825355757, "recall": 0.9176090468497576, "f1-score": 0.8160919540229885, "support": 619.0}, "6": {"precision": 0.5729442970822282, "recall": 0.46551724137931033, "f1-score": 0.5136741973840666, "support": 464.0}, "7": {"precision": 0.7046979865771812, "recall": 0.6176470588235294, "f1-score": 0.658307210031348, "support": 340.0}, "8": {"precision": 0.6283987915407855, "recall": 0.9004329004329005, "f1-score": 0.7402135231316725, "support": 462.0}, "9": {"precision": 0.8600405679513184, "recall": 0.9702517162471396, "f1-score": 0.9118279569892473, "support": 437.0}, "10": {"precision": 0.835030549898167, "recall": 0.9490740740740741, "f1-score": 0.8884073672806068, "support": 432.0}, "11": {"precision": 0.6838709677419355, "recall": 0.795, "f1-score": 0.7352601156069364, "support": 400.0}, "12": {"precision": 0.8549222797927462, "recall": 0.9065934065934066, "f1-score": 0.88, "support": 364.0}, "13": {"precision": 0.9121338912133892, "recall": 0.8336520076481836, "f1-score": 0.8711288711288712, "support": 523.0}, "14": {"precision": 0.8146067415730337, "recall": 0.8895705521472392, "f1-score": 0.8504398826979472, "support": 652.0}, "15": {"precision": 0.8261617900172117, "recall": 0.732824427480916, "f1-score": 0.7766990291262136, "support": 655.0}, "16": {"precision": 0.8642533936651584, "recall": 0.7974947807933194, "f1-score": 0.8295331161780674, "support": 479.0}, "17": {"precision": 0.8817852834740652, "recall": 0.889294403892944, "f1-score": 0.8855239248940037, "support": 822.0}, "18": {"precision": 0.6617100371747212, "recall": 0.9875173370319001, "f1-score": 0.7924318308291597, "support": 721.0}, "19": {"precision": 0.9069182389937107, "recall": 0.9243589743589744, "f1-score": 0.9155555555555556, "support": 780.0}, "20": {"precision": 0.9280575539568345, "recall": 0.5797752808988764, "f1-score": 0.7136929460580913, "support": 445.0}, "21": {"precision": 0.7065217391304348, "recall": 0.6944444444444444, "f1-score": 0.7004310344827587, "support": 468.0}, "22": {"precision": 0.9074074074074074, "recall": 0.8333333333333334, "f1-score": 0.8687943262411347, "support": 588.0}, "23": {"precision": 0.9888888888888889, "recall": 0.9587073608617595, "f1-score": 0.9735642661804923, "support": 557.0}, "24": {"precision": 0.960919540229885, "recall": 0.908695652173913, "f1-score": 0.9340782122905028, "support": 460.0}, "accuracy": 0.823084901466884, "macro avg": {"precision": 0.8291709790910812, "recall": 0.8130458697217271, "f1-score": 0.8134792561109464, "support": 13498.0}, "weighted avg": {"precision": 0.8348550595486808, "recall": 0.823084901466884, "f1-score": 0.8213447488381108, "support": 13498.0}}}