{"acc1": 0.7851592851592851, "acc5": [0.9636363636363636], "mean_per_class_recall": 0.7820295428167622, "classification_report": {"0": {"precision": 0.5567190226876091, "recall": 0.8179487179487179, "f1-score": 0.6625129802699896, "support": 390.0}, "1": {"precision": 0.8514285714285714, "recall": 0.7280130293159609, "f1-score": 0.7848990342405618, "support": 614.0}, "2": {"precision": 0.7381974248927039, "recall": 0.9052631578947369, "f1-score": 0.8132387706855791, "support": 570.0}, "3": {"precision": 0.8916500994035785, "recall": 0.9181166837256909, "f1-score": 0.9046898638426626, "support": 977.0}, "4": {"precision": 0.8793103448275862, "recall": 0.8947368421052632, "f1-score": 0.8869565217391304, "support": 456.0}, "5": {"precision": 0.8171557562076749, "recall": 0.6418439716312057, "f1-score": 0.7189672293942403, "support": 564.0}, "6": {"precision": 0.8541666666666666, "recall": 0.8296795952782462, "f1-score": 0.8417450812660393, "support": 593.0}, "7": {"precision": 0.6283185840707964, "recall": 0.8389955686853766, "f1-score": 0.7185325743200506, "support": 677.0}, "8": {"precision": 0.445141065830721, "recall": 0.3488943488943489, "f1-score": 0.39118457300275483, "support": 407.0}, "9": {"precision": 0.7298311444652908, "recall": 0.8781038374717833, "f1-score": 0.7971311475409836, "support": 443.0}, "10": {"precision": 0.8191489361702128, "recall": 0.5957446808510638, "f1-score": 0.6898096304591266, "support": 517.0}, "11": {"precision": 0.8884615384615384, "recall": 0.9726315789473684, "f1-score": 0.928643216080402, "support": 475.0}, "12": {"precision": 0.788659793814433, "recall": 0.782608695652174, "f1-score": 0.785622593068036, "support": 391.0}, "13": {"precision": 0.7619047619047619, "recall": 0.8888888888888888, "f1-score": 0.8205128205128205, "support": 450.0}, "14": {"precision": 0.9435626102292769, "recall": 0.9834558823529411, "f1-score": 0.963096309630963, "support": 544.0}, "15": {"precision": 0.9, "recall": 0.925601750547046, "f1-score": 0.912621359223301, "support": 457.0}, "16": {"precision": 0.8471428571428572, "recall": 0.9549114331723028, "f1-score": 0.8978046934140802, "support": 621.0}, "17": {"precision": 0.9385964912280702, "recall": 0.8916666666666667, "f1-score": 0.9145299145299145, "support": 600.0}, "18": {"precision": 0.8813868613138686, "recall": 0.9324324324324325, "f1-score": 0.9061913696060038, "support": 518.0}, "19": {"precision": 0.9045092838196287, "recall": 0.6303142329020333, "f1-score": 0.7429193899782135, "support": 541.0}, "20": {"precision": 0.8253968253968254, "recall": 0.8297872340425532, "f1-score": 0.8275862068965517, "support": 564.0}, "21": {"precision": 0.842948717948718, "recall": 0.6726342710997443, "f1-score": 0.748221906116643, "support": 391.0}, "22": {"precision": 0.9072164948453608, "recall": 0.5238095238095238, "f1-score": 0.6641509433962264, "support": 672.0}, "23": {"precision": 0.7979539641943734, "recall": 0.7819548872180451, "f1-score": 0.789873417721519, "support": 399.0}, "24": {"precision": 0.8312101910828026, "recall": 0.9560439560439561, "f1-score": 0.889267461669506, "support": 546.0}, "25": {"precision": 0.7835294117647059, "recall": 0.9514285714285714, "f1-score": 0.8593548387096774, "support": 350.0}, "26": {"precision": 0.8682170542635659, "recall": 0.9739130434782609, "f1-score": 0.9180327868852459, "support": 460.0}, "27": {"precision": 0.9700598802395209, "recall": 0.21456953642384105, "f1-score": 0.351409978308026, "support": 755.0}, "28": {"precision": 0.95, "recall": 0.979381443298969, "f1-score": 0.9644670050761421, "support": 679.0}, "29": {"precision": 0.7780678851174935, "recall": 0.5498154981549815, "f1-score": 0.6443243243243243, "support": 542.0}, "30": {"precision": 0.9139072847682119, "recall": 0.8706624605678234, "f1-score": 0.8917609046849758, "support": 634.0}, "31": {"precision": 0.8794466403162056, "recall": 0.8165137614678899, "f1-score": 0.8468125594671742, "support": 545.0}, "32": {"precision": 0.9176090468497576, "recall": 0.9059011164274322, "f1-score": 0.9117174959871589, "support": 627.0}, "33": {"precision": 0.91324200913242, "recall": 0.8547008547008547, "f1-score": 0.8830022075055187, "support": 468.0}, "34": {"precision": 0.7428571428571429, "recall": 0.5402597402597402, "f1-score": 0.6255639097744361, "support": 385.0}, "35": {"precision": 0.6160919540229886, "recall": 0.7015706806282722, "f1-score": 0.6560587515299877, "support": 382.0}, "36": {"precision": 0.8195121951219512, "recall": 0.7601809954751131, "f1-score": 0.7887323943661971, "support": 442.0}, "37": {"precision": 0.7782426778242678, "recall": 0.4386792452830189, "f1-score": 0.5610859728506787, "support": 424.0}, "38": {"precision": 0.5440180586907449, "recall": 0.7578616352201258, "f1-score": 0.633377135348226, "support": 318.0}, "39": {"precision": 0.7828947368421053, "recall": 0.5446224256292906, "f1-score": 0.6423751686909581, "support": 437.0}, "40": {"precision": 0.8797595190380761, "recall": 0.8314393939393939, "f1-score": 0.8549172346640701, "support": 528.0}, "41": {"precision": 0.944794952681388, "recall": 0.882179675994109, "f1-score": 0.9124143183549124, "support": 679.0}, "42": {"precision": 0.6885813148788927, "recall": 0.5685714285714286, "f1-score": 0.622848200312989, "support": 350.0}, "43": {"precision": 0.7448559670781894, "recall": 0.8438228438228438, "f1-score": 0.7912568306010929, "support": 429.0}, "44": {"precision": 0.38703140830800403, "recall": 0.9695431472081218, "f1-score": 0.5532223026792179, "support": 394.0}, "45": {"precision": 0.6296296296296297, "recall": 0.8225806451612904, "f1-score": 0.7132867132867133, "support": 372.0}, "46": {"precision": 0.6982456140350877, "recall": 0.8456090651558074, "f1-score": 0.7648942985265855, "support": 706.0}, "47": {"precision": 0.6777408637873754, "recall": 0.8680851063829788, "f1-score": 0.7611940298507462, "support": 470.0}, "48": {"precision": 0.6460481099656358, "recall": 0.7833333333333333, "f1-score": 0.7080979284369114, "support": 480.0}, "49": {"precision": 0.7385892116182573, "recall": 0.7021696252465484, "f1-score": 0.7199191102123357, "support": 507.0}, "accuracy": 0.7853535353535354, "macro avg": {"precision": 0.7912598115373107, "recall": 0.7820295428167622, "f1-score": 0.7716167081807922, "support": 25740.0}, "weighted avg": {"precision": 0.8071386120351142, "recall": 0.7853535353535354, "f1-score": 0.7798518875093344, "support": 25740.0}}}