{"acc1": 0.7881903112938715, "acc5": [0.9456768747970998], "mean_per_class_recall": 0.7899398356682131, "classification_report": {"0": {"precision": 0.9226932668329177, "recall": 0.8390022675736961, "f1-score": 0.8788598574821853, "support": 441.0}, "1": {"precision": 0.6907730673316709, "recall": 0.7347480106100795, "f1-score": 0.712082262210797, "support": 377.0}, "2": {"precision": 0.7922535211267606, "recall": 0.9109311740890689, "f1-score": 0.847457627118644, "support": 494.0}, "3": {"precision": 0.937007874015748, "recall": 0.8711566617862372, "f1-score": 0.9028831562974203, "support": 683.0}, "4": {"precision": 0.8412322274881516, "recall": 0.8533653846153846, "f1-score": 0.847255369928401, "support": 416.0}, "5": {"precision": 0.5656474820143885, "recall": 0.9129172714078374, "f1-score": 0.6985008328706275, "support": 689.0}, "6": {"precision": 0.6299810246679317, "recall": 0.9196675900277008, "f1-score": 0.7477477477477478, "support": 361.0}, "7": {"precision": 0.7478849407783418, "recall": 0.9910313901345291, "f1-score": 0.8524590163934426, "support": 446.0}, "8": {"precision": 0.8005698005698005, "recall": 0.7741046831955923, "f1-score": 0.7871148459383753, "support": 363.0}, "9": {"precision": 0.8962655601659751, "recall": 0.7448275862068966, "f1-score": 0.8135593220338984, "support": 580.0}, "10": {"precision": 0.7937853107344632, "recall": 0.45395799676898224, "f1-score": 0.5775950668036999, "support": 619.0}, "11": {"precision": 0.7822299651567944, "recall": 0.8552380952380952, "f1-score": 0.8171064604185623, "support": 525.0}, "12": {"precision": 0.6396011396011396, "recall": 0.8601532567049809, "f1-score": 0.7336601307189542, "support": 522.0}, "13": {"precision": 0.7530674846625767, "recall": 0.9646365422396856, "f1-score": 0.8458225667527993, "support": 509.0}, "14": {"precision": 0.8676056338028169, "recall": 0.35443037974683544, "f1-score": 0.5032679738562091, "support": 869.0}, "15": {"precision": 0.819364161849711, "recall": 0.9279869067103109, "f1-score": 0.8702993092862624, "support": 611.0}, "16": {"precision": 0.7850746268656716, "recall": 0.82574568288854, "f1-score": 0.8048967100229534, "support": 637.0}, "17": {"precision": 0.9399707174231332, "recall": 0.9080622347949081, "f1-score": 0.9237410071942446, "support": 707.0}, "18": {"precision": 0.9369951534733441, "recall": 0.9780775716694773, "f1-score": 0.9570957095709571, "support": 593.0}, "19": {"precision": 0.8882175226586103, "recall": 0.8621700879765396, "f1-score": 0.875, "support": 341.0}, "20": {"precision": 0.8201058201058201, "recall": 0.8393501805054152, "f1-score": 0.8296164139161463, "support": 554.0}, "21": {"precision": 0.8705882352941177, "recall": 0.8533772652388797, "f1-score": 0.8618968386023295, "support": 607.0}, "22": {"precision": 0.9244186046511628, "recall": 0.5618374558303887, "f1-score": 0.6989010989010989, "support": 566.0}, "23": {"precision": 0.8893939393939394, "recall": 0.7795484727755644, "f1-score": 0.8308563340410474, "support": 753.0}, "24": {"precision": 0.937125748502994, "recall": 0.8879432624113475, "f1-score": 0.9118718135469774, "support": 705.0}, "25": {"precision": 0.8111111111111111, "recall": 0.9054263565891473, "f1-score": 0.8556776556776556, "support": 645.0}, "26": {"precision": 0.7176749703440095, "recall": 0.8449720670391061, "f1-score": 0.7761385503527902, "support": 716.0}, "27": {"precision": 0.8448275862068966, "recall": 0.5297297297297298, "f1-score": 0.6511627906976745, "support": 370.0}, "28": {"precision": 0.911042944785276, "recall": 0.6513157894736842, "f1-score": 0.7595907928388747, "support": 912.0}, "29": {"precision": 0.8336633663366336, "recall": 0.8680412371134021, "f1-score": 0.8505050505050505, "support": 485.0}, "30": {"precision": 0.8571428571428571, "recall": 0.8251273344651953, "f1-score": 0.8408304498269896, "support": 589.0}, "31": {"precision": 0.9138461538461539, "recall": 0.7654639175257731, "f1-score": 0.8330995792426368, "support": 388.0}, "32": {"precision": 0.7030812324929971, "recall": 0.6136919315403423, "f1-score": 0.6553524804177546, "support": 409.0}, "33": {"precision": 0.8102766798418972, "recall": 0.40433925049309666, "f1-score": 0.5394736842105263, "support": 507.0}, "34": {"precision": 0.7810945273631841, "recall": 0.8321554770318021, "f1-score": 0.8058169375534645, "support": 566.0}, "35": {"precision": 0.4865771812080537, "recall": 0.8317399617590823, "f1-score": 0.6139731827805223, "support": 523.0}, "36": {"precision": 0.9018518518518519, "recall": 0.7742448330683624, "f1-score": 0.8331907613344739, "support": 629.0}, "37": {"precision": 0.7170138888888888, "recall": 0.8411405295315683, "f1-score": 0.7741330834114339, "support": 491.0}, "38": {"precision": 0.4864864864864865, "recall": 0.20454545454545456, "f1-score": 0.288, "support": 528.0}, "39": {"precision": 0.6150081566068516, "recall": 0.7140151515151515, "f1-score": 0.6608238387379491, "support": 528.0}, "40": {"precision": 0.7494407158836689, "recall": 0.8524173027989822, "f1-score": 0.7976190476190477, "support": 393.0}, "41": {"precision": 0.9672131147540983, "recall": 0.9619565217391305, "f1-score": 0.9645776566757494, "support": 736.0}, "42": {"precision": 0.8651685393258427, "recall": 0.9045521292217328, "f1-score": 0.8844221105527639, "support": 681.0}, "43": {"precision": 0.7646176911544228, "recall": 0.821256038647343, "f1-score": 0.7919254658385093, "support": 621.0}, "44": {"precision": 0.7524271844660194, "recall": 0.7560975609756098, "f1-score": 0.754257907542579, "support": 615.0}, "45": {"precision": 0.8110014104372355, "recall": 0.9583333333333334, "f1-score": 0.878533231474408, "support": 600.0}, "46": {"precision": 0.6928571428571428, "recall": 0.7886178861788617, "f1-score": 0.7376425855513308, "support": 492.0}, "47": {"precision": 0.7467166979362101, "recall": 0.9453681710213777, "f1-score": 0.8343815513626834, "support": 421.0}, "48": {"precision": 0.8835978835978836, "recall": 0.7455357142857143, "f1-score": 0.8087167070217918, "support": 448.0}, "49": {"precision": 0.6286836935166994, "recall": 0.6926406926406926, "f1-score": 0.659114315139032, "support": 462.0}, "accuracy": 0.7879017422356888, "macro avg": {"precision": 0.7944855179522071, "recall": 0.7899398356682131, "f1-score": 0.7795701377603893, "support": 27723.0}, "weighted avg": {"precision": 0.8023856491395953, "recall": 0.7879017422356888, "f1-score": 0.7815228471039487, "support": 27723.0}}}