{"acc1": 0.8859492313192706, "acc5": [0.9874150875938505], "mean_per_class_recall": 0.8947430071723841, "classification_report": {"0": {"precision": 0.5324675324675324, "recall": 0.870026525198939, "f1-score": 0.6606243705941591, "support": 377.0}, "1": {"precision": 0.9541666666666667, "recall": 0.9271255060728745, "f1-score": 0.9404517453798767, "support": 494.0}, "2": {"precision": 0.9935794542536116, "recall": 0.9062957540263543, "f1-score": 0.9479326186830015, "support": 683.0}, "3": {"precision": 0.9682151589242054, "recall": 0.9519230769230769, "f1-score": 0.96, "support": 416.0}, "4": {"precision": 0.7127882599580713, "recall": 0.9418282548476454, "f1-score": 0.8114558472553699, "support": 361.0}, "5": {"precision": 0.8877755511022044, "recall": 0.9932735426008968, "f1-score": 0.9375661375661376, "support": 446.0}, "6": {"precision": 0.8702290076335878, "recall": 0.9827586206896551, "f1-score": 0.9230769230769231, "support": 580.0}, "7": {"precision": 0.8135764944275583, "recall": 0.9240506329113924, "f1-score": 0.865301724137931, "support": 869.0}, "8": {"precision": 0.9277864992150706, "recall": 0.967266775777414, "f1-score": 0.9471153846153846, "support": 611.0}, "9": {"precision": 0.974025974025974, "recall": 0.9547383309759547, "f1-score": 0.9642857142857143, "support": 707.0}, "10": {"precision": 0.8850574712643678, "recall": 0.9550387596899225, "f1-score": 0.918717375093214, "support": 645.0}, "11": {"precision": 0.9455252918287937, "recall": 0.6787709497206704, "f1-score": 0.7902439024390244, "support": 716.0}, "12": {"precision": 0.8780487804878049, "recall": 0.7783783783783784, "f1-score": 0.8252148997134671, "support": 370.0}, "13": {"precision": 0.9679715302491103, "recall": 0.5964912280701754, "f1-score": 0.7381275440976933, "support": 912.0}, "14": {"precision": 0.9808219178082191, "recall": 0.9226804123711341, "f1-score": 0.950863213811421, "support": 388.0}, "15": {"precision": 0.9261538461538461, "recall": 0.9570747217806042, "f1-score": 0.9413604378420641, "support": 629.0}, "16": {"precision": 0.9978586723768736, "recall": 0.9490835030549898, "f1-score": 0.9728601252609603, "support": 491.0}, "17": {"precision": 0.9541666666666667, "recall": 0.8674242424242424, "f1-score": 0.9087301587301587, "support": 528.0}, "18": {"precision": 0.7220394736842105, "recall": 0.8314393939393939, "f1-score": 0.772887323943662, "support": 528.0}, "19": {"precision": 0.9056603773584906, "recall": 0.8549618320610687, "f1-score": 0.8795811518324608, "support": 393.0}, "20": {"precision": 0.9780521262002744, "recall": 0.96875, "f1-score": 0.9733788395904437, "support": 736.0}, "21": {"precision": 0.8529411764705882, "recall": 0.9339774557165862, "f1-score": 0.8916218293620292, "support": 621.0}, "22": {"precision": 0.8259187620889749, "recall": 0.6943089430894309, "f1-score": 0.7544169611307421, "support": 615.0}, "23": {"precision": 0.8463114754098361, "recall": 0.9809976247030879, "f1-score": 0.9086908690869087, "support": 421.0}, "24": {"precision": 0.9669603524229075, "recall": 0.9799107142857143, "f1-score": 0.9733924611973392, "support": 448.0}, "accuracy": 0.8858062209510189, "macro avg": {"precision": 0.8907239407658178, "recall": 0.8947430071723841, "f1-score": 0.8863159023490436, "support": 13985.0}, "weighted avg": {"precision": 0.8988562169593172, "recall": 0.8858062209510189, "f1-score": 0.8853191672159599, "support": 13985.0}}}