{
    "acc1": 0.5790354480450327,
    "acc5": [
        0.7776509965008368
    ],
    "mean_per_class_recall": 0.558121870298899,
    "classification_report": {
        "0": {
            "precision": 0.945054945054945,
            "recall": 0.8365758754863813,
            "f1-score": 0.8875128998968008,
            "support": 514.0
        },
        "1": {
            "precision": 0.0,
            "recall": 0.0,
            "f1-score": 0.0,
            "support": 494.0
        },
        "2": {
            "precision": 0.9776286353467561,
            "recall": 0.9047619047619048,
            "f1-score": 0.9397849462365592,
            "support": 483.0
        },
        "3": {
            "precision": 0.53125,
            "recall": 0.05222734254992319,
            "f1-score": 0.0951048951048951,
            "support": 651.0
        },
        "4": {
            "precision": 0.669683257918552,
            "recall": 0.4378698224852071,
            "f1-score": 0.5295169946332737,
            "support": 676.0
        },
        "5": {
            "precision": 0.0,
            "recall": 0.0,
            "f1-score": 0.0,
            "support": 364.0
        },
        "6": {
            "precision": 0.309115523465704,
            "recall": 0.9553695955369595,
            "f1-score": 0.46709853392430956,
            "support": 717.0
        },
        "7": {
            "precision": 0.0,
            "recall": 0.0,
            "f1-score": 0.0,
            "support": 429.0
        },
        "8": {
            "precision": 0.0,
            "recall": 0.0,
            "f1-score": 0.0,
            "support": 619.0
        },
        "9": {
            "precision": 0.9481481481481482,
            "recall": 0.9884169884169884,
            "f1-score": 0.9678638941398866,
            "support": 518.0
        },
        "10": {
            "precision": 1.0,
            "recall": 0.38148984198645597,
            "f1-score": 0.5522875816993464,
            "support": 443.0
        },
        "11": {
            "precision": 0.0,
            "recall": 0.0,
            "f1-score": 0.0,
            "support": 464.0
        },
        "12": {
            "precision": 0.96,
            "recall": 0.06299212598425197,
            "f1-score": 0.11822660098522167,
            "support": 381.0
        },
        "13": {
            "precision": 0.16666666666666666,
            "recall": 0.0022222222222222222,
            "f1-score": 0.0043859649122807015,
            "support": 450.0
        },
        "14": {
            "precision": 0.9482288828337875,
            "recall": 0.9957081545064378,
            "f1-score": 0.9713886950453594,
            "support": 699.0
        },
        "15": {
            "precision": 0.0,
            "recall": 0.0,
            "f1-score": 0.0,
            "support": 541.0
        },
        "16": {
            "precision": 0.8405797101449275,
            "recall": 0.9547325102880658,
            "f1-score": 0.8940269749518305,
            "support": 486.0
        },
        "17": {
            "precision": 0.0,
            "recall": 0.0,
            "f1-score": 0.0,
            "support": 490.0
        },
        "18": {
            "precision": 0.0,
            "recall": 0.0,
            "f1-score": 0.0,
            "support": 340.0
        },
        "19": {
            "precision": 0.6269503546099291,
            "recall": 0.9567099567099567,
            "f1-score": 0.7574978577549272,
            "support": 462.0
        },
        "20": {
            "precision": 0.94,
            "recall": 0.9679633867276888,
            "f1-score": 0.9537767756482526,
            "support": 437.0
        },
        "21": {
            "precision": 0.9518072289156626,
            "recall": 0.4103896103896104,
            "f1-score": 0.573502722323049,
            "support": 385.0
        },
        "22": {
            "precision": 0.8285714285714286,
            "recall": 0.7744807121661721,
            "f1-score": 0.8006134969325154,
            "support": 337.0
        },
        "23": {
            "precision": 0.4489510489510489,
            "recall": 0.9469026548672567,
            "f1-score": 0.6091081593927894,
            "support": 339.0
        },
        "24": {
            "precision": 0.915,
            "recall": 0.8043956043956044,
            "f1-score": 0.856140350877193,
            "support": 910.0
        },
        "25": {
            "precision": 0.18696883852691218,
            "recall": 0.5116279069767442,
            "f1-score": 0.27385892116182575,
            "support": 516.0
        },
        "26": {
            "precision": 0.9871134020618557,
            "recall": 0.8865740740740741,
            "f1-score": 0.9341463414634147,
            "support": 432.0
        },
        "27": {
            "precision": 0.8016759776536313,
            "recall": 0.7175,
            "f1-score": 0.7572559366754618,
            "support": 400.0
        },
        "28": {
            "precision": 0.2631993695823483,
            "recall": 0.9175824175824175,
            "f1-score": 0.40906307409675446,
            "support": 364.0
        },
        "29": {
            "precision": 0.8620689655172413,
            "recall": 0.9020618556701031,
            "f1-score": 0.8816120906801007,
            "support": 388.0
        },
        "30": {
            "precision": 0.6666666666666666,
            "recall": 0.00718132854578097,
            "f1-score": 0.014209591474245116,
            "support": 557.0
        },
        "31": {
            "precision": 0.9490566037735849,
            "recall": 0.9617590822179732,
            "f1-score": 0.9553656220322887,
            "support": 523.0
        },
        "32": {
            "precision": 0.18025078369905956,
            "recall": 0.8819018404907976,
            "f1-score": 0.2993232691306611,
            "support": 652.0
        },
        "33": {
            "precision": 0.6181818181818182,
            "recall": 0.09659090909090909,
            "f1-score": 0.16707616707616707,
            "support": 352.0
        },
        "34": {
            "precision": 0.8636363636363636,
            "recall": 0.8702290076335878,
            "f1-score": 0.8669201520912547,
            "support": 655.0
        },
        "35": {
            "precision": 0.916289592760181,
            "recall": 0.8455114822546973,
            "f1-score": 0.8794788273615635,
            "support": 479.0
        },
        "36": {
            "precision": 0.7915811088295688,
            "recall": 0.9379562043795621,
            "f1-score": 0.8585746102449888,
            "support": 822.0
        },
        "37": {
            "precision": 0.9872521246458924,
            "recall": 0.9444444444444444,
            "f1-score": 0.9653739612188366,
            "support": 738.0
        },
        "38": {
            "precision": 0.7333333333333333,
            "recall": 0.015277777777777777,
            "f1-score": 0.029931972789115645,
            "support": 720.0
        },
        "39": {
            "precision": 0.5461309523809523,
            "recall": 0.5090152565880721,
            "f1-score": 0.5269203158650395,
            "support": 721.0
        },
        "40": {
            "precision": 0.33879781420765026,
            "recall": 0.9721254355400697,
            "f1-score": 0.5024763619990995,
            "support": 574.0
        },
        "41": {
            "precision": 0.9225,
            "recall": 0.9461538461538461,
            "f1-score": 0.9341772151898734,
            "support": 780.0
        },
        "42": {
            "precision": 0.3790849673202614,
            "recall": 0.1303370786516854,
            "f1-score": 0.1939799331103679,
            "support": 445.0
        },
        "43": {
            "precision": 0.0,
            "recall": 0.0,
            "f1-score": 0.0,
            "support": 468.0
        },
        "44": {
            "precision": 0.057971014492753624,