{
    "acc1": 0.5949211845759839,
    "acc5": [
        0.7952602532193486
    ],
    "mean_per_class_recall": 0.5962884109169865,
    "classification_report": {
        "0": {
            "precision": 0.0,
            "recall": 0.0,
            "f1-score": 0.0,
            "support": 441.0
        },
        "1": {
            "precision": 0.9029649595687331,
            "recall": 0.8885941644562334,
            "f1-score": 0.8957219251336899,
            "support": 377.0
        },
        "2": {
            "precision": 0.8221830985915493,
            "recall": 0.9453441295546559,
            "f1-score": 0.879472693032015,
            "support": 494.0
        },
        "3": {
            "precision": 0.7557603686635944,
            "recall": 0.7203513909224012,
            "f1-score": 0.7376311844077961,
            "support": 683.0
        },
        "4": {
            "precision": 0.9635416666666666,
            "recall": 0.8894230769230769,
            "f1-score": 0.925,
            "support": 416.0
        },
        "5": {
            "precision": 0.8866930171277997,
            "recall": 0.97677793904209,
            "f1-score": 0.9295580110497238,
            "support": 689.0
        },
        "6": {
            "precision": 0.4044943820224719,
            "recall": 0.0997229916897507,
            "f1-score": 0.16,
            "support": 361.0
        },
        "7": {
            "precision": 0.5091743119266054,
            "recall": 0.9955156950672646,
            "f1-score": 0.6737481031866465,
            "support": 446.0
        },
        "8": {
            "precision": 0.0,
            "recall": 0.0,
            "f1-score": 0.0,
            "support": 363.0
        },
        "9": {
            "precision": 0.8074712643678161,
            "recall": 0.9689655172413794,
            "f1-score": 0.8808777429467085,
            "support": 580.0
        },
        "10": {
            "precision": 0.0,
            "recall": 0.0,
            "f1-score": 0.0,
            "support": 619.0
        },
        "11": {
            "precision": 0.9847826086956522,
            "recall": 0.8628571428571429,
            "f1-score": 0.9197969543147209,
            "support": 525.0
        },
        "12": {
            "precision": 0.9491150442477876,
            "recall": 0.8218390804597702,
            "f1-score": 0.8809034907597536,
            "support": 522.0
        },
        "13": {
            "precision": 0.7244525547445255,
            "recall": 0.7799607072691552,
            "f1-score": 0.7511825922421949,
            "support": 509.0
        },
        "14": {
            "precision": 0.8685714285714285,
            "recall": 0.6996547756041427,
            "f1-score": 0.7750159337157425,
            "support": 869.0
        },
        "15": {
            "precision": 0.5675675675675675,
            "recall": 0.06873977086743044,
            "f1-score": 0.12262773722627737,
            "support": 611.0
        },
        "16": {
            "precision": 0.34540389972144847,
            "recall": 0.9733124018838305,
            "f1-score": 0.5098684210526315,
            "support": 637.0
        },
        "17": {
            "precision": 0.0,
            "recall": 0.0,
            "f1-score": 0.0,
            "support": 707.0
        },
        "18": {
            "precision": 0.0,
            "recall": 0.0,
            "f1-score": 0.0,
            "support": 593.0
        },
        "19": {
            "precision": 0.8463541666666666,
            "recall": 0.9530791788856305,
            "f1-score": 0.896551724137931,
            "support": 341.0
        },
        "20": {
            "precision": 0.0,
            "recall": 0.0,
            "f1-score": 0.0,
            "support": 554.0
        },
        "21": {
            "precision": 0.853225806451613,
            "recall": 0.871499176276771,
            "f1-score": 0.8622656886715566,
            "support": 607.0
        },
        "22": {
            "precision": 0.9649484536082474,
            "recall": 0.8268551236749117,
            "f1-score": 0.89058039961941,
            "support": 566.0
        },
        "23": {
            "precision": 0.8678996036988111,
            "recall": 0.8725099601593626,
            "f1-score": 0.8701986754966887,
            "support": 753.0
        },
        "24": {
            "precision": 0.36553945249597425,
            "recall": 0.9659574468085106,
            "f1-score": 0.530373831775701,
            "support": 705.0
        },
        "25": {
            "precision": 0.21631347461015593,
            "recall": 0.8387596899224806,
            "f1-score": 0.343928798474253,
            "support": 645.0
        },
        "26": {
            "precision": 0.9215976331360947,
            "recall": 0.8701117318435754,
            "f1-score": 0.8951149425287356,
            "support": 716.0
        },
        "27": {
            "precision": 0.6123260437375746,
            "recall": 0.8324324324324325,
            "f1-score": 0.7056128293241696,
            "support": 370.0
        },
        "28": {
            "precision": 0.0,
            "recall": 0.0,
            "f1-score": 0.0,
            "support": 912.0
        },
        "29": {
            "precision": 0.3298429319371728,
            "recall": 0.2597938144329897,
            "f1-score": 0.2906574394463668,
            "support": 485.0
        },
        "30": {
            "precision": 0.9621513944223108,
            "recall": 0.8200339558573854,
            "f1-score": 0.8854262144821264,
            "support": 589.0
        },
        "31": {
            "precision": 0.0,
            "recall": 0.0,
            "f1-score": 0.0,
            "support": 388.0
        },
        "32": {
            "precision": 0.8173374613003096,
            "recall": 0.6454767726161369,
            "f1-score": 0.7213114754098361,
            "support": 409.0
        },
        "33": {
            "precision": 0.56,
            "recall": 0.717948717948718,
            "f1-score": 0.6292134831460674,
            "support": 507.0
        },
        "34": {
            "precision": 0.9713774597495528,
            "recall": 0.9593639575971732,
            "f1-score": 0.9653333333333334,
            "support": 566.0
        },
        "35": {
            "precision": 0.363905325443787,
            "recall": 0.23518164435946462,
            "f1-score": 0.2857142857142857,
            "support": 523.0
        },
        "36": {
            "precision": 0.8429752066115702,
            "recall": 0.972972972972973,
            "f1-score": 0.9033210332103321,
            "support": 629.0
        },
        "37": {
            "precision": 0.0,
            "recall": 0.0,
            "f1-score": 0.0,
            "support": 491.0
        },
        "38": {
            "precision": 0.4841875681570338,
            "recall": 0.8409090909090909,
            "f1-score": 0.6145328719723183,
            "support": 528.0
        },
        "39": {
            "precision": 0.7391304347826086,
            "recall": 0.8693181818181818,
            "f1-score": 0.7989556135770235,
            "support": 528.0
        },
        "40": {
            "precision": 0.9438775510204082,
            "recall": 0.9414758269720102,
            "f1-score": 0.9426751592356688,
            "support": 393.0
        },
        "41": {
            "precision": 0.0,
            "recall": 0.0,
            "f1-score": 0.0,
            "support": 736.0
        },
        "42": {
            "precision": 0.9871794871794872,
            "recall": 0.6784140969162996,
            "f1-score": 0.804177545691906,
            "support": 681.0
        },
        "43": {
            "precision": 0.169151376146789,
            "recall": 0.9500805152979066,
            "f1-score": 0.28717449501095155,
            "support": 621.0
        },
        "44": {
            "precision": 0.8363636363636363,
            "recall": 0.07479674796747968,