{
    "acc1": 0.5081701114597987,
    "acc5": [
        0.7116473686109007
    ],
    "mean_per_class_recall": 0.5021582139446298,
    "classification_report": {
        "0": {
            "precision": 0.044444444444444446,
            "recall": 0.013605442176870748,
            "f1-score": 0.020833333333333332,
            "support": 441.0
        },
        "1": {
            "precision": 0.9031339031339032,
            "recall": 0.8408488063660478,
            "f1-score": 0.8708791208791209,
            "support": 377.0
        },
        "2": {
            "precision": 0.6754772393538914,
            "recall": 0.9311740890688259,
            "f1-score": 0.7829787234042553,
            "support": 494.0
        },
        "3": {
            "precision": 0.28996933858957513,
            "recall": 0.9692532942898975,
            "f1-score": 0.4463924477410654,
            "support": 683.0
        },
        "4": {
            "precision": 0.9239130434782609,
            "recall": 0.8173076923076923,
            "f1-score": 0.8673469387755102,
            "support": 416.0
        },
        "5": {
            "precision": 0.7581187010078387,
            "recall": 0.9825834542815675,
            "f1-score": 0.8558786346396966,
            "support": 689.0
        },
        "6": {
            "precision": 0.35655737704918034,
            "recall": 0.2409972299168975,
            "f1-score": 0.28760330578512394,
            "support": 361.0
        },
        "7": {
            "precision": 0.6455882352941177,
            "recall": 0.984304932735426,
            "f1-score": 0.7797513321492007,
            "support": 446.0
        },
        "8": {
            "precision": 0.0875,
            "recall": 0.01928374655647383,
            "f1-score": 0.03160270880361174,
            "support": 363.0
        },
        "9": {
            "precision": 0.8208191126279863,
            "recall": 0.8293103448275863,
            "f1-score": 0.8250428816466552,
            "support": 580.0
        },
        "10": {
            "precision": 0.0,
            "recall": 0.0,
            "f1-score": 0.0,
            "support": 619.0
        },
        "11": {
            "precision": 0.9941176470588236,
            "recall": 0.6438095238095238,
            "f1-score": 0.7815028901734105,
            "support": 525.0
        },
        "12": {
            "precision": 0.9342105263157895,
            "recall": 0.6800766283524904,
            "f1-score": 0.7871396895787139,
            "support": 522.0
        },
        "13": {
            "precision": 0.4395833333333333,
            "recall": 0.8290766208251473,
            "f1-score": 0.5745405037440435,
            "support": 509.0
        },
        "14": {
            "precision": 0.8419117647058824,
            "recall": 0.7905638665132336,
            "f1-score": 0.8154302670623146,
            "support": 869.0
        },
        "15": {
            "precision": 0.04275534441805225,
            "recall": 0.029459901800327332,
            "f1-score": 0.03488372093023256,
            "support": 611.0
        },
        "16": {
            "precision": 0.38423028785982477,
            "recall": 0.9638932496075353,
            "f1-score": 0.5494407158836689,
            "support": 637.0
        },
        "17": {
            "precision": 0.0,
            "recall": 0.0,
            "f1-score": 0.0,
            "support": 707.0
        },
        "18": {
            "precision": 0.0,
            "recall": 0.0,
            "f1-score": 0.0,
            "support": 593.0
        },
        "19": {
            "precision": 0.8273195876288659,
            "recall": 0.9413489736070382,
            "f1-score": 0.8806584362139918,
            "support": 341.0
        },
        "20": {
            "precision": 0.0,
            "recall": 0.0,
            "f1-score": 0.0,
            "support": 554.0
        },
        "21": {
            "precision": 0.7420814479638009,
            "recall": 0.8105436573311368,
            "f1-score": 0.7748031496062993,
            "support": 607.0
        },
        "22": {
            "precision": 0.9443037974683545,
            "recall": 0.6590106007067138,
            "f1-score": 0.7762747138397502,
            "support": 566.0
        },
        "23": {
            "precision": 0.8507462686567164,
            "recall": 0.7569721115537849,
            "f1-score": 0.8011243851018974,
            "support": 753.0
        },
        "24": {
            "precision": 0.34050632911392403,
            "recall": 0.7631205673758865,
            "f1-score": 0.4708971553610503,
            "support": 705.0
        },
        "25": {
            "precision": 0.2691751085383502,
            "recall": 0.28837209302325584,
            "f1-score": 0.27844311377245506,
            "support": 645.0
        },
        "26": {
            "precision": 0.9545454545454546,
            "recall": 0.6159217877094972,
            "f1-score": 0.7487266553480475,
            "support": 716.0
        },
        "27": {
            "precision": 0.6072874493927125,
            "recall": 0.8108108108108109,
            "f1-score": 0.6944444444444444,
            "support": 370.0
        },
        "28": {
            "precision": 0.18181818181818182,
            "recall": 0.0021929824561403508,
            "f1-score": 0.004333694474539545,
            "support": 912.0
        },
        "29": {
            "precision": 0.12627291242362526,
            "recall": 0.2556701030927835,
            "f1-score": 0.169052488070893,
            "support": 485.0
        },
        "30": {
            "precision": 0.9094412331406551,
            "recall": 0.801358234295416,
            "f1-score": 0.851985559566787,
            "support": 589.0
        },
        "31": {
            "precision": 0.15079365079365079,
            "recall": 0.04896907216494845,
            "f1-score": 0.07392996108949416,
            "support": 388.0
        },
        "32": {
            "precision": 0.6,
            "recall": 0.2567237163814181,
            "f1-score": 0.3595890410958904,
            "support": 409.0
        },
        "33": {
            "precision": 0.7674418604651163,
            "recall": 0.0650887573964497,
            "f1-score": 0.12,
            "support": 507.0
        },
        "34": {
            "precision": 0.9504424778761061,
            "recall": 0.9487632508833922,
            "f1-score": 0.9496021220159151,
            "support": 566.0
        },
        "35": {
            "precision": 0.056962025316455694,
            "recall": 0.017208413001912046,
            "f1-score": 0.02643171806167401,
            "support": 523.0
        },
        "36": {
            "precision": 0.8180610889774237,
            "recall": 0.9793322734499205,
            "f1-score": 0.8914616497829233,
            "support": 629.0
        },
        "37": {
            "precision": 0.0,
            "recall": 0.0,
            "f1-score": 0.0,
            "support": 491.0
        },
        "38": {
            "precision": 0.4029574861367837,
            "recall": 0.8257575757575758,
            "f1-score": 0.5416149068322982,
            "support": 528.0
        },
        "39": {
            "precision": 0.7716535433070866,
            "recall": 0.7424242424242424,
            "f1-score": 0.7567567567567568,
            "support": 528.0
        },
        "40": {
            "precision": 0.8148148148148148,
            "recall": 0.05597964376590331,
            "f1-score": 0.10476190476190476,
            "support": 393.0
        },
        "41": {
            "precision": 0.0,
            "recall": 0.0,
            "f1-score": 0.0,
            "support": 736.0
        },
        "42": {
            "precision": 0.971830985915493,
            "recall": 0.6079295154185022,
            "f1-score": 0.7479674796747967,
            "support": 681.0
        },
        "43": {
            "precision": 0.16279704998634253,