{
    "acc1": 0.5551888522185552,
    "acc5": [
        0.7683901723505684
    ],
    "mean_per_class_recall": 0.5543598588550238,
    "classification_report": {
        "0": {
            "precision": 0.9781879194630873,
            "recall": 0.9418416801292407,
            "f1-score": 0.9596707818930041,
            "support": 619.0
        },
        "1": {
            "precision": 0.775,
            "recall": 0.9138321995464853,
            "f1-score": 0.8387096774193549,
            "support": 441.0
        },
        "2": {
            "precision": 0.0,
            "recall": 0.0,
            "f1-score": 0.0,
            "support": 727.0
        },
        "3": {
            "precision": 0.4306487695749441,
            "recall": 0.8387799564270153,
            "f1-score": 0.5691056910569106,
            "support": 459.0
        },
        "4": {
            "precision": 0.4444444444444444,
            "recall": 0.8363636363636363,
            "f1-score": 0.580441640378549,
            "support": 440.0
        },
        "5": {
            "precision": 0.9040816326530612,
            "recall": 0.9630434782608696,
            "f1-score": 0.9326315789473684,
            "support": 920.0
        },
        "6": {
            "precision": 0.23809523809523808,
            "recall": 0.009174311926605505,
            "f1-score": 0.0176678445229682,
            "support": 545.0
        },
        "7": {
            "precision": 0.6581986143187067,
            "recall": 0.6347438752783965,
            "f1-score": 0.6462585034013606,
            "support": 449.0
        },
        "8": {
            "precision": 0.5056039850560399,
            "recall": 0.9806763285024155,
            "f1-score": 0.6672144617912901,
            "support": 414.0
        },
        "9": {
            "precision": 0.0,
            "recall": 0.0,
            "f1-score": 0.0,
            "support": 336.0
        },
        "10": {
            "precision": 0.0670926517571885,
            "recall": 0.03343949044585987,
            "f1-score": 0.044633368756641874,
            "support": 628.0
        },
        "11": {
            "precision": 0.418580375782881,
            "recall": 0.50125,
            "f1-score": 0.45620022753128553,
            "support": 800.0
        },
        "12": {
            "precision": 0.8908794788273615,
            "recall": 0.9630281690140845,
            "f1-score": 0.9255499153976311,
            "support": 568.0
        },
        "13": {
            "precision": 0.5981873111782477,
            "recall": 0.9496402877697842,
            "f1-score": 0.7340129749768304,
            "support": 417.0
        },
        "14": {
            "precision": 0.4183406113537118,
            "recall": 0.8023450586264657,
            "f1-score": 0.5499425947187141,
            "support": 597.0
        },
        "15": {
            "precision": 0.5882352941176471,
            "recall": 0.10282776349614396,
            "f1-score": 0.175054704595186,
            "support": 389.0
        },
        "16": {
            "precision": 0.65,
            "recall": 0.8057851239669421,
            "f1-score": 0.7195571955719557,
            "support": 484.0
        },
        "17": {
            "precision": 0.5413416536661466,
            "recall": 0.8852040816326531,
            "f1-score": 0.6718296224588577,
            "support": 392.0
        },
        "18": {
            "precision": 0.046511627906976744,
            "recall": 0.005128205128205128,
            "f1-score": 0.009237875288683603,
            "support": 390.0
        },
        "19": {
            "precision": 0.830316742081448,
            "recall": 0.9061728395061729,
            "f1-score": 0.8665879574970484,
            "support": 405.0
        },
        "20": {
            "precision": 0.0,
            "recall": 0.0,
            "f1-score": 0.0,
            "support": 368.0
        },
        "21": {
            "precision": 0.9090909090909091,
            "recall": 0.8597285067873304,
            "f1-score": 0.8837209302325582,
            "support": 442.0
        },
        "22": {
            "precision": 0.875,
            "recall": 0.9827814569536424,
            "f1-score": 0.925764192139738,
            "support": 755.0
        },
        "23": {
            "precision": 0.8267148014440433,
            "recall": 0.5932642487046632,
            "f1-score": 0.6907993966817496,
            "support": 386.0
        },
        "24": {
            "precision": 0.8865435356200527,
            "recall": 0.8215158924205379,
            "f1-score": 0.8527918781725888,
            "support": 409.0
        },
        "25": {
            "precision": 0.21359223300970873,
            "recall": 0.13664596273291926,
            "f1-score": 0.16666666666666666,
            "support": 483.0
        },
        "26": {
            "precision": 0.40625,
            "recall": 0.03812316715542522,
            "f1-score": 0.06970509383378017,
            "support": 682.0
        },
        "27": {
            "precision": 0.7800269905533064,
            "recall": 0.9490968801313628,
            "f1-score": 0.8562962962962963,
            "support": 609.0
        },
        "28": {
            "precision": 0.7841726618705036,
            "recall": 0.8154613466334164,
            "f1-score": 0.7995110024449877,
            "support": 401.0
        },
        "29": {
            "precision": 0.9326424870466321,
            "recall": 0.8681672025723473,
            "f1-score": 0.8992506244796004,
            "support": 622.0
        },
        "30": {
            "precision": 0.9387186629526463,
            "recall": 0.5282131661442007,
            "f1-score": 0.6760280842527583,
            "support": 638.0
        },
        "31": {
            "precision": 0.25517241379310346,
            "recall": 0.13143872113676733,
            "f1-score": 0.1735052754982415,
            "support": 563.0
        },
        "32": {
            "precision": 0.2642857142857143,
            "recall": 0.6607142857142857,
            "f1-score": 0.37755102040816324,
            "support": 448.0
        },
        "33": {
            "precision": 0.12753623188405797,
            "recall": 0.44,
            "f1-score": 0.19775280898876405,
            "support": 700.0
        },
        "34": {
            "precision": 0.6283987915407855,
            "recall": 0.5561497326203209,
            "f1-score": 0.5900709219858156,
            "support": 374.0
        },
        "35": {
            "precision": 0.5789473684210527,
            "recall": 0.026442307692307692,
            "f1-score": 0.05057471264367816,
            "support": 416.0
        },
        "36": {
            "precision": 0.8880597014925373,
            "recall": 0.234251968503937,
            "f1-score": 0.3707165109034268,
            "support": 508.0
        },
        "37": {
            "precision": 0.6105006105006106,
            "recall": 0.8,
            "f1-score": 0.6925207756232687,
            "support": 625.0
        },
        "38": {
            "precision": 0.9107142857142857,
            "recall": 0.9929203539823008,
            "f1-score": 0.9500423370025403,
            "support": 565.0
        },
        "39": {
            "precision": 0.0,
            "recall": 0.0,
            "f1-score": 0.0,
            "support": 696.0
        },
        "40": {
            "precision": 0.0,
            "recall": 0.0,
            "f1-score": 0.0,
            "support": 386.0
        },
        "41": {
            "precision": 0.0,
            "recall": 0.0,
            "f1-score": 0.0,
            "support": 594.0
        },
        "42": {
            "precision": 0.32908163265306123,
            "recall": 0.8937644341801386,
            "f1-score": 0.4810441267868241,
            "support": 433.0
        },
        "43": {
            "precision": 0.2571428571428571,
            "recall": 0.9918962722852512,
            "f1-score": 0.4084084084084084,