{
    "acc1": 0.5576923076923077,
    "acc5": [
        0.8057886557886558
    ],
    "mean_per_class_recall": 0.5827565157075736,
    "classification_report": {
        "0": {
            "precision": 0.6666666666666666,
            "recall": 0.10256410256410256,
            "f1-score": 0.17777777777777778,
            "support": 390.0
        },
        "1": {
            "precision": 0.47756729810568294,
            "recall": 0.7801302931596091,
            "f1-score": 0.5924551638837353,
            "support": 614.0
        },
        "2": {
            "precision": 0.910958904109589,
            "recall": 0.9333333333333333,
            "f1-score": 0.9220103986135182,
            "support": 570.0
        },
        "3": {
            "precision": 0.0,
            "recall": 0.0,
            "f1-score": 0.0,
            "support": 977.0
        },
        "4": {
            "precision": 0.0,
            "recall": 0.0,
            "f1-score": 0.0,
            "support": 456.0
        },
        "5": {
            "precision": 0.617611580217129,
            "recall": 0.9078014184397163,
            "f1-score": 0.7351040918880115,
            "support": 564.0
        },
        "6": {
            "precision": 0.38414634146341464,
            "recall": 0.10623946037099494,
            "f1-score": 0.166446499339498,
            "support": 593.0
        },
        "7": {
            "precision": 0.9183673469387755,
            "recall": 0.8641063515509602,
            "f1-score": 0.8904109589041096,
            "support": 677.0
        },
        "8": {
            "precision": 0.6044776119402985,
            "recall": 0.19901719901719903,
            "f1-score": 0.29944547134935307,
            "support": 407.0
        },
        "9": {
            "precision": 0.6843853820598007,
            "recall": 0.9300225733634312,
            "f1-score": 0.7885167464114833,
            "support": 443.0
        },
        "10": {
            "precision": 0.7882882882882883,
            "recall": 0.6769825918762089,
            "f1-score": 0.72840790842872,
            "support": 517.0
        },
        "11": {
            "precision": 0.889943074003795,
            "recall": 0.9873684210526316,
            "f1-score": 0.936127744510978,
            "support": 475.0
        },
        "12": {
            "precision": 0.8951406649616368,
            "recall": 0.8951406649616368,
            "f1-score": 0.8951406649616368,
            "support": 391.0
        },
        "13": {
            "precision": 0.8200371057513914,
            "recall": 0.9822222222222222,
            "f1-score": 0.8938321536905965,
            "support": 450.0
        },
        "14": {
            "precision": 0.6953727506426736,
            "recall": 0.9944852941176471,
            "f1-score": 0.8184568835098336,
            "support": 544.0
        },
        "15": {
            "precision": 0.6109550561797753,
            "recall": 0.9518599562363238,
            "f1-score": 0.7442258340461934,
            "support": 457.0
        },
        "16": {
            "precision": 0.9367088607594937,
            "recall": 0.11916264090177134,
            "f1-score": 0.21142857142857144,
            "support": 621.0
        },
        "17": {
            "precision": 0.4648648648648649,
            "recall": 0.14333333333333334,
            "f1-score": 0.21910828025477708,
            "support": 600.0
        },
        "18": {
            "precision": 0.9090909090909091,
            "recall": 0.11583011583011583,
            "f1-score": 0.2054794520547945,
            "support": 518.0
        },
        "19": {
            "precision": 0.9430740037950665,
            "recall": 0.9186691312384473,
            "f1-score": 0.9307116104868914,
            "support": 541.0
        },
        "20": {
            "precision": 0.0967741935483871,
            "recall": 0.005319148936170213,
            "f1-score": 0.010084033613445379,
            "support": 564.0
        },
        "21": {
            "precision": 1.0,
            "recall": 0.0076726342710997444,
            "f1-score": 0.015228426395939087,
            "support": 391.0
        },
        "22": {
            "precision": 0.9870967741935484,
            "recall": 0.22767857142857142,
            "f1-score": 0.37001209189842804,
            "support": 672.0
        },
        "23": {
            "precision": 0.9259259259259259,
            "recall": 0.6892230576441103,
            "f1-score": 0.7902298850574713,
            "support": 399.0
        },
        "24": {
            "precision": 0.6257521058965102,
            "recall": 0.9523809523809523,
            "f1-score": 0.7552650689905592,
            "support": 546.0
        },
        "25": {
            "precision": 0.8632911392405064,
            "recall": 0.9742857142857143,
            "f1-score": 0.9154362416107382,
            "support": 350.0
        },
        "26": {
            "precision": 0.9691629955947136,
            "recall": 0.9565217391304348,
            "f1-score": 0.962800875273523,
            "support": 460.0
        },
        "27": {
            "precision": 0.11428571428571428,
            "recall": 0.005298013245033113,
            "f1-score": 0.010126582278481013,
            "support": 755.0
        },
        "28": {
            "precision": 0.9199134199134199,
            "recall": 0.625920471281296,
            "f1-score": 0.7449605609114811,
            "support": 679.0
        },
        "29": {
            "precision": 0.0,
            "recall": 0.0,
            "f1-score": 0.0,
            "support": 542.0
        },
        "30": {
            "precision": 0.5154373927958834,
            "recall": 0.9479495268138801,
            "f1-score": 0.6677777777777778,
            "support": 634.0
        },
        "31": {
            "precision": 0.12727272727272726,
            "recall": 0.012844036697247707,
            "f1-score": 0.023333333333333334,
            "support": 545.0
        },
        "32": {
            "precision": 0.7408312958435208,
            "recall": 0.9665071770334929,
            "f1-score": 0.8387543252595155,
            "support": 627.0
        },
        "33": {
            "precision": 0.03303303303303303,
            "recall": 0.023504273504273504,
            "f1-score": 0.02746566791510612,
            "support": 468.0
        },
        "34": {
            "precision": 0.8698412698412699,
            "recall": 0.7116883116883117,
            "f1-score": 0.7828571428571428,
            "support": 385.0
        },
        "35": {
            "precision": 0.9380804953560371,
            "recall": 0.7931937172774869,
            "f1-score": 0.8595744680851064,
            "support": 382.0
        },
        "36": {
            "precision": 0.9801488833746899,
            "recall": 0.8936651583710408,
            "f1-score": 0.9349112426035503,
            "support": 442.0
        },
        "37": {
            "precision": 0.9044117647058824,
            "recall": 0.29009433962264153,
            "f1-score": 0.4392857142857143,
            "support": 424.0
        },
        "38": {
            "precision": 0.7887323943661971,
            "recall": 0.7044025157232704,
            "f1-score": 0.7441860465116279,
            "support": 318.0
        },
        "39": {
            "precision": 0.10973220117570215,
            "recall": 0.38443935926773454,
            "f1-score": 0.17073170731707318,
            "support": 437.0
        },
        "40": {
            "precision": 0.2185022026431718,
            "recall": 0.9393939393939394,
            "f1-score": 0.3545389563974267,
            "support": 528.0
        },
        "41": {
            "precision": 0.1388888888888889,
            "recall": 0.014727540500736377,
            "f1-score": 0.02663115845539281,
            "support": 679.0
        },
        "42": {
            "precision": 0.7009803921568627,
            "recall": 0.8171428571428572,