{
    "acc1": 0.5933701258882517,
    "acc5": [
        0.7879738845002344
    ],
    "mean_per_class_recall": 0.5958270206095932,
    "classification_report": {
        "0": {
            "precision": 0.0,
            "recall": 0.0,
            "f1-score": 0.0,
            "support": 441.0
        },
        "1": {
            "precision": 0.8733850129198967,
            "recall": 0.896551724137931,
            "f1-score": 0.8848167539267016,
            "support": 377.0
        },
        "2": {
            "precision": 0.8044596912521441,
            "recall": 0.9493927125506073,
            "f1-score": 0.8709377901578459,
            "support": 494.0
        },
        "3": {
            "precision": 0.6696658097686375,
            "recall": 0.7628111273792094,
            "f1-score": 0.7132101300479123,
            "support": 683.0
        },
        "4": {
            "precision": 0.9431524547803618,
            "recall": 0.8774038461538461,
            "f1-score": 0.9090909090909091,
            "support": 416.0
        },
        "5": {
            "precision": 0.881578947368421,
            "recall": 0.9724238026124818,
            "f1-score": 0.9247757073844031,
            "support": 689.0
        },
        "6": {
            "precision": 0.5080645161290323,
            "recall": 0.1745152354570637,
            "f1-score": 0.2597938144329897,
            "support": 361.0
        },
        "7": {
            "precision": 0.5558343789209536,
            "recall": 0.9932735426008968,
            "f1-score": 0.7127916331456154,
            "support": 446.0
        },
        "8": {
            "precision": 0.0,
            "recall": 0.0,
            "f1-score": 0.0,
            "support": 363.0
        },
        "9": {
            "precision": 0.806966618287373,
            "recall": 0.9586206896551724,
            "f1-score": 0.876280535855004,
            "support": 580.0
        },
        "10": {
            "precision": 0.0,
            "recall": 0.0,
            "f1-score": 0.0,
            "support": 619.0
        },
        "11": {
            "precision": 0.9932126696832579,
            "recall": 0.8361904761904762,
            "f1-score": 0.9079627714581179,
            "support": 525.0
        },
        "12": {
            "precision": 0.9620253164556962,
            "recall": 0.7279693486590039,
            "f1-score": 0.8287895310796074,
            "support": 522.0
        },
        "13": {
            "precision": 0.8040712468193384,
            "recall": 0.6208251473477406,
            "f1-score": 0.7006651884700665,
            "support": 509.0
        },
        "14": {
            "precision": 0.9121813031161473,
            "recall": 0.7410817031070196,
            "f1-score": 0.8177777777777778,
            "support": 869.0
        },
        "15": {
            "precision": 0.36,
            "recall": 0.07364975450081833,
            "f1-score": 0.12228260869565218,
            "support": 611.0
        },
        "16": {
            "precision": 0.32824829037348763,
            "recall": 0.9795918367346939,
            "f1-score": 0.491725768321513,
            "support": 637.0
        },
        "17": {
            "precision": 0.0,
            "recall": 0.0,
            "f1-score": 0.0,
            "support": 707.0
        },
        "18": {
            "precision": 0.0,
            "recall": 0.0,
            "f1-score": 0.0,
            "support": 593.0
        },
        "19": {
            "precision": 0.8220551378446115,
            "recall": 0.9618768328445748,
            "f1-score": 0.8864864864864865,
            "support": 341.0
        },
        "20": {
            "precision": 0.0,
            "recall": 0.0,
            "f1-score": 0.0,
            "support": 554.0
        },
        "21": {
            "precision": 0.7951070336391437,
            "recall": 0.85667215815486,
            "f1-score": 0.8247422680412371,
            "support": 607.0
        },
        "22": {
            "precision": 0.9537815126050421,
            "recall": 0.8021201413427562,
            "f1-score": 0.8714011516314779,
            "support": 566.0
        },
        "23": {
            "precision": 0.8820301783264746,
            "recall": 0.8539176626826029,
            "f1-score": 0.8677462887989204,
            "support": 753.0
        },
        "24": {
            "precision": 0.3804769828064337,
            "recall": 0.9730496453900709,
            "f1-score": 0.5470494417862839,
            "support": 705.0
        },
        "25": {
            "precision": 0.18949468085106383,
            "recall": 0.8837209302325582,
            "f1-score": 0.31207226936764304,
            "support": 645.0
        },
        "26": {
            "precision": 0.9405320813771518,
            "recall": 0.8393854748603352,
            "f1-score": 0.8870848708487085,
            "support": 716.0
        },
        "27": {
            "precision": 0.6400778210116731,
            "recall": 0.8891891891891892,
            "f1-score": 0.744343891402715,
            "support": 370.0
        },
        "28": {
            "precision": 0.0,
            "recall": 0.0,
            "f1-score": 0.0,
            "support": 912.0
        },
        "29": {
            "precision": 0.3286118980169972,
            "recall": 0.23917525773195877,
            "f1-score": 0.27684964200477324,
            "support": 485.0
        },
        "30": {
            "precision": 0.9197761194029851,
            "recall": 0.8370118845500849,
            "f1-score": 0.8764444444444445,
            "support": 589.0
        },
        "31": {
            "precision": 0.0,
            "recall": 0.0,
            "f1-score": 0.0,
            "support": 388.0
        },
        "32": {
            "precision": 0.875,
            "recall": 0.5990220048899756,
            "f1-score": 0.7111756168359942,
            "support": 409.0
        },
        "33": {
            "precision": 0.5661218424962853,
            "recall": 0.7514792899408284,
            "f1-score": 0.6457627118644068,
            "support": 507.0
        },
        "34": {
            "precision": 0.9717314487632509,
            "recall": 0.9717314487632509,
            "f1-score": 0.9717314487632509,
            "support": 566.0
        },
        "35": {
            "precision": 0.4258064516129032,
            "recall": 0.25239005736137665,
            "f1-score": 0.3169267707082833,
            "support": 523.0
        },
        "36": {
            "precision": 0.850415512465374,
            "recall": 0.9761526232114467,
            "f1-score": 0.9089563286454478,
            "support": 629.0
        },
        "37": {
            "precision": 0.0,
            "recall": 0.0,
            "f1-score": 0.0,
            "support": 491.0
        },
        "38": {
            "precision": 0.4994246260069045,
            "recall": 0.821969696969697,
            "f1-score": 0.6213314244810307,
            "support": 528.0
        },
        "39": {
            "precision": 0.7328990228013029,
            "recall": 0.8522727272727273,
            "f1-score": 0.7880910683012259,
            "support": 528.0
        },
        "40": {
            "precision": 0.9607329842931938,
            "recall": 0.9338422391857506,
            "f1-score": 0.9470967741935484,
            "support": 393.0
        },
        "41": {
            "precision": 0.0,
            "recall": 0.0,
            "f1-score": 0.0,
            "support": 736.0
        },
        "42": {
            "precision": 0.9788732394366197,
            "recall": 0.6123348017621145,
            "f1-score": 0.7533875338753387,
            "support": 681.0
        },
        "43": {
            "precision": 0.1800061330880098,
            "recall": 0.9452495974235104,
            "f1-score": 0.3024214322514168,
            "support": 621.0
        },
        "44": {
            "precision": 0.8,
            "recall": 0.01951219512195122,