{
    "acc1": 0.5934422681527973,
    "acc5": [
        0.7959095336002597
    ],
    "mean_per_class_recall": 0.5968410823572774,
    "classification_report": {
        "0": {
            "precision": 0.0,
            "recall": 0.0,
            "f1-score": 0.0,
            "support": 441.0
        },
        "1": {
            "precision": 0.8994565217391305,
            "recall": 0.8779840848806366,
            "f1-score": 0.8885906040268456,
            "support": 377.0
        },
        "2": {
            "precision": 0.7989690721649485,
            "recall": 0.9412955465587044,
            "f1-score": 0.8643122676579925,
            "support": 494.0
        },
        "3": {
            "precision": 0.7840531561461794,
            "recall": 0.6910688140556369,
            "f1-score": 0.7346303501945526,
            "support": 683.0
        },
        "4": {
            "precision": 0.9543147208121827,
            "recall": 0.9038461538461539,
            "f1-score": 0.928395061728395,
            "support": 416.0
        },
        "5": {
            "precision": 0.8764629388816645,
            "recall": 0.9782293178519593,
            "f1-score": 0.9245541838134431,
            "support": 689.0
        },
        "6": {
            "precision": 0.4878048780487805,
            "recall": 0.11080332409972299,
            "f1-score": 0.18058690744920994,
            "support": 361.0
        },
        "7": {
            "precision": 0.5670498084291188,
            "recall": 0.9955156950672646,
            "f1-score": 0.7225386493083807,
            "support": 446.0
        },
        "8": {
            "precision": 0.0,
            "recall": 0.0,
            "f1-score": 0.0,
            "support": 363.0
        },
        "9": {
            "precision": 0.8288690476190477,
            "recall": 0.9603448275862069,
            "f1-score": 0.889776357827476,
            "support": 580.0
        },
        "10": {
            "precision": 0.1,
            "recall": 0.0016155088852988692,
            "f1-score": 0.003179650238473768,
            "support": 619.0
        },
        "11": {
            "precision": 0.982532751091703,
            "recall": 0.8571428571428571,
            "f1-score": 0.9155645981688708,
            "support": 525.0
        },
        "12": {
            "precision": 0.9461883408071748,
            "recall": 0.8084291187739464,
            "f1-score": 0.871900826446281,
            "support": 522.0
        },
        "13": {
            "precision": 0.6910994764397905,
            "recall": 0.7779960707269156,
            "f1-score": 0.7319778188539742,
            "support": 509.0
        },
        "14": {
            "precision": 0.8969072164948454,
            "recall": 0.6006904487917146,
            "f1-score": 0.7195037904893177,
            "support": 869.0
        },
        "15": {
            "precision": 0.47435897435897434,
            "recall": 0.060556464811783964,
            "f1-score": 0.10740203193033382,
            "support": 611.0
        },
        "16": {
            "precision": 0.3546712802768166,
            "recall": 0.9654631083202512,
            "f1-score": 0.518768452129903,
            "support": 637.0
        },
        "17": {
            "precision": 0.0,
            "recall": 0.0,
            "f1-score": 0.0,
            "support": 707.0
        },
        "18": {
            "precision": 0.0,
            "recall": 0.0,
            "f1-score": 0.0,
            "support": 593.0
        },
        "19": {
            "precision": 0.8423772609819121,
            "recall": 0.9560117302052786,
            "f1-score": 0.8956043956043956,
            "support": 341.0
        },
        "20": {
            "precision": 0.0,
            "recall": 0.0,
            "f1-score": 0.0,
            "support": 554.0
        },
        "21": {
            "precision": 0.8351822503961965,
            "recall": 0.8682042833607908,
            "f1-score": 0.851373182552504,
            "support": 607.0
        },
        "22": {
            "precision": 0.9628865979381444,
            "recall": 0.8250883392226148,
            "f1-score": 0.8886774500475737,
            "support": 566.0
        },
        "23": {
            "precision": 0.9013888888888889,
            "recall": 0.8618857901726428,
            "f1-score": 0.8811948404616429,
            "support": 753.0
        },
        "24": {
            "precision": 0.3592845870594424,
            "recall": 0.9687943262411347,
            "f1-score": 0.5241749808135073,
            "support": 705.0
        },
        "25": {
            "precision": 0.20069324090121318,
            "recall": 0.8976744186046511,
            "f1-score": 0.32804532577903683,
            "support": 645.0
        },
        "26": {
            "precision": 0.8758434547908233,
            "recall": 0.9064245810055865,
            "f1-score": 0.8908716540837337,
            "support": 716.0
        },
        "27": {
            "precision": 0.5925925925925926,
            "recall": 0.8648648648648649,
            "f1-score": 0.7032967032967034,
            "support": 370.0
        },
        "28": {
            "precision": 0.0,
            "recall": 0.0,
            "f1-score": 0.0,
            "support": 912.0
        },
        "29": {
            "precision": 0.31749049429657794,
            "recall": 0.3443298969072165,
            "f1-score": 0.3303659742828882,
            "support": 485.0
        },
        "30": {
            "precision": 0.9634146341463414,
            "recall": 0.8047538200339559,
            "f1-score": 0.8769657724329325,
            "support": 589.0
        },
        "31": {
            "precision": 0.0,
            "recall": 0.0,
            "f1-score": 0.0,
            "support": 388.0
        },
        "32": {
            "precision": 0.8187702265372169,
            "recall": 0.6185819070904646,
            "f1-score": 0.7047353760445683,
            "support": 409.0
        },
        "33": {
            "precision": 0.5894378194207837,
            "recall": 0.6824457593688363,
            "f1-score": 0.6325411334552102,
            "support": 507.0
        },
        "34": {
            "precision": 0.973404255319149,
            "recall": 0.9699646643109541,
            "f1-score": 0.9716814159292035,
            "support": 566.0
        },
        "35": {
            "precision": 0.3041095890410959,
            "recall": 0.21223709369024857,
            "f1-score": 0.25,
            "support": 523.0
        },
        "36": {
            "precision": 0.8344640434192673,
            "recall": 0.9777424483306836,
            "f1-score": 0.9004392386530015,
            "support": 629.0
        },
        "37": {
            "precision": 0.0,
            "recall": 0.0,
            "f1-score": 0.0,
            "support": 491.0
        },
        "38": {
            "precision": 0.47418335089567965,
            "recall": 0.8522727272727273,
            "f1-score": 0.6093432633716994,
            "support": 528.0
        },
        "39": {
            "precision": 0.8039568345323741,
            "recall": 0.8465909090909091,
            "f1-score": 0.8247232472324724,
            "support": 528.0
        },
        "40": {
            "precision": 0.9435897435897436,
            "recall": 0.9363867684478372,
            "f1-score": 0.9399744572158365,
            "support": 393.0
        },
        "41": {
            "precision": 0.16666666666666666,
            "recall": 0.001358695652173913,
            "f1-score": 0.0026954177897574125,
            "support": 736.0
        },
        "42": {
            "precision": 0.9820224719101124,
            "recall": 0.6417033773861968,
            "f1-score": 0.7761989342806395,
            "support": 681.0
        },
        "43": {
            "precision": 0.17889630078835658,
            "recall": 0.9500805152979066,
            "f1-score": 0.30109721867823425,