{
    "acc1": 0.5407925407925408,
    "acc5": [
        0.7941724941724941
    ],
    "mean_per_class_recall": 0.5654943263271738,
    "classification_report": {
        "0": {
            "precision": 0.7647058823529411,
            "recall": 0.03333333333333333,
            "f1-score": 0.06388206388206388,
            "support": 390.0
        },
        "1": {
            "precision": 0.5541838134430727,
            "recall": 0.6579804560260586,
            "f1-score": 0.6016381236038719,
            "support": 614.0
        },
        "2": {
            "precision": 0.919104991394148,
            "recall": 0.9368421052631579,
            "f1-score": 0.9278887923544744,
            "support": 570.0
        },
        "3": {
            "precision": 0.0,
            "recall": 0.0,
            "f1-score": 0.0,
            "support": 977.0
        },
        "4": {
            "precision": 0.0,
            "recall": 0.0,
            "f1-score": 0.0,
            "support": 456.0
        },
        "5": {
            "precision": 0.5526881720430108,
            "recall": 0.9113475177304965,
            "f1-score": 0.6880856760374833,
            "support": 564.0
        },
        "6": {
            "precision": 0.3284457478005865,
            "recall": 0.18887015177065766,
            "f1-score": 0.2398286937901499,
            "support": 593.0
        },
        "7": {
            "precision": 0.9100609756097561,
            "recall": 0.8818316100443131,
            "f1-score": 0.8957239309827457,
            "support": 677.0
        },
        "8": {
            "precision": 0.5297619047619048,
            "recall": 0.21867321867321868,
            "f1-score": 0.3095652173913043,
            "support": 407.0
        },
        "9": {
            "precision": 0.6750418760469011,
            "recall": 0.909706546275395,
            "f1-score": 0.775,
            "support": 443.0
        },
        "10": {
            "precision": 0.7917570498915402,
            "recall": 0.7059961315280464,
            "f1-score": 0.7464212678936605,
            "support": 517.0
        },
        "11": {
            "precision": 0.8931297709923665,
            "recall": 0.9852631578947368,
            "f1-score": 0.9369369369369369,
            "support": 475.0
        },
        "12": {
            "precision": 0.8867313915857605,
            "recall": 0.7007672634271099,
            "f1-score": 0.7828571428571428,
            "support": 391.0
        },
        "13": {
            "precision": 0.8289473684210527,
            "recall": 0.98,
            "f1-score": 0.8981670061099797,
            "support": 450.0
        },
        "14": {
            "precision": 0.6455847255369929,
            "recall": 0.9944852941176471,
            "f1-score": 0.7829232995658466,
            "support": 544.0
        },
        "15": {
            "precision": 0.8986175115207373,
            "recall": 0.42669584245076586,
            "f1-score": 0.5786350148367952,
            "support": 457.0
        },
        "16": {
            "precision": 0.8813559322033898,
            "recall": 0.08373590982286634,
            "f1-score": 0.15294117647058825,
            "support": 621.0
        },
        "17": {
            "precision": 0.5934959349593496,
            "recall": 0.24333333333333335,
            "f1-score": 0.34515366430260047,
            "support": 600.0
        },
        "18": {
            "precision": 0.6666666666666666,
            "recall": 0.015444015444015444,
            "f1-score": 0.03018867924528302,
            "support": 518.0
        },
        "19": {
            "precision": 0.946360153256705,
            "recall": 0.9131238447319778,
            "f1-score": 0.929444967074318,
            "support": 541.0
        },
        "20": {
            "precision": 0.09090909090909091,
            "recall": 0.0035460992907801418,
            "f1-score": 0.006825938566552901,
            "support": 564.0
        },
        "21": {
            "precision": 0.5,
            "recall": 0.0025575447570332483,
            "f1-score": 0.005089058524173028,
            "support": 391.0
        },
        "22": {
            "precision": 0.96,
            "recall": 0.17857142857142858,
            "f1-score": 0.30112923462986196,
            "support": 672.0
        },
        "23": {
            "precision": 0.948905109489051,
            "recall": 0.6516290726817042,
            "f1-score": 0.7726597325408618,
            "support": 399.0
        },
        "24": {
            "precision": 0.6298543689320388,
            "recall": 0.9505494505494505,
            "f1-score": 0.7576642335766424,
            "support": 546.0
        },
        "25": {
            "precision": 0.8762886597938144,
            "recall": 0.9714285714285714,
            "f1-score": 0.9214092140921409,
            "support": 350.0
        },
        "26": {
            "precision": 0.9713024282560706,
            "recall": 0.9565217391304348,
            "f1-score": 0.963855421686747,
            "support": 460.0
        },
        "27": {
            "precision": 0.29411764705882354,
            "recall": 0.006622516556291391,
            "f1-score": 0.012953367875647668,
            "support": 755.0
        },
        "28": {
            "precision": 0.8613861386138614,
            "recall": 0.5125184094256259,
            "f1-score": 0.6426592797783933,
            "support": 679.0
        },
        "29": {
            "precision": 0.0,
            "recall": 0.0,
            "f1-score": 0.0,
            "support": 542.0
        },
        "30": {
            "precision": 0.4888,
            "recall": 0.9637223974763407,
            "f1-score": 0.648619957537155,
            "support": 634.0
        },
        "31": {
            "precision": 0.0,
            "recall": 0.0,
            "f1-score": 0.0,
            "support": 545.0
        },
        "32": {
            "precision": 0.7840314136125655,
            "recall": 0.9553429027113237,
            "f1-score": 0.8612508986340762,
            "support": 627.0
        },
        "33": {
            "precision": 0.1926605504587156,
            "recall": 0.04487179487179487,
            "f1-score": 0.07279029462738301,
            "support": 468.0
        },
        "34": {
            "precision": 0.8614457831325302,
            "recall": 0.7428571428571429,
            "f1-score": 0.797768479776848,
            "support": 385.0
        },
        "35": {
            "precision": 0.9609120521172638,
            "recall": 0.7722513089005235,
            "f1-score": 0.8563134978229318,
            "support": 382.0
        },
        "36": {
            "precision": 0.9927007299270073,
            "recall": 0.9230769230769231,
            "f1-score": 0.9566236811254396,
            "support": 442.0
        },
        "37": {
            "precision": 0.907103825136612,
            "recall": 0.3915094339622642,
            "f1-score": 0.5469522240527183,
            "support": 424.0
        },
        "38": {
            "precision": 0.8160919540229885,
            "recall": 0.6698113207547169,
            "f1-score": 0.7357512953367875,
            "support": 318.0
        },
        "39": {
            "precision": 0.14499758337361043,
            "recall": 0.6864988558352403,
            "f1-score": 0.23942537909018355,
            "support": 437.0
        },
        "40": {
            "precision": 0.20297029702970298,
            "recall": 0.9318181818181818,
            "f1-score": 0.3333333333333333,
            "support": 528.0
        },
        "41": {
            "precision": 0.0219435736677116,
            "recall": 0.010309278350515464,
            "f1-score": 0.014028056112224449,
            "support": 679.0
        },
        "42": {
            "precision": 0.7268041237113402,
            "recall": 0.8057142857142857,
            "f1-score": 0.7642276422764228,
            "support": 350.0
        },