{
    "acc1": 0.5415474880821416,
    "acc5": [
        0.7902823615694903
    ],
    "mean_per_class_recall": 0.5537722842618255,
    "classification_report": {
        "0": {
            "precision": 0.9849246231155779,
            "recall": 0.9499192245557351,
            "f1-score": 0.9671052631578947,
            "support": 619.0
        },
        "1": {
            "precision": 0.8690228690228691,
            "recall": 0.9478458049886621,
            "f1-score": 0.9067245119305857,
            "support": 441.0
        },
        "2": {
            "precision": 1.0,
            "recall": 0.001375515818431912,
            "f1-score": 0.0027472527472527475,
            "support": 727.0
        },
        "3": {
            "precision": 0.3883677298311445,
            "recall": 0.9019607843137255,
            "f1-score": 0.5429508196721311,
            "support": 459.0
        },
        "4": {
            "precision": 0.610062893081761,
            "recall": 0.8818181818181818,
            "f1-score": 0.7211895910780669,
            "support": 440.0
        },
        "5": {
            "precision": 0.9,
            "recall": 0.9586956521739131,
            "f1-score": 0.9284210526315789,
            "support": 920.0
        },
        "6": {
            "precision": 0.5675675675675675,
            "recall": 0.07706422018348624,
            "f1-score": 0.13570274636510501,
            "support": 545.0
        },
        "7": {
            "precision": 0.8971061093247589,
            "recall": 0.621380846325167,
            "f1-score": 0.7342105263157894,
            "support": 449.0
        },
        "8": {
            "precision": 0.7312614259597806,
            "recall": 0.966183574879227,
            "f1-score": 0.8324661810613944,
            "support": 414.0
        },
        "9": {
            "precision": 0.03773584905660377,
            "recall": 0.005952380952380952,
            "f1-score": 0.010282776349614395,
            "support": 336.0
        },
        "10": {
            "precision": 0.24623115577889448,
            "recall": 0.15605095541401273,
            "f1-score": 0.19103313840155944,
            "support": 628.0
        },
        "11": {
            "precision": 0.23487031700288186,
            "recall": 0.815,
            "f1-score": 0.36465324384787473,
            "support": 800.0
        },
        "12": {
            "precision": 0.8949919224555735,
            "recall": 0.9753521126760564,
            "f1-score": 0.9334456613310868,
            "support": 568.0
        },
        "13": {
            "precision": 0.5279034690799397,
            "recall": 0.8393285371702638,
            "f1-score": 0.6481481481481481,
            "support": 417.0
        },
        "14": {
            "precision": 0.360803324099723,
            "recall": 0.8726968174204355,
            "f1-score": 0.5105340519353259,
            "support": 597.0
        },
        "15": {
            "precision": 0.2727272727272727,
            "recall": 0.007712082262210797,
            "f1-score": 0.015,
            "support": 389.0
        },
        "16": {
            "precision": 0.5801630434782609,
            "recall": 0.8822314049586777,
            "f1-score": 0.7,
            "support": 484.0
        },
        "17": {
            "precision": 0.6126126126126126,
            "recall": 0.8673469387755102,
            "f1-score": 0.7180570221752904,
            "support": 392.0
        },
        "18": {
            "precision": 0.029411764705882353,
            "recall": 0.002564102564102564,
            "f1-score": 0.0047169811320754715,
            "support": 390.0
        },
        "19": {
            "precision": 0.7304015296367112,
            "recall": 0.9432098765432099,
            "f1-score": 0.8232758620689655,
            "support": 405.0
        },
        "20": {
            "precision": 0.05902192242833052,
            "recall": 0.09510869565217392,
            "f1-score": 0.07284079084287201,
            "support": 368.0
        },
        "21": {
            "precision": 0.9268867924528302,
            "recall": 0.8891402714932126,
            "f1-score": 0.9076212471131639,
            "support": 442.0
        },
        "22": {
            "precision": 0.8903456495828367,
            "recall": 0.9894039735099338,
            "f1-score": 0.9372647427854455,
            "support": 755.0
        },
        "23": {
            "precision": 0.9033457249070632,
            "recall": 0.6295336787564767,
            "f1-score": 0.7419847328244275,
            "support": 386.0
        },
        "24": {
            "precision": 0.6468590831918506,
            "recall": 0.9315403422982885,
            "f1-score": 0.7635270541082164,
            "support": 409.0
        },
        "25": {
            "precision": 0.32507739938080493,
            "recall": 0.21739130434782608,
            "f1-score": 0.26054590570719605,
            "support": 483.0
        },
        "26": {
            "precision": 0.9486301369863014,
            "recall": 0.40615835777126097,
            "f1-score": 0.5687885010266941,
            "support": 682.0
        },
        "27": {
            "precision": 0.7898351648351648,
            "recall": 0.9441707717569786,
            "f1-score": 0.8601346297681376,
            "support": 609.0
        },
        "28": {
            "precision": 0.5234806629834254,
            "recall": 0.9451371571072319,
            "f1-score": 0.6737777777777778,
            "support": 401.0
        },
        "29": {
            "precision": 0.9519071310116086,
            "recall": 0.9228295819935691,
            "f1-score": 0.9371428571428572,
            "support": 622.0
        },
        "30": {
            "precision": 0.9512670565302144,
            "recall": 0.7648902821316614,
            "f1-score": 0.8479582971329279,
            "support": 638.0
        },
        "31": {
            "precision": 0.0,
            "recall": 0.0,
            "f1-score": 0.0,
            "support": 563.0
        },
        "32": {
            "precision": 0.125,
            "recall": 0.002232142857142857,
            "f1-score": 0.0043859649122807015,
            "support": 448.0
        },
        "33": {
            "precision": 0.05485611510791367,
            "recall": 0.08714285714285715,
            "f1-score": 0.0673289183222958,
            "support": 700.0
        },
        "34": {
            "precision": 0.672544080604534,
            "recall": 0.713903743315508,
            "f1-score": 0.6926070038910506,
            "support": 374.0
        },
        "35": {
            "precision": 0.5483870967741935,
            "recall": 0.08173076923076923,
            "f1-score": 0.14225941422594143,
            "support": 416.0
        },
        "36": {
            "precision": 0.8469387755102041,
            "recall": 0.16338582677165353,
            "f1-score": 0.2739273927392739,
            "support": 508.0
        },
        "37": {
            "precision": 0.5992317541613317,
            "recall": 0.7488,
            "f1-score": 0.6657183499288762,
            "support": 625.0
        },
        "38": {
            "precision": 0.9409780775716695,
            "recall": 0.9876106194690265,
            "f1-score": 0.9637305699481865,
            "support": 565.0
        },
        "39": {
            "precision": 0.0,
            "recall": 0.0,
            "f1-score": 0.0,
            "support": 696.0
        },
        "40": {
            "precision": 0.2,
            "recall": 0.0025906735751295338,
            "f1-score": 0.005115089514066497,
            "support": 386.0
        },
        "41": {
            "precision": 0.0,
            "recall": 0.0,
            "f1-score": 0.0,
            "support": 594.0
        },
        "42": {
            "precision": 0.28758620689655173,
            "recall": 0.9630484988452656,
            "f1-score": 0.4429102496016994,
            "support": 433.0
        },