{
    "acc1": 0.5442890442890443,
    "acc5": [
        0.8033799533799534
    ],
    "mean_per_class_recall": 0.5659116101464469,
    "classification_report": {
        "0": {
            "precision": 0.6,
            "recall": 0.13846153846153847,
            "f1-score": 0.225,
            "support": 390.0
        },
        "1": {
            "precision": 0.45592948717948717,
            "recall": 0.9267100977198697,
            "f1-score": 0.611170784103115,
            "support": 614.0
        },
        "2": {
            "precision": 0.8950819672131147,
            "recall": 0.9578947368421052,
            "f1-score": 0.9254237288135593,
            "support": 570.0
        },
        "3": {
            "precision": 0.0,
            "recall": 0.0,
            "f1-score": 0.0,
            "support": 977.0
        },
        "4": {
            "precision": 0.0,
            "recall": 0.0,
            "f1-score": 0.0,
            "support": 456.0
        },
        "5": {
            "precision": 0.5356773526370218,
            "recall": 0.9184397163120568,
            "f1-score": 0.6766819072501633,
            "support": 564.0
        },
        "6": {
            "precision": 0.2765957446808511,
            "recall": 0.04384485666104553,
            "f1-score": 0.07569141193595343,
            "support": 593.0
        },
        "7": {
            "precision": 0.9235569422776911,
            "recall": 0.8744460856720827,
            "f1-score": 0.8983308042488619,
            "support": 677.0
        },
        "8": {
            "precision": 0.7364341085271318,
            "recall": 0.2334152334152334,
            "f1-score": 0.35447761194029853,
            "support": 407.0
        },
        "9": {
            "precision": 0.6885813148788927,
            "recall": 0.8984198645598194,
            "f1-score": 0.7796278158667973,
            "support": 443.0
        },
        "10": {
            "precision": 0.7371794871794872,
            "recall": 0.6673114119922631,
            "f1-score": 0.700507614213198,
            "support": 517.0
        },
        "11": {
            "precision": 0.8764044943820225,
            "recall": 0.9852631578947368,
            "f1-score": 0.9276511397423192,
            "support": 475.0
        },
        "12": {
            "precision": 0.8771498771498771,
            "recall": 0.9130434782608695,
            "f1-score": 0.8947368421052632,
            "support": 391.0
        },
        "13": {
            "precision": 0.8190298507462687,
            "recall": 0.9755555555555555,
            "f1-score": 0.8904665314401623,
            "support": 450.0
        },
        "14": {
            "precision": 0.7127799736495388,
            "recall": 0.9944852941176471,
            "f1-score": 0.8303914044512664,
            "support": 544.0
        },
        "15": {
            "precision": 0.5774058577405857,
            "recall": 0.9059080962800875,
            "f1-score": 0.7052810902896082,
            "support": 457.0
        },
        "16": {
            "precision": 0.7692307692307693,
            "recall": 0.0322061191626409,
            "f1-score": 0.061823802163833076,
            "support": 621.0
        },
        "17": {
            "precision": 0.5431034482758621,
            "recall": 0.105,
            "f1-score": 0.17597765363128492,
            "support": 600.0
        },
        "18": {
            "precision": 0.8974358974358975,
            "recall": 0.06756756756756757,
            "f1-score": 0.12567324955116696,
            "support": 518.0
        },
        "19": {
            "precision": 0.9397363465160076,
            "recall": 0.922365988909427,
            "f1-score": 0.9309701492537313,
            "support": 541.0
        },
        "20": {
            "precision": 0.1111111111111111,
            "recall": 0.0035460992907801418,
            "f1-score": 0.006872852233676976,
            "support": 564.0
        },
        "21": {
            "precision": 0.5,
            "recall": 0.0076726342710997444,
            "f1-score": 0.015113350125944584,
            "support": 391.0
        },
        "22": {
            "precision": 0.9518900343642611,
            "recall": 0.41220238095238093,
            "f1-score": 0.5752855659397715,
            "support": 672.0
        },
        "23": {
            "precision": 0.9442379182156134,
            "recall": 0.6365914786967418,
            "f1-score": 0.7604790419161677,
            "support": 399.0
        },
        "24": {
            "precision": 0.6099537037037037,
            "recall": 0.9652014652014652,
            "f1-score": 0.7475177304964539,
            "support": 546.0
        },
        "25": {
            "precision": 0.8300970873786407,
            "recall": 0.9771428571428571,
            "f1-score": 0.8976377952755905,
            "support": 350.0
        },
        "26": {
            "precision": 0.9694323144104804,
            "recall": 0.9652173913043478,
            "f1-score": 0.9673202614379085,
            "support": 460.0
        },
        "27": {
            "precision": 0.2727272727272727,
            "recall": 0.011920529801324504,
            "f1-score": 0.02284263959390863,
            "support": 755.0
        },
        "28": {
            "precision": 0.868421052631579,
            "recall": 0.6318114874815906,
            "f1-score": 0.731457800511509,
            "support": 679.0
        },
        "29": {
            "precision": 0.016666666666666666,
            "recall": 0.0036900369003690036,
            "f1-score": 0.006042296072507553,
            "support": 542.0
        },
        "30": {
            "precision": 0.5008210180623974,
            "recall": 0.9621451104100947,
            "f1-score": 0.6587473002159827,
            "support": 634.0
        },
        "31": {
            "precision": 0.20588235294117646,
            "recall": 0.012844036697247707,
            "f1-score": 0.024179620034542316,
            "support": 545.0
        },
        "32": {
            "precision": 0.7787839586028461,
            "recall": 0.960127591706539,
            "f1-score": 0.86,
            "support": 627.0
        },
        "33": {
            "precision": 0.01650943396226415,
            "recall": 0.014957264957264958,
            "f1-score": 0.01569506726457399,
            "support": 468.0
        },
        "34": {
            "precision": 0.8791208791208791,
            "recall": 0.6233766233766234,
            "f1-score": 0.729483282674772,
            "support": 385.0
        },
        "35": {
            "precision": 0.9658703071672355,
            "recall": 0.7408376963350786,
            "f1-score": 0.8385185185185186,
            "support": 382.0
        },
        "36": {
            "precision": 0.9715639810426541,
            "recall": 0.9276018099547512,
            "f1-score": 0.9490740740740741,
            "support": 442.0
        },
        "37": {
            "precision": 0.975,
            "recall": 0.09198113207547169,
            "f1-score": 0.16810344827586207,
            "support": 424.0
        },
        "38": {
            "precision": 0.7328519855595668,
            "recall": 0.6383647798742138,
            "f1-score": 0.6823529411764706,
            "support": 318.0
        },
        "39": {
            "precision": 0.08367422833767199,
            "recall": 0.5148741418764302,
            "f1-score": 0.14395393474088292,
            "support": 437.0
        },
        "40": {
            "precision": 0.27848101265822783,
            "recall": 0.875,
            "f1-score": 0.4224965706447188,
            "support": 528.0
        },
        "41": {
            "precision": 0.11612903225806452,
            "recall": 0.026509572901325478,
            "f1-score": 0.04316546762589928,
            "support": 679.0
        },
        "42": {
            "precision": 0.7818181818181819,
            "recall": 0.7371428571428571,