{
    "acc1": 0.5987447245969051,
    "acc5": [
        0.7943224037802546
    ],
    "mean_per_class_recall": 0.6027786126233885,
    "classification_report": {
        "0": {
            "precision": 0.0,
            "recall": 0.0,
            "f1-score": 0.0,
            "support": 441.0
        },
        "1": {
            "precision": 0.8983957219251337,
            "recall": 0.8912466843501327,
            "f1-score": 0.8948069241011984,
            "support": 377.0
        },
        "2": {
            "precision": 0.7788944723618091,
            "recall": 0.9412955465587044,
            "f1-score": 0.8524289642529789,
            "support": 494.0
        },
        "3": {
            "precision": 0.7828200972447326,
            "recall": 0.7071742313323572,
            "f1-score": 0.7430769230769231,
            "support": 683.0
        },
        "4": {
            "precision": 0.9595959595959596,
            "recall": 0.9134615384615384,
            "f1-score": 0.9359605911330049,
            "support": 416.0
        },
        "5": {
            "precision": 0.851010101010101,
            "recall": 0.9782293178519593,
            "f1-score": 0.9101958136394328,
            "support": 689.0
        },
        "6": {
            "precision": 0.42028985507246375,
            "recall": 0.08033240997229917,
            "f1-score": 0.13488372093023257,
            "support": 361.0
        },
        "7": {
            "precision": 0.53309265944645,
            "recall": 0.9932735426008968,
            "f1-score": 0.6938136256851997,
            "support": 446.0
        },
        "8": {
            "precision": 0.0,
            "recall": 0.0,
            "f1-score": 0.0,
            "support": 363.0
        },
        "9": {
            "precision": 0.7523302263648469,
            "recall": 0.9741379310344828,
            "f1-score": 0.8489857250187829,
            "support": 580.0
        },
        "10": {
            "precision": 0.0,
            "recall": 0.0,
            "f1-score": 0.0,
            "support": 619.0
        },
        "11": {
            "precision": 0.9846827133479212,
            "recall": 0.8571428571428571,
            "f1-score": 0.9164969450101833,
            "support": 525.0
        },
        "12": {
            "precision": 0.9419354838709677,
            "recall": 0.8390804597701149,
            "f1-score": 0.8875379939209727,
            "support": 522.0
        },
        "13": {
            "precision": 0.6214057507987221,
            "recall": 0.7642436149312377,
            "f1-score": 0.6854625550660793,
            "support": 509.0
        },
        "14": {
            "precision": 0.8988580750407831,
            "recall": 0.6340621403912543,
            "f1-score": 0.7435897435897436,
            "support": 869.0
        },
        "15": {
            "precision": 0.34285714285714286,
            "recall": 0.019639934533551555,
            "f1-score": 0.03715170278637771,
            "support": 611.0
        },
        "16": {
            "precision": 0.3397050791916985,
            "recall": 0.9764521193092621,
            "f1-score": 0.5040518638573744,
            "support": 637.0
        },
        "17": {
            "precision": 0.0,
            "recall": 0.0,
            "f1-score": 0.0,
            "support": 707.0
        },
        "18": {
            "precision": 0.0,
            "recall": 0.0,
            "f1-score": 0.0,
            "support": 593.0
        },
        "19": {
            "precision": 0.856,
            "recall": 0.9413489736070382,
            "f1-score": 0.8966480446927374,
            "support": 341.0
        },
        "20": {
            "precision": 0.0,
            "recall": 0.0,
            "f1-score": 0.0,
            "support": 554.0
        },
        "21": {
            "precision": 0.8095238095238095,
            "recall": 0.8682042833607908,
            "f1-score": 0.8378378378378378,
            "support": 607.0
        },
        "22": {
            "precision": 0.9670103092783505,
            "recall": 0.8286219081272085,
            "f1-score": 0.8924833491912464,
            "support": 566.0
        },
        "23": {
            "precision": 0.8931506849315068,
            "recall": 0.8658698539176627,
            "f1-score": 0.8792987188132164,
            "support": 753.0
        },
        "24": {
            "precision": 0.36471221086605704,
            "recall": 0.9617021276595744,
            "f1-score": 0.5288611544461779,
            "support": 705.0
        },
        "25": {
            "precision": 0.22619579794367456,
            "recall": 0.7844961240310078,
            "f1-score": 0.3511450381679389,
            "support": 645.0
        },
        "26": {
            "precision": 0.9294478527607362,
            "recall": 0.8463687150837989,
            "f1-score": 0.8859649122807017,
            "support": 716.0
        },
        "27": {
            "precision": 0.5798922800718133,
            "recall": 0.8729729729729729,
            "f1-score": 0.6968716289104638,
            "support": 370.0
        },
        "28": {
            "precision": 0.0,
            "recall": 0.0,
            "f1-score": 0.0,
            "support": 912.0
        },
        "29": {
            "precision": 0.2937595129375951,
            "recall": 0.3979381443298969,
            "f1-score": 0.3380035026269702,
            "support": 485.0
        },
        "30": {
            "precision": 0.958,
            "recall": 0.8132427843803056,
            "f1-score": 0.8797061524334252,
            "support": 589.0
        },
        "31": {
            "precision": 0.0,
            "recall": 0.0,
            "f1-score": 0.0,
            "support": 388.0
        },
        "32": {
            "precision": 0.8536585365853658,
            "recall": 0.5990220048899756,
            "f1-score": 0.7040229885057471,
            "support": 409.0
        },
        "33": {
            "precision": 0.5655487804878049,
            "recall": 0.7317554240631163,
            "f1-score": 0.6380051590713671,
            "support": 507.0
        },
        "34": {
            "precision": 0.9716312056737588,
            "recall": 0.9681978798586572,
            "f1-score": 0.9699115044247788,
            "support": 566.0
        },
        "35": {
            "precision": 0.3832199546485261,
            "recall": 0.3231357552581262,
            "f1-score": 0.3506224066390041,
            "support": 523.0
        },
        "36": {
            "precision": 0.8175765645805593,
            "recall": 0.9761526232114467,
            "f1-score": 0.8898550724637682,
            "support": 629.0
        },
        "37": {
            "precision": 0.0,
            "recall": 0.0,
            "f1-score": 0.0,
            "support": 491.0
        },
        "38": {
            "precision": 0.5390728476821192,
            "recall": 0.7708333333333334,
            "f1-score": 0.6344505066250974,
            "support": 528.0
        },
        "39": {
            "precision": 0.774869109947644,
            "recall": 0.8409090909090909,
            "f1-score": 0.8065395095367848,
            "support": 528.0
        },
        "40": {
            "precision": 0.948849104859335,
            "recall": 0.9440203562340967,
            "f1-score": 0.9464285714285714,
            "support": 393.0
        },
        "41": {
            "precision": 0.16666666666666666,
            "recall": 0.001358695652173913,
            "f1-score": 0.0026954177897574125,
            "support": 736.0
        },
        "42": {
            "precision": 0.9769230769230769,
            "recall": 0.7459618208516887,
            "f1-score": 0.8459616985845129,
            "support": 681.0
        },
        "43": {
            "precision": 0.1738484398216939,
            "recall": 0.9420289855072463,
            "f1-score": 0.29352734570998495,
            "support": 621.0
        },