{
    "acc1": 0.5408869618134794,
    "acc5": [
        0.7485546934428724
    ],
    "mean_per_class_recall": 0.5219916369485342,
    "classification_report": {
        "0": {
            "precision": 0.9398148148148148,
            "recall": 0.7898832684824902,
            "f1-score": 0.8583509513742071,
            "support": 514.0
        },
        "1": {
            "precision": 0.0,
            "recall": 0.0,
            "f1-score": 0.0,
            "support": 494.0
        },
        "2": {
            "precision": 0.9633867276887872,
            "recall": 0.8716356107660456,
            "f1-score": 0.9152173913043479,
            "support": 483.0
        },
        "3": {
            "precision": 0.5128834355828221,
            "recall": 0.642089093701997,
            "f1-score": 0.5702592087312415,
            "support": 651.0
        },
        "4": {
            "precision": 0.7272727272727273,
            "recall": 0.7100591715976331,
            "f1-score": 0.718562874251497,
            "support": 676.0
        },
        "5": {
            "precision": 0.0,
            "recall": 0.0,
            "f1-score": 0.0,
            "support": 364.0
        },
        "6": {
            "precision": 0.4026058631921824,
            "recall": 0.8619246861924686,
            "f1-score": 0.5488454706927176,
            "support": 717.0
        },
        "7": {
            "precision": 0.0,
            "recall": 0.0,
            "f1-score": 0.0,
            "support": 429.0
        },
        "8": {
            "precision": 0.125,
            "recall": 0.0016155088852988692,
            "f1-score": 0.003189792663476874,
            "support": 619.0
        },
        "9": {
            "precision": 0.9338235294117647,
            "recall": 0.9806949806949807,
            "f1-score": 0.9566854990583804,
            "support": 518.0
        },
        "10": {
            "precision": 0.9947368421052631,
            "recall": 0.42663656884875845,
            "f1-score": 0.5971563981042654,
            "support": 443.0
        },
        "11": {
            "precision": 0.0,
            "recall": 0.0,
            "f1-score": 0.0,
            "support": 464.0
        },
        "12": {
            "precision": 0.7142857142857143,
            "recall": 0.013123359580052493,
            "f1-score": 0.02577319587628866,
            "support": 381.0
        },
        "13": {
            "precision": 0.1111111111111111,
            "recall": 0.0022222222222222222,
            "f1-score": 0.004357298474945534,
            "support": 450.0
        },
        "14": {
            "precision": 0.896640826873385,
            "recall": 0.9928469241773963,
            "f1-score": 0.9422946367956552,
            "support": 699.0
        },
        "15": {
            "precision": 0.0,
            "recall": 0.0,
            "f1-score": 0.0,
            "support": 541.0
        },
        "16": {
            "precision": 0.75787728026534,
            "recall": 0.9403292181069959,
            "f1-score": 0.8393021120293848,
            "support": 486.0
        },
        "17": {
            "precision": 0.0,
            "recall": 0.0,
            "f1-score": 0.0,
            "support": 490.0
        },
        "18": {
            "precision": 0.0,
            "recall": 0.0,
            "f1-score": 0.0,
            "support": 340.0
        },
        "19": {
            "precision": 0.7476635514018691,
            "recall": 0.8658008658008658,
            "f1-score": 0.802407221664995,
            "support": 462.0
        },
        "20": {
            "precision": 0.9567198177676538,
            "recall": 0.9610983981693364,
            "f1-score": 0.958904109589041,
            "support": 437.0
        },
        "21": {
            "precision": 0.9652173913043478,
            "recall": 0.2883116883116883,
            "f1-score": 0.444,
            "support": 385.0
        },
        "22": {
            "precision": 0.6528735632183909,
            "recall": 0.8427299703264095,
            "f1-score": 0.7357512953367875,
            "support": 337.0
        },
        "23": {
            "precision": 0.38578088578088576,
            "recall": 0.976401179941003,
            "f1-score": 0.5530492898913951,
            "support": 339.0
        },
        "24": {
            "precision": 0.5868347338935574,
            "recall": 0.9208791208791208,
            "f1-score": 0.716852010265184,
            "support": 910.0
        },
        "25": {
            "precision": 0.34149484536082475,
            "recall": 0.5135658914728682,
            "f1-score": 0.4102167182662539,
            "support": 516.0
        },
        "26": {
            "precision": 0.9941520467836257,
            "recall": 0.7870370370370371,
            "f1-score": 0.8785529715762274,
            "support": 432.0
        },
        "27": {
            "precision": 0.8314176245210728,
            "recall": 0.5425,
            "f1-score": 0.6565809379727685,
            "support": 400.0
        },
        "28": {
            "precision": 0.394169835234474,
            "recall": 0.8543956043956044,
            "f1-score": 0.5394622723330442,
            "support": 364.0
        },
        "29": {
            "precision": 0.8048780487804879,
            "recall": 0.9355670103092784,
            "f1-score": 0.865315852205006,
            "support": 388.0
        },
        "30": {
            "precision": 1.0,
            "recall": 0.003590664272890485,
            "f1-score": 0.007155635062611807,
            "support": 557.0
        },
        "31": {
            "precision": 0.9175824175824175,
            "recall": 0.9579349904397706,
            "f1-score": 0.9373246024321796,
            "support": 523.0
        },
        "32": {
            "precision": 0.10857356795207787,
            "recall": 0.8895705521472392,
            "f1-score": 0.19352686019352686,
            "support": 652.0
        },
        "33": {
            "precision": 0.0694980694980695,
            "recall": 0.05113636363636364,
            "f1-score": 0.058919803600654665,
            "support": 352.0
        },
        "34": {
            "precision": 0.5519176800748363,
            "recall": 0.9007633587786259,
            "f1-score": 0.6844547563805105,
            "support": 655.0
        },
        "35": {
            "precision": 0.906060606060606,
            "recall": 0.6242171189979123,
            "f1-score": 0.7391841779975278,
            "support": 479.0
        },
        "36": {
            "precision": 0.9465648854961832,
            "recall": 0.6034063260340633,
            "f1-score": 0.736998514115899,
            "support": 822.0
        },
        "37": {
            "precision": 0.9927745664739884,
            "recall": 0.9308943089430894,
            "f1-score": 0.9608391608391609,
            "support": 738.0
        },
        "38": {
            "precision": 0.0,
            "recall": 0.0,
            "f1-score": 0.0,
            "support": 720.0
        },
        "39": {
            "precision": 0.6462093862815884,
            "recall": 0.24826629680998613,
            "f1-score": 0.3587174348697395,
            "support": 721.0
        },
        "40": {
            "precision": 0.3688888888888889,
            "recall": 0.867595818815331,
            "f1-score": 0.5176715176715176,
            "support": 574.0
        },
        "41": {
            "precision": 0.9897172236503856,
            "recall": 0.4935897435897436,
            "f1-score": 0.6586826347305389,
            "support": 780.0
        },
        "42": {
            "precision": 0.2727272727272727,
            "recall": 0.01348314606741573,
            "f1-score": 0.02569593147751606,
            "support": 445.0
        },
        "43": {
            "precision": 0.0,
            "recall": 0.0,
            "f1-score": 0.0,
            "support": 468.0
        },
        "44": {
            "precision": 0.0,