{
    "acc1": 0.5257873117298038,
    "acc5": [
        0.7026471930625285
    ],
    "mean_per_class_recall": 0.5091259443561594,
    "classification_report": {
        "0": {
            "precision": 0.7991803278688525,
            "recall": 0.7587548638132295,
            "f1-score": 0.7784431137724551,
            "support": 514.0
        },
        "1": {
            "precision": 0.0,
            "recall": 0.0,
            "f1-score": 0.0,
            "support": 494.0
        },
        "2": {
            "precision": 0.9452054794520548,
            "recall": 0.8571428571428571,
            "f1-score": 0.8990228013029316,
            "support": 483.0
        },
        "3": {
            "precision": 0.4166666666666667,
            "recall": 0.04608294930875576,
            "f1-score": 0.08298755186721991,
            "support": 651.0
        },
        "4": {
            "precision": 0.5885650224215246,
            "recall": 0.7766272189349113,
            "f1-score": 0.6696428571428571,
            "support": 676.0
        },
        "5": {
            "precision": 0.0,
            "recall": 0.0,
            "f1-score": 0.0,
            "support": 364.0
        },
        "6": {
            "precision": 0.2224334600760456,
            "recall": 0.9790794979079498,
            "f1-score": 0.3625096824167312,
            "support": 717.0
        },
        "7": {
            "precision": 0.0,
            "recall": 0.0,
            "f1-score": 0.0,
            "support": 429.0
        },
        "8": {
            "precision": 0.0,
            "recall": 0.0,
            "f1-score": 0.0,
            "support": 619.0
        },
        "9": {
            "precision": 0.9479553903345725,
            "recall": 0.9845559845559846,
            "f1-score": 0.9659090909090909,
            "support": 518.0
        },
        "10": {
            "precision": 1.0,
            "recall": 0.19187358916478556,
            "f1-score": 0.32196969696969696,
            "support": 443.0
        },
        "11": {
            "precision": 0.0,
            "recall": 0.0,
            "f1-score": 0.0,
            "support": 464.0
        },
        "12": {
            "precision": 0.5,
            "recall": 0.007874015748031496,
            "f1-score": 0.015503875968992248,
            "support": 381.0
        },
        "13": {
            "precision": 0.058823529411764705,
            "recall": 0.0022222222222222222,
            "f1-score": 0.004282655246252677,
            "support": 450.0
        },
        "14": {
            "precision": 0.9142480211081794,
            "recall": 0.9914163090128756,
            "f1-score": 0.9512697323266986,
            "support": 699.0
        },
        "15": {
            "precision": 0.0,
            "recall": 0.0,
            "f1-score": 0.0,
            "support": 541.0
        },
        "16": {
            "precision": 0.8268551236749117,
            "recall": 0.9629629629629629,
            "f1-score": 0.8897338403041825,
            "support": 486.0
        },
        "17": {
            "precision": 0.0,
            "recall": 0.0,
            "f1-score": 0.0,
            "support": 490.0
        },
        "18": {
            "precision": 0.0,
            "recall": 0.0,
            "f1-score": 0.0,
            "support": 340.0
        },
        "19": {
            "precision": 0.7456445993031359,
            "recall": 0.9264069264069265,
            "f1-score": 0.8262548262548263,
            "support": 462.0
        },
        "20": {
            "precision": 0.8336557059961315,
            "recall": 0.9862700228832952,
            "f1-score": 0.9035639412997903,
            "support": 437.0
        },
        "21": {
            "precision": 0.954248366013072,
            "recall": 0.37922077922077924,
            "f1-score": 0.5427509293680297,
            "support": 385.0
        },
        "22": {
            "precision": 0.89568345323741,
            "recall": 0.7388724035608308,
            "f1-score": 0.8097560975609757,
            "support": 337.0
        },
        "23": {
            "precision": 0.3293768545994065,
            "recall": 0.9823008849557522,
            "f1-score": 0.49333333333333335,
            "support": 339.0
        },
        "24": {
            "precision": 0.909933774834437,
            "recall": 0.7549450549450549,
            "f1-score": 0.8252252252252252,
            "support": 910.0
        },
        "25": {
            "precision": 0.1933644375324002,
            "recall": 0.7228682170542635,
            "f1-score": 0.3051124744376278,
            "support": 516.0
        },
        "26": {
            "precision": 0.8277404921700223,
            "recall": 0.8564814814814815,
            "f1-score": 0.8418657565415245,
            "support": 432.0
        },
        "27": {
            "precision": 0.9090909090909091,
            "recall": 0.575,
            "f1-score": 0.7044410413476263,
            "support": 400.0
        },
        "28": {
            "precision": 0.2095846645367412,
            "recall": 0.9010989010989011,
            "f1-score": 0.34007257646448935,
            "support": 364.0
        },
        "29": {
            "precision": 0.8611764705882353,
            "recall": 0.9432989690721649,
            "f1-score": 0.9003690036900369,
            "support": 388.0
        },
        "30": {
            "precision": 0.52,
            "recall": 0.02333931777378815,
            "f1-score": 0.044673539518900345,
            "support": 557.0
        },
        "31": {
            "precision": 0.9720930232558139,
            "recall": 0.7992351816443595,
            "f1-score": 0.8772298006295908,
            "support": 523.0
        },
        "32": {
            "precision": 0.19442601194426012,
            "recall": 0.8987730061349694,
            "f1-score": 0.31969448990725585,
            "support": 652.0
        },
        "33": {
            "precision": 0.16666666666666666,
            "recall": 0.005681818181818182,
            "f1-score": 0.01098901098901099,
            "support": 352.0
        },
        "34": {
            "precision": 0.9598214285714286,
            "recall": 0.6564885496183206,
            "f1-score": 0.7796917497733454,
            "support": 655.0
        },
        "35": {
            "precision": 0.5737704918032787,
            "recall": 0.8768267223382046,
            "f1-score": 0.6936416184971098,
            "support": 479.0
        },
        "36": {
            "precision": 0.7886178861788617,
            "recall": 0.708029197080292,
            "f1-score": 0.7461538461538462,
            "support": 822.0
        },
        "37": {
            "precision": 0.9707927677329624,
            "recall": 0.94579945799458,
            "f1-score": 0.9581331503088538,
            "support": 738.0
        },
        "38": {
            "precision": 0.0,
            "recall": 0.0,
            "f1-score": 0.0,
            "support": 720.0
        },
        "39": {
            "precision": 0.5049833887043189,
            "recall": 0.21081830790568654,
            "f1-score": 0.2974559686888454,
            "support": 721.0
        },
        "40": {
            "precision": 0.3419354838709677,
            "recall": 0.6463414634146342,
            "f1-score": 0.4472573839662447,
            "support": 574.0
        },
        "41": {
            "precision": 0.9563758389261745,
            "recall": 0.7307692307692307,
            "f1-score": 0.8284883720930233,
            "support": 780.0
        },
        "42": {
            "precision": 0.4,
            "recall": 0.0044943820224719105,
            "f1-score": 0.008888888888888889,
            "support": 445.0
        },
        "43": {
            "precision": 0.0,
            "recall": 0.0,
            "f1-score": 0.0,
            "support": 468.0
        },
        "44": {
            "precision": 0.02564102564102564,
            "recall": 0.0017953321364452424,