{
    "acc1": 0.5780759658045667,
    "acc5": [
        0.7919056379179742
    ],
    "mean_per_class_recall": 0.5795661727520962,
    "classification_report": {
        "0": {
            "precision": 0.0,
            "recall": 0.0,
            "f1-score": 0.0,
            "support": 441.0
        },
        "1": {
            "precision": 0.9180790960451978,
            "recall": 0.8620689655172413,
            "f1-score": 0.8891928864569083,
            "support": 377.0
        },
        "2": {
            "precision": 0.771900826446281,
            "recall": 0.9453441295546559,
            "f1-score": 0.8498635122838945,
            "support": 494.0
        },
        "3": {
            "precision": 0.7924528301886793,
            "recall": 0.5534407027818448,
            "f1-score": 0.6517241379310345,
            "support": 683.0
        },
        "4": {
            "precision": 0.9472361809045227,
            "recall": 0.90625,
            "f1-score": 0.9262899262899262,
            "support": 416.0
        },
        "5": {
            "precision": 0.8862433862433863,
            "recall": 0.9724238026124818,
            "f1-score": 0.9273356401384083,
            "support": 689.0
        },
        "6": {
            "precision": 0.5217391304347826,
            "recall": 0.0997229916897507,
            "f1-score": 0.16744186046511628,
            "support": 361.0
        },
        "7": {
            "precision": 0.4530612244897959,
            "recall": 0.9955156950672646,
            "f1-score": 0.6227208976157083,
            "support": 446.0
        },
        "8": {
            "precision": 0.0,
            "recall": 0.0,
            "f1-score": 0.0,
            "support": 363.0
        },
        "9": {
            "precision": 0.7101631116687579,
            "recall": 0.9758620689655172,
            "f1-score": 0.8220769789397241,
            "support": 580.0
        },
        "10": {
            "precision": 0.0,
            "recall": 0.0,
            "f1-score": 0.0,
            "support": 619.0
        },
        "11": {
            "precision": 0.9848484848484849,
            "recall": 0.8666666666666667,
            "f1-score": 0.9219858156028369,
            "support": 525.0
        },
        "12": {
            "precision": 0.9651162790697675,
            "recall": 0.7950191570881227,
            "f1-score": 0.8718487394957983,
            "support": 522.0
        },
        "13": {
            "precision": 0.5232383808095952,
            "recall": 0.6856581532416502,
            "f1-score": 0.5935374149659864,
            "support": 509.0
        },
        "14": {
            "precision": 0.8591304347826086,
            "recall": 0.5684695051783659,
            "f1-score": 0.6842105263157895,
            "support": 869.0
        },
        "15": {
            "precision": 0.4166666666666667,
            "recall": 0.03273322422258593,
            "f1-score": 0.06069802731411229,
            "support": 611.0
        },
        "16": {
            "precision": 0.39424364123159306,
            "recall": 0.9246467817896389,
            "f1-score": 0.5527921163772876,
            "support": 637.0
        },
        "17": {
            "precision": 0.0,
            "recall": 0.0,
            "f1-score": 0.0,
            "support": 707.0
        },
        "18": {
            "precision": 0.0,
            "recall": 0.0,
            "f1-score": 0.0,
            "support": 593.0
        },
        "19": {
            "precision": 0.8414322250639387,
            "recall": 0.9648093841642229,
            "f1-score": 0.8989071038251366,
            "support": 341.0
        },
        "20": {
            "precision": 0.0,
            "recall": 0.0,
            "f1-score": 0.0,
            "support": 554.0
        },
        "21": {
            "precision": 0.8481421647819063,
            "recall": 0.8649093904448105,
            "f1-score": 0.8564437194127243,
            "support": 607.0
        },
        "22": {
            "precision": 0.9500998003992016,
            "recall": 0.8409893992932862,
            "f1-score": 0.8922211808809747,
            "support": 566.0
        },
        "23": {
            "precision": 0.8350125944584383,
            "recall": 0.8804780876494024,
            "f1-score": 0.8571428571428571,
            "support": 753.0
        },
        "24": {
            "precision": 0.2540156892043332,
            "recall": 0.9645390070921985,
            "f1-score": 0.4021289178001183,
            "support": 705.0
        },
        "25": {
            "precision": 0.2422051513782196,
            "recall": 0.8310077519379845,
            "f1-score": 0.37508747375787266,
            "support": 645.0
        },
        "26": {
            "precision": 0.8652777777777778,
            "recall": 0.8701117318435754,
            "f1-score": 0.8676880222841226,
            "support": 716.0
        },
        "27": {
            "precision": 0.6086956521739131,
            "recall": 0.7945945945945946,
            "f1-score": 0.6893317702227433,
            "support": 370.0
        },
        "28": {
            "precision": 0.0,
            "recall": 0.0,
            "f1-score": 0.0,
            "support": 912.0
        },
        "29": {
            "precision": 0.29198966408268734,
            "recall": 0.2329896907216495,
            "f1-score": 0.2591743119266055,
            "support": 485.0
        },
        "30": {
            "precision": 0.9404990403071017,
            "recall": 0.831918505942275,
            "f1-score": 0.8828828828828829,
            "support": 589.0
        },
        "31": {
            "precision": 0.0,
            "recall": 0.0,
            "f1-score": 0.0,
            "support": 388.0
        },
        "32": {
            "precision": 0.7902298850574713,
            "recall": 0.6723716381418093,
            "f1-score": 0.726552179656539,
            "support": 409.0
        },
        "33": {
            "precision": 0.5787671232876712,
            "recall": 0.6666666666666666,
            "f1-score": 0.6196150320806599,
            "support": 507.0
        },
        "34": {
            "precision": 0.975,
            "recall": 0.9646643109540636,
            "f1-score": 0.9698046181172292,
            "support": 566.0
        },
        "35": {
            "precision": 0.46494464944649444,
            "recall": 0.24091778202676864,
            "f1-score": 0.31738035264483627,
            "support": 523.0
        },
        "36": {
            "precision": 0.7864450127877238,
            "recall": 0.9777424483306836,
            "f1-score": 0.8717221828490432,
            "support": 629.0
        },
        "37": {
            "precision": 0.0,
            "recall": 0.0,
            "f1-score": 0.0,
            "support": 491.0
        },
        "38": {
            "precision": 0.5120481927710844,
            "recall": 0.8049242424242424,
            "f1-score": 0.625920471281296,
            "support": 528.0
        },
        "39": {
            "precision": 0.8220973782771536,
            "recall": 0.8314393939393939,
            "f1-score": 0.8267419962335216,
            "support": 528.0
        },
        "40": {
            "precision": 0.9536082474226805,
            "recall": 0.9414758269720102,
            "f1-score": 0.9475032010243278,
            "support": 393.0
        },
        "41": {
            "precision": 0.125,
            "recall": 0.001358695652173913,
            "f1-score": 0.002688172043010753,
            "support": 736.0
        },
        "42": {
            "precision": 0.9668874172185431,
            "recall": 0.8575624082232012,
            "f1-score": 0.9089494163424124,
            "support": 681.0
        },
        "43": {
            "precision": 0.17192060712200818,
            "recall": 0.9484702093397746,
            "f1-score": 0.29107981220657275,
            "support": 621.0
        },