{
    "acc1": 0.5974822349673556,
    "acc5": [
        0.7909317173466075
    ],
    "mean_per_class_recall": 0.6040115317064417,
    "classification_report": {
        "0": {
            "precision": 0.0,
            "recall": 0.0,
            "f1-score": 0.0,
            "support": 441.0
        },
        "1": {
            "precision": 0.8885941644562334,
            "recall": 0.8885941644562334,
            "f1-score": 0.8885941644562334,
            "support": 377.0
        },
        "2": {
            "precision": 0.7726523887973641,
            "recall": 0.9493927125506073,
            "f1-score": 0.851952770208901,
            "support": 494.0
        },
        "3": {
            "precision": 0.7045454545454546,
            "recall": 0.7715959004392386,
            "f1-score": 0.7365478686233403,
            "support": 683.0
        },
        "4": {
            "precision": 0.9712041884816754,
            "recall": 0.8918269230769231,
            "f1-score": 0.9298245614035088,
            "support": 416.0
        },
        "5": {
            "precision": 0.8878627968337731,
            "recall": 0.97677793904209,
            "f1-score": 0.9302004146510021,
            "support": 689.0
        },
        "6": {
            "precision": 0.5416666666666666,
            "recall": 0.18005540166204986,
            "f1-score": 0.2702702702702703,
            "support": 361.0
        },
        "7": {
            "precision": 0.45121951219512196,
            "recall": 0.9955156950672646,
            "f1-score": 0.620979020979021,
            "support": 446.0
        },
        "8": {
            "precision": 0.25,
            "recall": 0.0027548209366391185,
            "f1-score": 0.005449591280653951,
            "support": 363.0
        },
        "9": {
            "precision": 0.8544891640866873,
            "recall": 0.9517241379310345,
            "f1-score": 0.9004893964110929,
            "support": 580.0
        },
        "10": {
            "precision": 0.0,
            "recall": 0.0,
            "f1-score": 0.0,
            "support": 619.0
        },
        "11": {
            "precision": 0.9748427672955975,
            "recall": 0.8857142857142857,
            "f1-score": 0.9281437125748503,
            "support": 525.0
        },
        "12": {
            "precision": 0.9290187891440501,
            "recall": 0.8524904214559387,
            "f1-score": 0.8891108891108891,
            "support": 522.0
        },
        "13": {
            "precision": 0.7311411992263056,
            "recall": 0.7426326129666012,
            "f1-score": 0.7368421052631579,
            "support": 509.0
        },
        "14": {
            "precision": 0.8476190476190476,
            "recall": 0.30724971231300346,
            "f1-score": 0.4510135135135135,
            "support": 869.0
        },
        "15": {
            "precision": 0.6579804560260586,
            "recall": 0.33060556464811786,
            "f1-score": 0.4400871459694989,
            "support": 611.0
        },
        "16": {
            "precision": 0.33120340788072417,
            "recall": 0.9764521193092621,
            "f1-score": 0.49463220675944336,
            "support": 637.0
        },
        "17": {
            "precision": 0.0,
            "recall": 0.0,
            "f1-score": 0.0,
            "support": 707.0
        },
        "18": {
            "precision": 0.0,
            "recall": 0.0,
            "f1-score": 0.0,
            "support": 593.0
        },
        "19": {
            "precision": 0.8401015228426396,
            "recall": 0.9706744868035191,
            "f1-score": 0.9006802721088435,
            "support": 341.0
        },
        "20": {
            "precision": 0.0,
            "recall": 0.0,
            "f1-score": 0.0,
            "support": 554.0
        },
        "21": {
            "precision": 0.8590381426202321,
            "recall": 0.8533772652388797,
            "f1-score": 0.856198347107438,
            "support": 607.0
        },
        "22": {
            "precision": 0.9743589743589743,
            "recall": 0.8056537102473498,
            "f1-score": 0.8820116054158608,
            "support": 566.0
        },
        "23": {
            "precision": 0.8507653061224489,
            "recall": 0.8857901726427623,
            "f1-score": 0.8679245283018868,
            "support": 753.0
        },
        "24": {
            "precision": 0.3891509433962264,
            "recall": 0.9361702127659575,
            "f1-score": 0.5497709287796751,
            "support": 705.0
        },
        "25": {
            "precision": 0.22766834631241412,
            "recall": 0.7705426356589147,
            "f1-score": 0.35148514851485146,
            "support": 645.0
        },
        "26": {
            "precision": 0.7265711135611908,
            "recall": 0.9203910614525139,
            "f1-score": 0.8120764017252002,
            "support": 716.0
        },
        "27": {
            "precision": 0.5061728395061729,
            "recall": 0.8864864864864865,
            "f1-score": 0.6444007858546169,
            "support": 370.0
        },
        "28": {
            "precision": 0.0,
            "recall": 0.0,
            "f1-score": 0.0,
            "support": 912.0
        },
        "29": {
            "precision": 0.3257261410788382,
            "recall": 0.3237113402061856,
            "f1-score": 0.3247156153050672,
            "support": 485.0
        },
        "30": {
            "precision": 0.926829268292683,
            "recall": 0.8387096774193549,
            "f1-score": 0.8805704099821747,
            "support": 589.0
        },
        "31": {
            "precision": 0.0,
            "recall": 0.0,
            "f1-score": 0.0,
            "support": 388.0
        },
        "32": {
            "precision": 0.9141630901287554,
            "recall": 0.5207823960880196,
            "f1-score": 0.6635514018691588,
            "support": 409.0
        },
        "33": {
            "precision": 0.5025316455696203,
            "recall": 0.7830374753451677,
            "f1-score": 0.6121819583654587,
            "support": 507.0
        },
        "34": {
            "precision": 0.9733570159857904,
            "recall": 0.9681978798586572,
            "f1-score": 0.970770593445527,
            "support": 566.0
        },
        "35": {
            "precision": 0.37174721189591076,
            "recall": 0.19120458891013384,
            "f1-score": 0.25252525252525254,
            "support": 523.0
        },
        "36": {
            "precision": 0.7325443786982249,
            "recall": 0.9841017488076311,
            "f1-score": 0.8398914518317503,
            "support": 629.0
        },
        "37": {
            "precision": 0.0,
            "recall": 0.0,
            "f1-score": 0.0,
            "support": 491.0
        },
        "38": {
            "precision": 0.5385656292286874,
            "recall": 0.7537878787878788,
            "f1-score": 0.6282557221783741,
            "support": 528.0
        },
        "39": {
            "precision": 0.8223443223443223,
            "recall": 0.8503787878787878,
            "f1-score": 0.8361266294227188,
            "support": 528.0
        },
        "40": {
            "precision": 0.8958837772397095,
            "recall": 0.9414758269720102,
            "f1-score": 0.9181141439205955,
            "support": 393.0
        },
        "41": {
            "precision": 0.1,
            "recall": 0.001358695652173913,
            "f1-score": 0.002680965147453083,
            "support": 736.0
        },
        "42": {
            "precision": 0.9788732394366197,
            "recall": 0.8164464023494861,
            "f1-score": 0.8903122497998399,
            "support": 681.0
        },
        "43": {
            "precision": 0.1810079901659496,
            "recall": 0.9484702093397746,
            "f1-score": 0.304,
            "support": 621.0
        },