{
    "acc1": 0.4666110486415902,
    "acc5": [
        0.7546156915375966
    ],
    "mean_per_class_recall": 0.44747288685953757,
    "classification_report": {
        "0": {
            "precision": 0.0,
            "recall": 0.0,
            "f1-score": 0.0,
            "support": 382.0
        },
        "1": {
            "precision": 0.0,
            "recall": 0.0,
            "f1-score": 0.0,
            "support": 619.0
        },
        "2": {
            "precision": 0.9358974358974359,
            "recall": 0.16898148148148148,
            "f1-score": 0.28627450980392155,
            "support": 432.0
        },
        "3": {
            "precision": 0.9782608695652174,
            "recall": 0.3294289897510981,
            "f1-score": 0.4928806133625411,
            "support": 683.0
        },
        "4": {
            "precision": 0.29098966026587886,
            "recall": 0.2897058823529412,
            "f1-score": 0.290346352247605,
            "support": 680.0
        },
        "5": {
            "precision": 0.42105263157894735,
            "recall": 0.9585253456221198,
            "f1-score": 0.5850914205344585,
            "support": 434.0
        },
        "6": {
            "precision": 0.012903225806451613,
            "recall": 0.004750593824228029,
            "f1-score": 0.006944444444444444,
            "support": 421.0
        },
        "7": {
            "precision": 0.0,
            "recall": 0.0,
            "f1-score": 0.0,
            "support": 430.0
        },
        "8": {
            "precision": 0.9482758620689655,
            "recall": 0.7746478873239436,
            "f1-score": 0.8527131782945736,
            "support": 497.0
        },
        "9": {
            "precision": 0.2717391304347826,
            "recall": 0.06544502617801047,
            "f1-score": 0.10548523206751055,
            "support": 382.0
        },
        "10": {
            "precision": 0.0,
            "recall": 0.0,
            "f1-score": 0.0,
            "support": 447.0
        },
        "11": {
            "precision": 0.9568965517241379,
            "recall": 0.5388349514563107,
            "f1-score": 0.6894409937888198,
            "support": 412.0
        },
        "12": {
            "precision": 0.6261467889908257,
            "recall": 0.4883720930232558,
            "f1-score": 0.5487437185929648,
            "support": 559.0
        },
        "13": {
            "precision": 0.21428571428571427,
            "recall": 0.014669926650366748,
            "f1-score": 0.02745995423340961,
            "support": 409.0
        },
        "14": {
            "precision": 0.9858870967741935,
            "recall": 0.9367816091954023,
            "f1-score": 0.9607072691552063,
            "support": 522.0
        },
        "15": {
            "precision": 0.12829736211031176,
            "recall": 0.1963302752293578,
            "f1-score": 0.1551849166062364,
            "support": 545.0
        },
        "16": {
            "precision": 0.25225225225225223,
            "recall": 0.23140495867768596,
            "f1-score": 0.2413793103448276,
            "support": 363.0
        },
        "17": {
            "precision": 0.05555555555555555,
            "recall": 0.0017574692442882249,
            "f1-score": 0.0034071550255536627,
            "support": 569.0
        },
        "18": {
            "precision": 0.3333333333333333,
            "recall": 0.017374517374517374,
            "f1-score": 0.03302752293577982,
            "support": 518.0
        },
        "19": {
            "precision": 0.27378048780487807,
            "recall": 0.9911699779249448,
            "f1-score": 0.4290492116579073,
            "support": 453.0
        },
        "20": {
            "precision": 0.7663551401869159,
            "recall": 0.20759493670886076,
            "f1-score": 0.32669322709163345,
            "support": 395.0
        },
        "21": {
            "precision": 0.631578947368421,
            "recall": 0.07792207792207792,
            "f1-score": 0.13872832369942195,
            "support": 616.0
        },
        "22": {
            "precision": 0.49379652605459057,
            "recall": 0.7425373134328358,
            "f1-score": 0.5931445603576752,
            "support": 536.0
        },
        "23": {
            "precision": 0.8196078431372549,
            "recall": 0.9139941690962099,
            "f1-score": 0.8642315644383184,
            "support": 686.0
        },
        "24": {
            "precision": 0.9537444933920705,
            "recall": 0.9908466819221968,
            "f1-score": 0.9719416386083053,
            "support": 437.0
        },
        "25": {
            "precision": 0.15845070422535212,
            "recall": 0.8256880733944955,
            "f1-score": 0.2658788774002954,
            "support": 654.0
        },
        "26": {
            "precision": 0.8539765319426337,
            "recall": 0.9451659451659452,
            "f1-score": 0.8972602739726028,
            "support": 693.0
        },
        "27": {
            "precision": 0.2913907284768212,
            "recall": 0.1864406779661017,
            "f1-score": 0.22739018087855298,
            "support": 708.0
        },
        "28": {
            "precision": 0.8338028169014085,
            "recall": 0.6205450733752621,
            "f1-score": 0.7115384615384616,
            "support": 477.0
        },
        "29": {
            "precision": 0.0,
            "recall": 0.0,
            "f1-score": 0.0,
            "support": 564.0
        },
        "30": {
            "precision": 0.004830917874396135,
            "recall": 0.0017331022530329288,
            "f1-score": 0.002551020408163265,
            "support": 577.0
        },
        "31": {
            "precision": 0.1978021978021978,
            "recall": 0.03821656050955414,
            "f1-score": 0.06405693950177936,
            "support": 471.0
        },
        "32": {
            "precision": 0.89280868385346,
            "recall": 0.8014616321559074,
            "f1-score": 0.8446726572528883,
            "support": 821.0
        },
        "33": {
            "precision": 0.8174273858921162,
            "recall": 0.8995433789954338,
            "f1-score": 0.8565217391304348,
            "support": 657.0
        },
        "34": {
            "precision": 0.9430604982206405,
            "recall": 0.47833935018050544,
            "f1-score": 0.6347305389221557,
            "support": 554.0
        },
        "35": {
            "precision": 0.2623394185260311,
            "recall": 0.622792937399679,
            "f1-score": 0.3691722169362512,
            "support": 623.0
        },
        "36": {
            "precision": 0.884393063583815,
            "recall": 0.4587706146926537,
            "f1-score": 0.6041461006910168,
            "support": 667.0
        },
        "37": {
            "precision": 0.7442455242966752,
            "recall": 0.9136577708006279,
            "f1-score": 0.8202959830866807,
            "support": 637.0
        },
        "38": {
            "precision": 0.9360655737704918,
            "recall": 0.9810996563573883,
            "f1-score": 0.9580536912751678,
            "support": 582.0
        },
        "39": {
            "precision": 0.8491735537190083,
            "recall": 0.6391912908242613,
            "f1-score": 0.7293700088731144,
            "support": 643.0
        },
        "40": {
            "precision": 0.24578866768759572,
            "recall": 0.4969040247678019,
            "f1-score": 0.32889344262295084,
            "support": 646.0
        },
        "41": {
            "precision": 0.7859531772575251,
            "recall": 0.8801498127340824,
            "f1-score": 0.8303886925795053,
            "support": 534.0
        },
        "42": {
            "precision": 0.8935018050541517,
            "recall": 0.94106463878327,
            "f1-score": 0.9166666666666666,