{
    "acc1": 0.4989350372736954,
    "acc5": [
        0.7306024646280237
    ],
    "mean_per_class_recall": 0.485718114378341,
    "classification_report": {
        "0": {
            "precision": 0.8629629629629629,
            "recall": 0.9066147859922179,
            "f1-score": 0.8842504743833017,
            "support": 514.0
        },
        "1": {
            "precision": 0.0,
            "recall": 0.0,
            "f1-score": 0.0,
            "support": 494.0
        },
        "2": {
            "precision": 0.8827586206896552,
            "recall": 0.7950310559006211,
            "f1-score": 0.8366013071895425,
            "support": 483.0
        },
        "3": {
            "precision": 0.4532710280373832,
            "recall": 0.2980030721966206,
            "f1-score": 0.35959221501390176,
            "support": 651.0
        },
        "4": {
            "precision": 0.17763157894736842,
            "recall": 0.03994082840236687,
            "f1-score": 0.06521739130434782,
            "support": 676.0
        },
        "5": {
            "precision": 0.0,
            "recall": 0.0,
            "f1-score": 0.0,
            "support": 364.0
        },
        "6": {
            "precision": 0.30504689593568557,
            "recall": 0.9525801952580195,
            "f1-score": 0.4621109607577808,
            "support": 717.0
        },
        "7": {
            "precision": 0.05263157894736842,
            "recall": 0.002331002331002331,
            "f1-score": 0.004464285714285714,
            "support": 429.0
        },
        "8": {
            "precision": 0.0,
            "recall": 0.0,
            "f1-score": 0.0,
            "support": 619.0
        },
        "9": {
            "precision": 0.9157706093189965,
            "recall": 0.9864864864864865,
            "f1-score": 0.949814126394052,
            "support": 518.0
        },
        "10": {
            "precision": 0.9375,
            "recall": 0.033860045146726865,
            "f1-score": 0.06535947712418301,
            "support": 443.0
        },
        "11": {
            "precision": 0.0,
            "recall": 0.0,
            "f1-score": 0.0,
            "support": 464.0
        },
        "12": {
            "precision": 0.8484848484848485,
            "recall": 0.07349081364829396,
            "f1-score": 0.13526570048309178,
            "support": 381.0
        },
        "13": {
            "precision": 0.09090909090909091,
            "recall": 0.0022222222222222222,
            "f1-score": 0.004338394793926247,
            "support": 450.0
        },
        "14": {
            "precision": 0.7979334098737084,
            "recall": 0.994277539341917,
            "f1-score": 0.8853503184713376,
            "support": 699.0
        },
        "15": {
            "precision": 0.2391304347826087,
            "recall": 0.02033271719038817,
            "f1-score": 0.03747870528109029,
            "support": 541.0
        },
        "16": {
            "precision": 0.7495854063018242,
            "recall": 0.9300411522633745,
            "f1-score": 0.830119375573921,
            "support": 486.0
        },
        "17": {
            "precision": 0.0,
            "recall": 0.0,
            "f1-score": 0.0,
            "support": 490.0
        },
        "18": {
            "precision": 0.0,
            "recall": 0.0,
            "f1-score": 0.0,
            "support": 340.0
        },
        "19": {
            "precision": 0.3195121951219512,
            "recall": 0.8506493506493507,
            "f1-score": 0.4645390070921986,
            "support": 462.0
        },
        "20": {
            "precision": 0.687797147385103,
            "recall": 0.9931350114416476,
            "f1-score": 0.8127340823970037,
            "support": 437.0
        },
        "21": {
            "precision": 0.8590604026845637,
            "recall": 0.6649350649350649,
            "f1-score": 0.7496339677891655,
            "support": 385.0
        },
        "22": {
            "precision": 0.9555555555555556,
            "recall": 0.12759643916913946,
            "f1-score": 0.225130890052356,
            "support": 337.0
        },
        "23": {
            "precision": 0.36824324324324326,
            "recall": 0.9646017699115044,
            "f1-score": 0.5330073349633252,
            "support": 339.0
        },
        "24": {
            "precision": 0.7958937198067633,
            "recall": 0.7241758241758242,
            "f1-score": 0.7583429228998849,
            "support": 910.0
        },
        "25": {
            "precision": 0.2002218524681087,
            "recall": 0.6996124031007752,
            "f1-score": 0.31134109529969817,
            "support": 516.0
        },
        "26": {
            "precision": 0.9551282051282052,
            "recall": 0.3449074074074074,
            "f1-score": 0.5068027210884354,
            "support": 432.0
        },
        "27": {
            "precision": 0.4154761904761905,
            "recall": 0.8725,
            "f1-score": 0.5629032258064516,
            "support": 400.0
        },
        "28": {
            "precision": 0.38408304498269896,
            "recall": 0.9148351648351648,
            "f1-score": 0.5410235580828595,
            "support": 364.0
        },
        "29": {
            "precision": 0.6613861386138614,
            "recall": 0.8608247422680413,
            "f1-score": 0.748040313549832,
            "support": 388.0
        },
        "30": {
            "precision": 0.7777777777777778,
            "recall": 0.012567324955116697,
            "f1-score": 0.024734982332155476,
            "support": 557.0
        },
        "31": {
            "precision": 0.9363057324840764,
            "recall": 0.8432122370936902,
            "f1-score": 0.8873239436619719,
            "support": 523.0
        },
        "32": {
            "precision": 0.1602951039570758,
            "recall": 0.7331288343558282,
            "f1-score": 0.26307099614749585,
            "support": 652.0
        },
        "33": {
            "precision": 0.3,
            "recall": 0.008522727272727272,
            "f1-score": 0.016574585635359115,
            "support": 352.0
        },
        "34": {
            "precision": 0.8679577464788732,
            "recall": 0.7526717557251908,
            "f1-score": 0.8062142273098937,
            "support": 655.0
        },
        "35": {
            "precision": 0.3704819277108434,
            "recall": 0.7703549060542797,
            "f1-score": 0.5003389830508475,
            "support": 479.0
        },
        "36": {
            "precision": 0.5732824427480916,
            "recall": 0.9136253041362531,
            "f1-score": 0.7045028142589118,
            "support": 822.0
        },
        "37": {
            "precision": 0.986822840409956,
            "recall": 0.9132791327913279,
            "f1-score": 0.9486277269528501,
            "support": 738.0
        },
        "38": {
            "precision": 0.0,
            "recall": 0.0,
            "f1-score": 0.0,
            "support": 720.0
        },
        "39": {
            "precision": 0.29508196721311475,
            "recall": 0.024965325936199722,
            "f1-score": 0.04603580562659847,
            "support": 721.0
        },
        "40": {
            "precision": 0.3277216610549944,
            "recall": 0.5087108013937283,
            "f1-score": 0.3986348122866894,
            "support": 574.0
        },
        "41": {
            "precision": 0.8798955613577023,
            "recall": 0.43205128205128207,
            "f1-score": 0.5795356835769562,
            "support": 780.0
        },
        "42": {
            "precision": 0.5,
            "recall": 0.011235955056179775,
            "f1-score": 0.02197802197802198,
            "support": 445.0
        },
        "43": {
            "precision": 0.3446601941747573,
            "recall": 0.1517094017094017,