{
    "acc1": 0.43893503572853565,
    "acc5": [
        0.7076789147230585
    ],
    "mean_per_class_recall": 0.4206639667072796,
    "classification_report": {
        "0": {
            "precision": 0.8082191780821918,
            "recall": 0.1544502617801047,
            "f1-score": 0.25934065934065936,
            "support": 382.0
        },
        "1": {
            "precision": 0.04,
            "recall": 0.006462035541195477,
            "f1-score": 0.011126564673157162,
            "support": 619.0
        },
        "2": {
            "precision": 0.7368421052631579,
            "recall": 0.22685185185185186,
            "f1-score": 0.34690265486725663,
            "support": 432.0
        },
        "3": {
            "precision": 0.7532467532467533,
            "recall": 0.2547584187408492,
            "f1-score": 0.38074398249452956,
            "support": 683.0
        },
        "4": {
            "precision": 0.14568989259157256,
            "recall": 0.7779411764705882,
            "f1-score": 0.24541869635815355,
            "support": 680.0
        },
        "5": {
            "precision": 0.25598904859685145,
            "recall": 0.8617511520737328,
            "f1-score": 0.39472295514511874,
            "support": 434.0
        },
        "6": {
            "precision": 0.018912529550827423,
            "recall": 0.019002375296912115,
            "f1-score": 0.018957345971563982,
            "support": 421.0
        },
        "7": {
            "precision": 0.014619883040935672,
            "recall": 0.011627906976744186,
            "f1-score": 0.012953367875647668,
            "support": 430.0
        },
        "8": {
            "precision": 0.9183673469387755,
            "recall": 0.8148893360160966,
            "f1-score": 0.8635394456289979,
            "support": 497.0
        },
        "9": {
            "precision": 0.4358974358974359,
            "recall": 0.04450261780104712,
            "f1-score": 0.08076009501187649,
            "support": 382.0
        },
        "10": {
            "precision": 0.0017391304347826088,
            "recall": 0.0022371364653243847,
            "f1-score": 0.0019569471624266144,
            "support": 447.0
        },
        "11": {
            "precision": 0.801980198019802,
            "recall": 0.7864077669902912,
            "f1-score": 0.7941176470588235,
            "support": 412.0
        },
        "12": {
            "precision": 0.5131578947368421,
            "recall": 0.20930232558139536,
            "f1-score": 0.29733163913595934,
            "support": 559.0
        },
        "13": {
            "precision": 0.05263157894736842,
            "recall": 0.0024449877750611247,
            "f1-score": 0.004672897196261682,
            "support": 409.0
        },
        "14": {
            "precision": 0.9974811083123426,
            "recall": 0.7586206896551724,
            "f1-score": 0.8618063112078346,
            "support": 522.0
        },
        "15": {
            "precision": 0.052941176470588235,
            "recall": 0.01651376146788991,
            "f1-score": 0.025174825174825177,
            "support": 545.0
        },
        "16": {
            "precision": 0.1906474820143885,
            "recall": 0.14600550964187328,
            "f1-score": 0.16536661466458658,
            "support": 363.0
        },
        "17": {
            "precision": 0.21825396825396826,
            "recall": 0.09666080843585237,
            "f1-score": 0.13398294762484775,
            "support": 569.0
        },
        "18": {
            "precision": 0.045454545454545456,
            "recall": 0.0019305019305019305,
            "f1-score": 0.003703703703703704,
            "support": 518.0
        },
        "19": {
            "precision": 0.6944444444444444,
            "recall": 0.8830022075055187,
            "f1-score": 0.7774538386783285,
            "support": 453.0
        },
        "20": {
            "precision": 0.6,
            "recall": 0.0379746835443038,
            "f1-score": 0.07142857142857142,
            "support": 395.0
        },
        "21": {
            "precision": 0.14979757085020243,
            "recall": 0.060064935064935064,
            "f1-score": 0.08574739281575898,
            "support": 616.0
        },
        "22": {
            "precision": 0.5629370629370629,
            "recall": 0.3003731343283582,
            "f1-score": 0.39172749391727496,
            "support": 536.0
        },
        "23": {
            "precision": 0.7270718232044199,
            "recall": 0.9591836734693877,
            "f1-score": 0.8271527341294783,
            "support": 686.0
        },
        "24": {
            "precision": 0.8852459016393442,
            "recall": 0.988558352402746,
            "f1-score": 0.9340540540540541,
            "support": 437.0
        },
        "25": {
            "precision": 0.15109509287496534,
            "recall": 0.8333333333333334,
            "f1-score": 0.25580849565829616,
            "support": 654.0
        },
        "26": {
            "precision": 0.8271144278606966,
            "recall": 0.9595959595959596,
            "f1-score": 0.8884435537742151,
            "support": 693.0
        },
        "27": {
            "precision": 0.22316684378320936,
            "recall": 0.2966101694915254,
            "f1-score": 0.2546998180715585,
            "support": 708.0
        },
        "28": {
            "precision": 0.641726618705036,
            "recall": 0.9350104821802935,
            "f1-score": 0.7610921501706485,
            "support": 477.0
        },
        "29": {
            "precision": 0.0,
            "recall": 0.0,
            "f1-score": 0.0,
            "support": 564.0
        },
        "30": {
            "precision": 0.08196721311475409,
            "recall": 0.008665511265164644,
            "f1-score": 0.01567398119122257,
            "support": 577.0
        },
        "31": {
            "precision": 0.40718562874251496,
            "recall": 0.14437367303609341,
            "f1-score": 0.21316614420062696,
            "support": 471.0
        },
        "32": {
            "precision": 0.8289290681502086,
            "recall": 0.7259439707673568,
            "f1-score": 0.7740259740259741,
            "support": 821.0
        },
        "33": {
            "precision": 0.8106169296987088,
            "recall": 0.8599695585996956,
            "f1-score": 0.8345642540620384,
            "support": 657.0
        },
        "34": {
            "precision": 0.9063291139240506,
            "recall": 0.6462093862815884,
            "f1-score": 0.7544783983140148,
            "support": 554.0
        },
        "35": {
            "precision": 0.19584954604409857,
            "recall": 0.24237560192616373,
            "f1-score": 0.21664275466284075,
            "support": 623.0
        },
        "36": {
            "precision": 0.6481012658227848,
            "recall": 0.383808095952024,
            "f1-score": 0.4821092278719397,
            "support": 667.0
        },
        "37": {
            "precision": 0.7916083916083916,
            "recall": 0.8885400313971743,
            "f1-score": 0.8372781065088757,
            "support": 637.0
        },
        "38": {
            "precision": 0.9278688524590164,
            "recall": 0.9725085910652921,
            "f1-score": 0.9496644295302014,
            "support": 582.0
        },
        "39": {
            "precision": 0.8163841807909604,
            "recall": 0.4494556765163297,
            "f1-score": 0.5797392176529589,
            "support": 643.0
        },
        "40": {
            "precision": 0.14712861888941622,
            "recall": 0.47987616099071206,
            "f1-score": 0.22520886305848165,
            "support": 646.0
        },
        "41": {
            "precision": 0.8269581056466302,
            "recall": 0.850187265917603,
            "f1-score": 0.8384118190212373,