{
    "acc1": 0.5524385771910525,
    "acc5": [
        0.8115511551155116
    ],
    "mean_per_class_recall": 0.5682935913631356,
    "classification_report": {
        "0": {
            "precision": 0.9770867430441899,
            "recall": 0.9644588045234249,
            "f1-score": 0.9707317073170731,
            "support": 619.0
        },
        "1": {
            "precision": 0.9135254988913526,
            "recall": 0.9342403628117913,
            "f1-score": 0.9237668161434978,
            "support": 441.0
        },
        "2": {
            "precision": 0.75,
            "recall": 0.0041265474552957355,
            "f1-score": 0.008207934336525308,
            "support": 727.0
        },
        "3": {
            "precision": 0.4279749478079332,
            "recall": 0.8932461873638344,
            "f1-score": 0.5786873676781934,
            "support": 459.0
        },
        "4": {
            "precision": 0.5504840940525588,
            "recall": 0.9045454545454545,
            "f1-score": 0.6844368013757524,
            "support": 440.0
        },
        "5": {
            "precision": 0.8958958958958959,
            "recall": 0.9728260869565217,
            "f1-score": 0.9327774882751433,
            "support": 920.0
        },
        "6": {
            "precision": 0.5538461538461539,
            "recall": 0.06605504587155964,
            "f1-score": 0.1180327868852459,
            "support": 545.0
        },
        "7": {
            "precision": 0.7988338192419825,
            "recall": 0.6102449888641426,
            "f1-score": 0.6919191919191919,
            "support": 449.0
        },
        "8": {
            "precision": 0.555858310626703,
            "recall": 0.9855072463768116,
            "f1-score": 0.710801393728223,
            "support": 414.0
        },
        "9": {
            "precision": 0.0,
            "recall": 0.0,
            "f1-score": 0.0,
            "support": 336.0
        },
        "10": {
            "precision": 0.052060737527114966,
            "recall": 0.03821656050955414,
            "f1-score": 0.0440771349862259,
            "support": 628.0
        },
        "11": {
            "precision": 0.2958024691358025,
            "recall": 0.74875,
            "f1-score": 0.424070796460177,
            "support": 800.0
        },
        "12": {
            "precision": 0.8865478119935171,
            "recall": 0.9630281690140845,
            "f1-score": 0.9232067510548523,
            "support": 568.0
        },
        "13": {
            "precision": 0.7860824742268041,
            "recall": 0.7314148681055156,
            "f1-score": 0.7577639751552795,
            "support": 417.0
        },
        "14": {
            "precision": 0.30537507383343176,
            "recall": 0.8659966499162479,
            "f1-score": 0.451528384279476,
            "support": 597.0
        },
        "15": {
            "precision": 0.45161290322580644,
            "recall": 0.03598971722365039,
            "f1-score": 0.06666666666666667,
            "support": 389.0
        },
        "16": {
            "precision": 0.6270676691729323,
            "recall": 0.8615702479338843,
            "f1-score": 0.7258485639686684,
            "support": 484.0
        },
        "17": {
            "precision": 0.6043956043956044,
            "recall": 0.8418367346938775,
            "f1-score": 0.7036247334754797,
            "support": 392.0
        },
        "18": {
            "precision": 0.045454545454545456,
            "recall": 0.002564102564102564,
            "f1-score": 0.0048543689320388345,
            "support": 390.0
        },
        "19": {
            "precision": 0.673469387755102,
            "recall": 0.9777777777777777,
            "f1-score": 0.797583081570997,
            "support": 405.0
        },
        "20": {
            "precision": 0.12949640287769784,
            "recall": 0.09782608695652174,
            "f1-score": 0.11145510835913312,
            "support": 368.0
        },
        "21": {
            "precision": 0.9278846153846154,
            "recall": 0.8733031674208145,
            "f1-score": 0.8997668997668997,
            "support": 442.0
        },
        "22": {
            "precision": 0.9008464328899637,
            "recall": 0.9867549668874173,
            "f1-score": 0.9418457648546145,
            "support": 755.0
        },
        "23": {
            "precision": 0.9650655021834061,
            "recall": 0.572538860103627,
            "f1-score": 0.71869918699187,
            "support": 386.0
        },
        "24": {
            "precision": 0.8371040723981901,
            "recall": 0.9046454767726161,
            "f1-score": 0.8695652173913043,
            "support": 409.0
        },
        "25": {
            "precision": 0.4517543859649123,
            "recall": 0.21325051759834368,
            "f1-score": 0.28973277074542897,
            "support": 483.0
        },
        "26": {
            "precision": 0.9265175718849841,
            "recall": 0.4252199413489736,
            "f1-score": 0.5829145728643216,
            "support": 682.0
        },
        "27": {
            "precision": 0.8114525139664804,
            "recall": 0.9540229885057471,
            "f1-score": 0.8769811320754717,
            "support": 609.0
        },
        "28": {
            "precision": 0.5703125,
            "recall": 0.9102244389027432,
            "f1-score": 0.7012487992315082,
            "support": 401.0
        },
        "29": {
            "precision": 0.9552238805970149,
            "recall": 0.9260450160771704,
            "f1-score": 0.9404081632653061,
            "support": 622.0
        },
        "30": {
            "precision": 0.9763440860215054,
            "recall": 0.7115987460815048,
            "f1-score": 0.8232094288304623,
            "support": 638.0
        },
        "31": {
            "precision": 0.21052631578947367,
            "recall": 0.007104795737122558,
            "f1-score": 0.013745704467353952,
            "support": 563.0
        },
        "32": {
            "precision": 0.7114285714285714,
            "recall": 0.5558035714285714,
            "f1-score": 0.6240601503759399,
            "support": 448.0
        },
        "33": {
            "precision": 0.07004704652378463,
            "recall": 0.19142857142857142,
            "f1-score": 0.10256410256410256,
            "support": 700.0
        },
        "34": {
            "precision": 0.7,
            "recall": 0.6550802139037433,
            "f1-score": 0.6767955801104972,
            "support": 374.0
        },
        "35": {
            "precision": 0.4090909090909091,
            "recall": 0.021634615384615384,
            "f1-score": 0.0410958904109589,
            "support": 416.0
        },
        "36": {
            "precision": 0.856687898089172,
            "recall": 0.5295275590551181,
            "f1-score": 0.6545012165450121,
            "support": 508.0
        },
        "37": {
            "precision": 0.6157965194109772,
            "recall": 0.736,
            "f1-score": 0.6705539358600583,
            "support": 625.0
        },
        "38": {
            "precision": 0.919672131147541,
            "recall": 0.9929203539823008,
            "f1-score": 0.9548936170212766,
            "support": 565.0
        },
        "39": {
            "precision": 0.0,
            "recall": 0.0,
            "f1-score": 0.0,
            "support": 696.0
        },
        "40": {
            "precision": 0.08333333333333333,
            "recall": 0.010362694300518135,
            "f1-score": 0.018433179723502304,
            "support": 386.0
        },
        "41": {
            "precision": 0.0,
            "recall": 0.0,
            "f1-score": 0.0,
            "support": 594.0
        },
        "42": {
            "precision": 0.31207801950487624,
            "recall": 0.9607390300230947,
            "f1-score": 0.4711211778029445,