{
    "acc1": 0.5024708725606897,
    "acc5": [
        0.7121162933304477
    ],
    "mean_per_class_recall": 0.514543147654687,
    "classification_report": {
        "0": {
            "precision": 0.0,
            "recall": 0.0,
            "f1-score": 0.0,
            "support": 441.0
        },
        "1": {
            "precision": 0.8947368421052632,
            "recall": 0.8567639257294429,
            "f1-score": 0.8753387533875339,
            "support": 377.0
        },
        "2": {
            "precision": 0.8266666666666667,
            "recall": 0.8785425101214575,
            "f1-score": 0.8518155053974484,
            "support": 494.0
        },
        "3": {
            "precision": 0.837465564738292,
            "recall": 0.445095168374817,
            "f1-score": 0.5812619502868069,
            "support": 683.0
        },
        "4": {
            "precision": 0.9442896935933147,
            "recall": 0.8149038461538461,
            "f1-score": 0.8748387096774194,
            "support": 416.0
        },
        "5": {
            "precision": 0.8048484848484848,
            "recall": 0.9637155297532656,
            "f1-score": 0.8771466314398944,
            "support": 689.0
        },
        "6": {
            "precision": 0.1875,
            "recall": 0.01662049861495845,
            "f1-score": 0.030534351145038167,
            "support": 361.0
        },
        "7": {
            "precision": 0.40846366145354185,
            "recall": 0.9955156950672646,
            "f1-score": 0.5792563600782779,
            "support": 446.0
        },
        "8": {
            "precision": 0.0,
            "recall": 0.0,
            "f1-score": 0.0,
            "support": 363.0
        },
        "9": {
            "precision": 0.6682520808561236,
            "recall": 0.9689655172413794,
            "f1-score": 0.7909922589725545,
            "support": 580.0
        },
        "10": {
            "precision": 0.007246376811594203,
            "recall": 0.0016155088852988692,
            "f1-score": 0.002642007926023778,
            "support": 619.0
        },
        "11": {
            "precision": 0.9696969696969697,
            "recall": 0.8533333333333334,
            "f1-score": 0.9078014184397163,
            "support": 525.0
        },
        "12": {
            "precision": 0.9588688946015425,
            "recall": 0.7145593869731801,
            "f1-score": 0.818880351262349,
            "support": 522.0
        },
        "13": {
            "precision": 0.26729348556077903,
            "recall": 0.7819253438113949,
            "f1-score": 0.3983983983983984,
            "support": 509.0
        },
        "14": {
            "precision": 0.8888888888888888,
            "recall": 0.11047180667433831,
            "f1-score": 0.19651995905834185,
            "support": 869.0
        },
        "15": {
            "precision": 0.0,
            "recall": 0.0,
            "f1-score": 0.0,
            "support": 611.0
        },
        "16": {
            "precision": 0.6348314606741573,
            "recall": 0.5321821036106751,
            "f1-score": 0.5789923142613151,
            "support": 637.0
        },
        "17": {
            "precision": 0.0,
            "recall": 0.0,
            "f1-score": 0.0,
            "support": 707.0
        },
        "18": {
            "precision": 0.0,
            "recall": 0.0,
            "f1-score": 0.0,
            "support": 593.0
        },
        "19": {
            "precision": 0.8210526315789474,
            "recall": 0.9149560117302052,
            "f1-score": 0.8654646324549237,
            "support": 341.0
        },
        "20": {
            "precision": 0.0,
            "recall": 0.0,
            "f1-score": 0.0,
            "support": 554.0
        },
        "21": {
            "precision": 0.7743362831858407,
            "recall": 0.8649093904448105,
            "f1-score": 0.8171206225680934,
            "support": 607.0
        },
        "22": {
            "precision": 0.9092783505154639,
            "recall": 0.7791519434628975,
            "f1-score": 0.8392007611798288,
            "support": 566.0
        },
        "23": {
            "precision": 0.9208261617900172,
            "recall": 0.7104913678618858,
            "f1-score": 0.8020989505247377,
            "support": 753.0
        },
        "24": {
            "precision": 0.21319162238199438,
            "recall": 0.9673758865248226,
            "f1-score": 0.34938524590163933,
            "support": 705.0
        },
        "25": {
            "precision": 0.4204152249134948,
            "recall": 0.7534883720930232,
            "f1-score": 0.5397001665741255,
            "support": 645.0
        },
        "26": {
            "precision": 0.8912386706948641,
            "recall": 0.8240223463687151,
            "f1-score": 0.8563134978229318,
            "support": 716.0
        },
        "27": {
            "precision": 0.4346701164294955,
            "recall": 0.9081081081081082,
            "f1-score": 0.5879265091863517,
            "support": 370.0
        },
        "28": {
            "precision": 0.0,
            "recall": 0.0,
            "f1-score": 0.0,
            "support": 912.0
        },
        "29": {
            "precision": 0.1422087745839637,
            "recall": 0.38762886597938145,
            "f1-score": 0.2080796900940786,
            "support": 485.0
        },
        "30": {
            "precision": 0.9797687861271677,
            "recall": 0.5755517826825127,
            "f1-score": 0.7251336898395722,
            "support": 589.0
        },
        "31": {
            "precision": 0.0,
            "recall": 0.0,
            "f1-score": 0.0,
            "support": 388.0
        },
        "32": {
            "precision": 0.42662116040955633,
            "recall": 0.6112469437652812,
            "f1-score": 0.5025125628140703,
            "support": 409.0
        },
        "33": {
            "precision": 0.44041450777202074,
            "recall": 0.6706114398422091,
            "f1-score": 0.5316653635652854,
            "support": 507.0
        },
        "34": {
            "precision": 0.9881422924901185,
            "recall": 0.8833922261484098,
            "f1-score": 0.9328358208955224,
            "support": 566.0
        },
        "35": {
            "precision": 0.09574468085106383,
            "recall": 0.10325047801147227,
            "f1-score": 0.09935602575896964,
            "support": 523.0
        },
        "36": {
            "precision": 0.8097165991902834,
            "recall": 0.9538950715421304,
            "f1-score": 0.8759124087591241,
            "support": 629.0
        },
        "37": {
            "precision": 0.0,
            "recall": 0.0,
            "f1-score": 0.0,
            "support": 491.0
        },
        "38": {
            "precision": 0.45588235294117646,
            "recall": 0.821969696969697,
            "f1-score": 0.5864864864864865,
            "support": 528.0
        },
        "39": {
            "precision": 0.8166311300639659,
            "recall": 0.7253787878787878,
            "f1-score": 0.7683049147442327,
            "support": 528.0
        },
        "40": {
            "precision": 0.8958837772397095,
            "recall": 0.9414758269720102,
            "f1-score": 0.9181141439205955,
            "support": 393.0
        },
        "41": {
            "precision": 0.036231884057971016,
            "recall": 0.006793478260869565,
            "f1-score": 0.011441647597254004,
            "support": 736.0
        },
        "42": {
            "precision": 0.75,
            "recall": 0.05726872246696035,
            "f1-score": 0.10641200545702592,
            "support": 681.0
        },
        "43": {
            "precision": 0.16838690651725155,
            "recall": 0.9194847020933977,
            "f1-score": 0.2846460618145563,
            "support": 621.0
        },