{
    "acc1": 0.5659516202647193,
    "acc5": [
        0.7686368477103301
    ],
    "mean_per_class_recall": 0.5499836730498671,
    "classification_report": {
        "0": {
            "precision": 0.9697732997481109,
            "recall": 0.7490272373540856,
            "f1-score": 0.845225027442371,
            "support": 514.0
        },
        "1": {
            "precision": 0.0,
            "recall": 0.0,
            "f1-score": 0.0,
            "support": 494.0
        },
        "2": {
            "precision": 0.9837587006960556,
            "recall": 0.8778467908902692,
            "f1-score": 0.9277899343544858,
            "support": 483.0
        },
        "3": {
            "precision": 0.5246913580246914,
            "recall": 0.130568356374808,
            "f1-score": 0.2091020910209102,
            "support": 651.0
        },
        "4": {
            "precision": 0.715203426124197,
            "recall": 0.4940828402366864,
            "f1-score": 0.584426946631671,
            "support": 676.0
        },
        "5": {
            "precision": 0.0,
            "recall": 0.0,
            "f1-score": 0.0,
            "support": 364.0
        },
        "6": {
            "precision": 0.3029082774049217,
            "recall": 0.9442119944211994,
            "f1-score": 0.45867208672086723,
            "support": 717.0
        },
        "7": {
            "precision": 0.0,
            "recall": 0.0,
            "f1-score": 0.0,
            "support": 429.0
        },
        "8": {
            "precision": 0.0,
            "recall": 0.0,
            "f1-score": 0.0,
            "support": 619.0
        },
        "9": {
            "precision": 0.9588014981273408,
            "recall": 0.9884169884169884,
            "f1-score": 0.973384030418251,
            "support": 518.0
        },
        "10": {
            "precision": 0.9945054945054945,
            "recall": 0.40857787810383744,
            "f1-score": 0.5792,
            "support": 443.0
        },
        "11": {
            "precision": 0.0,
            "recall": 0.0,
            "f1-score": 0.0,
            "support": 464.0
        },
        "12": {
            "precision": 0.9636363636363636,
            "recall": 0.13910761154855644,
            "f1-score": 0.24311926605504589,
            "support": 381.0
        },
        "13": {
            "precision": 0.05555555555555555,
            "recall": 0.0022222222222222222,
            "f1-score": 0.004273504273504274,
            "support": 450.0
        },
        "14": {
            "precision": 0.9340511440107672,
            "recall": 0.9928469241773963,
            "f1-score": 0.9625520110957004,
            "support": 699.0
        },
        "15": {
            "precision": 0.0,
            "recall": 0.0,
            "f1-score": 0.0,
            "support": 541.0
        },
        "16": {
            "precision": 0.8327205882352942,
            "recall": 0.9320987654320988,
            "f1-score": 0.8796116504854369,
            "support": 486.0
        },
        "17": {
            "precision": 0.0,
            "recall": 0.0,
            "f1-score": 0.0,
            "support": 490.0
        },
        "18": {
            "precision": 0.0,
            "recall": 0.0,
            "f1-score": 0.0,
            "support": 340.0
        },
        "19": {
            "precision": 0.6621212121212121,
            "recall": 0.9458874458874459,
            "f1-score": 0.7789661319073083,
            "support": 462.0
        },
        "20": {
            "precision": 0.9260089686098655,
            "recall": 0.9450800915331807,
            "f1-score": 0.9354473386183465,
            "support": 437.0
        },
        "21": {
            "precision": 0.9787234042553191,
            "recall": 0.35844155844155845,
            "f1-score": 0.5247148288973384,
            "support": 385.0
        },
        "22": {
            "precision": 0.8286604361370716,
            "recall": 0.7893175074183977,
            "f1-score": 0.8085106382978723,
            "support": 337.0
        },
        "23": {
            "precision": 0.47897897897897895,
            "recall": 0.9410029498525073,
            "f1-score": 0.6348258706467662,
            "support": 339.0
        },
        "24": {
            "precision": 0.8807749627421758,
            "recall": 0.6494505494505495,
            "f1-score": 0.7476280834914611,
            "support": 910.0
        },
        "25": {
            "precision": 0.20373719107896324,
            "recall": 0.6550387596899225,
            "f1-score": 0.31080459770114943,
            "support": 516.0
        },
        "26": {
            "precision": 0.9798994974874372,
            "recall": 0.9027777777777778,
            "f1-score": 0.9397590361445783,
            "support": 432.0
        },
        "27": {
            "precision": 0.8430769230769231,
            "recall": 0.685,
            "f1-score": 0.7558620689655172,
            "support": 400.0
        },
        "28": {
            "precision": 0.29704797047970477,
            "recall": 0.8846153846153846,
            "f1-score": 0.4447513812154696,
            "support": 364.0
        },
        "29": {
            "precision": 0.8235294117647058,
            "recall": 0.9020618556701031,
            "f1-score": 0.8610086100861009,
            "support": 388.0
        },
        "30": {
            "precision": 0.8,
            "recall": 0.01436265709156194,
            "f1-score": 0.02821869488536155,
            "support": 557.0
        },
        "31": {
            "precision": 0.9417293233082706,
            "recall": 0.9579349904397706,
            "f1-score": 0.9497630331753555,
            "support": 523.0
        },
        "32": {
            "precision": 0.16430192962542564,
            "recall": 0.8880368098159509,
            "f1-score": 0.27729885057471265,
            "support": 652.0
        },
        "33": {
            "precision": 0.22448979591836735,
            "recall": 0.0625,
            "f1-score": 0.09777777777777778,
            "support": 352.0
        },
        "34": {
            "precision": 0.8490853658536586,
            "recall": 0.850381679389313,
            "f1-score": 0.8497330282227308,
            "support": 655.0
        },
        "35": {
            "precision": 0.8861047835990888,
            "recall": 0.8121085594989561,
            "f1-score": 0.8474945533769063,
            "support": 479.0
        },
        "36": {
            "precision": 0.7246777163904236,
            "recall": 0.9574209245742092,
            "f1-score": 0.8249475890985325,
            "support": 822.0
        },
        "37": {
            "precision": 0.9736111111111111,
            "recall": 0.9498644986449865,
            "f1-score": 0.9615912208504801,
            "support": 738.0
        },
        "38": {
            "precision": 0.0,
            "recall": 0.0,
            "f1-score": 0.0,
            "support": 720.0
        },
        "39": {
            "precision": 0.5714285714285714,
            "recall": 0.14979195561719832,
            "f1-score": 0.23736263736263735,
            "support": 721.0
        },
        "40": {
            "precision": 0.32898636633076467,
            "recall": 0.9668989547038328,
            "f1-score": 0.4909332153914197,
            "support": 574.0
        },
        "41": {
            "precision": 0.9505347593582888,
            "recall": 0.9115384615384615,
            "f1-score": 0.930628272251309,
            "support": 780.0
        },
        "42": {
            "precision": 0.2750865051903114,
            "recall": 0.35730337078651686,
            "f1-score": 0.31085043988269795,
            "support": 445.0
        },
        "43": {
            "precision": 0.0,
            "recall": 0.0,
            "f1-score": 0.0,
            "support": 468.0
        },
        "44": {
            "precision": 0.04878048780487805,