{
    "acc1": 0.5714388774663637,
    "acc5": [
        0.7788839591674782
    ],
    "mean_per_class_recall": 0.5749622038681459,
    "classification_report": {
        "0": {
            "precision": 0.0,
            "recall": 0.0,
            "f1-score": 0.0,
            "support": 441.0
        },
        "1": {
            "precision": 0.8567839195979899,
            "recall": 0.9045092838196287,
            "f1-score": 0.88,
            "support": 377.0
        },
        "2": {
            "precision": 0.7719594594594594,
            "recall": 0.9251012145748988,
            "f1-score": 0.8416206261510129,
            "support": 494.0
        },
        "3": {
            "precision": 0.7932960893854749,
            "recall": 0.4158125915080527,
            "f1-score": 0.5456292026897214,
            "support": 683.0
        },
        "4": {
            "precision": 0.9447513812154696,
            "recall": 0.8221153846153846,
            "f1-score": 0.8791773778920309,
            "support": 416.0
        },
        "5": {
            "precision": 0.844106463878327,
            "recall": 0.9666182873730044,
            "f1-score": 0.9012178619756428,
            "support": 689.0
        },
        "6": {
            "precision": 0.578125,
            "recall": 0.10249307479224377,
            "f1-score": 0.17411764705882352,
            "support": 361.0
        },
        "7": {
            "precision": 0.37872340425531914,
            "recall": 0.9977578475336323,
            "f1-score": 0.5490438001233806,
            "support": 446.0
        },
        "8": {
            "precision": 0.0,
            "recall": 0.0,
            "f1-score": 0.0,
            "support": 363.0
        },
        "9": {
            "precision": 0.7581967213114754,
            "recall": 0.9568965517241379,
            "f1-score": 0.8460365853658537,
            "support": 580.0
        },
        "10": {
            "precision": 0.1111111111111111,
            "recall": 0.004846526655896607,
            "f1-score": 0.009287925696594427,
            "support": 619.0
        },
        "11": {
            "precision": 0.9904306220095693,
            "recall": 0.7885714285714286,
            "f1-score": 0.8780487804878049,
            "support": 525.0
        },
        "12": {
            "precision": 0.9546666666666667,
            "recall": 0.685823754789272,
            "f1-score": 0.798216276477146,
            "support": 522.0
        },
        "13": {
            "precision": 0.618421052631579,
            "recall": 0.6463654223968566,
            "f1-score": 0.6320845341018252,
            "support": 509.0
        },
        "14": {
            "precision": 0.6089965397923875,
            "recall": 0.6075949367088608,
            "f1-score": 0.6082949308755761,
            "support": 869.0
        },
        "15": {
            "precision": 0.6447574334898278,
            "recall": 0.67430441898527,
            "f1-score": 0.6592,
            "support": 611.0
        },
        "16": {
            "precision": 0.35768556399766216,
            "recall": 0.9607535321821036,
            "f1-score": 0.5212947189097104,
            "support": 637.0
        },
        "17": {
            "precision": 0.0,
            "recall": 0.0,
            "f1-score": 0.0,
            "support": 707.0
        },
        "18": {
            "precision": 0.0,
            "recall": 0.0,
            "f1-score": 0.0,
            "support": 593.0
        },
        "19": {
            "precision": 0.8261964735516373,
            "recall": 0.9618768328445748,
            "f1-score": 0.8888888888888888,
            "support": 341.0
        },
        "20": {
            "precision": 0.0,
            "recall": 0.0,
            "f1-score": 0.0,
            "support": 554.0
        },
        "21": {
            "precision": 0.8056426332288401,
            "recall": 0.8467874794069192,
            "f1-score": 0.8257028112449799,
            "support": 607.0
        },
        "22": {
            "precision": 0.9535864978902954,
            "recall": 0.7985865724381626,
            "f1-score": 0.8692307692307693,
            "support": 566.0
        },
        "23": {
            "precision": 0.9291338582677166,
            "recall": 0.7835325365205843,
            "f1-score": 0.8501440922190202,
            "support": 753.0
        },
        "24": {
            "precision": 0.2962962962962963,
            "recall": 0.9645390070921985,
            "f1-score": 0.4533333333333333,
            "support": 705.0
        },
        "25": {
            "precision": 0.2860712054965647,
            "recall": 0.710077519379845,
            "f1-score": 0.40783615316117544,
            "support": 645.0
        },
        "26": {
            "precision": 0.8924731182795699,
            "recall": 0.6955307262569832,
            "f1-score": 0.7817896389324961,
            "support": 716.0
        },
        "27": {
            "precision": 0.5483870967741935,
            "recall": 0.827027027027027,
            "f1-score": 0.6594827586206896,
            "support": 370.0
        },
        "28": {
            "precision": 0.2127659574468085,
            "recall": 0.010964912280701754,
            "f1-score": 0.020855057351407715,
            "support": 912.0
        },
        "29": {
            "precision": 0.12,
            "recall": 0.006185567010309278,
            "f1-score": 0.011764705882352941,
            "support": 485.0
        },
        "30": {
            "precision": 0.9161793372319688,
            "recall": 0.797962648556876,
            "f1-score": 0.852994555353902,
            "support": 589.0
        },
        "31": {
            "precision": 0.0,
            "recall": 0.0,
            "f1-score": 0.0,
            "support": 388.0
        },
        "32": {
            "precision": 0.7834394904458599,
            "recall": 0.6014669926650367,
            "f1-score": 0.6804979253112033,
            "support": 409.0
        },
        "33": {
            "precision": 0.6831896551724138,
            "recall": 0.6252465483234714,
            "f1-score": 0.6529351184346035,
            "support": 507.0
        },
        "34": {
            "precision": 0.98635477582846,
            "recall": 0.8939929328621908,
            "f1-score": 0.93790546802595,
            "support": 566.0
        },
        "35": {
            "precision": 0.4222222222222222,
            "recall": 0.4359464627151052,
            "f1-score": 0.42897460018814676,
            "support": 523.0
        },
        "36": {
            "precision": 0.8777292576419214,
            "recall": 0.958664546899841,
            "f1-score": 0.9164133738601824,
            "support": 629.0
        },
        "37": {
            "precision": 0.0,
            "recall": 0.0,
            "f1-score": 0.0,
            "support": 491.0
        },
        "38": {
            "precision": 0.5270655270655271,
            "recall": 0.7007575757575758,
            "f1-score": 0.6016260162601627,
            "support": 528.0
        },
        "39": {
            "precision": 0.7799227799227799,
            "recall": 0.7651515151515151,
            "f1-score": 0.7724665391969407,
            "support": 528.0
        },
        "40": {
            "precision": 0.8034934497816594,
            "recall": 0.9363867684478372,
            "f1-score": 0.8648648648648649,
            "support": 393.0
        },
        "41": {
            "precision": 0.4745762711864407,
            "recall": 0.03804347826086957,
            "f1-score": 0.07044025157232704,
            "support": 736.0
        },
        "42": {
            "precision": 0.797274275979557,
            "recall": 0.6872246696035242,
            "f1-score": 0.7381703470031545,
            "support": 681.0
        },
        "43": {
            "precision": 0.1650595575723199,
            "recall": 0.9371980676328503,
            "f1-score": 0.28068483240897035,