{
    "acc1": 0.553919257136639,
    "acc5": [
        0.7735137291885814
    ],
    "mean_per_class_recall": 0.5296505982223627,
    "classification_report": {
        "0": {
            "precision": 0.0,
            "recall": 0.0,
            "f1-score": 0.0,
            "support": 382.0
        },
        "1": {
            "precision": 0.6726342710997443,
            "recall": 0.8497576736672051,
            "f1-score": 0.7508922198429693,
            "support": 619.0
        },
        "2": {
            "precision": 0.9375,
            "recall": 0.06944444444444445,
            "f1-score": 0.12931034482758622,
            "support": 432.0
        },
        "3": {
            "precision": 0.8633288227334236,
            "recall": 0.9341142020497804,
            "f1-score": 0.8973277074542897,
            "support": 683.0
        },
        "4": {
            "precision": 0.5704622322435174,
            "recall": 0.7441176470588236,
            "f1-score": 0.6458200382897256,
            "support": 680.0
        },
        "5": {
            "precision": 0.37059859154929575,
            "recall": 0.9700460829493087,
            "f1-score": 0.5363057324840764,
            "support": 434.0
        },
        "6": {
            "precision": 0.04046242774566474,
            "recall": 0.0166270783847981,
            "f1-score": 0.02356902356902357,
            "support": 421.0
        },
        "7": {
            "precision": 0.4,
            "recall": 0.004651162790697674,
            "f1-score": 0.009195402298850575,
            "support": 430.0
        },
        "8": {
            "precision": 0.9601873536299765,
            "recall": 0.8249496981891348,
            "f1-score": 0.8874458874458875,
            "support": 497.0
        },
        "9": {
            "precision": 0.7735849056603774,
            "recall": 0.10732984293193717,
            "f1-score": 0.18850574712643678,
            "support": 382.0
        },
        "10": {
            "precision": 0.0,
            "recall": 0.0,
            "f1-score": 0.0,
            "support": 447.0
        },
        "11": {
            "precision": 0.9635416666666666,
            "recall": 0.8980582524271845,
            "f1-score": 0.9296482412060302,
            "support": 412.0
        },
        "12": {
            "precision": 0.47257383966244726,
            "recall": 0.4007155635062612,
            "f1-score": 0.43368828654404645,
            "support": 559.0
        },
        "13": {
            "precision": 0.5282258064516129,
            "recall": 0.3202933985330073,
            "f1-score": 0.3987823439878234,
            "support": 409.0
        },
        "14": {
            "precision": 0.9824902723735408,
            "recall": 0.9674329501915708,
            "f1-score": 0.974903474903475,
            "support": 522.0
        },
        "15": {
            "precision": 0.17102966841186737,
            "recall": 0.3596330275229358,
            "f1-score": 0.2318154937906564,
            "support": 545.0
        },
        "16": {
            "precision": 0.27586206896551724,
            "recall": 0.02203856749311295,
            "f1-score": 0.04081632653061224,
            "support": 363.0
        },
        "17": {
            "precision": 0.0,
            "recall": 0.0,
            "f1-score": 0.0,
            "support": 569.0
        },
        "18": {
            "precision": 0.0,
            "recall": 0.0,
            "f1-score": 0.0,
            "support": 518.0
        },
        "19": {
            "precision": 0.301416048550236,
            "recall": 0.9867549668874173,
            "f1-score": 0.4617768595041322,
            "support": 453.0
        },
        "20": {
            "precision": 0.746268656716418,
            "recall": 0.759493670886076,
            "f1-score": 0.7528230865746549,
            "support": 395.0
        },
        "21": {
            "precision": 0.3172839506172839,
            "recall": 0.8344155844155844,
            "f1-score": 0.4597495527728086,
            "support": 616.0
        },
        "22": {
            "precision": 0.6691176470588235,
            "recall": 0.16977611940298507,
            "f1-score": 0.2708333333333333,
            "support": 536.0
        },
        "23": {
            "precision": 0.8777472527472527,
            "recall": 0.9314868804664723,
            "f1-score": 0.9038189533239038,
            "support": 686.0
        },
        "24": {
            "precision": 0.9752808988764045,
            "recall": 0.9931350114416476,
            "f1-score": 0.9841269841269841,
            "support": 437.0
        },
        "25": {
            "precision": 0.20364098221845894,
            "recall": 0.735474006116208,
            "f1-score": 0.31896551724137934,
            "support": 654.0
        },
        "26": {
            "precision": 0.84125,
            "recall": 0.9711399711399712,
            "f1-score": 0.9015405224380442,
            "support": 693.0
        },
        "27": {
            "precision": 0.128099173553719,
            "recall": 0.043785310734463276,
            "f1-score": 0.06526315789473684,
            "support": 708.0
        },
        "28": {
            "precision": 0.9801980198019802,
            "recall": 0.20754716981132076,
            "f1-score": 0.34256055363321797,
            "support": 477.0
        },
        "29": {
            "precision": 0.0,
            "recall": 0.0,
            "f1-score": 0.0,
            "support": 564.0
        },
        "30": {
            "precision": 0.1973018549747049,
            "recall": 0.2027729636048527,
            "f1-score": 0.2,
            "support": 577.0
        },
        "31": {
            "precision": 0.22415940224159403,
            "recall": 0.7643312101910829,
            "f1-score": 0.3466538276360135,
            "support": 471.0
        },
        "32": {
            "precision": 0.9250681198910081,
            "recall": 0.8270401948842875,
            "f1-score": 0.8733118971061093,
            "support": 821.0
        },
        "33": {
            "precision": 0.8326474622770919,
            "recall": 0.923896499238965,
            "f1-score": 0.8759018759018758,
            "support": 657.0
        },
        "34": {
            "precision": 0.9712793733681462,
            "recall": 0.6714801444043321,
            "f1-score": 0.7940234791889007,
            "support": 554.0
        },
        "35": {
            "precision": 0.42024202420242024,
            "recall": 0.6131621187800963,
            "f1-score": 0.49869451697127937,
            "support": 623.0
        },
        "36": {
            "precision": 0.8882575757575758,
            "recall": 0.7031484257871065,
            "f1-score": 0.7849372384937239,
            "support": 667.0
        },
        "37": {
            "precision": 0.7120669056152927,
            "recall": 0.9356357927786499,
            "f1-score": 0.8086838534599728,
            "support": 637.0
        },
        "38": {
            "precision": 0.9912587412587412,
            "recall": 0.9742268041237113,
            "f1-score": 0.9826689774696707,
            "support": 582.0
        },
        "39": {
            "precision": 0.6411543287327478,
            "recall": 0.7947122861586314,
            "f1-score": 0.7097222222222223,
            "support": 643.0
        },
        "40": {
            "precision": 0.45869947275922673,
            "recall": 0.4040247678018576,
            "f1-score": 0.42962962962962964,
            "support": 646.0
        },
        "41": {
            "precision": 0.8066115702479338,
            "recall": 0.9138576779026217,
            "f1-score": 0.8568920105355575,
            "support": 534.0
        },
        "42": {
            "precision": 0.8792184724689165,
            "recall": 0.94106463878327,
            "f1-score": 0.9090909090909091,
            "support": 526.0
        },
        "43": {
            "precision": 0.46153846153846156,