{
    "acc1": 0.5280931481011281,
    "acc5": [
        0.7592585875439806
    ],
    "mean_per_class_recall": 0.5073419572268613,
    "classification_report": {
        "0": {
            "precision": 0.0,
            "recall": 0.0,
            "f1-score": 0.0,
            "support": 382.0
        },
        "1": {
            "precision": 0.9183098591549296,
            "recall": 0.5266558966074314,
            "f1-score": 0.6694045174537988,
            "support": 619.0
        },
        "2": {
            "precision": 1.0,
            "recall": 0.0023148148148148147,
            "f1-score": 0.004618937644341801,
            "support": 432.0
        },
        "3": {
            "precision": 0.900709219858156,
            "recall": 0.9297218155197657,
            "f1-score": 0.9149855907780979,
            "support": 683.0
        },
        "4": {
            "precision": 0.2879120879120879,
            "recall": 0.7705882352941177,
            "f1-score": 0.4192,
            "support": 680.0
        },
        "5": {
            "precision": 0.48068181818181815,
            "recall": 0.9746543778801844,
            "f1-score": 0.6438356164383562,
            "support": 434.0
        },
        "6": {
            "precision": 0.009615384615384616,
            "recall": 0.0023752969121140144,
            "f1-score": 0.0038095238095238095,
            "support": 421.0
        },
        "7": {
            "precision": 1.0,
            "recall": 0.004651162790697674,
            "f1-score": 0.009259259259259259,
            "support": 430.0
        },
        "8": {
            "precision": 0.9495412844036697,
            "recall": 0.8329979879275654,
            "f1-score": 0.887459807073955,
            "support": 497.0
        },
        "9": {
            "precision": 0.7533632286995515,
            "recall": 0.4397905759162304,
            "f1-score": 0.5553719008264463,
            "support": 382.0
        },
        "10": {
            "precision": 0.0,
            "recall": 0.0,
            "f1-score": 0.0,
            "support": 447.0
        },
        "11": {
            "precision": 0.9207459207459208,
            "recall": 0.9587378640776699,
            "f1-score": 0.93935790725327,
            "support": 412.0
        },
        "12": {
            "precision": 0.9652777777777778,
            "recall": 0.49731663685152055,
            "f1-score": 0.6564344746162928,
            "support": 559.0
        },
        "13": {
            "precision": 0.6690140845070423,
            "recall": 0.23227383863080683,
            "f1-score": 0.3448275862068966,
            "support": 409.0
        },
        "14": {
            "precision": 0.9920948616600791,
            "recall": 0.9616858237547893,
            "f1-score": 0.9766536964980544,
            "support": 522.0
        },
        "15": {
            "precision": 0.1626278944534195,
            "recall": 0.5541284403669725,
            "f1-score": 0.2514571190674438,
            "support": 545.0
        },
        "16": {
            "precision": 0.16666666666666666,
            "recall": 0.0027548209366391185,
            "f1-score": 0.005420054200542005,
            "support": 363.0
        },
        "17": {
            "precision": 0.0,
            "recall": 0.0,
            "f1-score": 0.0,
            "support": 569.0
        },
        "18": {
            "precision": 0.75,
            "recall": 0.005791505791505791,
            "f1-score": 0.011494252873563218,
            "support": 518.0
        },
        "19": {
            "precision": 0.24470971242539338,
            "recall": 0.9955849889624724,
            "f1-score": 0.39285714285714285,
            "support": 453.0
        },
        "20": {
            "precision": 0.9560975609756097,
            "recall": 0.4962025316455696,
            "f1-score": 0.6533333333333333,
            "support": 395.0
        },
        "21": {
            "precision": 0.4894366197183099,
            "recall": 0.22564935064935066,
            "f1-score": 0.3088888888888889,
            "support": 616.0
        },
        "22": {
            "precision": 0.8490566037735849,
            "recall": 0.3358208955223881,
            "f1-score": 0.48128342245989303,
            "support": 536.0
        },
        "23": {
            "precision": 0.8829931972789116,
            "recall": 0.9460641399416909,
            "f1-score": 0.9134412385643913,
            "support": 686.0
        },
        "24": {
            "precision": 0.9730337078651685,
            "recall": 0.9908466819221968,
            "f1-score": 0.981859410430839,
            "support": 437.0
        },
        "25": {
            "precision": 0.17231045849565477,
            "recall": 0.8792048929663608,
            "f1-score": 0.2881483337509396,
            "support": 654.0
        },
        "26": {
            "precision": 0.8095808383233533,
            "recall": 0.9754689754689755,
            "f1-score": 0.8848167539267016,
            "support": 693.0
        },
        "27": {
            "precision": 0.3893805309734513,
            "recall": 0.1864406779661017,
            "f1-score": 0.2521489971346705,
            "support": 708.0
        },
        "28": {
            "precision": 0.9565217391304348,
            "recall": 0.09224318658280922,
            "f1-score": 0.1682600382409178,
            "support": 477.0
        },
        "29": {
            "precision": 0.0,
            "recall": 0.0,
            "f1-score": 0.0,
            "support": 564.0
        },
        "30": {
            "precision": 0.043478260869565216,
            "recall": 0.005199306759098787,
            "f1-score": 0.009287925696594427,
            "support": 577.0
        },
        "31": {
            "precision": 0.2392638036809816,
            "recall": 0.6624203821656051,
            "f1-score": 0.3515492957746479,
            "support": 471.0
        },
        "32": {
            "precision": 0.9336823734729494,
            "recall": 0.6516443361753959,
            "f1-score": 0.7675753228120517,
            "support": 821.0
        },
        "33": {
            "precision": 0.8439716312056738,
            "recall": 0.9056316590563166,
            "f1-score": 0.8737151248164464,
            "support": 657.0
        },
        "34": {
            "precision": 0.9852941176470589,
            "recall": 0.6046931407942239,
            "f1-score": 0.7494407158836689,
            "support": 554.0
        },
        "35": {
            "precision": 0.3224461431549687,
            "recall": 0.7447833065810594,
            "f1-score": 0.45004849660523766,
            "support": 623.0
        },
        "36": {
            "precision": 0.9317180616740088,
            "recall": 0.6341829085457271,
            "f1-score": 0.7546833184656556,
            "support": 667.0
        },
        "37": {
            "precision": 0.72,
            "recall": 0.9324960753532182,
            "f1-score": 0.8125854993160054,
            "support": 637.0
        },
        "38": {
            "precision": 0.96,
            "recall": 0.9896907216494846,
            "f1-score": 0.9746192893401016,
            "support": 582.0
        },
        "39": {
            "precision": 0.7907801418439716,
            "recall": 0.6936236391912908,
            "f1-score": 0.7390223695111847,
            "support": 643.0
        },
        "40": {
            "precision": 0.46439628482972134,
            "recall": 0.23219814241486067,
            "f1-score": 0.30959752321981426,
            "support": 646.0
        },
        "41": {
            "precision": 0.8268251273344652,
            "recall": 0.9119850187265918,
            "f1-score": 0.8673196794300979,
            "support": 534.0
        },
        "42": {
            "precision": 0.9216417910447762,
            "recall": 0.9391634980988594,
            "f1-score": 0.9303201506591338,
            "support": 526.0
        },