{
    "acc1": 0.5503885003885004,
    "acc5": [
        0.8205128205128205
    ],
    "mean_per_class_recall": 0.5715862755581209,
    "classification_report": {
        "0": {
            "precision": 0.6,
            "recall": 0.06923076923076923,
            "f1-score": 0.12413793103448276,
            "support": 390.0
        },
        "1": {
            "precision": 0.5201923076923077,
            "recall": 0.8811074918566775,
            "f1-score": 0.6541717049576784,
            "support": 614.0
        },
        "2": {
            "precision": 0.9380530973451328,
            "recall": 0.9298245614035088,
            "f1-score": 0.933920704845815,
            "support": 570.0
        },
        "3": {
            "precision": 0.0,
            "recall": 0.0,
            "f1-score": 0.0,
            "support": 977.0
        },
        "4": {
            "precision": 0.0,
            "recall": 0.0,
            "f1-score": 0.0,
            "support": 456.0
        },
        "5": {
            "precision": 0.580607476635514,
            "recall": 0.8812056737588653,
            "f1-score": 0.7,
            "support": 564.0
        },
        "6": {
            "precision": 0.22404371584699453,
            "recall": 0.06913996627318718,
            "f1-score": 0.1056701030927835,
            "support": 593.0
        },
        "7": {
            "precision": 0.8930722891566265,
            "recall": 0.8759231905465288,
            "f1-score": 0.8844146159582401,
            "support": 677.0
        },
        "8": {
            "precision": 0.17971014492753623,
            "recall": 0.15233415233415235,
            "f1-score": 0.16489361702127658,
            "support": 407.0
        },
        "9": {
            "precision": 0.7365491651205937,
            "recall": 0.8961625282167043,
            "f1-score": 0.8085539714867617,
            "support": 443.0
        },
        "10": {
            "precision": 0.9282700421940928,
            "recall": 0.425531914893617,
            "f1-score": 0.583554376657825,
            "support": 517.0
        },
        "11": {
            "precision": 0.8602941176470589,
            "recall": 0.9852631578947368,
            "f1-score": 0.9185475956820413,
            "support": 475.0
        },
        "12": {
            "precision": 0.9036827195467422,
            "recall": 0.8158567774936062,
            "f1-score": 0.8575268817204301,
            "support": 391.0
        },
        "13": {
            "precision": 0.8488372093023255,
            "recall": 0.9733333333333334,
            "f1-score": 0.906832298136646,
            "support": 450.0
        },
        "14": {
            "precision": 0.7343324250681199,
            "recall": 0.9908088235294118,
            "f1-score": 0.8435054773082942,
            "support": 544.0
        },
        "15": {
            "precision": 0.43980738362760835,
            "recall": 0.5995623632385121,
            "f1-score": 0.5074074074074074,
            "support": 457.0
        },
        "16": {
            "precision": 0.968421052631579,
            "recall": 0.2962962962962963,
            "f1-score": 0.45376078914919854,
            "support": 621.0
        },
        "17": {
            "precision": 0.6916299559471366,
            "recall": 0.26166666666666666,
            "f1-score": 0.37968561064087064,
            "support": 600.0
        },
        "18": {
            "precision": 0.9096385542168675,
            "recall": 0.2915057915057915,
            "f1-score": 0.4415204678362573,
            "support": 518.0
        },
        "19": {
            "precision": 0.922077922077922,
            "recall": 0.9186691312384473,
            "f1-score": 0.9203703703703704,
            "support": 541.0
        },
        "20": {
            "precision": 0.020833333333333332,
            "recall": 0.0017730496453900709,
            "f1-score": 0.0032679738562091504,
            "support": 564.0
        },
        "21": {
            "precision": 0.0,
            "recall": 0.0,
            "f1-score": 0.0,
            "support": 391.0
        },
        "22": {
            "precision": 0.9444444444444444,
            "recall": 0.27827380952380953,
            "f1-score": 0.4298850574712644,
            "support": 672.0
        },
        "23": {
            "precision": 0.9348534201954397,
            "recall": 0.7192982456140351,
            "f1-score": 0.8130311614730878,
            "support": 399.0
        },
        "24": {
            "precision": 0.7694656488549618,
            "recall": 0.9230769230769231,
            "f1-score": 0.839300582847627,
            "support": 546.0
        },
        "25": {
            "precision": 0.8162291169451074,
            "recall": 0.9771428571428571,
            "f1-score": 0.8894668400520156,
            "support": 350.0
        },
        "26": {
            "precision": 0.9886363636363636,
            "recall": 0.9456521739130435,
            "f1-score": 0.9666666666666667,
            "support": 460.0
        },
        "27": {
            "precision": 0.25,
            "recall": 0.005298013245033113,
            "f1-score": 0.010376134889753566,
            "support": 755.0
        },
        "28": {
            "precision": 0.9516806722689075,
            "recall": 0.6671575846833578,
            "f1-score": 0.7844155844155845,
            "support": 679.0
        },
        "29": {
            "precision": 0.006944444444444444,
            "recall": 0.0018450184501845018,
            "f1-score": 0.0029154518950437317,
            "support": 542.0
        },
        "30": {
            "precision": 0.564453125,
            "recall": 0.9116719242902208,
            "f1-score": 0.6972255729794934,
            "support": 634.0
        },
        "31": {
            "precision": 0.05,
            "recall": 0.001834862385321101,
            "f1-score": 0.0035398230088495575,
            "support": 545.0
        },
        "32": {
            "precision": 0.6942242355605889,
            "recall": 0.9776714513556619,
            "f1-score": 0.8119205298013245,
            "support": 627.0
        },
        "33": {
            "precision": 0.15555555555555556,
            "recall": 0.014957264957264958,
            "f1-score": 0.02729044834307992,
            "support": 468.0
        },
        "34": {
            "precision": 0.9306569343065694,
            "recall": 0.6623376623376623,
            "f1-score": 0.7738998482549317,
            "support": 385.0
        },
        "35": {
            "precision": 0.9530201342281879,
            "recall": 0.743455497382199,
            "f1-score": 0.8352941176470589,
            "support": 382.0
        },
        "36": {
            "precision": 0.9664948453608248,
            "recall": 0.8484162895927602,
            "f1-score": 0.9036144578313253,
            "support": 442.0
        },
        "37": {
            "precision": 0.8918918918918919,
            "recall": 0.23349056603773585,
            "f1-score": 0.37009345794392523,
            "support": 424.0
        },
        "38": {
            "precision": 0.7883817427385892,
            "recall": 0.5974842767295597,
            "f1-score": 0.6797853309481217,
            "support": 318.0
        },
        "39": {
            "precision": 0.13001912045889102,
            "recall": 0.7780320366132724,
            "f1-score": 0.22280471821756226,
            "support": 437.0
        },
        "40": {
            "precision": 0.46026097271648875,
            "recall": 0.7348484848484849,
            "f1-score": 0.5660102115244348,
            "support": 528.0
        },
        "41": {
            "precision": 0.19214586255259467,
            "recall": 0.20176730486008837,
            "f1-score": 0.1968390804597701,
            "support": 679.0
        },
        "42": {
            "precision": 0.728,
            "recall": 0.78,
            "f1-score": 0.7531034482758621,