{
    "acc1": 0.5503116978364503,
    "acc5": [
        0.81991199119912
    ],
    "mean_per_class_recall": 0.56589330280971,
    "classification_report": {
        "0": {
            "precision": 0.986644407345576,
            "recall": 0.9547657512116317,
            "f1-score": 0.9704433497536946,
            "support": 619.0
        },
        "1": {
            "precision": 0.8784648187633263,
            "recall": 0.9342403628117913,
            "f1-score": 0.9054945054945055,
            "support": 441.0
        },
        "2": {
            "precision": 1.0,
            "recall": 0.001375515818431912,
            "f1-score": 0.0027472527472527475,
            "support": 727.0
        },
        "3": {
            "precision": 0.3662842012356575,
            "recall": 0.9041394335511983,
            "f1-score": 0.5213567839195979,
            "support": 459.0
        },
        "4": {
            "precision": 0.493167701863354,
            "recall": 0.9022727272727272,
            "f1-score": 0.6377510040160642,
            "support": 440.0
        },
        "5": {
            "precision": 0.9357894736842105,
            "recall": 0.966304347826087,
            "f1-score": 0.9508021390374332,
            "support": 920.0
        },
        "6": {
            "precision": 0.572972972972973,
            "recall": 0.1944954128440367,
            "f1-score": 0.29041095890410956,
            "support": 545.0
        },
        "7": {
            "precision": 0.7626262626262627,
            "recall": 0.6726057906458798,
            "f1-score": 0.714792899408284,
            "support": 449.0
        },
        "8": {
            "precision": 0.6446945337620579,
            "recall": 0.9685990338164251,
            "f1-score": 0.7741312741312741,
            "support": 414.0
        },
        "9": {
            "precision": 0.027777777777777776,
            "recall": 0.002976190476190476,
            "f1-score": 0.005376344086021506,
            "support": 336.0
        },
        "10": {
            "precision": 0.033632286995515695,
            "recall": 0.02388535031847134,
            "f1-score": 0.027932960893854747,
            "support": 628.0
        },
        "11": {
            "precision": 0.3142999006951341,
            "recall": 0.79125,
            "f1-score": 0.44989339019189767,
            "support": 800.0
        },
        "12": {
            "precision": 0.8841269841269841,
            "recall": 0.9806338028169014,
            "f1-score": 0.9298831385642737,
            "support": 568.0
        },
        "13": {
            "precision": 0.6746987951807228,
            "recall": 0.8057553956834532,
            "f1-score": 0.7344262295081967,
            "support": 417.0
        },
        "14": {
            "precision": 0.27936670071501535,
            "recall": 0.916247906197655,
            "f1-score": 0.42818003913894326,
            "support": 597.0
        },
        "15": {
            "precision": 0.66,
            "recall": 0.08483290488431877,
            "f1-score": 0.15034168564920272,
            "support": 389.0
        },
        "16": {
            "precision": 0.6486068111455109,
            "recall": 0.8657024793388429,
            "f1-score": 0.7415929203539823,
            "support": 484.0
        },
        "17": {
            "precision": 0.6261859582542695,
            "recall": 0.8418367346938775,
            "f1-score": 0.7181719260065288,
            "support": 392.0
        },
        "18": {
            "precision": 0.05,
            "recall": 0.005128205128205128,
            "f1-score": 0.009302325581395349,
            "support": 390.0
        },
        "19": {
            "precision": 0.646481178396072,
            "recall": 0.9753086419753086,
            "f1-score": 0.7775590551181102,
            "support": 405.0
        },
        "20": {
            "precision": 0.13071895424836602,
            "recall": 0.10869565217391304,
            "f1-score": 0.11869436201780416,
            "support": 368.0
        },
        "21": {
            "precision": 0.9434889434889435,
            "recall": 0.8687782805429864,
            "f1-score": 0.9045936395759717,
            "support": 442.0
        },
        "22": {
            "precision": 0.8522727272727273,
            "recall": 0.9933774834437086,
            "f1-score": 0.9174311926605505,
            "support": 755.0
        },
        "23": {
            "precision": 0.9491525423728814,
            "recall": 0.5803108808290155,
            "f1-score": 0.7202572347266881,
            "support": 386.0
        },
        "24": {
            "precision": 0.8505747126436781,
            "recall": 0.9046454767726161,
            "f1-score": 0.8767772511848341,
            "support": 409.0
        },
        "25": {
            "precision": 0.29949238578680204,
            "recall": 0.2443064182194617,
            "f1-score": 0.2690992018244014,
            "support": 483.0
        },
        "26": {
            "precision": 0.8591549295774648,
            "recall": 0.17888563049853373,
            "f1-score": 0.2961165048543689,
            "support": 682.0
        },
        "27": {
            "precision": 0.8109243697478992,
            "recall": 0.9507389162561576,
            "f1-score": 0.8752834467120182,
            "support": 609.0
        },
        "28": {
            "precision": 0.5683229813664596,
            "recall": 0.912718204488778,
            "f1-score": 0.7004784688995215,
            "support": 401.0
        },
        "29": {
            "precision": 0.9807692307692307,
            "recall": 0.9019292604501608,
            "f1-score": 0.9396984924623115,
            "support": 622.0
        },
        "30": {
            "precision": 0.9389587073608617,
            "recall": 0.8197492163009404,
            "f1-score": 0.8753138075313808,
            "support": 638.0
        },
        "31": {
            "precision": 0.532258064516129,
            "recall": 0.0586145648312611,
            "f1-score": 0.1056,
            "support": 563.0
        },
        "32": {
            "precision": 0.6933867735470942,
            "recall": 0.7723214285714286,
            "f1-score": 0.7307286166842661,
            "support": 448.0
        },
        "33": {
            "precision": 0.05663716814159292,
            "recall": 0.13714285714285715,
            "f1-score": 0.0801670146137787,
            "support": 700.0
        },
        "34": {
            "precision": 0.6152219873150105,
            "recall": 0.7780748663101604,
            "f1-score": 0.6871310507674144,
            "support": 374.0
        },
        "35": {
            "precision": 0.4090909090909091,
            "recall": 0.021634615384615384,
            "f1-score": 0.0410958904109589,
            "support": 416.0
        },
        "36": {
            "precision": 0.9456521739130435,
            "recall": 0.3425196850393701,
            "f1-score": 0.5028901734104047,
            "support": 508.0
        },
        "37": {
            "precision": 0.6159895150720839,
            "recall": 0.752,
            "f1-score": 0.6772334293948127,
            "support": 625.0
        },
        "38": {
            "precision": 0.9334442595673876,
            "recall": 0.9929203539823008,
            "f1-score": 0.9622641509433962,
            "support": 565.0
        },
        "39": {
            "precision": 0.0,
            "recall": 0.0,
            "f1-score": 0.0,
            "support": 696.0
        },
        "40": {
            "precision": 0.13333333333333333,
            "recall": 0.010362694300518135,
            "f1-score": 0.019230769230769232,
            "support": 386.0
        },
        "41": {
            "precision": 0.0,
            "recall": 0.0,
            "f1-score": 0.0,
            "support": 594.0
        },
        "42": {
            "precision": 0.33470057424118127,
            "recall": 0.9422632794457275,