{
    "acc1": 0.5052805280528053,
    "acc5": [
        0.7331133113311331
    ],
    "mean_per_class_recall": 0.515102021249509,
    "classification_report": {
        "0": {
            "precision": 0.9770491803278688,
            "recall": 0.962843295638126,
            "f1-score": 0.9698942229454841,
            "support": 619.0
        },
        "1": {
            "precision": 0.8947368421052632,
            "recall": 0.8866213151927438,
            "f1-score": 0.8906605922551253,
            "support": 441.0
        },
        "2": {
            "precision": 0.02040816326530612,
            "recall": 0.001375515818431912,
            "f1-score": 0.002577319587628866,
            "support": 727.0
        },
        "3": {
            "precision": 0.3821138211382114,
            "recall": 0.8191721132897604,
            "f1-score": 0.5211365211365211,
            "support": 459.0
        },
        "4": {
            "precision": 0.47361809045226133,
            "recall": 0.8568181818181818,
            "f1-score": 0.610032362459547,
            "support": 440.0
        },
        "5": {
            "precision": 0.9044585987261147,
            "recall": 0.9260869565217391,
            "f1-score": 0.9151450053705693,
            "support": 920.0
        },
        "6": {
            "precision": 0.41935483870967744,
            "recall": 0.023853211009174313,
            "f1-score": 0.04513888888888889,
            "support": 545.0
        },
        "7": {
            "precision": 0.6309278350515464,
            "recall": 0.6815144766146993,
            "f1-score": 0.6552462526766595,
            "support": 449.0
        },
        "8": {
            "precision": 0.4218106995884774,
            "recall": 0.9903381642512077,
            "f1-score": 0.5916305916305916,
            "support": 414.0
        },
        "9": {
            "precision": 0.04918032786885246,
            "recall": 0.008928571428571428,
            "f1-score": 0.015113350125944584,
            "support": 336.0
        },
        "10": {
            "precision": 0.004597701149425287,
            "recall": 0.0031847133757961785,
            "f1-score": 0.0037629350893697085,
            "support": 628.0
        },
        "11": {
            "precision": 0.2702116115029843,
            "recall": 0.6225,
            "f1-score": 0.376844494892168,
            "support": 800.0
        },
        "12": {
            "precision": 0.8516228748068007,
            "recall": 0.9700704225352113,
            "f1-score": 0.9069958847736626,
            "support": 568.0
        },
        "13": {
            "precision": 0.7990867579908676,
            "recall": 0.4196642685851319,
            "f1-score": 0.550314465408805,
            "support": 417.0
        },
        "14": {
            "precision": 0.19094184251158003,
            "recall": 0.6214405360134003,
            "f1-score": 0.2921259842519685,
            "support": 597.0
        },
        "15": {
            "precision": 0.11570247933884298,
            "recall": 0.03598971722365039,
            "f1-score": 0.054901960784313725,
            "support": 389.0
        },
        "16": {
            "precision": 0.6149341142020498,
            "recall": 0.8677685950413223,
            "f1-score": 0.7197943444730077,
            "support": 484.0
        },
        "17": {
            "precision": 0.6350210970464135,
            "recall": 0.7678571428571429,
            "f1-score": 0.6951501154734411,
            "support": 392.0
        },
        "18": {
            "precision": 0.0,
            "recall": 0.0,
            "f1-score": 0.0,
            "support": 390.0
        },
        "19": {
            "precision": 0.7975206611570248,
            "recall": 0.9530864197530864,
            "f1-score": 0.8683914510686164,
            "support": 405.0
        },
        "20": {
            "precision": 0.1793103448275862,
            "recall": 0.14130434782608695,
            "f1-score": 0.1580547112462006,
            "support": 368.0
        },
        "21": {
            "precision": 0.8878718535469108,
            "recall": 0.8778280542986425,
            "f1-score": 0.8828213879408419,
            "support": 442.0
        },
        "22": {
            "precision": 0.8443181818181819,
            "recall": 0.9841059602649007,
            "f1-score": 0.908868501529052,
            "support": 755.0
        },
        "23": {
            "precision": 0.9393939393939394,
            "recall": 0.48186528497409326,
            "f1-score": 0.636986301369863,
            "support": 386.0
        },
        "24": {
            "precision": 0.7525773195876289,
            "recall": 0.8924205378973105,
            "f1-score": 0.8165548098434005,
            "support": 409.0
        },
        "25": {
            "precision": 0.3404255319148936,
            "recall": 0.19875776397515527,
            "f1-score": 0.25098039215686274,
            "support": 483.0
        },
        "26": {
            "precision": 0.8495575221238938,
            "recall": 0.14076246334310852,
            "f1-score": 0.24150943396226415,
            "support": 682.0
        },
        "27": {
            "precision": 0.7493540051679587,
            "recall": 0.9523809523809523,
            "f1-score": 0.8387563268257412,
            "support": 609.0
        },
        "28": {
            "precision": 0.8168316831683168,
            "recall": 0.8229426433915212,
            "f1-score": 0.8198757763975155,
            "support": 401.0
        },
        "29": {
            "precision": 0.9356435643564357,
            "recall": 0.9115755627009646,
            "f1-score": 0.9234527687296417,
            "support": 622.0
        },
        "30": {
            "precision": 0.9697802197802198,
            "recall": 0.5532915360501567,
            "f1-score": 0.7045908183632734,
            "support": 638.0
        },
        "31": {
            "precision": 0.0,
            "recall": 0.0,
            "f1-score": 0.0,
            "support": 563.0
        },
        "32": {
            "precision": 0.592274678111588,
            "recall": 0.3080357142857143,
            "f1-score": 0.4052863436123348,
            "support": 448.0
        },
        "33": {
            "precision": 0.1375478927203065,
            "recall": 0.5128571428571429,
            "f1-score": 0.21691842900302113,
            "support": 700.0
        },
        "34": {
            "precision": 0.935064935064935,
            "recall": 0.3850267379679144,
            "f1-score": 0.5454545454545454,
            "support": 374.0
        },
        "35": {
            "precision": 0.2647058823529412,
            "recall": 0.021634615384615384,
            "f1-score": 0.04,
            "support": 416.0
        },
        "36": {
            "precision": 0.8915094339622641,
            "recall": 0.3720472440944882,
            "f1-score": 0.525,
            "support": 508.0
        },
        "37": {
            "precision": 0.7415094339622641,
            "recall": 0.6288,
            "f1-score": 0.6805194805194805,
            "support": 625.0
        },
        "38": {
            "precision": 0.9565217391304348,
            "recall": 0.9734513274336283,
            "f1-score": 0.9649122807017544,
            "support": 565.0
        },
        "39": {
            "precision": 0.0,
            "recall": 0.0,
            "f1-score": 0.0,
            "support": 696.0
        },
        "40": {
            "precision": 0.05063291139240506,
            "recall": 0.010362694300518135,
            "f1-score": 0.017204301075268817,
            "support": 386.0
        },
        "41": {
            "precision": 0.0,
            "recall": 0.0,
            "f1-score": 0.0,
            "support": 594.0
        },
        "42": {
            "precision": 0.3393009377664109,
            "recall": 0.9191685912240185,
            "f1-score": 0.49564134495641343,
            "support": 433.0
        },