{
    "acc1": 0.472020535386872,
    "acc5": [
        0.7548588192152549
    ],
    "mean_per_class_recall": 0.4791972990164372,
    "classification_report": {
        "0": {
            "precision": 0.9410801963993454,
            "recall": 0.9289176090468497,
            "f1-score": 0.9349593495934959,
            "support": 619.0
        },
        "1": {
            "precision": 0.7084019769357496,
            "recall": 0.9750566893424036,
            "f1-score": 0.8206106870229007,
            "support": 441.0
        },
        "2": {
            "precision": 0.1111111111111111,
            "recall": 0.001375515818431912,
            "f1-score": 0.002717391304347826,
            "support": 727.0
        },
        "3": {
            "precision": 0.36981132075471695,
            "recall": 0.8540305010893247,
            "f1-score": 0.5161290322580645,
            "support": 459.0
        },
        "4": {
            "precision": 0.6577777777777778,
            "recall": 0.6727272727272727,
            "f1-score": 0.6651685393258427,
            "support": 440.0
        },
        "5": {
            "precision": 0.9247083775185578,
            "recall": 0.9478260869565217,
            "f1-score": 0.9361245303274289,
            "support": 920.0
        },
        "6": {
            "precision": 0.15428571428571428,
            "recall": 0.04954128440366973,
            "f1-score": 0.075,
            "support": 545.0
        },
        "7": {
            "precision": 0.8438818565400844,
            "recall": 0.44543429844098,
            "f1-score": 0.5830903790087464,
            "support": 449.0
        },
        "8": {
            "precision": 0.7760314341846758,
            "recall": 0.9541062801932367,
            "f1-score": 0.8559046587215602,
            "support": 414.0
        },
        "9": {
            "precision": 0.09523809523809523,
            "recall": 0.005952380952380952,
            "f1-score": 0.011204481792717087,
            "support": 336.0
        },
        "10": {
            "precision": 0.04044943820224719,
            "recall": 0.08598726114649681,
            "f1-score": 0.05501782985226694,
            "support": 628.0
        },
        "11": {
            "precision": 0.2934131736526946,
            "recall": 0.3675,
            "f1-score": 0.3263041065482797,
            "support": 800.0
        },
        "12": {
            "precision": 0.890728476821192,
            "recall": 0.9471830985915493,
            "f1-score": 0.9180887372013652,
            "support": 568.0
        },
        "13": {
            "precision": 0.6580645161290323,
            "recall": 0.7338129496402878,
            "f1-score": 0.6938775510204082,
            "support": 417.0
        },
        "14": {
            "precision": 0.45604395604395603,
            "recall": 0.1390284757118928,
            "f1-score": 0.21309370988446727,
            "support": 597.0
        },
        "15": {
            "precision": 0.07526881720430108,
            "recall": 0.017994858611825194,
            "f1-score": 0.029045643153526972,
            "support": 389.0
        },
        "16": {
            "precision": 0.5176010430247718,
            "recall": 0.8202479338842975,
            "f1-score": 0.6346922462030375,
            "support": 484.0
        },
        "17": {
            "precision": 0.7096774193548387,
            "recall": 0.673469387755102,
            "f1-score": 0.6910994764397905,
            "support": 392.0
        },
        "18": {
            "precision": 0.0,
            "recall": 0.0,
            "f1-score": 0.0,
            "support": 390.0
        },
        "19": {
            "precision": 0.6176470588235294,
            "recall": 0.8296296296296296,
            "f1-score": 0.708113804004215,
            "support": 405.0
        },
        "20": {
            "precision": 0.0,
            "recall": 0.0,
            "f1-score": 0.0,
            "support": 368.0
        },
        "21": {
            "precision": 0.7912524850894632,
            "recall": 0.9004524886877828,
            "f1-score": 0.8423280423280424,
            "support": 442.0
        },
        "22": {
            "precision": 0.9758389261744966,
            "recall": 0.9629139072847682,
            "f1-score": 0.9693333333333334,
            "support": 755.0
        },
        "23": {
            "precision": 0.7652439024390244,
            "recall": 0.6502590673575129,
            "f1-score": 0.7030812324929971,
            "support": 386.0
        },
        "24": {
            "precision": 0.6955684007707129,
            "recall": 0.882640586797066,
            "f1-score": 0.7780172413793104,
            "support": 409.0
        },
        "25": {
            "precision": 0.20552147239263804,
            "recall": 0.13871635610766045,
            "f1-score": 0.16563658838071693,
            "support": 483.0
        },
        "26": {
            "precision": 0.9857142857142858,
            "recall": 0.20234604105571846,
            "f1-score": 0.3357664233576642,
            "support": 682.0
        },
        "27": {
            "precision": 0.7153374233128834,
            "recall": 0.9573070607553367,
            "f1-score": 0.8188202247191011,
            "support": 609.0
        },
        "28": {
            "precision": 0.5707620528771384,
            "recall": 0.9152119700748129,
            "f1-score": 0.7030651340996169,
            "support": 401.0
        },
        "29": {
            "precision": 0.9389763779527559,
            "recall": 0.7668810289389068,
            "f1-score": 0.8442477876106195,
            "support": 622.0
        },
        "30": {
            "precision": 0.9534883720930233,
            "recall": 0.12852664576802508,
            "f1-score": 0.2265193370165746,
            "support": 638.0
        },
        "31": {
            "precision": 0.04713804713804714,
            "recall": 0.0497335701598579,
            "f1-score": 0.04840103716508211,
            "support": 563.0
        },
        "32": {
            "precision": 0.0,
            "recall": 0.0,
            "f1-score": 0.0,
            "support": 448.0
        },
        "33": {
            "precision": 0.03225806451612903,
            "recall": 0.025714285714285714,
            "f1-score": 0.028616852146263912,
            "support": 700.0
        },
        "34": {
            "precision": 0.5,
            "recall": 0.0053475935828877,
            "f1-score": 0.010582010582010581,
            "support": 374.0
        },
        "35": {
            "precision": 0.5294117647058824,
            "recall": 0.021634615384615384,
            "f1-score": 0.04157043879907621,
            "support": 416.0
        },
        "36": {
            "precision": 0.7879746835443038,
            "recall": 0.49015748031496065,
            "f1-score": 0.6043689320388349,
            "support": 508.0
        },
        "37": {
            "precision": 0.5885167464114832,
            "recall": 0.7872,
            "f1-score": 0.6735112936344969,
            "support": 625.0
        },
        "38": {
            "precision": 0.8748043818466353,
            "recall": 0.9893805309734514,
            "f1-score": 0.9285714285714286,
            "support": 565.0
        },
        "39": {
            "precision": 0.0,
            "recall": 0.0,
            "f1-score": 0.0,
            "support": 696.0
        },
        "40": {
            "precision": 0.0,
            "recall": 0.0,
            "f1-score": 0.0,
            "support": 386.0
        },
        "41": {
            "precision": 0.0,
            "recall": 0.0,
            "f1-score": 0.0,
            "support": 594.0
        },
        "42": {
            "precision": 0.30415430267062316,
            "recall": 0.9468822170900693,
            "f1-score": 0.4604154969118473,
            "support": 433.0
        },
        "43": {
            "precision": 0.10337871911245587,