{
    "acc1": 0.5838834181004942,
    "acc5": [
        0.7980016592720846
    ],
    "mean_per_class_recall": 0.5900973321664591,
    "classification_report": {
        "0": {
            "precision": 0.0,
            "recall": 0.0,
            "f1-score": 0.0,
            "support": 441.0
        },
        "1": {
            "precision": 0.9228650137741047,
            "recall": 0.8885941644562334,
            "f1-score": 0.9054054054054054,
            "support": 377.0
        },
        "2": {
            "precision": 0.7996545768566494,
            "recall": 0.937246963562753,
            "f1-score": 0.8630009319664492,
            "support": 494.0
        },
        "3": {
            "precision": 0.8446969696969697,
            "recall": 0.6530014641288433,
            "f1-score": 0.7365813377374071,
            "support": 683.0
        },
        "4": {
            "precision": 0.9622166246851386,
            "recall": 0.9182692307692307,
            "f1-score": 0.939729397293973,
            "support": 416.0
        },
        "5": {
            "precision": 0.8423028785982478,
            "recall": 0.97677793904209,
            "f1-score": 0.9045698924731183,
            "support": 689.0
        },
        "6": {
            "precision": 0.5151515151515151,
            "recall": 0.1883656509695291,
            "f1-score": 0.27586206896551724,
            "support": 361.0
        },
        "7": {
            "precision": 0.5650510204081632,
            "recall": 0.9932735426008968,
            "f1-score": 0.7203252032520325,
            "support": 446.0
        },
        "8": {
            "precision": 0.2,
            "recall": 0.011019283746556474,
            "f1-score": 0.020887728459530026,
            "support": 363.0
        },
        "9": {
            "precision": 0.832572298325723,
            "recall": 0.9431034482758621,
            "f1-score": 0.8843977364591754,
            "support": 580.0
        },
        "10": {
            "precision": 0.0,
            "recall": 0.0,
            "f1-score": 0.0,
            "support": 619.0
        },
        "11": {
            "precision": 0.9826839826839827,
            "recall": 0.8647619047619047,
            "f1-score": 0.9199594731509625,
            "support": 525.0
        },
        "12": {
            "precision": 0.9309623430962343,
            "recall": 0.8524904214559387,
            "f1-score": 0.89,
            "support": 522.0
        },
        "13": {
            "precision": 0.6066666666666667,
            "recall": 0.7151277013752456,
            "f1-score": 0.6564472497745717,
            "support": 509.0
        },
        "14": {
            "precision": 0.8853932584269663,
            "recall": 0.4533947065592635,
            "f1-score": 0.5996955859969558,
            "support": 869.0
        },
        "15": {
            "precision": 0.6137931034482759,
            "recall": 0.14566284779050737,
            "f1-score": 0.23544973544973544,
            "support": 611.0
        },
        "16": {
            "precision": 0.2769704975781594,
            "recall": 0.9874411302982732,
            "f1-score": 0.4325997248968363,
            "support": 637.0
        },
        "17": {
            "precision": 0.0,
            "recall": 0.0,
            "f1-score": 0.0,
            "support": 707.0
        },
        "18": {
            "precision": 0.0,
            "recall": 0.0,
            "f1-score": 0.0,
            "support": 593.0
        },
        "19": {
            "precision": 0.9054441260744985,
            "recall": 0.9266862170087976,
            "f1-score": 0.9159420289855073,
            "support": 341.0
        },
        "20": {
            "precision": 0.0,
            "recall": 0.0,
            "f1-score": 0.0,
            "support": 554.0
        },
        "21": {
            "precision": 0.837620578778135,
            "recall": 0.8583196046128501,
            "f1-score": 0.8478437754271766,
            "support": 607.0
        },
        "22": {
            "precision": 0.9725158562367865,
            "recall": 0.8127208480565371,
            "f1-score": 0.8854667949951877,
            "support": 566.0
        },
        "23": {
            "precision": 0.8951149425287356,
            "recall": 0.8273572377158035,
            "f1-score": 0.8599033816425121,
            "support": 753.0
        },
        "24": {
            "precision": 0.2985008818342152,
            "recall": 0.9602836879432625,
            "f1-score": 0.45543222334342415,
            "support": 705.0
        },
        "25": {
            "precision": 0.2144566778362853,
            "recall": 0.6945736434108527,
            "f1-score": 0.32772494513533285,
            "support": 645.0
        },
        "26": {
            "precision": 0.8127388535031848,
            "recall": 0.8910614525139665,
            "f1-score": 0.8500999333777481,
            "support": 716.0
        },
        "27": {
            "precision": 0.551056338028169,
            "recall": 0.845945945945946,
            "f1-score": 0.6673773987206824,
            "support": 370.0
        },
        "28": {
            "precision": 0.0,
            "recall": 0.0,
            "f1-score": 0.0,
            "support": 912.0
        },
        "29": {
            "precision": 0.2640449438202247,
            "recall": 0.19381443298969073,
            "f1-score": 0.2235434007134364,
            "support": 485.0
        },
        "30": {
            "precision": 0.9678068410462777,
            "recall": 0.8166383701188455,
            "f1-score": 0.8858195211786372,
            "support": 589.0
        },
        "31": {
            "precision": 0.0,
            "recall": 0.0,
            "f1-score": 0.0,
            "support": 388.0
        },
        "32": {
            "precision": 0.8773946360153256,
            "recall": 0.5599022004889975,
            "f1-score": 0.6835820895522388,
            "support": 409.0
        },
        "33": {
            "precision": 0.5149934810951761,
            "recall": 0.7790927021696252,
            "f1-score": 0.6200941915227629,
            "support": 507.0
        },
        "34": {
            "precision": 0.9699115044247788,
            "recall": 0.9681978798586572,
            "f1-score": 0.969053934571176,
            "support": 566.0
        },
        "35": {
            "precision": 0.2893081761006289,
            "recall": 0.08795411089866156,
            "f1-score": 0.1348973607038123,
            "support": 523.0
        },
        "36": {
            "precision": 0.7845161290322581,
            "recall": 0.9666136724960255,
            "f1-score": 0.8660968660968661,
            "support": 629.0
        },
        "37": {
            "precision": 0.0,
            "recall": 0.0,
            "f1-score": 0.0,
            "support": 491.0
        },
        "38": {
            "precision": 0.5141176470588236,
            "recall": 0.8276515151515151,
            "f1-score": 0.6342525399129173,
            "support": 528.0
        },
        "39": {
            "precision": 0.825187969924812,
            "recall": 0.8314393939393939,
            "f1-score": 0.8283018867924529,
            "support": 528.0
        },
        "40": {
            "precision": 0.9672131147540983,
            "recall": 0.9007633587786259,
            "f1-score": 0.932806324110672,
            "support": 393.0
        },
        "41": {
            "precision": 0.1111111111111111,
            "recall": 0.001358695652173913,
            "f1-score": 0.0026845637583892616,
            "support": 736.0
        },
        "42": {
            "precision": 0.9741035856573705,
            "recall": 0.7180616740088106,
            "f1-score": 0.8267117497886729,
            "support": 681.0
        },
        "43": {
            "precision": 0.17694854047547398,
            "recall": 0.9468599033816425,
            "f1-score": 0.29817444219066935,
            "support": 621.0
        },