{
    "acc1": 0.5330624977329609,
    "acc5": [
        0.7402154593927962
    ],
    "mean_per_class_recall": 0.5115596569463609,
    "classification_report": {
        "0": {
            "precision": 0.0,
            "recall": 0.0,
            "f1-score": 0.0,
            "support": 382.0
        },
        "1": {
            "precision": 0.7648854961832061,
            "recall": 0.8093699515347335,
            "f1-score": 0.7864992150706437,
            "support": 619.0
        },
        "2": {
            "precision": 1.0,
            "recall": 0.0023148148148148147,
            "f1-score": 0.004618937644341801,
            "support": 432.0
        },
        "3": {
            "precision": 0.86593707250342,
            "recall": 0.9267935578330894,
            "f1-score": 0.8953323903818954,
            "support": 683.0
        },
        "4": {
            "precision": 0.3998211091234347,
            "recall": 0.6573529411764706,
            "f1-score": 0.4972191323692992,
            "support": 680.0
        },
        "5": {
            "precision": 0.44608879492600423,
            "recall": 0.9723502304147466,
            "f1-score": 0.6115942028985507,
            "support": 434.0
        },
        "6": {
            "precision": 0.0,
            "recall": 0.0,
            "f1-score": 0.0,
            "support": 421.0
        },
        "7": {
            "precision": 0.0,
            "recall": 0.0,
            "f1-score": 0.0,
            "support": 430.0
        },
        "8": {
            "precision": 0.957345971563981,
            "recall": 0.8128772635814889,
            "f1-score": 0.8792165397170838,
            "support": 497.0
        },
        "9": {
            "precision": 0.8080357142857143,
            "recall": 0.4738219895287958,
            "f1-score": 0.5973597359735974,
            "support": 382.0
        },
        "10": {
            "precision": 0.0,
            "recall": 0.0,
            "f1-score": 0.0,
            "support": 447.0
        },
        "11": {
            "precision": 0.9434889434889435,
            "recall": 0.9320388349514563,
            "f1-score": 0.9377289377289377,
            "support": 412.0
        },
        "12": {
            "precision": 0.912,
            "recall": 0.6118067978533095,
            "f1-score": 0.7323340471092077,
            "support": 559.0
        },
        "13": {
            "precision": 0.6346153846153846,
            "recall": 0.08068459657701711,
            "f1-score": 0.14316702819956617,
            "support": 409.0
        },
        "14": {
            "precision": 0.990234375,
            "recall": 0.9712643678160919,
            "f1-score": 0.9806576402321083,
            "support": 522.0
        },
        "15": {
            "precision": 0.18848167539267016,
            "recall": 0.6605504587155964,
            "f1-score": 0.29327902240325865,
            "support": 545.0
        },
        "16": {
            "precision": 0.29411764705882354,
            "recall": 0.013774104683195593,
            "f1-score": 0.02631578947368421,
            "support": 363.0
        },
        "17": {
            "precision": 0.0,
            "recall": 0.0,
            "f1-score": 0.0,
            "support": 569.0
        },
        "18": {
            "precision": 0.5833333333333334,
            "recall": 0.013513513513513514,
            "f1-score": 0.026415094339622643,
            "support": 518.0
        },
        "19": {
            "precision": 0.27080820265379973,
            "recall": 0.9911699779249448,
            "f1-score": 0.42539081004263385,
            "support": 453.0
        },
        "20": {
            "precision": 0.916,
            "recall": 0.579746835443038,
            "f1-score": 0.710077519379845,
            "support": 395.0
        },
        "21": {
            "precision": 0.5358649789029536,
            "recall": 0.6185064935064936,
            "f1-score": 0.5742275810097965,
            "support": 616.0
        },
        "22": {
            "precision": 0.8734177215189873,
            "recall": 0.1287313432835821,
            "f1-score": 0.22439024390243903,
            "support": 536.0
        },
        "23": {
            "precision": 0.8578947368421053,
            "recall": 0.9504373177842566,
            "f1-score": 0.9017980636237898,
            "support": 686.0
        },
        "24": {
            "precision": 0.9642857142857143,
            "recall": 0.988558352402746,
            "f1-score": 0.976271186440678,
            "support": 437.0
        },
        "25": {
            "precision": 0.16763678696158324,
            "recall": 0.8807339449541285,
            "f1-score": 0.28166259168704155,
            "support": 654.0
        },
        "26": {
            "precision": 0.8228782287822878,
            "recall": 0.9653679653679653,
            "f1-score": 0.8884462151394422,
            "support": 693.0
        },
        "27": {
            "precision": 0.2,
            "recall": 0.011299435028248588,
            "f1-score": 0.0213903743315508,
            "support": 708.0
        },
        "28": {
            "precision": 0.8888888888888888,
            "recall": 0.050314465408805034,
            "f1-score": 0.09523809523809523,
            "support": 477.0
        },
        "29": {
            "precision": 0.0,
            "recall": 0.0,
            "f1-score": 0.0,
            "support": 564.0
        },
        "30": {
            "precision": 0.1,
            "recall": 0.022530329289428077,
            "f1-score": 0.036775106082036775,
            "support": 577.0
        },
        "31": {
            "precision": 0.30786516853932583,
            "recall": 0.5817409766454352,
            "f1-score": 0.4026451138868479,
            "support": 471.0
        },
        "32": {
            "precision": 0.8403361344537815,
            "recall": 0.730816077953715,
            "f1-score": 0.7817589576547231,
            "support": 821.0
        },
        "33": {
            "precision": 0.8418079096045198,
            "recall": 0.9071537290715372,
            "f1-score": 0.8732600732600733,
            "support": 657.0
        },
        "34": {
            "precision": 0.977116704805492,
            "recall": 0.7707581227436823,
            "f1-score": 0.8617558022199798,
            "support": 554.0
        },
        "35": {
            "precision": 0.29114676173499704,
            "recall": 0.7865168539325843,
            "f1-score": 0.424978317432784,
            "support": 623.0
        },
        "36": {
            "precision": 0.9454545454545454,
            "recall": 0.46776611694152925,
            "f1-score": 0.6258776328986961,
            "support": 667.0
        },
        "37": {
            "precision": 0.6991963260619977,
            "recall": 0.9560439560439561,
            "f1-score": 0.8076923076923077,
            "support": 637.0
        },
        "38": {
            "precision": 0.9745762711864406,
            "recall": 0.9879725085910653,
            "f1-score": 0.9812286689419796,
            "support": 582.0
        },
        "39": {
            "precision": 0.8677130044843049,
            "recall": 0.6018662519440124,
            "f1-score": 0.7107438016528925,
            "support": 643.0
        },
        "40": {
            "precision": 0.4032258064516129,
            "recall": 0.23219814241486067,
            "f1-score": 0.29469548133595286,
            "support": 646.0
        },
        "41": {
            "precision": 0.8606701940035273,
            "recall": 0.9138576779026217,
            "f1-score": 0.8864668483197093,
            "support": 534.0
        },
        "42": {
            "precision": 0.9047619047619048,
            "recall": 0.9391634980988594,
            "f1-score": 0.9216417910447762,
            "support": 526.0
        },
        "43": {
            "precision": 0.7333333333333333,
            "recall": 0.0859375,