{
    "acc1": 0.5554455445544555,
    "acc5": [
        0.7986431976530987
    ],
    "mean_per_class_recall": 0.573989633065258,
    "classification_report": {
        "0": {
            "precision": 0.9816053511705686,
            "recall": 0.9483037156704361,
            "f1-score": 0.9646672144617913,
            "support": 619.0
        },
        "1": {
            "precision": 0.8467741935483871,
            "recall": 0.9523809523809523,
            "f1-score": 0.8964781216648879,
            "support": 441.0
        },
        "2": {
            "precision": 0.0,
            "recall": 0.0,
            "f1-score": 0.0,
            "support": 727.0
        },
        "3": {
            "precision": 0.3924170616113744,
            "recall": 0.9019607843137255,
            "f1-score": 0.5468956406869221,
            "support": 459.0
        },
        "4": {
            "precision": 0.5676855895196506,
            "recall": 0.8863636363636364,
            "f1-score": 0.6921029281277729,
            "support": 440.0
        },
        "5": {
            "precision": 0.9298429319371728,
            "recall": 0.9652173913043478,
            "f1-score": 0.9472,
            "support": 920.0
        },
        "6": {
            "precision": 0.654320987654321,
            "recall": 0.09724770642201835,
            "f1-score": 0.16932907348242812,
            "support": 545.0
        },
        "7": {
            "precision": 0.7573529411764706,
            "recall": 0.688195991091314,
            "f1-score": 0.721120186697783,
            "support": 449.0
        },
        "8": {
            "precision": 0.6574675324675324,
            "recall": 0.9782608695652174,
            "f1-score": 0.7864077669902912,
            "support": 414.0
        },
        "9": {
            "precision": 0.0,
            "recall": 0.0,
            "f1-score": 0.0,
            "support": 336.0
        },
        "10": {
            "precision": 0.2650273224043716,
            "recall": 0.3089171974522293,
            "f1-score": 0.2852941176470588,
            "support": 628.0
        },
        "11": {
            "precision": 0.39950980392156865,
            "recall": 0.61125,
            "f1-score": 0.48320158102766797,
            "support": 800.0
        },
        "12": {
            "precision": 0.8683385579937304,
            "recall": 0.9753521126760564,
            "f1-score": 0.9187396351575456,
            "support": 568.0
        },
        "13": {
            "precision": 0.8154897494305239,
            "recall": 0.8585131894484412,
            "f1-score": 0.8364485981308412,
            "support": 417.0
        },
        "14": {
            "precision": 0.40680851063829787,
            "recall": 0.8006700167504187,
            "f1-score": 0.5395033860045146,
            "support": 597.0
        },
        "15": {
            "precision": 0.37142857142857144,
            "recall": 0.3341902313624679,
            "f1-score": 0.35182679296346414,
            "support": 389.0
        },
        "16": {
            "precision": 0.7247706422018348,
            "recall": 0.8161157024793388,
            "f1-score": 0.7677356656948494,
            "support": 484.0
        },
        "17": {
            "precision": 0.7408312958435208,
            "recall": 0.7729591836734694,
            "f1-score": 0.7565543071161048,
            "support": 392.0
        },
        "18": {
            "precision": 0.03508771929824561,
            "recall": 0.005128205128205128,
            "f1-score": 0.008948545861297539,
            "support": 390.0
        },
        "19": {
            "precision": 0.8213507625272332,
            "recall": 0.9308641975308642,
            "f1-score": 0.8726851851851852,
            "support": 405.0
        },
        "20": {
            "precision": 0.12195121951219512,
            "recall": 0.05434782608695652,
            "f1-score": 0.07518796992481203,
            "support": 368.0
        },
        "21": {
            "precision": 0.9137529137529138,
            "recall": 0.8868778280542986,
            "f1-score": 0.9001148105625718,
            "support": 442.0
        },
        "22": {
            "precision": 0.9118727050183598,
            "recall": 0.9867549668874173,
            "f1-score": 0.9478371501272265,
            "support": 755.0
        },
        "23": {
            "precision": 0.900709219858156,
            "recall": 0.6580310880829016,
            "f1-score": 0.7604790419161677,
            "support": 386.0
        },
        "24": {
            "precision": 0.8655660377358491,
            "recall": 0.8973105134474327,
            "f1-score": 0.8811524609843937,
            "support": 409.0
        },
        "25": {
            "precision": 0.2483221476510067,
            "recall": 0.15320910973084886,
            "f1-score": 0.18950064020486557,
            "support": 483.0
        },
        "26": {
            "precision": 0.9507575757575758,
            "recall": 0.3680351906158358,
            "f1-score": 0.5306553911205074,
            "support": 682.0
        },
        "27": {
            "precision": 0.8223495702005731,
            "recall": 0.9425287356321839,
            "f1-score": 0.8783473603672532,
            "support": 609.0
        },
        "28": {
            "precision": 0.5249643366619116,
            "recall": 0.9177057356608479,
            "f1-score": 0.6678765880217786,
            "support": 401.0
        },
        "29": {
            "precision": 0.9891500904159132,
            "recall": 0.8794212218649518,
            "f1-score": 0.931063829787234,
            "support": 622.0
        },
        "30": {
            "precision": 0.9511201629327902,
            "recall": 0.731974921630094,
            "f1-score": 0.8272807794508414,
            "support": 638.0
        },
        "31": {
            "precision": 0.0743801652892562,
            "recall": 0.015985790408525755,
            "f1-score": 0.02631578947368421,
            "support": 563.0
        },
        "32": {
            "precision": 0.8432203389830508,
            "recall": 0.44419642857142855,
            "f1-score": 0.5818713450292398,
            "support": 448.0
        },
        "33": {
            "precision": 0.11411411411411411,
            "recall": 0.2714285714285714,
            "f1-score": 0.160676532769556,
            "support": 700.0
        },
        "34": {
            "precision": 0.6064516129032258,
            "recall": 0.7540106951871658,
            "f1-score": 0.6722288438617402,
            "support": 374.0
        },
        "35": {
            "precision": 0.6071428571428571,
            "recall": 0.040865384615384616,
            "f1-score": 0.07657657657657657,
            "support": 416.0
        },
        "36": {
            "precision": 0.9327731092436975,
            "recall": 0.21850393700787402,
            "f1-score": 0.35406698564593303,
            "support": 508.0
        },
        "37": {
            "precision": 0.6584022038567493,
            "recall": 0.7648,
            "f1-score": 0.7076239822353811,
            "support": 625.0
        },
        "38": {
            "precision": 0.9269102990033222,
            "recall": 0.9876106194690265,
            "f1-score": 0.9562982005141388,
            "support": 565.0
        },
        "39": {
            "precision": 0.0,
            "recall": 0.0,
            "f1-score": 0.0,
            "support": 696.0
        },
        "40": {
            "precision": 0.1,
            "recall": 0.0025906735751295338,
            "f1-score": 0.005050505050505051,
            "support": 386.0
        },
        "41": {
            "precision": 0.0,
            "recall": 0.0,
            "f1-score": 0.0,
            "support": 594.0
        },
        "42": {
            "precision": 0.2913769123783032,
            "recall": 0.9676674364896074,
            "f1-score": 0.4478888295029396,
            "support": 433.0
        },