{
    "acc1": 0.4562276809869062,
    "acc5": [
        0.7443278144500955
    ],
    "mean_per_class_recall": 0.47516910472496554,
    "classification_report": {
        "0": {
            "precision": 0.0,
            "recall": 0.0,
            "f1-score": 0.0,
            "support": 441.0
        },
        "1": {
            "precision": 0.8521505376344086,
            "recall": 0.8408488063660478,
            "f1-score": 0.8464619492656876,
            "support": 377.0
        },
        "2": {
            "precision": 0.7196850393700788,
            "recall": 0.9251012145748988,
            "f1-score": 0.8095659875996457,
            "support": 494.0
        },
        "3": {
            "precision": 0.4508710801393728,
            "recall": 0.9472913616398243,
            "f1-score": 0.6109537299339,
            "support": 683.0
        },
        "4": {
            "precision": 0.980225988700565,
            "recall": 0.8341346153846154,
            "f1-score": 0.9012987012987013,
            "support": 416.0
        },
        "5": {
            "precision": 0.9354375896700143,
            "recall": 0.9462989840348331,
            "f1-score": 0.9408369408369408,
            "support": 689.0
        },
        "6": {
            "precision": 0.15201900237529692,
            "recall": 0.1772853185595568,
            "f1-score": 0.1636828644501279,
            "support": 361.0
        },
        "7": {
            "precision": 0.7708333333333334,
            "recall": 0.9955156950672646,
            "f1-score": 0.8688845401174168,
            "support": 446.0
        },
        "8": {
            "precision": 0.25,
            "recall": 0.0027548209366391185,
            "f1-score": 0.005449591280653951,
            "support": 363.0
        },
        "9": {
            "precision": 0.02,
            "recall": 0.010344827586206896,
            "f1-score": 0.013636363636363636,
            "support": 580.0
        },
        "10": {
            "precision": 0.0,
            "recall": 0.0,
            "f1-score": 0.0,
            "support": 619.0
        },
        "11": {
            "precision": 0.9723502304147466,
            "recall": 0.8038095238095239,
            "f1-score": 0.8800834202294057,
            "support": 525.0
        },
        "12": {
            "precision": 0.8929384965831435,
            "recall": 0.7509578544061303,
            "f1-score": 0.8158168574401665,
            "support": 522.0
        },
        "13": {
            "precision": 0.14237702413687747,
            "recall": 0.9155206286836935,
            "f1-score": 0.2464304600740349,
            "support": 509.0
        },
        "14": {
            "precision": 0.8519553072625698,
            "recall": 0.35097813578826237,
            "f1-score": 0.4971475142624287,
            "support": 869.0
        },
        "15": {
            "precision": 0.0,
            "recall": 0.0,
            "f1-score": 0.0,
            "support": 611.0
        },
        "16": {
            "precision": 0.06097560975609756,
            "recall": 0.007849293563579277,
            "f1-score": 0.013908205841446454,
            "support": 637.0
        },
        "17": {
            "precision": 0.0,
            "recall": 0.0,
            "f1-score": 0.0,
            "support": 707.0
        },
        "18": {
            "precision": 0.0,
            "recall": 0.0,
            "f1-score": 0.0,
            "support": 593.0
        },
        "19": {
            "precision": 0.9358974358974359,
            "recall": 0.6422287390029325,
            "f1-score": 0.7617391304347826,
            "support": 341.0
        },
        "20": {
            "precision": 0.14705882352941177,
            "recall": 0.02707581227436823,
            "f1-score": 0.04573170731707317,
            "support": 554.0
        },
        "21": {
            "precision": 0.8620689655172413,
            "recall": 0.7825370675453048,
            "f1-score": 0.8203799654576857,
            "support": 607.0
        },
        "22": {
            "precision": 0.9769585253456221,
            "recall": 0.3745583038869258,
            "f1-score": 0.541507024265645,
            "support": 566.0
        },
        "23": {
            "precision": 0.8453125,
            "recall": 0.7184594953519257,
            "f1-score": 0.7767408470926059,
            "support": 753.0
        },
        "24": {
            "precision": 0.1967799642218247,
            "recall": 0.15602836879432624,
            "f1-score": 0.17405063291139242,
            "support": 705.0
        },
        "25": {
            "precision": 0.06666666666666667,
            "recall": 0.006201550387596899,
            "f1-score": 0.011347517730496455,
            "support": 645.0
        },
        "26": {
            "precision": 0.7847478474784748,
            "recall": 0.8910614525139665,
            "f1-score": 0.8345323741007195,
            "support": 716.0
        },
        "27": {
            "precision": 0.5528596187175043,
            "recall": 0.8621621621621621,
            "f1-score": 0.6737064413938754,
            "support": 370.0
        },
        "28": {
            "precision": 0.0,
            "recall": 0.0,
            "f1-score": 0.0,
            "support": 912.0
        },
        "29": {
            "precision": 0.16274089935760172,
            "recall": 0.47010309278350515,
            "f1-score": 0.2417815482502651,
            "support": 485.0
        },
        "30": {
            "precision": 0.9862068965517241,
            "recall": 0.4855687606112054,
            "f1-score": 0.6507394766780432,
            "support": 589.0
        },
        "31": {
            "precision": 0.0,
            "recall": 0.0,
            "f1-score": 0.0,
            "support": 388.0
        },
        "32": {
            "precision": 0.7435064935064936,
            "recall": 0.5599022004889975,
            "f1-score": 0.6387726638772664,
            "support": 409.0
        },
        "33": {
            "precision": 0.24172185430463577,
            "recall": 0.5759368836291914,
            "f1-score": 0.34052478134110786,
            "support": 507.0
        },
        "34": {
            "precision": 0.9516129032258065,
            "recall": 0.9381625441696113,
            "f1-score": 0.9448398576512456,
            "support": 566.0
        },
        "35": {
            "precision": 0.14859094790777114,
            "recall": 0.3326959847036329,
            "f1-score": 0.20543093270365997,
            "support": 523.0
        },
        "36": {
            "precision": 0.7958921694480102,
            "recall": 0.985691573926868,
            "f1-score": 0.8806818181818182,
            "support": 629.0
        },
        "37": {
            "precision": 0.05747126436781609,
            "recall": 0.020366598778004074,
            "f1-score": 0.03007518796992481,
            "support": 491.0
        },
        "38": {
            "precision": 0.5047021943573667,
            "recall": 0.6098484848484849,
            "f1-score": 0.5523156089193825,
            "support": 528.0
        },
        "39": {
            "precision": 0.6348228043143297,
            "recall": 0.7803030303030303,
            "f1-score": 0.7000849617672048,
            "support": 528.0
        },
        "40": {
            "precision": 0.9655172413793104,
            "recall": 0.8549618320610687,
            "f1-score": 0.9068825910931174,
            "support": 393.0
        },
        "41": {
            "precision": 0.275,
            "recall": 0.014945652173913044,
            "f1-score": 0.028350515463917526,
            "support": 736.0
        },
        "42": {
            "precision": 0.3333333333333333,
            "recall": 0.01762114537444934,
            "f1-score": 0.03347280334728033,
            "support": 681.0
        },
        "43": {
            "precision": 0.139385275196569,
            "recall": 0.9420289855072463,