{
    "acc1": 0.5427835612463274,
    "acc5": [
        0.7727157314374842
    ],
    "mean_per_class_recall": 0.5189944355570324,
    "classification_report": {
        "0": {
            "precision": 0.0,
            "recall": 0.0,
            "f1-score": 0.0,
            "support": 382.0
        },
        "1": {
            "precision": 0.8737024221453287,
            "recall": 0.815831987075929,
            "f1-score": 0.8437761069340016,
            "support": 619.0
        },
        "2": {
            "precision": 1.0,
            "recall": 0.0023148148148148147,
            "f1-score": 0.004618937644341801,
            "support": 432.0
        },
        "3": {
            "precision": 0.8926080892608089,
            "recall": 0.9370424597364568,
            "f1-score": 0.9142857142857143,
            "support": 683.0
        },
        "4": {
            "precision": 0.5774834437086093,
            "recall": 0.6411764705882353,
            "f1-score": 0.6076655052264809,
            "support": 680.0
        },
        "5": {
            "precision": 0.4364012409513961,
            "recall": 0.9723502304147466,
            "f1-score": 0.6024268379728765,
            "support": 434.0
        },
        "6": {
            "precision": 0.0,
            "recall": 0.0,
            "f1-score": 0.0,
            "support": 421.0
        },
        "7": {
            "precision": 0.6666666666666666,
            "recall": 0.004651162790697674,
            "f1-score": 0.009237875288683603,
            "support": 430.0
        },
        "8": {
            "precision": 0.9561200923787528,
            "recall": 0.8329979879275654,
            "f1-score": 0.8903225806451613,
            "support": 497.0
        },
        "9": {
            "precision": 0.678082191780822,
            "recall": 0.2591623036649215,
            "f1-score": 0.375,
            "support": 382.0
        },
        "10": {
            "precision": 0.0,
            "recall": 0.0,
            "f1-score": 0.0,
            "support": 447.0
        },
        "11": {
            "precision": 0.9239904988123515,
            "recall": 0.9441747572815534,
            "f1-score": 0.9339735894357744,
            "support": 412.0
        },
        "12": {
            "precision": 0.556930693069307,
            "recall": 0.40250447227191416,
            "f1-score": 0.4672897196261682,
            "support": 559.0
        },
        "13": {
            "precision": 0.6492537313432836,
            "recall": 0.21271393643031786,
            "f1-score": 0.32044198895027626,
            "support": 409.0
        },
        "14": {
            "precision": 0.9921104536489151,
            "recall": 0.9636015325670498,
            "f1-score": 0.9776482021379981,
            "support": 522.0
        },
        "15": {
            "precision": 0.148,
            "recall": 0.47522935779816516,
            "f1-score": 0.22570806100217866,
            "support": 545.0
        },
        "16": {
            "precision": 0.25,
            "recall": 0.0027548209366391185,
            "f1-score": 0.005449591280653951,
            "support": 363.0
        },
        "17": {
            "precision": 0.02,
            "recall": 0.0017574692442882249,
            "f1-score": 0.0032310177705977385,
            "support": 569.0
        },
        "18": {
            "precision": 0.0,
            "recall": 0.0,
            "f1-score": 0.0,
            "support": 518.0
        },
        "19": {
            "precision": 0.2873636946760744,
            "recall": 0.9889624724061811,
            "f1-score": 0.44532803180914515,
            "support": 453.0
        },
        "20": {
            "precision": 0.8647686832740213,
            "recall": 0.6151898734177215,
            "f1-score": 0.7189349112426036,
            "support": 395.0
        },
        "21": {
            "precision": 0.5236139630390144,
            "recall": 0.413961038961039,
            "f1-score": 0.46237533998186764,
            "support": 616.0
        },
        "22": {
            "precision": 0.8121212121212121,
            "recall": 0.25,
            "f1-score": 0.38231098430813126,
            "support": 536.0
        },
        "23": {
            "precision": 0.8953323903818954,
            "recall": 0.922740524781341,
            "f1-score": 0.908829863603733,
            "support": 686.0
        },
        "24": {
            "precision": 0.96875,
            "recall": 0.9931350114416476,
            "f1-score": 0.9807909604519774,
            "support": 437.0
        },
        "25": {
            "precision": 0.18408941485864563,
            "recall": 0.8562691131498471,
            "f1-score": 0.30303030303030304,
            "support": 654.0
        },
        "26": {
            "precision": 0.8284313725490197,
            "recall": 0.9754689754689755,
            "f1-score": 0.8959575878064944,
            "support": 693.0
        },
        "27": {
            "precision": 0.3574561403508772,
            "recall": 0.23022598870056496,
            "f1-score": 0.2800687285223368,
            "support": 708.0
        },
        "28": {
            "precision": 0.9629629629629629,
            "recall": 0.1090146750524109,
            "f1-score": 0.1958568738229755,
            "support": 477.0
        },
        "29": {
            "precision": 0.0,
            "recall": 0.0,
            "f1-score": 0.0,
            "support": 564.0
        },
        "30": {
            "precision": 0.14156626506024098,
            "recall": 0.08145580589254767,
            "f1-score": 0.1034103410341034,
            "support": 577.0
        },
        "31": {
            "precision": 0.24100719424460432,
            "recall": 0.7112526539278131,
            "f1-score": 0.3600214938205266,
            "support": 471.0
        },
        "32": {
            "precision": 0.918960244648318,
            "recall": 0.7320341047503045,
            "f1-score": 0.8149152542372882,
            "support": 821.0
        },
        "33": {
            "precision": 0.8524355300859598,
            "recall": 0.9056316590563166,
            "f1-score": 0.8782287822878229,
            "support": 657.0
        },
        "34": {
            "precision": 0.9744245524296675,
            "recall": 0.6877256317689531,
            "f1-score": 0.8063492063492064,
            "support": 554.0
        },
        "35": {
            "precision": 0.37297734627831713,
            "recall": 0.7399678972712681,
            "f1-score": 0.4959655728886498,
            "support": 623.0
        },
        "36": {
            "precision": 0.8852173913043478,
            "recall": 0.7631184407796102,
            "f1-score": 0.8196457326892109,
            "support": 667.0
        },
        "37": {
            "precision": 0.7079439252336449,
            "recall": 0.9513343799058085,
            "f1-score": 0.8117883456128601,
            "support": 637.0
        },
        "38": {
            "precision": 0.9829642248722317,
            "recall": 0.9914089347079038,
            "f1-score": 0.9871685201026519,
            "support": 582.0
        },
        "39": {
            "precision": 0.8195876288659794,
            "recall": 0.7418351477449455,
            "f1-score": 0.7787755102040816,
            "support": 643.0
        },
        "40": {
            "precision": 0.35650623885918004,
            "recall": 0.30959752321981426,
            "f1-score": 0.33140016570008285,
            "support": 646.0
        },
        "41": {
            "precision": 0.8568872987477638,
            "recall": 0.897003745318352,
            "f1-score": 0.8764867337602927,
            "support": 534.0
        },
        "42": {
            "precision": 0.903107861060329,
            "recall": 0.9391634980988594,
            "f1-score": 0.9207828518173345,
            "support": 526.0
        },
        "43": {
            "precision": 0.5217391304347826,
            "recall": 0.0234375,