{
    "acc1": 0.5182983682983683,
    "acc5": [
        0.7933177933177933
    ],
    "mean_per_class_recall": 0.5308419493318074,
    "classification_report": {
        "0": {
            "precision": 0.6666666666666666,
            "recall": 0.07179487179487179,
            "f1-score": 0.12962962962962962,
            "support": 390.0
        },
        "1": {
            "precision": 0.4156028368794326,
            "recall": 0.9543973941368078,
            "f1-score": 0.5790513833992095,
            "support": 614.0
        },
        "2": {
            "precision": 0.9042016806722689,
            "recall": 0.9438596491228071,
            "f1-score": 0.9236051502145923,
            "support": 570.0
        },
        "3": {
            "precision": 0.0,
            "recall": 0.0,
            "f1-score": 0.0,
            "support": 977.0
        },
        "4": {
            "precision": 0.0,
            "recall": 0.0,
            "f1-score": 0.0,
            "support": 456.0
        },
        "5": {
            "precision": 0.52,
            "recall": 0.9219858156028369,
            "f1-score": 0.6649616368286445,
            "support": 564.0
        },
        "6": {
            "precision": 0.29012345679012347,
            "recall": 0.07925801011804384,
            "f1-score": 0.12450331125827814,
            "support": 593.0
        },
        "7": {
            "precision": 0.9111111111111111,
            "recall": 0.8478581979320532,
            "f1-score": 0.8783473603672532,
            "support": 677.0
        },
        "8": {
            "precision": 0.2942583732057416,
            "recall": 0.3022113022113022,
            "f1-score": 0.29818181818181816,
            "support": 407.0
        },
        "9": {
            "precision": 0.6972789115646258,
            "recall": 0.9255079006772009,
            "f1-score": 0.7953443258971872,
            "support": 443.0
        },
        "10": {
            "precision": 0.724950884086444,
            "recall": 0.7137330754352031,
            "f1-score": 0.7192982456140351,
            "support": 517.0
        },
        "11": {
            "precision": 0.9226190476190477,
            "recall": 0.9789473684210527,
            "f1-score": 0.9499489274770173,
            "support": 475.0
        },
        "12": {
            "precision": 1.0,
            "recall": 0.09718670076726342,
            "f1-score": 0.17715617715617715,
            "support": 391.0
        },
        "13": {
            "precision": 0.863905325443787,
            "recall": 0.9733333333333334,
            "f1-score": 0.9153605015673981,
            "support": 450.0
        },
        "14": {
            "precision": 0.7863372093023255,
            "recall": 0.9944852941176471,
            "f1-score": 0.8782467532467533,
            "support": 544.0
        },
        "15": {
            "precision": 0.8,
            "recall": 0.061269146608315096,
            "f1-score": 0.11382113821138211,
            "support": 457.0
        },
        "16": {
            "precision": 0.8865248226950354,
            "recall": 0.20128824476650564,
            "f1-score": 0.32808398950131235,
            "support": 621.0
        },
        "17": {
            "precision": 0.5192307692307693,
            "recall": 0.18,
            "f1-score": 0.26732673267326734,
            "support": 600.0
        },
        "18": {
            "precision": 0.9125,
            "recall": 0.14092664092664092,
            "f1-score": 0.24414715719063546,
            "support": 518.0
        },
        "19": {
            "precision": 0.9199255121042831,
            "recall": 0.9131238447319778,
            "f1-score": 0.9165120593692022,
            "support": 541.0
        },
        "20": {
            "precision": 0.09090909090909091,
            "recall": 0.0017730496453900709,
            "f1-score": 0.0034782608695652175,
            "support": 564.0
        },
        "21": {
            "precision": 0.0,
            "recall": 0.0,
            "f1-score": 0.0,
            "support": 391.0
        },
        "22": {
            "precision": 0.9550561797752809,
            "recall": 0.12648809523809523,
            "f1-score": 0.2233902759526938,
            "support": 672.0
        },
        "23": {
            "precision": 0.9560975609756097,
            "recall": 0.49122807017543857,
            "f1-score": 0.6490066225165563,
            "support": 399.0
        },
        "24": {
            "precision": 0.7283072546230441,
            "recall": 0.9377289377289377,
            "f1-score": 0.8198558847077662,
            "support": 546.0
        },
        "25": {
            "precision": 0.9211956521739131,
            "recall": 0.9685714285714285,
            "f1-score": 0.9442896935933147,
            "support": 350.0
        },
        "26": {
            "precision": 0.9713656387665198,
            "recall": 0.9586956521739131,
            "f1-score": 0.9649890590809628,
            "support": 460.0
        },
        "27": {
            "precision": 0.7684210526315789,
            "recall": 0.19337748344370861,
            "f1-score": 0.308994708994709,
            "support": 755.0
        },
        "28": {
            "precision": 0.9204946996466431,
            "recall": 0.7673048600883653,
            "f1-score": 0.8369477911646587,
            "support": 679.0
        },
        "29": {
            "precision": 0.0,
            "recall": 0.0,
            "f1-score": 0.0,
            "support": 542.0
        },
        "30": {
            "precision": 0.5327552986512524,
            "recall": 0.8722397476340694,
            "f1-score": 0.6614832535885168,
            "support": 634.0
        },
        "31": {
            "precision": 0.2222222222222222,
            "recall": 0.011009174311926606,
            "f1-score": 0.02097902097902098,
            "support": 545.0
        },
        "32": {
            "precision": 0.8052126200274349,
            "recall": 0.9362041467304625,
            "f1-score": 0.8657817109144543,
            "support": 627.0
        },
        "33": {
            "precision": 0.03897338403041825,
            "recall": 0.1752136752136752,
            "f1-score": 0.06376360808709176,
            "support": 468.0
        },
        "34": {
            "precision": 0.6914660831509847,
            "recall": 0.8207792207792208,
            "f1-score": 0.7505938242280285,
            "support": 385.0
        },
        "35": {
            "precision": 0.9464882943143813,
            "recall": 0.7408376963350786,
            "f1-score": 0.8311306901615272,
            "support": 382.0
        },
        "36": {
            "precision": 0.9669811320754716,
            "recall": 0.9276018099547512,
            "f1-score": 0.9468822170900693,
            "support": 442.0
        },
        "37": {
            "precision": 0.9047619047619048,
            "recall": 0.08962264150943396,
            "f1-score": 0.1630901287553648,
            "support": 424.0
        },
        "38": {
            "precision": 0.7264150943396226,
            "recall": 0.48427672955974843,
            "f1-score": 0.5811320754716981,
            "support": 318.0
        },
        "39": {
            "precision": 0.04411764705882353,
            "recall": 0.07551487414187644,
            "f1-score": 0.05569620253164557,
            "support": 437.0
        },
        "40": {
            "precision": 0.22551789077212805,
            "recall": 0.9071969696969697,
            "f1-score": 0.361236802413273,
            "support": 528.0
        },
        "41": {
            "precision": 0.010238907849829351,
            "recall": 0.004418262150220913,
            "f1-score": 0.006172839506172839,
            "support": 679.0
        },
        "42": {
            "precision": 0.8664383561643836,
            "recall": 0.7228571428571429,
            "f1-score": 0.7881619937694704,
            "support": 350.0
        },