{
    "acc1": 0.5437062937062938,
    "acc5": [
        0.8027195027195028
    ],
    "mean_per_class_recall": 0.5657695165290105,
    "classification_report": {
        "0": {
            "precision": 0.7164179104477612,
            "recall": 0.12307692307692308,
            "f1-score": 0.2100656455142232,
            "support": 390.0
        },
        "1": {
            "precision": 0.5165644171779141,
            "recall": 0.6856677524429967,
            "f1-score": 0.5892232330300909,
            "support": 614.0
        },
        "2": {
            "precision": 0.9100346020761245,
            "recall": 0.9228070175438596,
            "f1-score": 0.9163763066202091,
            "support": 570.0
        },
        "3": {
            "precision": 0.0,
            "recall": 0.0,
            "f1-score": 0.0,
            "support": 977.0
        },
        "4": {
            "precision": 0.0,
            "recall": 0.0,
            "f1-score": 0.0,
            "support": 456.0
        },
        "5": {
            "precision": 0.610981308411215,
            "recall": 0.9273049645390071,
            "f1-score": 0.7366197183098592,
            "support": 564.0
        },
        "6": {
            "precision": 0.3522012578616352,
            "recall": 0.18887015177065766,
            "f1-score": 0.24588364434687157,
            "support": 593.0
        },
        "7": {
            "precision": 0.9153605015673981,
            "recall": 0.8626292466765141,
            "f1-score": 0.888212927756654,
            "support": 677.0
        },
        "8": {
            "precision": 0.5641025641025641,
            "recall": 0.16216216216216217,
            "f1-score": 0.25190839694656486,
            "support": 407.0
        },
        "9": {
            "precision": 0.6409861325115562,
            "recall": 0.9390519187358917,
            "f1-score": 0.7619047619047619,
            "support": 443.0
        },
        "10": {
            "precision": 0.7307692307692307,
            "recall": 0.7350096711798839,
            "f1-score": 0.7328833172613307,
            "support": 517.0
        },
        "11": {
            "precision": 0.9168316831683169,
            "recall": 0.9747368421052631,
            "f1-score": 0.9448979591836735,
            "support": 475.0
        },
        "12": {
            "precision": 0.9358974358974359,
            "recall": 0.7468030690537084,
            "f1-score": 0.8307254623044097,
            "support": 391.0
        },
        "13": {
            "precision": 0.8076225045372051,
            "recall": 0.9888888888888889,
            "f1-score": 0.8891108891108891,
            "support": 450.0
        },
        "14": {
            "precision": 0.6440476190476191,
            "recall": 0.9944852941176471,
            "f1-score": 0.7817919075144508,
            "support": 544.0
        },
        "15": {
            "precision": 0.4110898661567878,
            "recall": 0.9409190371991247,
            "f1-score": 0.5721889554224884,
            "support": 457.0
        },
        "16": {
            "precision": 0.9620253164556962,
            "recall": 0.12238325281803543,
            "f1-score": 0.21714285714285714,
            "support": 621.0
        },
        "17": {
            "precision": 0.5932203389830508,
            "recall": 0.23333333333333334,
            "f1-score": 0.3349282296650718,
            "support": 600.0
        },
        "18": {
            "precision": 0.8947368421052632,
            "recall": 0.06563706563706563,
            "f1-score": 0.1223021582733813,
            "support": 518.0
        },
        "19": {
            "precision": 0.9429657794676806,
            "recall": 0.9168207024029574,
            "f1-score": 0.92970946579194,
            "support": 541.0
        },
        "20": {
            "precision": 0.14814814814814814,
            "recall": 0.0070921985815602835,
            "f1-score": 0.01353637901861252,
            "support": 564.0
        },
        "21": {
            "precision": 0.5,
            "recall": 0.0025575447570332483,
            "f1-score": 0.005089058524173028,
            "support": 391.0
        },
        "22": {
            "precision": 0.9725274725274725,
            "recall": 0.26339285714285715,
            "f1-score": 0.41451990632318503,
            "support": 672.0
        },
        "23": {
            "precision": 0.9348659003831418,
            "recall": 0.6115288220551378,
            "f1-score": 0.7393939393939394,
            "support": 399.0
        },
        "24": {
            "precision": 0.5597883597883598,
            "recall": 0.9688644688644689,
            "f1-score": 0.7095908786049631,
            "support": 546.0
        },
        "25": {
            "precision": 0.8944591029023746,
            "recall": 0.9685714285714285,
            "f1-score": 0.9300411522633745,
            "support": 350.0
        },
        "26": {
            "precision": 0.9842342342342343,
            "recall": 0.95,
            "f1-score": 0.9668141592920354,
            "support": 460.0
        },
        "27": {
            "precision": 0.0,
            "recall": 0.0,
            "f1-score": 0.0,
            "support": 755.0
        },
        "28": {
            "precision": 0.8916256157635468,
            "recall": 0.5331369661266568,
            "f1-score": 0.6672811059907834,
            "support": 679.0
        },
        "29": {
            "precision": 0.0,
            "recall": 0.0,
            "f1-score": 0.0,
            "support": 542.0
        },
        "30": {
            "precision": 0.4897792313982011,
            "recall": 0.944794952681388,
            "f1-score": 0.6451265481960151,
            "support": 634.0
        },
        "31": {
            "precision": 0.25,
            "recall": 0.007339449541284404,
            "f1-score": 0.0142602495543672,
            "support": 545.0
        },
        "32": {
            "precision": 0.7186761229314421,
            "recall": 0.9696969696969697,
            "f1-score": 0.8255261371350985,
            "support": 627.0
        },
        "33": {
            "precision": 0.05539906103286385,
            "recall": 0.12606837606837606,
            "f1-score": 0.07697325505544683,
            "support": 468.0
        },
        "34": {
            "precision": 0.8739130434782608,
            "recall": 0.522077922077922,
            "f1-score": 0.6536585365853659,
            "support": 385.0
        },
        "35": {
            "precision": 0.9320388349514563,
            "recall": 0.7539267015706806,
            "f1-score": 0.8335745296671491,
            "support": 382.0
        },
        "36": {
            "precision": 0.9820051413881749,
            "recall": 0.8642533936651584,
            "f1-score": 0.9193742478941035,
            "support": 442.0
        },
        "37": {
            "precision": 0.9578947368421052,
            "recall": 0.21462264150943397,
            "f1-score": 0.35067437379576105,
            "support": 424.0
        },
        "38": {
            "precision": 0.6629834254143646,
            "recall": 0.7547169811320755,
            "f1-score": 0.7058823529411765,
            "support": 318.0
        },
        "39": {
            "precision": 0.0668103448275862,
            "recall": 0.14187643020594964,
            "f1-score": 0.09084249084249084,
            "support": 437.0
        },
        "40": {
            "precision": 0.32300275482093666,
            "recall": 0.8882575757575758,
            "f1-score": 0.47373737373737373,
            "support": 528.0
        },
        "41": {
            "precision": 0.17277486910994763,
            "recall": 0.048600883652430045,
            "f1-score": 0.07586206896551724,
            "support": 679.0
        },
        "42": {
            "precision": 0.6319148936170212,
            "recall": 0.8485714285714285,
            "f1-score": 0.724390243902439,
            "support": 350.0
        },