{
    "acc1": 0.5612276612276612,
    "acc5": [
        0.8135975135975136
    ],
    "mean_per_class_recall": 0.5846749310623998,
    "classification_report": {
        "0": {
            "precision": 0.6111111111111112,
            "recall": 0.05641025641025641,
            "f1-score": 0.10328638497652583,
            "support": 390.0
        },
        "1": {
            "precision": 0.5519287833827893,
            "recall": 0.6058631921824105,
            "f1-score": 0.577639751552795,
            "support": 614.0
        },
        "2": {
            "precision": 0.9092436974789916,
            "recall": 0.9491228070175438,
            "f1-score": 0.9287553648068669,
            "support": 570.0
        },
        "3": {
            "precision": 0.0,
            "recall": 0.0,
            "f1-score": 0.0,
            "support": 977.0
        },
        "4": {
            "precision": 0.0,
            "recall": 0.0,
            "f1-score": 0.0,
            "support": 456.0
        },
        "5": {
            "precision": 0.5892648774795799,
            "recall": 0.8953900709219859,
            "f1-score": 0.7107670654468684,
            "support": 564.0
        },
        "6": {
            "precision": 0.3763837638376384,
            "recall": 0.17200674536256325,
            "f1-score": 0.2361111111111111,
            "support": 593.0
        },
        "7": {
            "precision": 0.9182098765432098,
            "recall": 0.8788774002954209,
            "f1-score": 0.8981132075471698,
            "support": 677.0
        },
        "8": {
            "precision": 0.6846153846153846,
            "recall": 0.21867321867321868,
            "f1-score": 0.33147113594040967,
            "support": 407.0
        },
        "9": {
            "precision": 0.672077922077922,
            "recall": 0.9345372460496614,
            "f1-score": 0.7818696883852692,
            "support": 443.0
        },
        "10": {
            "precision": 0.8229665071770335,
            "recall": 0.6653771760154739,
            "f1-score": 0.7358288770053476,
            "support": 517.0
        },
        "11": {
            "precision": 0.8942307692307693,
            "recall": 0.9789473684210527,
            "f1-score": 0.9346733668341709,
            "support": 475.0
        },
        "12": {
            "precision": 0.8856447688564477,
            "recall": 0.9309462915601023,
            "f1-score": 0.9077306733167082,
            "support": 391.0
        },
        "13": {
            "precision": 0.8170055452865065,
            "recall": 0.9822222222222222,
            "f1-score": 0.8920282542885973,
            "support": 450.0
        },
        "14": {
            "precision": 0.7165562913907285,
            "recall": 0.9944852941176471,
            "f1-score": 0.8329484218629715,
            "support": 544.0
        },
        "15": {
            "precision": 0.6524486571879937,
            "recall": 0.9037199124726477,
            "f1-score": 0.7577981651376147,
            "support": 457.0
        },
        "16": {
            "precision": 0.9402985074626866,
            "recall": 0.2028985507246377,
            "f1-score": 0.3337748344370861,
            "support": 621.0
        },
        "17": {
            "precision": 0.6812749003984063,
            "recall": 0.285,
            "f1-score": 0.4018801410105758,
            "support": 600.0
        },
        "18": {
            "precision": 0.8,
            "recall": 0.04633204633204633,
            "f1-score": 0.08759124087591241,
            "support": 518.0
        },
        "19": {
            "precision": 0.9502868068833652,
            "recall": 0.9186691312384473,
            "f1-score": 0.9342105263157895,
            "support": 541.0
        },
        "20": {
            "precision": 0.07407407407407407,
            "recall": 0.0035460992907801418,
            "f1-score": 0.00676818950930626,
            "support": 564.0
        },
        "21": {
            "precision": 0.6666666666666666,
            "recall": 0.005115089514066497,
            "f1-score": 0.01015228426395939,
            "support": 391.0
        },
        "22": {
            "precision": 0.9743589743589743,
            "recall": 0.28273809523809523,
            "f1-score": 0.43829296424452135,
            "support": 672.0
        },
        "23": {
            "precision": 0.9430604982206405,
            "recall": 0.6641604010025063,
            "f1-score": 0.7794117647058824,
            "support": 399.0
        },
        "24": {
            "precision": 0.5894263217097863,
            "recall": 0.9597069597069597,
            "f1-score": 0.7303135888501742,
            "support": 546.0
        },
        "25": {
            "precision": 0.8341463414634146,
            "recall": 0.9771428571428571,
            "f1-score": 0.9,
            "support": 350.0
        },
        "26": {
            "precision": 0.9712389380530974,
            "recall": 0.9543478260869566,
            "f1-score": 0.9627192982456141,
            "support": 460.0
        },
        "27": {
            "precision": 0.22727272727272727,
            "recall": 0.006622516556291391,
            "f1-score": 0.01287001287001287,
            "support": 755.0
        },
        "28": {
            "precision": 0.89,
            "recall": 0.6553755522827688,
            "f1-score": 0.7548770144189991,
            "support": 679.0
        },
        "29": {
            "precision": 0.0,
            "recall": 0.0,
            "f1-score": 0.0,
            "support": 542.0
        },
        "30": {
            "precision": 0.5076660988074957,
            "recall": 0.9400630914826499,
            "f1-score": 0.6592920353982301,
            "support": 634.0
        },
        "31": {
            "precision": 0.10810810810810811,
            "recall": 0.007339449541284404,
            "f1-score": 0.013745704467353952,
            "support": 545.0
        },
        "32": {
            "precision": 0.7559153175591532,
            "recall": 0.9681020733652312,
            "f1-score": 0.848951048951049,
            "support": 627.0
        },
        "33": {
            "precision": 0.052478134110787174,
            "recall": 0.038461538461538464,
            "f1-score": 0.04438964241676942,
            "support": 468.0
        },
        "34": {
            "precision": 0.8357348703170029,
            "recall": 0.7532467532467533,
            "f1-score": 0.7923497267759563,
            "support": 385.0
        },
        "35": {
            "precision": 0.9546925566343042,
            "recall": 0.7722513089005235,
            "f1-score": 0.85383502170767,
            "support": 382.0
        },
        "36": {
            "precision": 0.9705882352941176,
            "recall": 0.8959276018099548,
            "f1-score": 0.9317647058823529,
            "support": 442.0
        },
        "37": {
            "precision": 0.9433962264150944,
            "recall": 0.2358490566037736,
            "f1-score": 0.37735849056603776,
            "support": 424.0
        },
        "38": {
            "precision": 0.8097014925373134,
            "recall": 0.6823899371069182,
            "f1-score": 0.7406143344709898,
            "support": 318.0
        },
        "39": {
            "precision": 0.11352785145888594,
            "recall": 0.4897025171624714,
            "f1-score": 0.1843238587424634,
            "support": 437.0
        },
        "40": {
            "precision": 0.26755852842809363,
            "recall": 0.9090909090909091,
            "f1-score": 0.4134366925064599,
            "support": 528.0
        },
        "41": {
            "precision": 0.14869888475836432,
            "recall": 0.05891016200294551,
            "f1-score": 0.08438818565400844,
            "support": 679.0
        },
        "42": {
            "precision": 0.6168421052631579,
            "recall": 0.8371428571428572,
            "f1-score": 0.7103030303030303,