{
    "acc1": 0.5285284196017266,
    "acc5": [
        0.7384018281403025
    ],
    "mean_per_class_recall": 0.5076800984386303,
    "classification_report": {
        "0": {
            "precision": 0.0,
            "recall": 0.0,
            "f1-score": 0.0,
            "support": 382.0
        },
        "1": {
            "precision": 0.9532710280373832,
            "recall": 0.49434571890145396,
            "f1-score": 0.6510638297872341,
            "support": 619.0
        },
        "2": {
            "precision": 0.2,
            "recall": 0.0023148148148148147,
            "f1-score": 0.004576659038901602,
            "support": 432.0
        },
        "3": {
            "precision": 0.9121405750798722,
            "recall": 0.83601756954612,
            "f1-score": 0.8724216959511077,
            "support": 683.0
        },
        "4": {
            "precision": 0.3116883116883117,
            "recall": 0.7058823529411765,
            "f1-score": 0.43243243243243246,
            "support": 680.0
        },
        "5": {
            "precision": 0.3880184331797235,
            "recall": 0.9700460829493087,
            "f1-score": 0.554312047399605,
            "support": 434.0
        },
        "6": {
            "precision": 0.1,
            "recall": 0.04275534441805225,
            "f1-score": 0.059900166389351084,
            "support": 421.0
        },
        "7": {
            "precision": 0.5714285714285714,
            "recall": 0.009302325581395349,
            "f1-score": 0.018306636155606407,
            "support": 430.0
        },
        "8": {
            "precision": 0.9502369668246445,
            "recall": 0.806841046277666,
            "f1-score": 0.8726877040261154,
            "support": 497.0
        },
        "9": {
            "precision": 0.4166666666666667,
            "recall": 0.4319371727748691,
            "f1-score": 0.4241645244215938,
            "support": 382.0
        },
        "10": {
            "precision": 0.0,
            "recall": 0.0,
            "f1-score": 0.0,
            "support": 447.0
        },
        "11": {
            "precision": 0.9578947368421052,
            "recall": 0.883495145631068,
            "f1-score": 0.9191919191919192,
            "support": 412.0
        },
        "12": {
            "precision": 0.7315789473684211,
            "recall": 0.49731663685152055,
            "f1-score": 0.5921192758253461,
            "support": 559.0
        },
        "13": {
            "precision": 0.6917293233082706,
            "recall": 0.22493887530562348,
            "f1-score": 0.33948339483394835,
            "support": 409.0
        },
        "14": {
            "precision": 0.9862475442043221,
            "recall": 0.9616858237547893,
            "f1-score": 0.973811833171678,
            "support": 522.0
        },
        "15": {
            "precision": 0.17027863777089783,
            "recall": 0.4036697247706422,
            "f1-score": 0.23952095808383234,
            "support": 545.0
        },
        "16": {
            "precision": 0.2127659574468085,
            "recall": 0.027548209366391185,
            "f1-score": 0.04878048780487805,
            "support": 363.0
        },
        "17": {
            "precision": 0.0,
            "recall": 0.0,
            "f1-score": 0.0,
            "support": 569.0
        },
        "18": {
            "precision": 0.7857142857142857,
            "recall": 0.021235521235521235,
            "f1-score": 0.041353383458646614,
            "support": 518.0
        },
        "19": {
            "precision": 0.2574370709382151,
            "recall": 0.9933774834437086,
            "f1-score": 0.408905043162199,
            "support": 453.0
        },
        "20": {
            "precision": 0.923728813559322,
            "recall": 0.5518987341772152,
            "f1-score": 0.6909667194928685,
            "support": 395.0
        },
        "21": {
            "precision": 0.5853314527503526,
            "recall": 0.6737012987012987,
            "f1-score": 0.6264150943396226,
            "support": 616.0
        },
        "22": {
            "precision": 0.8705035971223022,
            "recall": 0.22574626865671643,
            "f1-score": 0.3585185185185185,
            "support": 536.0
        },
        "23": {
            "precision": 0.8743315508021391,
            "recall": 0.9533527696793003,
            "f1-score": 0.9121338912133892,
            "support": 686.0
        },
        "24": {
            "precision": 0.9929577464788732,
            "recall": 0.9679633867276888,
            "f1-score": 0.9803012746234068,
            "support": 437.0
        },
        "25": {
            "precision": 0.20103282921431206,
            "recall": 0.8333333333333334,
            "f1-score": 0.32392273402674593,
            "support": 654.0
        },
        "26": {
            "precision": 0.9016393442622951,
            "recall": 0.873015873015873,
            "f1-score": 0.8870967741935484,
            "support": 693.0
        },
        "27": {
            "precision": 0.30278884462151395,
            "recall": 0.10734463276836158,
            "f1-score": 0.15849843587069865,
            "support": 708.0
        },
        "28": {
            "precision": 0.9705882352941176,
            "recall": 0.13836477987421383,
            "f1-score": 0.24220183486238533,
            "support": 477.0
        },
        "29": {
            "precision": 0.06666666666666667,
            "recall": 0.0017730496453900709,
            "f1-score": 0.0034542314335060447,
            "support": 564.0
        },
        "30": {
            "precision": 0.02962962962962963,
            "recall": 0.006932409012131715,
            "f1-score": 0.011235955056179775,
            "support": 577.0
        },
        "31": {
            "precision": 0.20384995064165845,
            "recall": 0.8768577494692145,
            "f1-score": 0.33079695634761713,
            "support": 471.0
        },
        "32": {
            "precision": 0.863395225464191,
            "recall": 0.7929354445797807,
            "f1-score": 0.8266666666666667,
            "support": 821.0
        },
        "33": {
            "precision": 0.8913043478260869,
            "recall": 0.8736681887366818,
            "f1-score": 0.8823981552651806,
            "support": 657.0
        },
        "34": {
            "precision": 0.9746300211416491,
            "recall": 0.8321299638989169,
            "f1-score": 0.8977604673807206,
            "support": 554.0
        },
        "35": {
            "precision": 0.3651821862348178,
            "recall": 0.723916532905297,
            "f1-score": 0.48546824542518835,
            "support": 623.0
        },
        "36": {
            "precision": 0.7886676875957122,
            "recall": 0.7721139430284858,
            "f1-score": 0.7803030303030303,
            "support": 667.0
        },
        "37": {
            "precision": 0.6616379310344828,
            "recall": 0.9638932496075353,
            "f1-score": 0.7846645367412141,
            "support": 637.0
        },
        "38": {
            "precision": 0.964765100671141,
            "recall": 0.9879725085910653,
            "f1-score": 0.9762308998302207,
            "support": 582.0
        },
        "39": {
            "precision": 0.8186813186813187,
            "recall": 0.6951788491446346,
            "f1-score": 0.751892346509672,
            "support": 643.0
        },
        "40": {
            "precision": 0.4421052631578947,
            "recall": 0.13003095975232198,
            "f1-score": 0.20095693779904306,
            "support": 646.0
        },
        "41": {
            "precision": 0.8747697974217311,
            "recall": 0.8895131086142322,
            "f1-score": 0.8820798514391829,
            "support": 534.0
        },
        "42": {
            "precision": 0.9473684210526315,
            "recall": 0.9239543726235742,