{
    "acc1": 0.5828749541620829,
    "acc5": [
        0.8172717271727172
    ],
    "mean_per_class_recall": 0.5845459931748722,
    "classification_report": {
        "0": {
            "precision": 0.9802631578947368,
            "recall": 0.962843295638126,
            "f1-score": 0.9714751426242869,
            "support": 619.0
        },
        "1": {
            "precision": 0.8635437881873728,
            "recall": 0.9614512471655329,
            "f1-score": 0.9098712446351931,
            "support": 441.0
        },
        "2": {
            "precision": 0.5,
            "recall": 0.001375515818431912,
            "f1-score": 0.0027434842249657062,
            "support": 727.0
        },
        "3": {
            "precision": 0.3829981718464351,
            "recall": 0.9128540305010894,
            "f1-score": 0.5396007726980039,
            "support": 459.0
        },
        "4": {
            "precision": 0.5911179173047473,
            "recall": 0.8772727272727273,
            "f1-score": 0.7063129002744739,
            "support": 440.0
        },
        "5": {
            "precision": 0.9426751592356688,
            "recall": 0.9652173913043478,
            "f1-score": 0.9538131041890441,
            "support": 920.0
        },
        "6": {
            "precision": 0.5846153846153846,
            "recall": 0.06972477064220184,
            "f1-score": 0.12459016393442623,
            "support": 545.0
        },
        "7": {
            "precision": 0.8576158940397351,
            "recall": 0.576837416481069,
            "f1-score": 0.6897470039946738,
            "support": 449.0
        },
        "8": {
            "precision": 0.714795008912656,
            "recall": 0.9685990338164251,
            "f1-score": 0.8225641025641026,
            "support": 414.0
        },
        "9": {
            "precision": 0.0,
            "recall": 0.0,
            "f1-score": 0.0,
            "support": 336.0
        },
        "10": {
            "precision": 0.10631229235880399,
            "recall": 0.10191082802547771,
            "f1-score": 0.1040650406504065,
            "support": 628.0
        },
        "11": {
            "precision": 0.38602723505032566,
            "recall": 0.815,
            "f1-score": 0.5239051828043391,
            "support": 800.0
        },
        "12": {
            "precision": 0.8618012422360248,
            "recall": 0.977112676056338,
            "f1-score": 0.9158415841584159,
            "support": 568.0
        },
        "13": {
            "precision": 0.7950617283950617,
            "recall": 0.7721822541966427,
            "f1-score": 0.7834549878345499,
            "support": 417.0
        },
        "14": {
            "precision": 0.46175115207373274,
            "recall": 0.8391959798994975,
            "f1-score": 0.5957193816884662,
            "support": 597.0
        },
        "15": {
            "precision": 0.40816326530612246,
            "recall": 0.10282776349614396,
            "f1-score": 0.16427104722792607,
            "support": 389.0
        },
        "16": {
            "precision": 0.6265625,
            "recall": 0.8285123966942148,
            "f1-score": 0.7135231316725978,
            "support": 484.0
        },
        "17": {
            "precision": 0.6653225806451613,
            "recall": 0.8418367346938775,
            "f1-score": 0.7432432432432432,
            "support": 392.0
        },
        "18": {
            "precision": 0.05405405405405406,
            "recall": 0.015384615384615385,
            "f1-score": 0.023952095808383235,
            "support": 390.0
        },
        "19": {
            "precision": 0.7329545454545454,
            "recall": 0.9555555555555556,
            "f1-score": 0.8295819935691319,
            "support": 405.0
        },
        "20": {
            "precision": 0.14207650273224043,
            "recall": 0.07065217391304347,
            "f1-score": 0.09437386569872959,
            "support": 368.0
        },
        "21": {
            "precision": 0.9316037735849056,
            "recall": 0.8936651583710408,
            "f1-score": 0.9122401847575058,
            "support": 442.0
        },
        "22": {
            "precision": 0.8706293706293706,
            "recall": 0.9894039735099338,
            "f1-score": 0.926224426534408,
            "support": 755.0
        },
        "23": {
            "precision": 0.9277566539923955,
            "recall": 0.6321243523316062,
            "f1-score": 0.7519260400616333,
            "support": 386.0
        },
        "24": {
            "precision": 0.7800829875518672,
            "recall": 0.9193154034229829,
            "f1-score": 0.8439955106621774,
            "support": 409.0
        },
        "25": {
            "precision": 0.2774390243902439,
            "recall": 0.18840579710144928,
            "f1-score": 0.22441430332922319,
            "support": 483.0
        },
        "26": {
            "precision": 0.9825783972125436,
            "recall": 0.41348973607038125,
            "f1-score": 0.5820433436532507,
            "support": 682.0
        },
        "27": {
            "precision": 0.7914951989026063,
            "recall": 0.9474548440065681,
            "f1-score": 0.8624813153961136,
            "support": 609.0
        },
        "28": {
            "precision": 0.4876140808344198,
            "recall": 0.9326683291770573,
            "f1-score": 0.6404109589041096,
            "support": 401.0
        },
        "29": {
            "precision": 0.9825783972125436,
            "recall": 0.9067524115755627,
            "f1-score": 0.9431438127090301,
            "support": 622.0
        },
        "30": {
            "precision": 0.9555125725338491,
            "recall": 0.774294670846395,
            "f1-score": 0.8554112554112554,
            "support": 638.0
        },
        "31": {
            "precision": 0.4444444444444444,
            "recall": 0.021314387211367674,
            "f1-score": 0.04067796610169491,
            "support": 563.0
        },
        "32": {
            "precision": 0.6378896882494005,
            "recall": 0.59375,
            "f1-score": 0.6150289017341041,
            "support": 448.0
        },
        "33": {
            "precision": 0.05841584158415842,
            "recall": 0.16857142857142857,
            "f1-score": 0.08676470588235294,
            "support": 700.0
        },
        "34": {
            "precision": 0.6435406698564593,
            "recall": 0.7192513368983957,
            "f1-score": 0.6792929292929293,
            "support": 374.0
        },
        "35": {
            "precision": 0.3333333333333333,
            "recall": 0.01201923076923077,
            "f1-score": 0.02320185614849188,
            "support": 416.0
        },
        "36": {
            "precision": 0.8833333333333333,
            "recall": 0.10433070866141732,
            "f1-score": 0.18661971830985916,
            "support": 508.0
        },
        "37": {
            "precision": 0.6162162162162163,
            "recall": 0.7296,
            "f1-score": 0.6681318681318681,
            "support": 625.0
        },
        "38": {
            "precision": 0.932998324958124,
            "recall": 0.9858407079646018,
            "f1-score": 0.9586919104991394,
            "support": 565.0
        },
        "39": {
            "precision": 0.0,
            "recall": 0.0,
            "f1-score": 0.0,
            "support": 696.0
        },
        "40": {
            "precision": 0.1,
            "recall": 0.0025906735751295338,
            "f1-score": 0.005050505050505051,
            "support": 386.0
        },
        "41": {
            "precision": 0.0,
            "recall": 0.0,
            "f1-score": 0.0,
            "support": 594.0
        },
        "42": {
            "precision": 0.2992805755395683,
            "recall": 0.9607390300230947,
            "f1-score": 0.4563905650027427,