{
    "acc1": 0.6063196623742019,
    "acc5": [
        0.8014644879702774
    ],
    "mean_per_class_recall": 0.6086465410584324,
    "classification_report": {
        "0": {
            "precision": 0.0,
            "recall": 0.0,
            "f1-score": 0.0,
            "support": 441.0
        },
        "1": {
            "precision": 0.9016393442622951,
            "recall": 0.8753315649867374,
            "f1-score": 0.8882907133243607,
            "support": 377.0
        },
        "2": {
            "precision": 0.8129370629370629,
            "recall": 0.9412955465587044,
            "f1-score": 0.8724202626641651,
            "support": 494.0
        },
        "3": {
            "precision": 0.8620102214650767,
            "recall": 0.7408491947291361,
            "f1-score": 0.7968503937007874,
            "support": 683.0
        },
        "4": {
            "precision": 0.9616368286445013,
            "recall": 0.9038461538461539,
            "f1-score": 0.9318463444857497,
            "support": 416.0
        },
        "5": {
            "precision": 0.871927554980595,
            "recall": 0.9782293178519593,
            "f1-score": 0.9220246238030095,
            "support": 689.0
        },
        "6": {
            "precision": 0.34615384615384615,
            "recall": 0.07479224376731301,
            "f1-score": 0.12300683371298406,
            "support": 361.0
        },
        "7": {
            "precision": 0.4900662251655629,
            "recall": 0.9955156950672646,
            "f1-score": 0.6568047337278107,
            "support": 446.0
        },
        "8": {
            "precision": 0.0,
            "recall": 0.0,
            "f1-score": 0.0,
            "support": 363.0
        },
        "9": {
            "precision": 0.8060344827586207,
            "recall": 0.9672413793103448,
            "f1-score": 0.8793103448275862,
            "support": 580.0
        },
        "10": {
            "precision": 0.09090909090909091,
            "recall": 0.0016155088852988692,
            "f1-score": 0.0031746031746031746,
            "support": 619.0
        },
        "11": {
            "precision": 0.9847161572052402,
            "recall": 0.8590476190476191,
            "f1-score": 0.9175991861648016,
            "support": 525.0
        },
        "12": {
            "precision": 0.945054945054945,
            "recall": 0.8237547892720306,
            "f1-score": 0.8802456499488229,
            "support": 522.0
        },
        "13": {
            "precision": 0.659016393442623,
            "recall": 0.7897838899803536,
            "f1-score": 0.7184986595174263,
            "support": 509.0
        },
        "14": {
            "precision": 0.8622222222222222,
            "recall": 0.669735327963176,
            "f1-score": 0.7538860103626943,
            "support": 869.0
        },
        "15": {
            "precision": 0.698170731707317,
            "recall": 0.37479541734860883,
            "f1-score": 0.48775292864749736,
            "support": 611.0
        },
        "16": {
            "precision": 0.3589296102385108,
            "recall": 0.9686028257456829,
            "f1-score": 0.5237691001697793,
            "support": 637.0
        },
        "17": {
            "precision": 0.0,
            "recall": 0.0,
            "f1-score": 0.0,
            "support": 707.0
        },
        "18": {
            "precision": 0.0,
            "recall": 0.0,
            "f1-score": 0.0,
            "support": 593.0
        },
        "19": {
            "precision": 0.856020942408377,
            "recall": 0.9589442815249267,
            "f1-score": 0.9045643153526971,
            "support": 341.0
        },
        "20": {
            "precision": 0.0,
            "recall": 0.0,
            "f1-score": 0.0,
            "support": 554.0
        },
        "21": {
            "precision": 0.8576104746317512,
            "recall": 0.8632619439868204,
            "f1-score": 0.8604269293924466,
            "support": 607.0
        },
        "22": {
            "precision": 0.9572301425661914,
            "recall": 0.8303886925795053,
            "f1-score": 0.8893093661305582,
            "support": 566.0
        },
        "23": {
            "precision": 0.8465473145780051,
            "recall": 0.8791500664010624,
            "f1-score": 0.8625407166123779,
            "support": 753.0
        },
        "24": {
            "precision": 0.3641906873614191,
            "recall": 0.9319148936170213,
            "f1-score": 0.5237146273415704,
            "support": 705.0
        },
        "25": {
            "precision": 0.21840397098129058,
            "recall": 0.8868217054263566,
            "f1-score": 0.35049019607843135,
            "support": 645.0
        },
        "26": {
            "precision": 0.9124087591240876,
            "recall": 0.8729050279329609,
            "f1-score": 0.8922198429693077,
            "support": 716.0
        },
        "27": {
            "precision": 0.6,
            "recall": 0.8351351351351352,
            "f1-score": 0.6983050847457627,
            "support": 370.0
        },
        "28": {
            "precision": 0.0,
            "recall": 0.0,
            "f1-score": 0.0,
            "support": 912.0
        },
        "29": {
            "precision": 0.4755043227665706,
            "recall": 0.3402061855670103,
            "f1-score": 0.39663461538461536,
            "support": 485.0
        },
        "30": {
            "precision": 0.9441233140655106,
            "recall": 0.831918505942275,
            "f1-score": 0.8844765342960289,
            "support": 589.0
        },
        "31": {
            "precision": 0.0,
            "recall": 0.0,
            "f1-score": 0.0,
            "support": 388.0
        },
        "32": {
            "precision": 0.834920634920635,
            "recall": 0.6430317848410758,
            "f1-score": 0.7265193370165746,
            "support": 409.0
        },
        "33": {
            "precision": 0.5603715170278638,
            "recall": 0.7140039447731755,
            "f1-score": 0.6279271465741544,
            "support": 507.0
        },
        "34": {
            "precision": 0.9716814159292035,
            "recall": 0.9699646643109541,
            "f1-score": 0.9708222811671088,
            "support": 566.0
        },
        "35": {
            "precision": 0.3333333333333333,
            "recall": 0.23518164435946462,
            "f1-score": 0.2757847533632287,
            "support": 523.0
        },
        "36": {
            "precision": 0.806282722513089,
            "recall": 0.9793322734499205,
            "f1-score": 0.8844221105527639,
            "support": 629.0
        },
        "37": {
            "precision": 0.0,
            "recall": 0.0,
            "f1-score": 0.0,
            "support": 491.0
        },
        "38": {
            "precision": 0.49064906490649063,
            "recall": 0.8446969696969697,
            "f1-score": 0.6207376478775226,
            "support": 528.0
        },
        "39": {
            "precision": 0.7597292724196277,
            "recall": 0.8503787878787878,
            "f1-score": 0.8025022341376229,
            "support": 528.0
        },
        "40": {
            "precision": 0.9390862944162437,
            "recall": 0.9414758269720102,
            "f1-score": 0.940279542566709,
            "support": 393.0
        },
        "41": {
            "precision": 0.2,
            "recall": 0.001358695652173913,
            "f1-score": 0.002699055330634278,
            "support": 736.0
        },
        "42": {
            "precision": 0.9830917874396136,
            "recall": 0.5976505139500734,
            "f1-score": 0.7433789954337899,
            "support": 681.0
        },
        "43": {
            "precision": 0.1798827522369639,
            "recall": 0.9388083735909822,
            "f1-score": 0.30191610564474364,