{
    "acc1": 0.5642400730260155,
    "acc5": [
        0.7373725848166742
    ],
    "mean_per_class_recall": 0.5413892918002796,
    "classification_report": {
        "0": {
            "precision": 0.9146067415730337,
            "recall": 0.791828793774319,
            "f1-score": 0.848800834202294,
            "support": 514.0
        },
        "1": {
            "precision": 0.0,
            "recall": 0.0,
            "f1-score": 0.0,
            "support": 494.0
        },
        "2": {
            "precision": 0.9477124183006536,
            "recall": 0.9006211180124224,
            "f1-score": 0.9235668789808917,
            "support": 483.0
        },
        "3": {
            "precision": 0.4657534246575342,
            "recall": 0.15668202764976957,
            "f1-score": 0.23448275862068965,
            "support": 651.0
        },
        "4": {
            "precision": 0.6877076411960132,
            "recall": 0.6124260355029586,
            "f1-score": 0.647887323943662,
            "support": 676.0
        },
        "5": {
            "precision": 0.07692307692307693,
            "recall": 0.005494505494505495,
            "f1-score": 0.010256410256410256,
            "support": 364.0
        },
        "6": {
            "precision": 0.2722616233254531,
            "recall": 0.9637377963737797,
            "f1-score": 0.42457757296466975,
            "support": 717.0
        },
        "7": {
            "precision": 0.0,
            "recall": 0.0,
            "f1-score": 0.0,
            "support": 429.0
        },
        "8": {
            "precision": 0.0,
            "recall": 0.0,
            "f1-score": 0.0,
            "support": 619.0
        },
        "9": {
            "precision": 0.9499072356215214,
            "recall": 0.9884169884169884,
            "f1-score": 0.9687795648060549,
            "support": 518.0
        },
        "10": {
            "precision": 1.0,
            "recall": 0.5056433408577878,
            "f1-score": 0.671664167916042,
            "support": 443.0
        },
        "11": {
            "precision": 0.0,
            "recall": 0.0,
            "f1-score": 0.0,
            "support": 464.0
        },
        "12": {
            "precision": 1.0,
            "recall": 0.0026246719160104987,
            "f1-score": 0.005235602094240838,
            "support": 381.0
        },
        "13": {
            "precision": 0.07692307692307693,
            "recall": 0.0022222222222222222,
            "f1-score": 0.004319654427645789,
            "support": 450.0
        },
        "14": {
            "precision": 0.9354838709677419,
            "recall": 0.9957081545064378,
            "f1-score": 0.9646569646569647,
            "support": 699.0
        },
        "15": {
            "precision": 0.0,
            "recall": 0.0,
            "f1-score": 0.0,
            "support": 541.0
        },
        "16": {
            "precision": 0.8915187376725838,
            "recall": 0.9300411522633745,
            "f1-score": 0.9103726082578046,
            "support": 486.0
        },
        "17": {
            "precision": 0.0,
            "recall": 0.0,
            "f1-score": 0.0,
            "support": 490.0
        },
        "18": {
            "precision": 0.0,
            "recall": 0.0,
            "f1-score": 0.0,
            "support": 340.0
        },
        "19": {
            "precision": 0.71334431630972,
            "recall": 0.9372294372294372,
            "f1-score": 0.8101028999064547,
            "support": 462.0
        },
        "20": {
            "precision": 0.6575757575757576,
            "recall": 0.9931350114416476,
            "f1-score": 0.7912488605287147,
            "support": 437.0
        },
        "21": {
            "precision": 0.9863013698630136,
            "recall": 0.37402597402597404,
            "f1-score": 0.5423728813559322,
            "support": 385.0
        },
        "22": {
            "precision": 0.8982456140350877,
            "recall": 0.7596439169139466,
            "f1-score": 0.8231511254019293,
            "support": 337.0
        },
        "23": {
            "precision": 0.39855072463768115,
            "recall": 0.9734513274336283,
            "f1-score": 0.5655526992287918,
            "support": 339.0
        },
        "24": {
            "precision": 0.8884615384615384,
            "recall": 0.7615384615384615,
            "f1-score": 0.8201183431952662,
            "support": 910.0
        },
        "25": {
            "precision": 0.0703030303030303,
            "recall": 0.1124031007751938,
            "f1-score": 0.08650260999254288,
            "support": 516.0
        },
        "26": {
            "precision": 0.9752475247524752,
            "recall": 0.9120370370370371,
            "f1-score": 0.9425837320574163,
            "support": 432.0
        },
        "27": {
            "precision": 0.8624161073825504,
            "recall": 0.6425,
            "f1-score": 0.7363896848137536,
            "support": 400.0
        },
        "28": {
            "precision": 0.21271239773442416,
            "recall": 0.9285714285714286,
            "f1-score": 0.34613415258576546,
            "support": 364.0
        },
        "29": {
            "precision": 0.8940568475452196,
            "recall": 0.8917525773195877,
            "f1-score": 0.8929032258064517,
            "support": 388.0
        },
        "30": {
            "precision": 0.25,
            "recall": 0.017953321364452424,
            "f1-score": 0.03350083752093802,
            "support": 557.0
        },
        "31": {
            "precision": 0.9461538461538461,
            "recall": 0.9407265774378585,
            "f1-score": 0.9434324065196549,
            "support": 523.0
        },
        "32": {
            "precision": 0.1746461909063535,
            "recall": 0.8895705521472392,
            "f1-score": 0.291970802919708,
            "support": 652.0
        },
        "33": {
            "precision": 0.4536082474226804,
            "recall": 0.125,
            "f1-score": 0.19599109131403117,
            "support": 352.0
        },
        "34": {
            "precision": 0.9352941176470588,
            "recall": 0.7282442748091603,
            "f1-score": 0.8188841201716738,
            "support": 655.0
        },
        "35": {
            "precision": 0.7602996254681648,
            "recall": 0.8475991649269311,
            "f1-score": 0.8015794669299111,
            "support": 479.0
        },
        "36": {
            "precision": 0.8168701442841287,
            "recall": 0.8953771289537713,
            "f1-score": 0.8543238537434706,
            "support": 822.0
        },
        "37": {
            "precision": 0.9775280898876404,
            "recall": 0.943089430894309,
            "f1-score": 0.96,
            "support": 738.0
        },
        "38": {
            "precision": 0.0,
            "recall": 0.0,
            "f1-score": 0.0,
            "support": 720.0
        },
        "39": {
            "precision": 0.4961571306575576,
            "recall": 0.8058252427184466,
            "f1-score": 0.6141649048625792,
            "support": 721.0
        },
        "40": {
            "precision": 0.3628691983122363,
            "recall": 0.8989547038327527,
            "f1-score": 0.5170340681362725,
            "support": 574.0
        },
        "41": {
            "precision": 0.9377431906614786,
            "recall": 0.926923076923077,
            "f1-score": 0.9323017408123792,
            "support": 780.0
        },
        "42": {
            "precision": 0.45,
            "recall": 0.020224719101123594,
            "f1-score": 0.03870967741935484,
            "support": 445.0
        },
        "43": {
            "precision": 0.0,
            "recall": 0.0,
            "f1-score": 0.0,
            "support": 468.0
        },
        "44": {
            "precision": 0.0,
            "recall": 0.0,