{
    "acc1": 0.6033618295278289,
    "acc5": [
        0.8008512787216391
    ],
    "mean_per_class_recall": 0.6059235589256751,
    "classification_report": {
        "0": {
            "precision": 0.0,
            "recall": 0.0,
            "f1-score": 0.0,
            "support": 441.0
        },
        "1": {
            "precision": 0.8789473684210526,
            "recall": 0.8859416445623343,
            "f1-score": 0.8824306472919419,
            "support": 377.0
        },
        "2": {
            "precision": 0.8003412969283277,
            "recall": 0.9493927125506073,
            "f1-score": 0.8685185185185185,
            "support": 494.0
        },
        "3": {
            "precision": 0.8084033613445378,
            "recall": 0.7042459736456809,
            "f1-score": 0.7527386541471048,
            "support": 683.0
        },
        "4": {
            "precision": 0.9546599496221663,
            "recall": 0.9110576923076923,
            "f1-score": 0.932349323493235,
            "support": 416.0
        },
        "5": {
            "precision": 0.8618925831202046,
            "recall": 0.9782293178519593,
            "f1-score": 0.9163834126444595,
            "support": 689.0
        },
        "6": {
            "precision": 0.4948453608247423,
            "recall": 0.1329639889196676,
            "f1-score": 0.2096069868995633,
            "support": 361.0
        },
        "7": {
            "precision": 0.5199063231850117,
            "recall": 0.9955156950672646,
            "f1-score": 0.683076923076923,
            "support": 446.0
        },
        "8": {
            "precision": 0.0,
            "recall": 0.0,
            "f1-score": 0.0,
            "support": 363.0
        },
        "9": {
            "precision": 0.8232695139911634,
            "recall": 0.9637931034482758,
            "f1-score": 0.8880063542494043,
            "support": 580.0
        },
        "10": {
            "precision": 0.14285714285714285,
            "recall": 0.0016155088852988692,
            "f1-score": 0.003194888178913738,
            "support": 619.0
        },
        "11": {
            "precision": 0.9847826086956522,
            "recall": 0.8628571428571429,
            "f1-score": 0.9197969543147209,
            "support": 525.0
        },
        "12": {
            "precision": 0.9546485260770975,
            "recall": 0.8065134099616859,
            "f1-score": 0.8743509865005192,
            "support": 522.0
        },
        "13": {
            "precision": 0.6273006134969326,
            "recall": 0.8035363457760314,
            "f1-score": 0.7045650301464255,
            "support": 509.0
        },
        "14": {
            "precision": 0.8892455858747994,
            "recall": 0.6375143843498274,
            "f1-score": 0.7426273458445041,
            "support": 869.0
        },
        "15": {
            "precision": 0.6952789699570815,
            "recall": 0.265139116202946,
            "f1-score": 0.38388625592417064,
            "support": 611.0
        },
        "16": {
            "precision": 0.35602094240837695,
            "recall": 0.9607535321821036,
            "f1-score": 0.5195246179966044,
            "support": 637.0
        },
        "17": {
            "precision": 0.0,
            "recall": 0.0,
            "f1-score": 0.0,
            "support": 707.0
        },
        "18": {
            "precision": 0.0,
            "recall": 0.0,
            "f1-score": 0.0,
            "support": 593.0
        },
        "19": {
            "precision": 0.8620689655172413,
            "recall": 0.9530791788856305,
            "f1-score": 0.9052924791086351,
            "support": 341.0
        },
        "20": {
            "precision": 0.0,
            "recall": 0.0,
            "f1-score": 0.0,
            "support": 554.0
        },
        "21": {
            "precision": 0.8354430379746836,
            "recall": 0.8698517298187809,
            "f1-score": 0.8523002421307506,
            "support": 607.0
        },
        "22": {
            "precision": 0.9574036511156186,
            "recall": 0.833922261484099,
            "f1-score": 0.8914069877242682,
            "support": 566.0
        },
        "23": {
            "precision": 0.8739946380697051,
            "recall": 0.8658698539176627,
            "f1-score": 0.8699132755170114,
            "support": 753.0
        },
        "24": {
            "precision": 0.35557986870897157,
            "recall": 0.9219858156028369,
            "f1-score": 0.513225424397947,
            "support": 705.0
        },
        "25": {
            "precision": 0.2145536384096024,
            "recall": 0.8868217054263566,
            "f1-score": 0.34551495016611294,
            "support": 645.0
        },
        "26": {
            "precision": 0.8913649025069638,
            "recall": 0.8938547486033519,
            "f1-score": 0.8926080892608089,
            "support": 716.0
        },
        "27": {
            "precision": 0.6042065009560229,
            "recall": 0.8540540540540541,
            "f1-score": 0.7077267637178052,
            "support": 370.0
        },
        "28": {
            "precision": 0.0,
            "recall": 0.0,
            "f1-score": 0.0,
            "support": 912.0
        },
        "29": {
            "precision": 0.4789272030651341,
            "recall": 0.25773195876288657,
            "f1-score": 0.3351206434316354,
            "support": 485.0
        },
        "30": {
            "precision": 0.9639278557114228,
            "recall": 0.8166383701188455,
            "f1-score": 0.8841911764705882,
            "support": 589.0
        },
        "31": {
            "precision": 0.0,
            "recall": 0.0,
            "f1-score": 0.0,
            "support": 388.0
        },
        "32": {
            "precision": 0.8262295081967214,
            "recall": 0.6161369193154034,
            "f1-score": 0.7058823529411765,
            "support": 409.0
        },
        "33": {
            "precision": 0.5686900958466453,
            "recall": 0.7021696252465484,
            "f1-score": 0.6284201235657546,
            "support": 507.0
        },
        "34": {
            "precision": 0.9716312056737588,
            "recall": 0.9681978798586572,
            "f1-score": 0.9699115044247788,
            "support": 566.0
        },
        "35": {
            "precision": 0.3888888888888889,
            "recall": 0.2944550669216061,
            "f1-score": 0.33514689880304677,
            "support": 523.0
        },
        "36": {
            "precision": 0.7784810126582279,
            "recall": 0.9777424483306836,
            "f1-score": 0.8668076109936576,
            "support": 629.0
        },
        "37": {
            "precision": 0.0,
            "recall": 0.0,
            "f1-score": 0.0,
            "support": 491.0
        },
        "38": {
            "precision": 0.5090036014405762,
            "recall": 0.803030303030303,
            "f1-score": 0.6230712711241734,
            "support": 528.0
        },
        "39": {
            "precision": 0.7648054145516074,
            "recall": 0.8560606060606061,
            "f1-score": 0.8078641644325291,
            "support": 528.0
        },
        "40": {
            "precision": 0.9457364341085271,
            "recall": 0.9312977099236641,
            "f1-score": 0.9384615384615385,
            "support": 393.0
        },
        "41": {
            "precision": 0.0,
            "recall": 0.0,
            "f1-score": 0.0,
            "support": 736.0
        },
        "42": {
            "precision": 0.9831460674157303,
            "recall": 0.7709251101321586,
            "f1-score": 0.8641975308641975,
            "support": 681.0
        },
        "43": {
            "precision": 0.17939887288666248,
            "recall": 0.9227053140096618,
            "f1-score": 0.3003931847968545,
            "support": 621.0
        },