{
    "acc1": 0.5998629296973632,
    "acc5": [
        0.8009594921184576
    ],
    "mean_per_class_recall": 0.6031988147497356,
    "classification_report": {
        "0": {
            "precision": 0.0,
            "recall": 0.0,
            "f1-score": 0.0,
            "support": 441.0
        },
        "1": {
            "precision": 0.8812664907651715,
            "recall": 0.8859416445623343,
            "f1-score": 0.8835978835978836,
            "support": 377.0
        },
        "2": {
            "precision": 0.8153310104529616,
            "recall": 0.9473684210526315,
            "f1-score": 0.8764044943820225,
            "support": 494.0
        },
        "3": {
            "precision": 0.7314439946018894,
            "recall": 0.7935578330893118,
            "f1-score": 0.7612359550561798,
            "support": 683.0
        },
        "4": {
            "precision": 0.9546599496221663,
            "recall": 0.9110576923076923,
            "f1-score": 0.932349323493235,
            "support": 416.0
        },
        "5": {
            "precision": 0.8709677419354839,
            "recall": 0.9796806966618288,
            "f1-score": 0.9221311475409836,
            "support": 689.0
        },
        "6": {
            "precision": 0.53125,
            "recall": 0.14127423822714683,
            "f1-score": 0.22319474835886213,
            "support": 361.0
        },
        "7": {
            "precision": 0.5401459854014599,
            "recall": 0.9955156950672646,
            "f1-score": 0.7003154574132492,
            "support": 446.0
        },
        "8": {
            "precision": 0.0,
            "recall": 0.0,
            "f1-score": 0.0,
            "support": 363.0
        },
        "9": {
            "precision": 0.8107714701601164,
            "recall": 0.9603448275862069,
            "f1-score": 0.8792423046566693,
            "support": 580.0
        },
        "10": {
            "precision": 0.14285714285714285,
            "recall": 0.0016155088852988692,
            "f1-score": 0.003194888178913738,
            "support": 619.0
        },
        "11": {
            "precision": 0.9846827133479212,
            "recall": 0.8571428571428571,
            "f1-score": 0.9164969450101833,
            "support": 525.0
        },
        "12": {
            "precision": 0.9591836734693877,
            "recall": 0.8103448275862069,
            "f1-score": 0.8785046728971962,
            "support": 522.0
        },
        "13": {
            "precision": 0.622257053291536,
            "recall": 0.7799607072691552,
            "f1-score": 0.6922406277244987,
            "support": 509.0
        },
        "14": {
            "precision": 0.8903654485049833,
            "recall": 0.616800920598389,
            "f1-score": 0.7287559483344663,
            "support": 869.0
        },
        "15": {
            "precision": 0.6029411764705882,
            "recall": 0.1342062193126023,
            "f1-score": 0.21954484605087016,
            "support": 611.0
        },
        "16": {
            "precision": 0.3402739726027397,
            "recall": 0.9748822605965463,
            "f1-score": 0.50446791226645,
            "support": 637.0
        },
        "17": {
            "precision": 0.0,
            "recall": 0.0,
            "f1-score": 0.0,
            "support": 707.0
        },
        "18": {
            "precision": 0.0,
            "recall": 0.0,
            "f1-score": 0.0,
            "support": 593.0
        },
        "19": {
            "precision": 0.8597883597883598,
            "recall": 0.9530791788856305,
            "f1-score": 0.9040333796940194,
            "support": 341.0
        },
        "20": {
            "precision": 0.0,
            "recall": 0.0,
            "f1-score": 0.0,
            "support": 554.0
        },
        "21": {
            "precision": 0.8312693498452013,
            "recall": 0.8846787479406919,
            "f1-score": 0.8571428571428571,
            "support": 607.0
        },
        "22": {
            "precision": 0.9540918163672655,
            "recall": 0.8445229681978799,
            "f1-score": 0.8959700093720713,
            "support": 566.0
        },
        "23": {
            "precision": 0.8614775725593667,
            "recall": 0.8671978751660027,
            "f1-score": 0.8643282594308405,
            "support": 753.0
        },
        "24": {
            "precision": 0.3625277161862528,
            "recall": 0.9276595744680851,
            "f1-score": 0.5213232363491431,
            "support": 705.0
        },
        "25": {
            "precision": 0.2225859247135843,
            "recall": 0.8434108527131783,
            "f1-score": 0.35221754613143413,
            "support": 645.0
        },
        "26": {
            "precision": 0.926605504587156,
            "recall": 0.8463687150837989,
            "f1-score": 0.8846715328467153,
            "support": 716.0
        },
        "27": {
            "precision": 0.553448275862069,
            "recall": 0.8675675675675676,
            "f1-score": 0.6757894736842105,
            "support": 370.0
        },
        "28": {
            "precision": 0.0,
            "recall": 0.0,
            "f1-score": 0.0,
            "support": 912.0
        },
        "29": {
            "precision": 0.3263707571801567,
            "recall": 0.25773195876288657,
            "f1-score": 0.2880184331797235,
            "support": 485.0
        },
        "30": {
            "precision": 0.9356060606060606,
            "recall": 0.8387096774193549,
            "f1-score": 0.8845120859444942,
            "support": 589.0
        },
        "31": {
            "precision": 0.0,
            "recall": 0.0,
            "f1-score": 0.0,
            "support": 388.0
        },
        "32": {
            "precision": 0.8128834355828221,
            "recall": 0.6479217603911981,
            "f1-score": 0.7210884353741497,
            "support": 409.0
        },
        "33": {
            "precision": 0.5558912386706949,
            "recall": 0.7258382642998028,
            "f1-score": 0.6295979469632165,
            "support": 507.0
        },
        "34": {
            "precision": 0.9750889679715302,
            "recall": 0.9681978798586572,
            "f1-score": 0.9716312056737588,
            "support": 566.0
        },
        "35": {
            "precision": 0.34220532319391633,
            "recall": 0.17208413001912046,
            "f1-score": 0.22900763358778625,
            "support": 523.0
        },
        "36": {
            "precision": 0.7951030927835051,
            "recall": 0.9809220985691574,
            "f1-score": 0.8782918149466192,
            "support": 629.0
        },
        "37": {
            "precision": 0.0,
            "recall": 0.0,
            "f1-score": 0.0,
            "support": 491.0
        },
        "38": {
            "precision": 0.4907103825136612,
            "recall": 0.8503787878787878,
            "f1-score": 0.6223146223146223,
            "support": 528.0
        },
        "39": {
            "precision": 0.7835951134380453,
            "recall": 0.8503787878787878,
            "f1-score": 0.815622161671208,
            "support": 528.0
        },
        "40": {
            "precision": 0.9413265306122449,
            "recall": 0.9389312977099237,
            "f1-score": 0.9401273885350319,
            "support": 393.0
        },
        "41": {
            "precision": 0.16666666666666666,
            "recall": 0.001358695652173913,
            "f1-score": 0.0026954177897574125,
            "support": 736.0
        },
        "42": {
            "precision": 0.9821073558648111,
            "recall": 0.7254038179148311,
            "f1-score": 0.8344594594594594,
            "support": 681.0
        },
        "43": {
            "precision": 0.17538554581191412,
            "recall": 0.9339774557165862,
            "f1-score": 0.2953156822810591,