{
    "acc1": 0.5310312307301679,
    "acc5": [
        0.7623417606732199
    ],
    "mean_per_class_recall": 0.505843826344074,
    "classification_report": {
        "0": {
            "precision": 0.0,
            "recall": 0.0,
            "f1-score": 0.0,
            "support": 382.0
        },
        "1": {
            "precision": 0.8882113821138211,
            "recall": 0.7059773828756059,
            "f1-score": 0.7866786678667866,
            "support": 619.0
        },
        "2": {
            "precision": 1.0,
            "recall": 0.0023148148148148147,
            "f1-score": 0.004618937644341801,
            "support": 432.0
        },
        "3": {
            "precision": 0.9079136690647482,
            "recall": 0.9238653001464129,
            "f1-score": 0.9158200290275762,
            "support": 683.0
        },
        "4": {
            "precision": 0.26116996775679413,
            "recall": 0.8338235294117647,
            "f1-score": 0.39775517362329005,
            "support": 680.0
        },
        "5": {
            "precision": 0.5192069392812887,
            "recall": 0.9654377880184332,
            "f1-score": 0.6752618855761483,
            "support": 434.0
        },
        "6": {
            "precision": 0.0,
            "recall": 0.0,
            "f1-score": 0.0,
            "support": 421.0
        },
        "7": {
            "precision": 0.75,
            "recall": 0.020930232558139535,
            "f1-score": 0.04072398190045249,
            "support": 430.0
        },
        "8": {
            "precision": 0.9586206896551724,
            "recall": 0.8390342052313883,
            "f1-score": 0.8948497854077253,
            "support": 497.0
        },
        "9": {
            "precision": 0.6848484848484848,
            "recall": 0.29581151832460734,
            "f1-score": 0.41316270566727603,
            "support": 382.0
        },
        "10": {
            "precision": 0.0,
            "recall": 0.0,
            "f1-score": 0.0,
            "support": 447.0
        },
        "11": {
            "precision": 0.8926940639269406,
            "recall": 0.9490291262135923,
            "f1-score": 0.92,
            "support": 412.0
        },
        "12": {
            "precision": 0.7842105263157895,
            "recall": 0.5330948121645797,
            "f1-score": 0.6347177848775293,
            "support": 559.0
        },
        "13": {
            "precision": 0.7685185185185185,
            "recall": 0.20293398533007334,
            "f1-score": 0.32108317214700194,
            "support": 409.0
        },
        "14": {
            "precision": 0.9920792079207921,
            "recall": 0.9597701149425287,
            "f1-score": 0.9756572541382668,
            "support": 522.0
        },
        "15": {
            "precision": 0.17780115728563914,
            "recall": 0.6201834862385321,
            "f1-score": 0.276369582992641,
            "support": 545.0
        },
        "16": {
            "precision": 0.14285714285714285,
            "recall": 0.0027548209366391185,
            "f1-score": 0.005405405405405406,
            "support": 363.0
        },
        "17": {
            "precision": 0.0,
            "recall": 0.0,
            "f1-score": 0.0,
            "support": 569.0
        },
        "18": {
            "precision": 0.5,
            "recall": 0.0019305019305019305,
            "f1-score": 0.0038461538461538464,
            "support": 518.0
        },
        "19": {
            "precision": 0.28957528957528955,
            "recall": 0.9933774834437086,
            "f1-score": 0.4484304932735426,
            "support": 453.0
        },
        "20": {
            "precision": 0.9375,
            "recall": 0.4936708860759494,
            "f1-score": 0.6467661691542289,
            "support": 395.0
        },
        "21": {
            "precision": 0.7011494252873564,
            "recall": 0.09902597402597403,
            "f1-score": 0.17354196301564723,
            "support": 616.0
        },
        "22": {
            "precision": 0.8739495798319328,
            "recall": 0.3880597014925373,
            "f1-score": 0.537467700258398,
            "support": 536.0
        },
        "23": {
            "precision": 0.8582677165354331,
            "recall": 0.9533527696793003,
            "f1-score": 0.9033149171270718,
            "support": 686.0
        },
        "24": {
            "precision": 0.9840909090909091,
            "recall": 0.9908466819221968,
            "f1-score": 0.9874572405929305,
            "support": 437.0
        },
        "25": {
            "precision": 0.1506527415143603,
            "recall": 0.882262996941896,
            "f1-score": 0.25735950044603034,
            "support": 654.0
        },
        "26": {
            "precision": 0.8107142857142857,
            "recall": 0.9826839826839827,
            "f1-score": 0.8884540117416829,
            "support": 693.0
        },
        "27": {
            "precision": 0.451171875,
            "recall": 0.326271186440678,
            "f1-score": 0.37868852459016394,
            "support": 708.0
        },
        "28": {
            "precision": 0.9795918367346939,
            "recall": 0.20125786163522014,
            "f1-score": 0.3339130434782609,
            "support": 477.0
        },
        "29": {
            "precision": 0.0,
            "recall": 0.0,
            "f1-score": 0.0,
            "support": 564.0
        },
        "30": {
            "precision": 0.14285714285714285,
            "recall": 0.008665511265164644,
            "f1-score": 0.016339869281045753,
            "support": 577.0
        },
        "31": {
            "precision": 0.28169014084507044,
            "recall": 0.12738853503184713,
            "f1-score": 0.17543859649122806,
            "support": 471.0
        },
        "32": {
            "precision": 0.8959276018099548,
            "recall": 0.7235079171741778,
            "f1-score": 0.8005390835579514,
            "support": 821.0
        },
        "33": {
            "precision": 0.8498583569405099,
            "recall": 0.91324200913242,
            "f1-score": 0.880410858400587,
            "support": 657.0
        },
        "34": {
            "precision": 0.9859943977591037,
            "recall": 0.6353790613718412,
            "f1-score": 0.7727771679473107,
            "support": 554.0
        },
        "35": {
            "precision": 0.3103448275862069,
            "recall": 0.7223113964686998,
            "f1-score": 0.4341534008683068,
            "support": 623.0
        },
        "36": {
            "precision": 0.9145631067961165,
            "recall": 0.7061469265367316,
            "f1-score": 0.7969543147208121,
            "support": 667.0
        },
        "37": {
            "precision": 0.7173396674584323,
            "recall": 0.9481946624803768,
            "f1-score": 0.8167680865449628,
            "support": 637.0
        },
        "38": {
            "precision": 0.9713804713804713,
            "recall": 0.9914089347079038,
            "f1-score": 0.9812925170068028,
            "support": 582.0
        },
        "39": {
            "precision": 0.8549618320610687,
            "recall": 0.6967340590979783,
            "f1-score": 0.7677806341045416,
            "support": 643.0
        },
        "40": {
            "precision": 0.49411764705882355,
            "recall": 0.13003095975232198,
            "f1-score": 0.20588235294117646,
            "support": 646.0
        },
        "41": {
            "precision": 0.82842287694974,
            "recall": 0.8951310861423221,
            "f1-score": 0.8604860486048604,
            "support": 534.0
        },
        "42": {
            "precision": 0.9265536723163842,
            "recall": 0.935361216730038,
            "f1-score": 0.9309366130558183,
            "support": 526.0
        },
        "43": {
            "precision": 0.59375,