{
    "acc1": 0.513986013986014,
    "acc5": [
        0.7827117327117327
    ],
    "mean_per_class_recall": 0.5237980452696616,
    "classification_report": {
        "0": {
            "precision": 0.8181818181818182,
            "recall": 0.16153846153846155,
            "f1-score": 0.2698072805139186,
            "support": 390.0
        },
        "1": {
            "precision": 0.6497175141242938,
            "recall": 0.749185667752443,
            "f1-score": 0.6959152798789713,
            "support": 614.0
        },
        "2": {
            "precision": 0.8996655518394648,
            "recall": 0.9438596491228071,
            "f1-score": 0.9212328767123288,
            "support": 570.0
        },
        "3": {
            "precision": 0.0,
            "recall": 0.0,
            "f1-score": 0.0,
            "support": 977.0
        },
        "4": {
            "precision": 0.0,
            "recall": 0.0,
            "f1-score": 0.0,
            "support": 456.0
        },
        "5": {
            "precision": 0.6402048655569782,
            "recall": 0.8865248226950354,
            "f1-score": 0.7434944237918215,
            "support": 564.0
        },
        "6": {
            "precision": 0.26311111111111113,
            "recall": 0.4991568296795953,
            "f1-score": 0.3445867287543655,
            "support": 593.0
        },
        "7": {
            "precision": 0.9554730983302412,
            "recall": 0.7607090103397341,
            "f1-score": 0.8470394736842105,
            "support": 677.0
        },
        "8": {
            "precision": 0.152317880794702,
            "recall": 0.22604422604422605,
            "f1-score": 0.18199802176063304,
            "support": 407.0
        },
        "9": {
            "precision": 0.6274864376130199,
            "recall": 0.7832957110609481,
            "f1-score": 0.6967871485943775,
            "support": 443.0
        },
        "10": {
            "precision": 0.7579185520361991,
            "recall": 0.6479690522243714,
            "f1-score": 0.6986444212721585,
            "support": 517.0
        },
        "11": {
            "precision": 0.7959183673469388,
            "recall": 0.9852631578947368,
            "f1-score": 0.8805268109125117,
            "support": 475.0
        },
        "12": {
            "precision": 0.14666666666666667,
            "recall": 0.028132992327365727,
            "f1-score": 0.04721030042918455,
            "support": 391.0
        },
        "13": {
            "precision": 0.8839103869653768,
            "recall": 0.9644444444444444,
            "f1-score": 0.922422954303932,
            "support": 450.0
        },
        "14": {
            "precision": 0.6110484780157835,
            "recall": 0.9963235294117647,
            "f1-score": 0.7575122292103424,
            "support": 544.0
        },
        "15": {
            "precision": 0.30581478822684854,
            "recall": 0.9321663019693655,
            "f1-score": 0.46054054054054056,
            "support": 457.0
        },
        "16": {
            "precision": 0.9065420560747663,
            "recall": 0.15619967793880837,
            "f1-score": 0.2664835164835165,
            "support": 621.0
        },
        "17": {
            "precision": 0.7928286852589641,
            "recall": 0.33166666666666667,
            "f1-score": 0.46768507638072854,
            "support": 600.0
        },
        "18": {
            "precision": 0.0,
            "recall": 0.0,
            "f1-score": 0.0,
            "support": 518.0
        },
        "19": {
            "precision": 0.943502824858757,
            "recall": 0.9260628465804066,
            "f1-score": 0.9347014925373134,
            "support": 541.0
        },
        "20": {
            "precision": 0.08333333333333333,
            "recall": 0.0017730496453900709,
            "f1-score": 0.003472222222222222,
            "support": 564.0
        },
        "21": {
            "precision": 0.043478260869565216,
            "recall": 0.0025575447570332483,
            "f1-score": 0.004830917874396135,
            "support": 391.0
        },
        "22": {
            "precision": 0.8533333333333334,
            "recall": 0.19047619047619047,
            "f1-score": 0.31143552311435524,
            "support": 672.0
        },
        "23": {
            "precision": 0.96875,
            "recall": 0.3107769423558897,
            "f1-score": 0.47058823529411764,
            "support": 399.0
        },
        "24": {
            "precision": 0.817531305903399,
            "recall": 0.836996336996337,
            "f1-score": 0.8271493212669683,
            "support": 546.0
        },
        "25": {
            "precision": 0.8622448979591837,
            "recall": 0.9657142857142857,
            "f1-score": 0.9110512129380054,
            "support": 350.0
        },
        "26": {
            "precision": 0.973568281938326,
            "recall": 0.9608695652173913,
            "f1-score": 0.9671772428884027,
            "support": 460.0
        },
        "27": {
            "precision": 0.0,
            "recall": 0.0,
            "f1-score": 0.0,
            "support": 755.0
        },
        "28": {
            "precision": 0.8055555555555556,
            "recall": 0.4698085419734904,
            "f1-score": 0.5934883720930233,
            "support": 679.0
        },
        "29": {
            "precision": 0.0,
            "recall": 0.0,
            "f1-score": 0.0,
            "support": 542.0
        },
        "30": {
            "precision": 0.5106732348111659,
            "recall": 0.9810725552050473,
            "f1-score": 0.67170626349892,
            "support": 634.0
        },
        "31": {
            "precision": 0.15814226925338037,
            "recall": 0.4935779816513762,
            "f1-score": 0.23953695458593055,
            "support": 545.0
        },
        "32": {
            "precision": 0.7232779097387173,
            "recall": 0.9712918660287081,
            "f1-score": 0.8291354663036079,
            "support": 627.0
        },
        "33": {
            "precision": 0.0,
            "recall": 0.0,
            "f1-score": 0.0,
            "support": 468.0
        },
        "34": {
            "precision": 0.9557522123893806,
            "recall": 0.2805194805194805,
            "f1-score": 0.43373493975903615,
            "support": 385.0
        },
        "35": {
            "precision": 0.9723502304147466,
            "recall": 0.5523560209424084,
            "f1-score": 0.7045075125208681,
            "support": 382.0
        },
        "36": {
            "precision": 0.9458128078817734,
            "recall": 0.8687782805429864,
            "f1-score": 0.9056603773584906,
            "support": 442.0
        },
        "37": {
            "precision": 1.0,
            "recall": 0.009433962264150943,
            "f1-score": 0.018691588785046728,
            "support": 424.0
        },
        "38": {
            "precision": 0.535,
            "recall": 0.6729559748427673,
            "f1-score": 0.596100278551532,
            "support": 318.0
        },
        "39": {
            "precision": 0.1141439205955335,
            "recall": 0.10526315789473684,
            "f1-score": 0.10952380952380952,
            "support": 437.0
        },
        "40": {
            "precision": 0.5455861070911722,
            "recall": 0.7140151515151515,
            "f1-score": 0.6185397867104184,
            "support": 528.0
        },
        "41": {
            "precision": 0.3037300177619893,
            "recall": 0.25184094256259204,
            "f1-score": 0.2753623188405797,
            "support": 679.0
        },
        "42": {
            "precision": 0.5335753176043557,
            "recall": 0.84,
            "f1-score": 0.6526082130965594,
            "support": 350.0
        },
        "43": {
            "precision": 0.7752577319587629,
            "recall": 0.8764568764568764,