{
    "acc1": 0.5950293979728024,
    "acc5": [
        0.797893445875266
    ],
    "mean_per_class_recall": 0.5978547329201387,
    "classification_report": {
        "0": {
            "precision": 0.0,
            "recall": 0.0,
            "f1-score": 0.0,
            "support": 441.0
        },
        "1": {
            "precision": 0.9111111111111111,
            "recall": 0.870026525198939,
            "f1-score": 0.8900949796472184,
            "support": 377.0
        },
        "2": {
            "precision": 0.824468085106383,
            "recall": 0.9412955465587044,
            "f1-score": 0.8790170132325141,
            "support": 494.0
        },
        "3": {
            "precision": 0.7601246105919003,
            "recall": 0.7144948755490483,
            "f1-score": 0.7366037735849057,
            "support": 683.0
        },
        "4": {
            "precision": 0.958656330749354,
            "recall": 0.8918269230769231,
            "f1-score": 0.9240348692403487,
            "support": 416.0
        },
        "5": {
            "precision": 0.8912466843501327,
            "recall": 0.9753265602322206,
            "f1-score": 0.9313929313929314,
            "support": 689.0
        },
        "6": {
            "precision": 0.4339622641509434,
            "recall": 0.12742382271468145,
            "f1-score": 0.19700214132762311,
            "support": 361.0
        },
        "7": {
            "precision": 0.49278579356270813,
            "recall": 0.9955156950672646,
            "f1-score": 0.6592427616926503,
            "support": 446.0
        },
        "8": {
            "precision": 0.0,
            "recall": 0.0,
            "f1-score": 0.0,
            "support": 363.0
        },
        "9": {
            "precision": 0.7628726287262872,
            "recall": 0.9706896551724138,
            "f1-score": 0.8543247344461306,
            "support": 580.0
        },
        "10": {
            "precision": 0.1111111111111111,
            "recall": 0.0016155088852988692,
            "f1-score": 0.0031847133757961785,
            "support": 619.0
        },
        "11": {
            "precision": 0.9866666666666667,
            "recall": 0.8457142857142858,
            "f1-score": 0.9107692307692308,
            "support": 525.0
        },
        "12": {
            "precision": 0.9573033707865168,
            "recall": 0.8160919540229885,
            "f1-score": 0.8810754912099276,
            "support": 522.0
        },
        "13": {
            "precision": 0.6559322033898305,
            "recall": 0.7603143418467584,
            "f1-score": 0.7042766151046406,
            "support": 509.0
        },
        "14": {
            "precision": 0.8620689655172413,
            "recall": 0.6329113924050633,
            "f1-score": 0.7299270072992701,
            "support": 869.0
        },
        "15": {
            "precision": 0.7231638418079096,
            "recall": 0.20949263502454993,
            "f1-score": 0.3248730964467005,
            "support": 611.0
        },
        "16": {
            "precision": 0.34583100167879127,
            "recall": 0.9701726844583988,
            "f1-score": 0.5099009900990099,
            "support": 637.0
        },
        "17": {
            "precision": 0.0,
            "recall": 0.0,
            "f1-score": 0.0,
            "support": 707.0
        },
        "18": {
            "precision": 0.0,
            "recall": 0.0,
            "f1-score": 0.0,
            "support": 593.0
        },
        "19": {
            "precision": 0.825,
            "recall": 0.967741935483871,
            "f1-score": 0.8906882591093117,
            "support": 341.0
        },
        "20": {
            "precision": 0.0,
            "recall": 0.0,
            "f1-score": 0.0,
            "support": 554.0
        },
        "21": {
            "precision": 0.7909356725146199,
            "recall": 0.8912685337726524,
            "f1-score": 0.8381099922540666,
            "support": 607.0
        },
        "22": {
            "precision": 0.9578313253012049,
            "recall": 0.842756183745583,
            "f1-score": 0.8966165413533834,
            "support": 566.0
        },
        "23": {
            "precision": 0.9015256588072122,
            "recall": 0.8632138114209827,
            "f1-score": 0.8819538670284939,
            "support": 753.0
        },
        "24": {
            "precision": 0.35733192165166755,
            "recall": 0.9574468085106383,
            "f1-score": 0.520431765612953,
            "support": 705.0
        },
        "25": {
            "precision": 0.2159969088098918,
            "recall": 0.8666666666666667,
            "f1-score": 0.3458088462728116,
            "support": 645.0
        },
        "26": {
            "precision": 0.9591503267973857,
            "recall": 0.8198324022346368,
            "f1-score": 0.8840361445783133,
            "support": 716.0
        },
        "27": {
            "precision": 0.5205254515599343,
            "recall": 0.8567567567567568,
            "f1-score": 0.6475995914198162,
            "support": 370.0
        },
        "28": {
            "precision": 0.0,
            "recall": 0.0,
            "f1-score": 0.0,
            "support": 912.0
        },
        "29": {
            "precision": 0.37349397590361444,
            "recall": 0.2556701030927835,
            "f1-score": 0.30354957160342716,
            "support": 485.0
        },
        "30": {
            "precision": 0.9341085271317829,
            "recall": 0.8183361629881154,
            "f1-score": 0.8723981900452489,
            "support": 589.0
        },
        "31": {
            "precision": 0.0,
            "recall": 0.0,
            "f1-score": 0.0,
            "support": 388.0
        },
        "32": {
            "precision": 0.8664259927797834,
            "recall": 0.58679706601467,
            "f1-score": 0.6997084548104956,
            "support": 409.0
        },
        "33": {
            "precision": 0.6541850220264317,
            "recall": 0.5857988165680473,
            "f1-score": 0.6181061394380853,
            "support": 507.0
        },
        "34": {
            "precision": 0.9698046181172292,
            "recall": 0.9646643109540636,
            "f1-score": 0.9672276350752879,
            "support": 566.0
        },
        "35": {
            "precision": 0.3861671469740634,
            "recall": 0.25621414913957935,
            "f1-score": 0.3080459770114943,
            "support": 523.0
        },
        "36": {
            "precision": 0.8322056833558863,
            "recall": 0.9777424483306836,
            "f1-score": 0.8991228070175439,
            "support": 629.0
        },
        "37": {
            "precision": 0.0,
            "recall": 0.0,
            "f1-score": 0.0,
            "support": 491.0
        },
        "38": {
            "precision": 0.4795383001049318,
            "recall": 0.865530303030303,
            "f1-score": 0.6171505739365294,
            "support": 528.0
        },
        "39": {
            "precision": 0.7754749568221071,
            "recall": 0.8503787878787878,
            "f1-score": 0.8112014453477868,
            "support": 528.0
        },
        "40": {
            "precision": 0.9267676767676768,
            "recall": 0.9338422391857506,
            "f1-score": 0.9302915082382763,
            "support": 393.0
        },
        "41": {
            "precision": 0.16666666666666666,
            "recall": 0.001358695652173913,
            "f1-score": 0.0026954177897574125,
            "support": 736.0
        },
        "42": {
            "precision": 0.9889867841409692,
            "recall": 0.6593245227606461,
            "f1-score": 0.7911894273127753,
            "support": 681.0
        },
        "43": {
            "precision": 0.17402905425437296,
            "recall": 0.9452495974235104,
            "f1-score": 0.2939409113670506,