{
    "acc1": 0.5274402408502303,
    "acc5": [
        0.7620515796728209
    ],
    "mean_per_class_recall": 0.5061114300716258,
    "classification_report": {
        "0": {
            "precision": 0.0,
            "recall": 0.0,
            "f1-score": 0.0,
            "support": 382.0
        },
        "1": {
            "precision": 0.8950617283950617,
            "recall": 0.23424878836833601,
            "f1-score": 0.3713188220230474,
            "support": 619.0
        },
        "2": {
            "precision": 1.0,
            "recall": 0.0023148148148148147,
            "f1-score": 0.004618937644341801,
            "support": 432.0
        },
        "3": {
            "precision": 0.9036827195467422,
            "recall": 0.9341142020497804,
            "f1-score": 0.9186465082793377,
            "support": 683.0
        },
        "4": {
            "precision": 0.2888768898488121,
            "recall": 0.7867647058823529,
            "f1-score": 0.4225908372827804,
            "support": 680.0
        },
        "5": {
            "precision": 0.4606986899563319,
            "recall": 0.9723502304147466,
            "f1-score": 0.6251851851851852,
            "support": 434.0
        },
        "6": {
            "precision": 0.0,
            "recall": 0.0,
            "f1-score": 0.0,
            "support": 421.0
        },
        "7": {
            "precision": 0.5,
            "recall": 0.0069767441860465115,
            "f1-score": 0.013761467889908258,
            "support": 430.0
        },
        "8": {
            "precision": 0.9591346153846154,
            "recall": 0.8028169014084507,
            "f1-score": 0.8740416210295728,
            "support": 497.0
        },
        "9": {
            "precision": 0.632996632996633,
            "recall": 0.49214659685863876,
            "f1-score": 0.5537555228276878,
            "support": 382.0
        },
        "10": {
            "precision": 0.0,
            "recall": 0.0,
            "f1-score": 0.0,
            "support": 447.0
        },
        "11": {
            "precision": 0.9385749385749386,
            "recall": 0.9271844660194175,
            "f1-score": 0.9328449328449329,
            "support": 412.0
        },
        "12": {
            "precision": 0.9640287769784173,
            "recall": 0.47942754919499103,
            "f1-score": 0.6403823178016727,
            "support": 559.0
        },
        "13": {
            "precision": 0.7473684210526316,
            "recall": 0.17359413202933985,
            "f1-score": 0.28174603174603174,
            "support": 409.0
        },
        "14": {
            "precision": 0.9940239043824701,
            "recall": 0.9559386973180076,
            "f1-score": 0.974609375,
            "support": 522.0
        },
        "15": {
            "precision": 0.16683417085427135,
            "recall": 0.6091743119266055,
            "f1-score": 0.26193293885601576,
            "support": 545.0
        },
        "16": {
            "precision": 0.0,
            "recall": 0.0,
            "f1-score": 0.0,
            "support": 363.0
        },
        "17": {
            "precision": 0.0,
            "recall": 0.0,
            "f1-score": 0.0,
            "support": 569.0
        },
        "18": {
            "precision": 1.0,
            "recall": 0.011583011583011582,
            "f1-score": 0.022900763358778626,
            "support": 518.0
        },
        "19": {
            "precision": 0.2356020942408377,
            "recall": 0.9933774834437086,
            "f1-score": 0.38087177316969956,
            "support": 453.0
        },
        "20": {
            "precision": 0.9262672811059908,
            "recall": 0.5088607594936709,
            "f1-score": 0.6568627450980392,
            "support": 395.0
        },
        "21": {
            "precision": 0.5797546012269938,
            "recall": 0.3068181818181818,
            "f1-score": 0.4012738853503185,
            "support": 616.0
        },
        "22": {
            "precision": 0.8837209302325582,
            "recall": 0.2126865671641791,
            "f1-score": 0.34285714285714286,
            "support": 536.0
        },
        "23": {
            "precision": 0.8884297520661157,
            "recall": 0.9402332361516035,
            "f1-score": 0.9135977337110481,
            "support": 686.0
        },
        "24": {
            "precision": 0.9819004524886877,
            "recall": 0.9931350114416476,
            "f1-score": 0.987485779294653,
            "support": 437.0
        },
        "25": {
            "precision": 0.17068031306441903,
            "recall": 0.8669724770642202,
            "f1-score": 0.2852112676056338,
            "support": 654.0
        },
        "26": {
            "precision": 0.8331273176761433,
            "recall": 0.9725829725829725,
            "f1-score": 0.8974700399467377,
            "support": 693.0
        },
        "27": {
            "precision": 0.3388888888888889,
            "recall": 0.08615819209039548,
            "f1-score": 0.1373873873873874,
            "support": 708.0
        },
        "28": {
            "precision": 0.9814814814814815,
            "recall": 0.1111111111111111,
            "f1-score": 0.19962335216572505,
            "support": 477.0
        },
        "29": {
            "precision": 0.0,
            "recall": 0.0,
            "f1-score": 0.0,
            "support": 564.0
        },
        "30": {
            "precision": 0.058823529411764705,
            "recall": 0.005199306759098787,
            "f1-score": 0.009554140127388535,
            "support": 577.0
        },
        "31": {
            "precision": 0.29315068493150687,
            "recall": 0.6815286624203821,
            "f1-score": 0.4099616858237548,
            "support": 471.0
        },
        "32": {
            "precision": 0.9177877428998505,
            "recall": 0.7478684531059683,
            "f1-score": 0.8241610738255034,
            "support": 821.0
        },
        "33": {
            "precision": 0.8541076487252125,
            "recall": 0.9178082191780822,
            "f1-score": 0.8848129126925899,
            "support": 657.0
        },
        "34": {
            "precision": 0.9859154929577465,
            "recall": 0.631768953068592,
            "f1-score": 0.77007700770077,
            "support": 554.0
        },
        "35": {
            "precision": 0.34779240898528274,
            "recall": 0.7207062600321027,
            "f1-score": 0.46917450365726227,
            "support": 623.0
        },
        "36": {
            "precision": 0.8772504091653028,
            "recall": 0.8035982008995503,
            "f1-score": 0.838810641627543,
            "support": 667.0
        },
        "37": {
            "precision": 0.7218863361547763,
            "recall": 0.9372056514913658,
            "f1-score": 0.8155737704918032,
            "support": 637.0
        },
        "38": {
            "precision": 0.9522240527182867,
            "recall": 0.993127147766323,
            "f1-score": 0.9722455845248108,
            "support": 582.0
        },
        "39": {
            "precision": 0.8146167557932263,
            "recall": 0.7107309486780715,
            "f1-score": 0.7591362126245847,
            "support": 643.0
        },
        "40": {
            "precision": 0.4576923076923077,
            "recall": 0.18421052631578946,
            "f1-score": 0.26269315673289184,
            "support": 646.0
        },
        "41": {
            "precision": 0.849290780141844,
            "recall": 0.897003745318352,
            "f1-score": 0.8724954462659381,
            "support": 534.0
        },
        "42": {
            "precision": 0.9196261682242991,
            "recall": 0.935361216730038,
            "f1-score": 0.9274269557021678,
            "support": 526.0
        },
        "43": {
            "precision": 0.4380165289256198,
            "recall": 0.103515625,