{
    "acc1": 0.428415974464072,
    "acc5": [
        0.67826181580761
    ],
    "mean_per_class_recall": 0.40650633161186556,
    "classification_report": {
        "0": {
            "precision": 0.0,
            "recall": 0.0,
            "f1-score": 0.0,
            "support": 382.0
        },
        "1": {
            "precision": 0.39285714285714285,
            "recall": 0.05331179321486268,
            "f1-score": 0.09388335704125178,
            "support": 619.0
        },
        "2": {
            "precision": 0.2,
            "recall": 0.0023148148148148147,
            "f1-score": 0.004576659038901602,
            "support": 432.0
        },
        "3": {
            "precision": 0.8798283261802575,
            "recall": 0.9004392386530015,
            "f1-score": 0.8900144717800289,
            "support": 683.0
        },
        "4": {
            "precision": 0.23848515864892528,
            "recall": 0.3426470588235294,
            "f1-score": 0.2812311406155703,
            "support": 680.0
        },
        "5": {
            "precision": 0.5345622119815668,
            "recall": 0.5345622119815668,
            "f1-score": 0.5345622119815668,
            "support": 434.0
        },
        "6": {
            "precision": 0.20833333333333334,
            "recall": 0.011876484560570071,
            "f1-score": 0.02247191011235955,
            "support": 421.0
        },
        "7": {
            "precision": 0.0,
            "recall": 0.0,
            "f1-score": 0.0,
            "support": 430.0
        },
        "8": {
            "precision": 0.8860103626943006,
            "recall": 0.6881287726358148,
            "f1-score": 0.7746319365798414,
            "support": 497.0
        },
        "9": {
            "precision": 0.4866666666666667,
            "recall": 0.19109947643979058,
            "f1-score": 0.2744360902255639,
            "support": 382.0
        },
        "10": {
            "precision": 0.0,
            "recall": 0.0,
            "f1-score": 0.0,
            "support": 447.0
        },
        "11": {
            "precision": 0.6624472573839663,
            "recall": 0.38106796116504854,
            "f1-score": 0.48382126348228044,
            "support": 412.0
        },
        "12": {
            "precision": 0.68,
            "recall": 0.03041144901610018,
            "f1-score": 0.05821917808219178,
            "support": 559.0
        },
        "13": {
            "precision": 0.16478555304740405,
            "recall": 0.7139364303178484,
            "f1-score": 0.2677670793214122,
            "support": 409.0
        },
        "14": {
            "precision": 0.9892933618843683,
            "recall": 0.8850574712643678,
            "f1-score": 0.9342770475227502,
            "support": 522.0
        },
        "15": {
            "precision": 0.06471183013144591,
            "recall": 0.11743119266055047,
            "f1-score": 0.08344198174706649,
            "support": 545.0
        },
        "16": {
            "precision": 0.2739273927392739,
            "recall": 0.22865013774104684,
            "f1-score": 0.24924924924924924,
            "support": 363.0
        },
        "17": {
            "precision": 0.0,
            "recall": 0.0,
            "f1-score": 0.0,
            "support": 569.0
        },
        "18": {
            "precision": 0.0,
            "recall": 0.0,
            "f1-score": 0.0,
            "support": 518.0
        },
        "19": {
            "precision": 0.15706806282722513,
            "recall": 0.9933774834437086,
            "f1-score": 0.27124773960216997,
            "support": 453.0
        },
        "20": {
            "precision": 0.59375,
            "recall": 0.04810126582278481,
            "f1-score": 0.08899297423887588,
            "support": 395.0
        },
        "21": {
            "precision": 0.6373626373626373,
            "recall": 0.2824675324675325,
            "f1-score": 0.3914510686164229,
            "support": 616.0
        },
        "22": {
            "precision": 0.25,
            "recall": 0.0018656716417910447,
            "f1-score": 0.003703703703703704,
            "support": 536.0
        },
        "23": {
            "precision": 0.6441837732160313,
            "recall": 0.9606413994169096,
            "f1-score": 0.7712112346401404,
            "support": 686.0
        },
        "24": {
            "precision": 0.9899497487437185,
            "recall": 0.9016018306636155,
            "f1-score": 0.9437125748502994,
            "support": 437.0
        },
        "25": {
            "precision": 0.25133282559025133,
            "recall": 0.5045871559633027,
            "f1-score": 0.3355363497712252,
            "support": 654.0
        },
        "26": {
            "precision": 0.8736,
            "recall": 0.7878787878787878,
            "f1-score": 0.8285280728376327,
            "support": 693.0
        },
        "27": {
            "precision": 0.0972668810289389,
            "recall": 0.1709039548022599,
            "f1-score": 0.12397540983606557,
            "support": 708.0
        },
        "28": {
            "precision": 1.0,
            "recall": 0.006289308176100629,
            "f1-score": 0.0125,
            "support": 477.0
        },
        "29": {
            "precision": 0.0,
            "recall": 0.0,
            "f1-score": 0.0,
            "support": 564.0
        },
        "30": {
            "precision": 0.13496932515337423,
            "recall": 0.038128249566724434,
            "f1-score": 0.05945945945945946,
            "support": 577.0
        },
        "31": {
            "precision": 0.15789473684210525,
            "recall": 0.012738853503184714,
            "f1-score": 0.023575638506876228,
            "support": 471.0
        },
        "32": {
            "precision": 0.7306079664570231,
            "recall": 0.8489646772228989,
            "f1-score": 0.7853521126760563,
            "support": 821.0
        },
        "33": {
            "precision": 0.9218436873747495,
            "recall": 0.700152207001522,
            "f1-score": 0.7958477508650519,
            "support": 657.0
        },
        "34": {
            "precision": 0.9105058365758755,
            "recall": 0.8447653429602888,
            "f1-score": 0.8764044943820225,
            "support": 554.0
        },
        "35": {
            "precision": 0.15007342143906022,
            "recall": 0.8202247191011236,
            "f1-score": 0.25372393247269115,
            "support": 623.0
        },
        "36": {
            "precision": 0.6442748091603053,
            "recall": 0.6326836581709145,
            "f1-score": 0.6384266263237519,
            "support": 667.0
        },
        "37": {
            "precision": 0.7075471698113207,
            "recall": 0.9419152276295133,
            "f1-score": 0.8080808080808081,
            "support": 637.0
        },
        "38": {
            "precision": 0.611764705882353,
            "recall": 0.9828178694158075,
            "f1-score": 0.7541199736321688,
            "support": 582.0
        },
        "39": {
            "precision": 0.6964856230031949,
            "recall": 0.6780715396578538,
            "f1-score": 0.6871552403467297,
            "support": 643.0
        },
        "40": {
            "precision": 0.4574468085106383,
            "recall": 0.1996904024767802,
            "f1-score": 0.27801724137931033,
            "support": 646.0
        },
        "41": {
            "precision": 0.8195615514333895,
            "recall": 0.9101123595505618,
            "f1-score": 0.8624667258207631,
            "support": 534.0
        },
        "42": {
            "precision": 0.9020715630885122,
            "recall": 0.9106463878326996,
            "f1-score": 0.9063386944181646,
            "support": 526.0
        },
        "43": {
            "precision": 0.0,
            "recall": 0.0,
            "f1-score": 0.0,