{
    "acc1": 0.557964257964258,
    "acc5": [
        0.8066433566433566
    ],
    "mean_per_class_recall": 0.583823816608383,
    "classification_report": {
        "0": {
            "precision": 0.5897435897435898,
            "recall": 0.05897435897435897,
            "f1-score": 0.10722610722610723,
            "support": 390.0
        },
        "1": {
            "precision": 0.5025380710659898,
            "recall": 0.8061889250814332,
            "f1-score": 0.6191369606003753,
            "support": 614.0
        },
        "2": {
            "precision": 0.9176672384219554,
            "recall": 0.9385964912280702,
            "f1-score": 0.9280138768430182,
            "support": 570.0
        },
        "3": {
            "precision": 0.0,
            "recall": 0.0,
            "f1-score": 0.0,
            "support": 977.0
        },
        "4": {
            "precision": 0.0,
            "recall": 0.0,
            "f1-score": 0.0,
            "support": 456.0
        },
        "5": {
            "precision": 0.5647948164146869,
            "recall": 0.9273049645390071,
            "f1-score": 0.702013422818792,
            "support": 564.0
        },
        "6": {
            "precision": 0.42142857142857143,
            "recall": 0.09949409780775717,
            "f1-score": 0.16098226466575716,
            "support": 593.0
        },
        "7": {
            "precision": 0.9011976047904192,
            "recall": 0.8892171344165436,
            "f1-score": 0.8951672862453531,
            "support": 677.0
        },
        "8": {
            "precision": 0.48616600790513836,
            "recall": 0.3022113022113022,
            "f1-score": 0.37272727272727274,
            "support": 407.0
        },
        "9": {
            "precision": 0.6763754045307443,
            "recall": 0.9435665914221218,
            "f1-score": 0.7879359095193214,
            "support": 443.0
        },
        "10": {
            "precision": 0.7773109243697479,
            "recall": 0.7156673114119922,
            "f1-score": 0.7452165156092648,
            "support": 517.0
        },
        "11": {
            "precision": 0.889943074003795,
            "recall": 0.9873684210526316,
            "f1-score": 0.936127744510978,
            "support": 475.0
        },
        "12": {
            "precision": 0.9168831168831169,
            "recall": 0.9028132992327366,
            "f1-score": 0.9097938144329897,
            "support": 391.0
        },
        "13": {
            "precision": 0.8327067669172933,
            "recall": 0.9844444444444445,
            "f1-score": 0.9022403258655805,
            "support": 450.0
        },
        "14": {
            "precision": 0.7044270833333334,
            "recall": 0.9944852941176471,
            "f1-score": 0.8246951219512195,
            "support": 544.0
        },
        "15": {
            "precision": 0.8653846153846154,
            "recall": 0.6892778993435449,
            "f1-score": 0.7673568818514007,
            "support": 457.0
        },
        "16": {
            "precision": 0.8936170212765957,
            "recall": 0.06763285024154589,
            "f1-score": 0.12574850299401197,
            "support": 621.0
        },
        "17": {
            "precision": 0.5277777777777778,
            "recall": 0.19,
            "f1-score": 0.27941176470588236,
            "support": 600.0
        },
        "18": {
            "precision": 0.875,
            "recall": 0.10810810810810811,
            "f1-score": 0.19243986254295534,
            "support": 518.0
        },
        "19": {
            "precision": 0.9499036608863198,
            "recall": 0.911275415896488,
            "f1-score": 0.930188679245283,
            "support": 541.0
        },
        "20": {
            "precision": 0.09090909090909091,
            "recall": 0.0035460992907801418,
            "f1-score": 0.006825938566552901,
            "support": 564.0
        },
        "21": {
            "precision": 0.8,
            "recall": 0.010230179028132993,
            "f1-score": 0.020202020202020204,
            "support": 391.0
        },
        "22": {
            "precision": 0.9732620320855615,
            "recall": 0.2708333333333333,
            "f1-score": 0.42374854481955765,
            "support": 672.0
        },
        "23": {
            "precision": 0.9452554744525548,
            "recall": 0.6491228070175439,
            "f1-score": 0.7696879643387816,
            "support": 399.0
        },
        "24": {
            "precision": 0.6666666666666666,
            "recall": 0.9413919413919414,
            "f1-score": 0.7805618830675778,
            "support": 546.0
        },
        "25": {
            "precision": 0.8589420654911839,
            "recall": 0.9742857142857143,
            "f1-score": 0.9129852744310576,
            "support": 350.0
        },
        "26": {
            "precision": 0.9797297297297297,
            "recall": 0.9456521739130435,
            "f1-score": 0.9623893805309734,
            "support": 460.0
        },
        "27": {
            "precision": 0.15,
            "recall": 0.003973509933774834,
            "f1-score": 0.007741935483870968,
            "support": 755.0
        },
        "28": {
            "precision": 0.8833333333333333,
            "recall": 0.6244477172312224,
            "f1-score": 0.731665228645384,
            "support": 679.0
        },
        "29": {
            "precision": 0.0,
            "recall": 0.0,
            "f1-score": 0.0,
            "support": 542.0
        },
        "30": {
            "precision": 0.5301953818827708,
            "recall": 0.9416403785488959,
            "f1-score": 0.678409090909091,
            "support": 634.0
        },
        "31": {
            "precision": 0.0,
            "recall": 0.0,
            "f1-score": 0.0,
            "support": 545.0
        },
        "32": {
            "precision": 0.8015873015873016,
            "recall": 0.9665071770334929,
            "f1-score": 0.8763557483731019,
            "support": 627.0
        },
        "33": {
            "precision": 0.05333333333333334,
            "recall": 0.02564102564102564,
            "f1-score": 0.03463203463203463,
            "support": 468.0
        },
        "34": {
            "precision": 0.9342560553633218,
            "recall": 0.7012987012987013,
            "f1-score": 0.8011869436201781,
            "support": 385.0
        },
        "35": {
            "precision": 0.9404388714733543,
            "recall": 0.7853403141361257,
            "f1-score": 0.8559201141226819,
            "support": 382.0
        },
        "36": {
            "precision": 0.9830097087378641,
            "recall": 0.916289592760181,
            "f1-score": 0.9484777517564403,
            "support": 442.0
        },
        "37": {
            "precision": 0.9090909090909091,
            "recall": 0.2358490566037736,
            "f1-score": 0.37453183520599254,
            "support": 424.0
        },
        "38": {
            "precision": 0.8252788104089219,
            "recall": 0.6981132075471698,
            "f1-score": 0.7563884156729132,
            "support": 318.0
        },
        "39": {
            "precision": 0.12907166123778502,
            "recall": 0.7254004576659039,
            "f1-score": 0.2191496716211545,
            "support": 437.0
        },
        "40": {
            "precision": 0.22530009233610343,
            "recall": 0.9242424242424242,
            "f1-score": 0.36228656273199705,
            "support": 528.0
        },
        "41": {
            "precision": 0.11805555555555555,
            "recall": 0.050073637702503684,
            "f1-score": 0.0703205791106515,
            "support": 679.0
        },
        "42": {
            "precision": 0.7746478873239436,
            "recall": 0.7857142857142857,
            "f1-score": 0.7801418439716312,
            "support": 350.0
        },