{
    "acc1": 0.5498057498057498,
    "acc5": [
        0.8019036519036519
    ],
    "mean_per_class_recall": 0.573816590699219,
    "classification_report": {
        "0": {
            "precision": 0.6470588235294118,
            "recall": 0.11282051282051282,
            "f1-score": 0.19213973799126638,
            "support": 390.0
        },
        "1": {
            "precision": 0.5360576923076923,
            "recall": 0.7263843648208469,
            "f1-score": 0.6168741355463347,
            "support": 614.0
        },
        "2": {
            "precision": 0.9248251748251748,
            "recall": 0.9280701754385965,
            "f1-score": 0.9264448336252189,
            "support": 570.0
        },
        "3": {
            "precision": 0.0,
            "recall": 0.0,
            "f1-score": 0.0,
            "support": 977.0
        },
        "4": {
            "precision": 0.0,
            "recall": 0.0,
            "f1-score": 0.0,
            "support": 456.0
        },
        "5": {
            "precision": 0.5390218522372529,
            "recall": 0.9184397163120568,
            "f1-score": 0.6793442622950819,
            "support": 564.0
        },
        "6": {
            "precision": 0.3942307692307692,
            "recall": 0.20741989881956155,
            "f1-score": 0.2718232044198895,
            "support": 593.0
        },
        "7": {
            "precision": 0.9333333333333333,
            "recall": 0.8478581979320532,
            "f1-score": 0.8885448916408669,
            "support": 677.0
        },
        "8": {
            "precision": 0.5418502202643172,
            "recall": 0.3022113022113022,
            "f1-score": 0.38801261829652994,
            "support": 407.0
        },
        "9": {
            "precision": 0.659375,
            "recall": 0.9525959367945824,
            "f1-score": 0.7793167128347184,
            "support": 443.0
        },
        "10": {
            "precision": 0.7936893203883495,
            "recall": 0.632495164410058,
            "f1-score": 0.7039827771797632,
            "support": 517.0
        },
        "11": {
            "precision": 0.892925430210325,
            "recall": 0.9831578947368421,
            "f1-score": 0.935871743486974,
            "support": 475.0
        },
        "12": {
            "precision": 0.8772378516624041,
            "recall": 0.8772378516624041,
            "f1-score": 0.8772378516624041,
            "support": 391.0
        },
        "13": {
            "precision": 0.791814946619217,
            "recall": 0.9888888888888889,
            "f1-score": 0.8794466403162056,
            "support": 450.0
        },
        "14": {
            "precision": 0.7573632538569425,
            "recall": 0.9926470588235294,
            "f1-score": 0.8591885441527446,
            "support": 544.0
        },
        "15": {
            "precision": 0.8651315789473685,
            "recall": 0.5754923413566739,
            "f1-score": 0.6911957950065704,
            "support": 457.0
        },
        "16": {
            "precision": 0.8888888888888888,
            "recall": 0.0644122383252818,
            "f1-score": 0.12012012012012012,
            "support": 621.0
        },
        "17": {
            "precision": 0.5924528301886792,
            "recall": 0.26166666666666666,
            "f1-score": 0.3630057803468208,
            "support": 600.0
        },
        "18": {
            "precision": 0.8709677419354839,
            "recall": 0.052123552123552123,
            "f1-score": 0.09836065573770492,
            "support": 518.0
        },
        "19": {
            "precision": 0.9344569288389513,
            "recall": 0.922365988909427,
            "f1-score": 0.9283720930232559,
            "support": 541.0
        },
        "20": {
            "precision": 0.13333333333333333,
            "recall": 0.0035460992907801418,
            "f1-score": 0.0069084628670120895,
            "support": 564.0
        },
        "21": {
            "precision": 1.0,
            "recall": 0.005115089514066497,
            "f1-score": 0.010178117048346057,
            "support": 391.0
        },
        "22": {
            "precision": 0.9801324503311258,
            "recall": 0.22023809523809523,
            "f1-score": 0.3596597812879708,
            "support": 672.0
        },
        "23": {
            "precision": 0.9155844155844156,
            "recall": 0.706766917293233,
            "f1-score": 0.7977369165487977,
            "support": 399.0
        },
        "24": {
            "precision": 0.5433884297520661,
            "recall": 0.9633699633699634,
            "f1-score": 0.6948480845442536,
            "support": 546.0
        },
        "25": {
            "precision": 0.8831168831168831,
            "recall": 0.9714285714285714,
            "f1-score": 0.9251700680272109,
            "support": 350.0
        },
        "26": {
            "precision": 0.9733333333333334,
            "recall": 0.9521739130434783,
            "f1-score": 0.9626373626373627,
            "support": 460.0
        },
        "27": {
            "precision": 0.16666666666666666,
            "recall": 0.0026490066225165563,
            "f1-score": 0.005215123859191656,
            "support": 755.0
        },
        "28": {
            "precision": 0.8483245149911817,
            "recall": 0.7083946980854198,
            "f1-score": 0.7720706260032103,
            "support": 679.0
        },
        "29": {
            "precision": 0.0,
            "recall": 0.0,
            "f1-score": 0.0,
            "support": 542.0
        },
        "30": {
            "precision": 0.5199637023593466,
            "recall": 0.9037854889589906,
            "f1-score": 0.6601382488479263,
            "support": 634.0
        },
        "31": {
            "precision": 0.0,
            "recall": 0.0,
            "f1-score": 0.0,
            "support": 545.0
        },
        "32": {
            "precision": 0.7670886075949367,
            "recall": 0.9665071770334929,
            "f1-score": 0.8553281580804517,
            "support": 627.0
        },
        "33": {
            "precision": 0.025547445255474453,
            "recall": 0.029914529914529916,
            "f1-score": 0.027559055118110236,
            "support": 468.0
        },
        "34": {
            "precision": 0.7783251231527094,
            "recall": 0.8207792207792208,
            "f1-score": 0.7989886219974716,
            "support": 385.0
        },
        "35": {
            "precision": 0.9375,
            "recall": 0.7853403141361257,
            "f1-score": 0.8547008547008547,
            "support": 382.0
        },
        "36": {
            "precision": 0.9734299516908212,
            "recall": 0.9117647058823529,
            "f1-score": 0.9415887850467289,
            "support": 442.0
        },
        "37": {
            "precision": 0.9183673469387755,
            "recall": 0.31839622641509435,
            "f1-score": 0.47285464098073554,
            "support": 424.0
        },
        "38": {
            "precision": 0.8518518518518519,
            "recall": 0.6509433962264151,
            "f1-score": 0.7379679144385026,
            "support": 318.0
        },
        "39": {
            "precision": 0.09880239520958084,
            "recall": 0.37757437070938216,
            "f1-score": 0.15662078785002373,
            "support": 437.0
        },
        "40": {
            "precision": 0.23024721279689772,
            "recall": 0.8996212121212122,
            "f1-score": 0.36665380162099576,
            "support": 528.0
        },
        "41": {
            "precision": 0.05027932960893855,
            "recall": 0.026509572901325478,
            "f1-score": 0.03471552555448409,
            "support": 679.0
        },
        "42": {
            "precision": 0.7445652173913043,
            "recall": 0.7828571428571428,
            "f1-score": 0.7632311977715878,