{
    "acc1": 0.5896187281318761,
    "acc5": [
        0.7856653320347726
    ],
    "mean_per_class_recall": 0.5901240646689893,
    "classification_report": {
        "0": {
            "precision": 0.0,
            "recall": 0.0,
            "f1-score": 0.0,
            "support": 441.0
        },
        "1": {
            "precision": 0.8945945945945946,
            "recall": 0.8779840848806366,
            "f1-score": 0.8862115127175368,
            "support": 377.0
        },
        "2": {
            "precision": 0.8820116054158608,
            "recall": 0.9230769230769231,
            "f1-score": 0.9020771513353115,
            "support": 494.0
        },
        "3": {
            "precision": 0.7797513321492007,
            "recall": 0.6427525622254758,
            "f1-score": 0.7046548956661316,
            "support": 683.0
        },
        "4": {
            "precision": 0.9601063829787234,
            "recall": 0.8677884615384616,
            "f1-score": 0.9116161616161617,
            "support": 416.0
        },
        "5": {
            "precision": 0.8777633289986996,
            "recall": 0.9796806966618288,
            "f1-score": 0.9259259259259259,
            "support": 689.0
        },
        "6": {
            "precision": 0.5454545454545454,
            "recall": 0.1994459833795014,
            "f1-score": 0.2920892494929006,
            "support": 361.0
        },
        "7": {
            "precision": 0.5375302663438256,
            "recall": 0.9955156950672646,
            "f1-score": 0.6981132075471698,
            "support": 446.0
        },
        "8": {
            "precision": 0.0,
            "recall": 0.0,
            "f1-score": 0.0,
            "support": 363.0
        },
        "9": {
            "precision": 0.8251851851851851,
            "recall": 0.9603448275862069,
            "f1-score": 0.8876494023904382,
            "support": 580.0
        },
        "10": {
            "precision": 0.5,
            "recall": 0.008077544426494346,
            "f1-score": 0.01589825119236884,
            "support": 619.0
        },
        "11": {
            "precision": 0.9930555555555556,
            "recall": 0.8171428571428572,
            "f1-score": 0.896551724137931,
            "support": 525.0
        },
        "12": {
            "precision": 0.9611872146118722,
            "recall": 0.8065134099616859,
            "f1-score": 0.8770833333333333,
            "support": 522.0
        },
        "13": {
            "precision": 0.6206349206349207,
            "recall": 0.768172888015717,
            "f1-score": 0.6865671641791045,
            "support": 509.0
        },
        "14": {
            "precision": 0.8759018759018758,
            "recall": 0.6985040276179517,
            "f1-score": 0.7772087067861716,
            "support": 869.0
        },
        "15": {
            "precision": 0.32142857142857145,
            "recall": 0.014729950900163666,
            "f1-score": 0.028169014084507043,
            "support": 611.0
        },
        "16": {
            "precision": 0.3719512195121951,
            "recall": 0.957613814756672,
            "f1-score": 0.5357927097057532,
            "support": 637.0
        },
        "17": {
            "precision": 0.0,
            "recall": 0.0,
            "f1-score": 0.0,
            "support": 707.0
        },
        "18": {
            "precision": 0.0,
            "recall": 0.0,
            "f1-score": 0.0,
            "support": 593.0
        },
        "19": {
            "precision": 0.8530183727034121,
            "recall": 0.9530791788856305,
            "f1-score": 0.9002770083102493,
            "support": 341.0
        },
        "20": {
            "precision": 0.0,
            "recall": 0.0,
            "f1-score": 0.0,
            "support": 554.0
        },
        "21": {
            "precision": 0.8612903225806452,
            "recall": 0.8797364085667215,
            "f1-score": 0.8704156479217604,
            "support": 607.0
        },
        "22": {
            "precision": 0.9637526652452025,
            "recall": 0.7985865724381626,
            "f1-score": 0.8734299516908213,
            "support": 566.0
        },
        "23": {
            "precision": 0.9321789321789322,
            "recall": 0.8579017264276229,
            "f1-score": 0.8934993084370678,
            "support": 753.0
        },
        "24": {
            "precision": 0.3384615384615385,
            "recall": 0.9673758865248226,
            "f1-score": 0.5014705882352941,
            "support": 705.0
        },
        "25": {
            "precision": 0.19268540467321368,
            "recall": 0.8821705426356589,
            "f1-score": 0.31628682601445246,
            "support": 645.0
        },
        "26": {
            "precision": 0.8908839779005525,
            "recall": 0.9008379888268156,
            "f1-score": 0.8958333333333334,
            "support": 716.0
        },
        "27": {
            "precision": 0.6566523605150214,
            "recall": 0.827027027027027,
            "f1-score": 0.7320574162679426,
            "support": 370.0
        },
        "28": {
            "precision": 0.0,
            "recall": 0.0,
            "f1-score": 0.0,
            "support": 912.0
        },
        "29": {
            "precision": 0.284,
            "recall": 0.2927835051546392,
            "f1-score": 0.2883248730964467,
            "support": 485.0
        },
        "30": {
            "precision": 0.9148550724637681,
            "recall": 0.8573853989813243,
            "f1-score": 0.8851884312007011,
            "support": 589.0
        },
        "31": {
            "precision": 0.0,
            "recall": 0.0,
            "f1-score": 0.0,
            "support": 388.0
        },
        "32": {
            "precision": 0.7764705882352941,
            "recall": 0.6454767726161369,
            "f1-score": 0.7049399198931909,
            "support": 409.0
        },
        "33": {
            "precision": 0.6892950391644909,
            "recall": 0.5207100591715976,
            "f1-score": 0.5932584269662922,
            "support": 507.0
        },
        "34": {
            "precision": 0.9697508896797153,
            "recall": 0.9628975265017667,
            "f1-score": 0.9663120567375887,
            "support": 566.0
        },
        "35": {
            "precision": 0.3902439024390244,
            "recall": 0.1835564053537285,
            "f1-score": 0.24967490247074123,
            "support": 523.0
        },
        "36": {
            "precision": 0.8682719546742209,
            "recall": 0.9745627980922098,
            "f1-score": 0.9183520599250936,
            "support": 629.0
        },
        "37": {
            "precision": 0.0,
            "recall": 0.0,
            "f1-score": 0.0,
            "support": 491.0
        },
        "38": {
            "precision": 0.43255395683453235,
            "recall": 0.9109848484848485,
            "f1-score": 0.5865853658536585,
            "support": 528.0
        },
        "39": {
            "precision": 0.7340764331210191,
            "recall": 0.8731060606060606,
            "f1-score": 0.7975778546712803,
            "support": 528.0
        },
        "40": {
            "precision": 0.9325,
            "recall": 0.9491094147582697,
            "f1-score": 0.9407313997477932,
            "support": 393.0
        },
        "41": {
            "precision": 0.0,
            "recall": 0.0,
            "f1-score": 0.0,
            "support": 736.0
        },
        "42": {
            "precision": 0.9555921052631579,
            "recall": 0.8531571218795888,
            "f1-score": 0.9014740108611327,
            "support": 681.0
        },
        "43": {
            "precision": 0.17320261437908496,
            "recall": 0.9388083735909822,
            "f1-score": 0.2924504640080261,
            "support": 621.0
        },