{
    "acc1": 0.5404621132431354,
    "acc5": [
        0.763212303674417
    ],
    "mean_per_class_recall": 0.5182270375806258,
    "classification_report": {
        "0": {
            "precision": 0.0,
            "recall": 0.0,
            "f1-score": 0.0,
            "support": 382.0
        },
        "1": {
            "precision": 0.9209726443768997,
            "recall": 0.4894991922455573,
            "f1-score": 0.6392405063291139,
            "support": 619.0
        },
        "2": {
            "precision": 1.0,
            "recall": 0.0023148148148148147,
            "f1-score": 0.004618937644341801,
            "support": 432.0
        },
        "3": {
            "precision": 0.8664886515353805,
            "recall": 0.9502196193265008,
            "f1-score": 0.9064245810055865,
            "support": 683.0
        },
        "4": {
            "precision": 0.3487312947299935,
            "recall": 0.788235294117647,
            "f1-score": 0.4835363103292738,
            "support": 680.0
        },
        "5": {
            "precision": 0.5078597339782346,
            "recall": 0.967741935483871,
            "f1-score": 0.6661379857256146,
            "support": 434.0
        },
        "6": {
            "precision": 0.0,
            "recall": 0.0,
            "f1-score": 0.0,
            "support": 421.0
        },
        "7": {
            "precision": 0.5714285714285714,
            "recall": 0.009302325581395349,
            "f1-score": 0.018306636155606407,
            "support": 430.0
        },
        "8": {
            "precision": 0.9559164733178654,
            "recall": 0.8289738430583501,
            "f1-score": 0.8879310344827587,
            "support": 497.0
        },
        "9": {
            "precision": 0.7653631284916201,
            "recall": 0.3586387434554974,
            "f1-score": 0.48841354723707664,
            "support": 382.0
        },
        "10": {
            "precision": 0.0,
            "recall": 0.0,
            "f1-score": 0.0,
            "support": 447.0
        },
        "11": {
            "precision": 0.9192399049881235,
            "recall": 0.9393203883495146,
            "f1-score": 0.929171668667467,
            "support": 412.0
        },
        "12": {
            "precision": 0.8705583756345178,
            "recall": 0.6135957066189625,
            "f1-score": 0.7198321091290661,
            "support": 559.0
        },
        "13": {
            "precision": 0.7692307692307693,
            "recall": 0.17114914425427874,
            "f1-score": 0.28,
            "support": 409.0
        },
        "14": {
            "precision": 0.9920792079207921,
            "recall": 0.9597701149425287,
            "f1-score": 0.9756572541382668,
            "support": 522.0
        },
        "15": {
            "precision": 0.1804717498628634,
            "recall": 0.6036697247706422,
            "f1-score": 0.2778716216216216,
            "support": 545.0
        },
        "16": {
            "precision": 0.25,
            "recall": 0.005509641873278237,
            "f1-score": 0.01078167115902965,
            "support": 363.0
        },
        "17": {
            "precision": 0.0,
            "recall": 0.0,
            "f1-score": 0.0,
            "support": 569.0
        },
        "18": {
            "precision": 0.3333333333333333,
            "recall": 0.0019305019305019305,
            "f1-score": 0.003838771593090211,
            "support": 518.0
        },
        "19": {
            "precision": 0.24591057797164667,
            "recall": 0.9955849889624724,
            "f1-score": 0.3944031482291211,
            "support": 453.0
        },
        "20": {
            "precision": 0.946078431372549,
            "recall": 0.48860759493670886,
            "f1-score": 0.6444073455759599,
            "support": 395.0
        },
        "21": {
            "precision": 0.6281690140845071,
            "recall": 0.362012987012987,
            "f1-score": 0.4593202883625129,
            "support": 616.0
        },
        "22": {
            "precision": 0.8769230769230769,
            "recall": 0.31902985074626866,
            "f1-score": 0.46785225718194257,
            "support": 536.0
        },
        "23": {
            "precision": 0.8795669824086604,
            "recall": 0.9475218658892128,
            "f1-score": 0.9122807017543859,
            "support": 686.0
        },
        "24": {
            "precision": 0.981859410430839,
            "recall": 0.9908466819221968,
            "f1-score": 0.9863325740318907,
            "support": 437.0
        },
        "25": {
            "precision": 0.16270617836175566,
            "recall": 0.8899082568807339,
            "f1-score": 0.2751122666036398,
            "support": 654.0
        },
        "26": {
            "precision": 0.8203883495145631,
            "recall": 0.9754689754689755,
            "f1-score": 0.8912326961107448,
            "support": 693.0
        },
        "27": {
            "precision": 0.46418338108882523,
            "recall": 0.2288135593220339,
            "f1-score": 0.3065279091769158,
            "support": 708.0
        },
        "28": {
            "precision": 0.9775280898876404,
            "recall": 0.18238993710691823,
            "f1-score": 0.30742049469964666,
            "support": 477.0
        },
        "29": {
            "precision": 0.0,
            "recall": 0.0,
            "f1-score": 0.0,
            "support": 564.0
        },
        "30": {
            "precision": 0.07142857142857142,
            "recall": 0.006932409012131715,
            "f1-score": 0.01263823064770932,
            "support": 577.0
        },
        "31": {
            "precision": 0.20602474448628294,
            "recall": 0.8131634819532909,
            "f1-score": 0.32875536480686696,
            "support": 471.0
        },
        "32": {
            "precision": 0.9347442680776014,
            "recall": 0.6455542021924482,
            "f1-score": 0.7636887608069164,
            "support": 821.0
        },
        "33": {
            "precision": 0.846045197740113,
            "recall": 0.9117199391171994,
            "f1-score": 0.8776556776556776,
            "support": 657.0
        },
        "34": {
            "precision": 0.9878048780487805,
            "recall": 0.7310469314079422,
            "f1-score": 0.8402489626556017,
            "support": 554.0
        },
        "35": {
            "precision": 0.40730067243035545,
            "recall": 0.680577849117175,
            "f1-score": 0.5096153846153846,
            "support": 623.0
        },
        "36": {
            "precision": 0.9121495327102803,
            "recall": 0.7316341829085458,
            "f1-score": 0.8119800332778702,
            "support": 667.0
        },
        "37": {
            "precision": 0.7139479905437353,
            "recall": 0.9481946624803768,
            "f1-score": 0.8145650708024275,
            "support": 637.0
        },
        "38": {
            "precision": 0.9746621621621622,
            "recall": 0.9914089347079038,
            "f1-score": 0.9829642248722317,
            "support": 582.0
        },
        "39": {
            "precision": 0.8505747126436781,
            "recall": 0.6905132192846034,
            "f1-score": 0.7622317596566524,
            "support": 643.0
        },
        "40": {
            "precision": 0.4864864864864865,
            "recall": 0.22291021671826625,
            "f1-score": 0.3057324840764331,
            "support": 646.0
        },
        "41": {
            "precision": 0.87569573283859,
            "recall": 0.8838951310861424,
            "f1-score": 0.8797763280521901,
            "support": 534.0
        },
        "42": {
            "precision": 0.9246704331450094,
            "recall": 0.9334600760456274,
            "f1-score": 0.9290444654683065,
            "support": 526.0
        },