{
    "acc1": 0.4654932159882655,
    "acc5": [
        0.7078841217455079
    ],
    "mean_per_class_recall": 0.46546753916052475,
    "classification_report": {
        "0": {
            "precision": 0.956661316211878,
            "recall": 0.962843295638126,
            "f1-score": 0.9597423510466989,
            "support": 619.0
        },
        "1": {
            "precision": 0.9217391304347826,
            "recall": 0.7210884353741497,
            "f1-score": 0.8091603053435115,
            "support": 441.0
        },
        "2": {
            "precision": 0.01652892561983471,
            "recall": 0.002751031636863824,
            "f1-score": 0.0047169811320754715,
            "support": 727.0
        },
        "3": {
            "precision": 0.5072463768115942,
            "recall": 0.6862745098039216,
            "f1-score": 0.5833333333333334,
            "support": 459.0
        },
        "4": {
            "precision": 0.5509893455098934,
            "recall": 0.8227272727272728,
            "f1-score": 0.6599817684594348,
            "support": 440.0
        },
        "5": {
            "precision": 0.8687872763419483,
            "recall": 0.95,
            "f1-score": 0.9075804776739356,
            "support": 920.0
        },
        "6": {
            "precision": 0.49206349206349204,
            "recall": 0.05688073394495413,
            "f1-score": 0.10197368421052631,
            "support": 545.0
        },
        "7": {
            "precision": 0.833976833976834,
            "recall": 0.48106904231625836,
            "f1-score": 0.6101694915254238,
            "support": 449.0
        },
        "8": {
            "precision": 0.24390243902439024,
            "recall": 0.9903381642512077,
            "f1-score": 0.3914081145584726,
            "support": 414.0
        },
        "9": {
            "precision": 0.15315315315315314,
            "recall": 0.050595238095238096,
            "f1-score": 0.07606263982102908,
            "support": 336.0
        },
        "10": {
            "precision": 0.001148105625717566,
            "recall": 0.0015923566878980893,
            "f1-score": 0.00133422281521014,
            "support": 628.0
        },
        "11": {
            "precision": 0.2572347266881029,
            "recall": 0.6,
            "f1-score": 0.3600900225056264,
            "support": 800.0
        },
        "12": {
            "precision": 0.9086294416243654,
            "recall": 0.9454225352112676,
            "f1-score": 0.9266609145815358,
            "support": 568.0
        },
        "13": {
            "precision": 0.6166666666666667,
            "recall": 0.08872901678657075,
            "f1-score": 0.15513626834381553,
            "support": 417.0
        },
        "14": {
            "precision": 0.31949250288350634,
            "recall": 0.4639865996649916,
            "f1-score": 0.37841530054644806,
            "support": 597.0
        },
        "15": {
            "precision": 0.12041884816753927,
            "recall": 0.05912596401028278,
            "f1-score": 0.07931034482758621,
            "support": 389.0
        },
        "16": {
            "precision": 0.5399484536082474,
            "recall": 0.8657024793388429,
            "f1-score": 0.665079365079365,
            "support": 484.0
        },
        "17": {
            "precision": 0.5536332179930796,
            "recall": 0.8163265306122449,
            "f1-score": 0.6597938144329897,
            "support": 392.0
        },
        "18": {
            "precision": 0.21354166666666666,
            "recall": 0.10512820512820513,
            "f1-score": 0.140893470790378,
            "support": 390.0
        },
        "19": {
            "precision": 0.9125,
            "recall": 0.5407407407407407,
            "f1-score": 0.6790697674418604,
            "support": 405.0
        },
        "20": {
            "precision": 0.2288135593220339,
            "recall": 0.07336956521739131,
            "f1-score": 0.1111111111111111,
            "support": 368.0
        },
        "21": {
            "precision": 0.5572289156626506,
            "recall": 0.8371040723981901,
            "f1-score": 0.6690777576853526,
            "support": 442.0
        },
        "22": {
            "precision": 0.8782816229116945,
            "recall": 0.9748344370860927,
            "f1-score": 0.9240426867545511,
            "support": 755.0
        },
        "23": {
            "precision": 0.7821782178217822,
            "recall": 0.40932642487046633,
            "f1-score": 0.5374149659863946,
            "support": 386.0
        },
        "24": {
            "precision": 0.637901861252115,
            "recall": 0.921760391198044,
            "f1-score": 0.754,
            "support": 409.0
        },
        "25": {
            "precision": 0.38095238095238093,
            "recall": 0.16563146997929606,
            "f1-score": 0.23088023088023088,
            "support": 483.0
        },
        "26": {
            "precision": 0.84,
            "recall": 0.36950146627565983,
            "f1-score": 0.5132382892057027,
            "support": 682.0
        },
        "27": {
            "precision": 0.6807511737089202,
            "recall": 0.9523809523809523,
            "f1-score": 0.7939767282683093,
            "support": 609.0
        },
        "28": {
            "precision": 0.87248322147651,
            "recall": 0.6483790523690773,
            "f1-score": 0.7439198855507868,
            "support": 401.0
        },
        "29": {
            "precision": 0.8690851735015773,
            "recall": 0.8858520900321544,
            "f1-score": 0.8773885350318471,
            "support": 622.0
        },
        "30": {
            "precision": 0.9683794466403162,
            "recall": 0.384012539184953,
            "f1-score": 0.5499438832772167,
            "support": 638.0
        },
        "31": {
            "precision": 0.043478260869565216,
            "recall": 0.003552397868561279,
            "f1-score": 0.006568144499178982,
            "support": 563.0
        },
        "32": {
            "precision": 0.0,
            "recall": 0.0,
            "f1-score": 0.0,
            "support": 448.0
        },
        "33": {
            "precision": 0.08972503617945007,
            "recall": 0.44285714285714284,
            "f1-score": 0.14921780986762936,
            "support": 700.0
        },
        "34": {
            "precision": 0.875,
            "recall": 0.0748663101604278,
            "f1-score": 0.13793103448275862,
            "support": 374.0
        },
        "35": {
            "precision": 0.08333333333333333,
            "recall": 0.009615384615384616,
            "f1-score": 0.017241379310344827,
            "support": 416.0
        },
        "36": {
            "precision": 0.7454545454545455,
            "recall": 0.08070866141732283,
            "f1-score": 0.14564831261101244,
            "support": 508.0
        },
        "37": {
            "precision": 0.75736568457539,
            "recall": 0.6992,
            "f1-score": 0.7271214642262895,
            "support": 625.0
        },
        "38": {
            "precision": 0.9090909090909091,
            "recall": 0.9911504424778761,
            "f1-score": 0.9483488569009314,
            "support": 565.0
        },
        "39": {
            "precision": 0.0,
            "recall": 0.0,
            "f1-score": 0.0,
            "support": 696.0
        },
        "40": {
            "precision": 0.09090909090909091,
            "recall": 0.0025906735751295338,
            "f1-score": 0.005037783375314861,
            "support": 386.0
        },
        "41": {
            "precision": 0.0,
            "recall": 0.0,
            "f1-score": 0.0,
            "support": 594.0
        },
        "42": {
            "precision": 0.4193154034229829,
            "recall": 0.792147806004619,
            "f1-score": 0.548361310951239,