{
    "acc1": 0.5838473469682214,
    "acc5": [
        0.796522742848898
    ],
    "mean_per_class_recall": 0.5851705070691938,
    "classification_report": {
        "0": {
            "precision": 0.0,
            "recall": 0.0,
            "f1-score": 0.0,
            "support": 441.0
        },
        "1": {
            "precision": 0.9002695417789758,
            "recall": 0.8859416445623343,
            "f1-score": 0.893048128342246,
            "support": 377.0
        },
        "2": {
            "precision": 0.7656765676567657,
            "recall": 0.9392712550607287,
            "f1-score": 0.8436363636363636,
            "support": 494.0
        },
        "3": {
            "precision": 0.7846607669616519,
            "recall": 0.7789165446559297,
            "f1-score": 0.7817781043350478,
            "support": 683.0
        },
        "4": {
            "precision": 0.9640102827763496,
            "recall": 0.9014423076923077,
            "f1-score": 0.9316770186335404,
            "support": 416.0
        },
        "5": {
            "precision": 0.9113233287858117,
            "recall": 0.969521044992743,
            "f1-score": 0.939521800281294,
            "support": 689.0
        },
        "6": {
            "precision": 0.5081967213114754,
            "recall": 0.17174515235457063,
            "f1-score": 0.2567287784679089,
            "support": 361.0
        },
        "7": {
            "precision": 0.5783289817232375,
            "recall": 0.9932735426008968,
            "f1-score": 0.731023102310231,
            "support": 446.0
        },
        "8": {
            "precision": 0.0,
            "recall": 0.0,
            "f1-score": 0.0,
            "support": 363.0
        },
        "9": {
            "precision": 0.7790055248618785,
            "recall": 0.9724137931034482,
            "f1-score": 0.8650306748466258,
            "support": 580.0
        },
        "10": {
            "precision": 0.2222222222222222,
            "recall": 0.0032310177705977385,
            "f1-score": 0.006369426751592357,
            "support": 619.0
        },
        "11": {
            "precision": 0.9887640449438202,
            "recall": 0.8380952380952381,
            "f1-score": 0.9072164948453608,
            "support": 525.0
        },
        "12": {
            "precision": 0.9233954451345756,
            "recall": 0.8544061302681992,
            "f1-score": 0.8875621890547264,
            "support": 522.0
        },
        "13": {
            "precision": 0.5952380952380952,
            "recall": 0.8349705304518664,
            "f1-score": 0.6950122649223222,
            "support": 509.0
        },
        "14": {
            "precision": 0.863716814159292,
            "recall": 0.5615650172612198,
            "f1-score": 0.6806136680613668,
            "support": 869.0
        },
        "15": {
            "precision": 0.38461538461538464,
            "recall": 0.03273322422258593,
            "f1-score": 0.06033182503770739,
            "support": 611.0
        },
        "16": {
            "precision": 0.3759351620947631,
            "recall": 0.9466248037676609,
            "f1-score": 0.5381526104417671,
            "support": 637.0
        },
        "17": {
            "precision": 0.0,
            "recall": 0.0,
            "f1-score": 0.0,
            "support": 707.0
        },
        "18": {
            "precision": 0.0,
            "recall": 0.0,
            "f1-score": 0.0,
            "support": 593.0
        },
        "19": {
            "precision": 0.8522427440633246,
            "recall": 0.9472140762463344,
            "f1-score": 0.8972222222222223,
            "support": 341.0
        },
        "20": {
            "precision": 0.0,
            "recall": 0.0,
            "f1-score": 0.0,
            "support": 554.0
        },
        "21": {
            "precision": 0.8103975535168195,
            "recall": 0.8731466227347611,
            "f1-score": 0.8406026962727994,
            "support": 607.0
        },
        "22": {
            "precision": 0.9682203389830508,
            "recall": 0.8074204946996466,
            "f1-score": 0.8805394990366089,
            "support": 566.0
        },
        "23": {
            "precision": 0.8474148802017655,
            "recall": 0.8924302788844621,
            "f1-score": 0.869340232858991,
            "support": 753.0
        },
        "24": {
            "precision": 0.3615257048092869,
            "recall": 0.9276595744680851,
            "f1-score": 0.5202863961813843,
            "support": 705.0
        },
        "25": {
            "precision": 0.17858494135452138,
            "recall": 0.7317829457364341,
            "f1-score": 0.2871046228710462,
            "support": 645.0
        },
        "26": {
            "precision": 0.7821901323706378,
            "recall": 0.9078212290502793,
            "f1-score": 0.8403361344537815,
            "support": 716.0
        },
        "27": {
            "precision": 0.6753246753246753,
            "recall": 0.8432432432432433,
            "f1-score": 0.75,
            "support": 370.0
        },
        "28": {
            "precision": 0.0,
            "recall": 0.0,
            "f1-score": 0.0,
            "support": 912.0
        },
        "29": {
            "precision": 0.66,
            "recall": 0.06804123711340206,
            "f1-score": 0.1233644859813084,
            "support": 485.0
        },
        "30": {
            "precision": 0.9808917197452229,
            "recall": 0.7843803056027164,
            "f1-score": 0.8716981132075472,
            "support": 589.0
        },
        "31": {
            "precision": 0.0,
            "recall": 0.0,
            "f1-score": 0.0,
            "support": 388.0
        },
        "32": {
            "precision": 0.7974683544303798,
            "recall": 0.6161369193154034,
            "f1-score": 0.6951724137931035,
            "support": 409.0
        },
        "33": {
            "precision": 0.5714285714285714,
            "recall": 0.6942800788954635,
            "f1-score": 0.6268922528940338,
            "support": 507.0
        },
        "34": {
            "precision": 0.9697508896797153,
            "recall": 0.9628975265017667,
            "f1-score": 0.9663120567375887,
            "support": 566.0
        },
        "35": {
            "precision": 0.32727272727272727,
            "recall": 0.20650095602294455,
            "f1-score": 0.2532239155920281,
            "support": 523.0
        },
        "36": {
            "precision": 0.8198675496688742,
            "recall": 0.9841017488076311,
            "f1-score": 0.8945086705202312,
            "support": 629.0
        },
        "37": {
            "precision": 0.0,
            "recall": 0.0,
            "f1-score": 0.0,
            "support": 491.0
        },
        "38": {
            "precision": 0.46961894953656025,
            "recall": 0.8636363636363636,
            "f1-score": 0.6084056037358239,
            "support": 528.0
        },
        "39": {
            "precision": 0.774869109947644,
            "recall": 0.8409090909090909,
            "f1-score": 0.8065395095367848,
            "support": 528.0
        },
        "40": {
            "precision": 0.9510309278350515,
            "recall": 0.9389312977099237,
            "f1-score": 0.9449423815620999,
            "support": 393.0
        },
        "41": {
            "precision": 0.14285714285714285,
            "recall": 0.001358695652173913,
            "f1-score": 0.0026917900403768506,
            "support": 736.0
        },
        "42": {
            "precision": 0.9717314487632509,
            "recall": 0.8076358296622613,
            "f1-score": 0.8821170809943866,
            "support": 681.0
        },
        "43": {
            "precision": 0.1678874890125989,
            "recall": 0.9227053140096618,
            "f1-score": 0.2840852751611304,