{
    "acc1": 0.5583916083916084,
    "acc5": [
        0.8097902097902098
    ],
    "mean_per_class_recall": 0.5820290815596151,
    "classification_report": {
        "0": {
            "precision": 0.6857142857142857,
            "recall": 0.12307692307692308,
            "f1-score": 0.20869565217391303,
            "support": 390.0
        },
        "1": {
            "precision": 0.5022421524663677,
            "recall": 0.7296416938110749,
            "f1-score": 0.5949535192563081,
            "support": 614.0
        },
        "2": {
            "precision": 0.9028475711892797,
            "recall": 0.9456140350877194,
            "f1-score": 0.9237360754070265,
            "support": 570.0
        },
        "3": {
            "precision": 0.0,
            "recall": 0.0,
            "f1-score": 0.0,
            "support": 977.0
        },
        "4": {
            "precision": 0.0,
            "recall": 0.0,
            "f1-score": 0.0,
            "support": 456.0
        },
        "5": {
            "precision": 0.5967365967365967,
            "recall": 0.9078014184397163,
            "f1-score": 0.720112517580872,
            "support": 564.0
        },
        "6": {
            "precision": 0.3880597014925373,
            "recall": 0.17537942664418213,
            "f1-score": 0.2415795586527294,
            "support": 593.0
        },
        "7": {
            "precision": 0.9117647058823529,
            "recall": 0.8700147710487445,
            "f1-score": 0.890400604686319,
            "support": 677.0
        },
        "8": {
            "precision": 0.6730769230769231,
            "recall": 0.171990171990172,
            "f1-score": 0.273972602739726,
            "support": 407.0
        },
        "9": {
            "precision": 0.6811594202898551,
            "recall": 0.9548532731376975,
            "f1-score": 0.7951127819548872,
            "support": 443.0
        },
        "10": {
            "precision": 0.7730061349693251,
            "recall": 0.7311411992263056,
            "f1-score": 0.7514910536779325,
            "support": 517.0
        },
        "11": {
            "precision": 0.9017341040462428,
            "recall": 0.9852631578947368,
            "f1-score": 0.9416498993963782,
            "support": 475.0
        },
        "12": {
            "precision": 0.8855721393034826,
            "recall": 0.9104859335038363,
            "f1-score": 0.8978562421185372,
            "support": 391.0
        },
        "13": {
            "precision": 0.8158379373848987,
            "recall": 0.9844444444444445,
            "f1-score": 0.892245720040282,
            "support": 450.0
        },
        "14": {
            "precision": 0.7300944669365722,
            "recall": 0.9944852941176471,
            "f1-score": 0.842023346303502,
            "support": 544.0
        },
        "15": {
            "precision": 0.8255813953488372,
            "recall": 0.7768052516411379,
            "f1-score": 0.8004509582863585,
            "support": 457.0
        },
        "16": {
            "precision": 0.94,
            "recall": 0.15136876006441224,
            "f1-score": 0.260748959778086,
            "support": 621.0
        },
        "17": {
            "precision": 0.5935828877005348,
            "recall": 0.185,
            "f1-score": 0.2820838627700127,
            "support": 600.0
        },
        "18": {
            "precision": 0.7857142857142857,
            "recall": 0.021235521235521235,
            "f1-score": 0.041353383458646614,
            "support": 518.0
        },
        "19": {
            "precision": 0.9429657794676806,
            "recall": 0.9168207024029574,
            "f1-score": 0.92970946579194,
            "support": 541.0
        },
        "20": {
            "precision": 0.08108108108108109,
            "recall": 0.005319148936170213,
            "f1-score": 0.009983361064891847,
            "support": 564.0
        },
        "21": {
            "precision": 1.0,
            "recall": 0.020460358056265986,
            "f1-score": 0.040100250626566414,
            "support": 391.0
        },
        "22": {
            "precision": 0.9827586206896551,
            "recall": 0.16964285714285715,
            "f1-score": 0.2893401015228426,
            "support": 672.0
        },
        "23": {
            "precision": 0.9375,
            "recall": 0.6390977443609023,
            "f1-score": 0.7600596125186289,
            "support": 399.0
        },
        "24": {
            "precision": 0.6174734356552538,
            "recall": 0.9578754578754579,
            "f1-score": 0.750897343862168,
            "support": 546.0
        },
        "25": {
            "precision": 0.8589420654911839,
            "recall": 0.9742857142857143,
            "f1-score": 0.9129852744310576,
            "support": 350.0
        },
        "26": {
            "precision": 0.9776785714285714,
            "recall": 0.9521739130434783,
            "f1-score": 0.9647577092511013,
            "support": 460.0
        },
        "27": {
            "precision": 0.14285714285714285,
            "recall": 0.003973509933774834,
            "f1-score": 0.007731958762886598,
            "support": 755.0
        },
        "28": {
            "precision": 0.922920892494929,
            "recall": 0.6701030927835051,
            "f1-score": 0.7764505119453925,
            "support": 679.0
        },
        "29": {
            "precision": 0.0,
            "recall": 0.0,
            "f1-score": 0.0,
            "support": 542.0
        },
        "30": {
            "precision": 0.49876948318293685,
            "recall": 0.9589905362776026,
            "f1-score": 0.6562331354560172,
            "support": 634.0
        },
        "31": {
            "precision": 0.10526315789473684,
            "recall": 0.007339449541284404,
            "f1-score": 0.0137221269296741,
            "support": 545.0
        },
        "32": {
            "precision": 0.77735368956743,
            "recall": 0.9744816586921851,
            "f1-score": 0.86482661004954,
            "support": 627.0
        },
        "33": {
            "precision": 0.03655913978494624,
            "recall": 0.03632478632478633,
            "f1-score": 0.03644158628081458,
            "support": 468.0
        },
        "34": {
            "precision": 0.8817891373801917,
            "recall": 0.7168831168831169,
            "f1-score": 0.7908309455587392,
            "support": 385.0
        },
        "35": {
            "precision": 0.9426751592356688,
            "recall": 0.774869109947644,
            "f1-score": 0.8505747126436781,
            "support": 382.0
        },
        "36": {
            "precision": 0.9759615384615384,
            "recall": 0.918552036199095,
            "f1-score": 0.9463869463869464,
            "support": 442.0
        },
        "37": {
            "precision": 0.9197080291970803,
            "recall": 0.2971698113207547,
            "f1-score": 0.44919786096256686,
            "support": 424.0
        },
        "38": {
            "precision": 0.7769784172661871,
            "recall": 0.6792452830188679,
            "f1-score": 0.7248322147651006,
            "support": 318.0
        },
        "39": {
            "precision": 0.10886806056236481,
            "recall": 0.34553775743707094,
            "f1-score": 0.16557017543859648,
            "support": 437.0
        },
        "40": {
            "precision": 0.23922518159806294,
            "recall": 0.9356060606060606,
            "f1-score": 0.3810258387967605,
            "support": 528.0
        },
        "41": {
            "precision": 0.1,
            "recall": 0.044182621502209134,
            "f1-score": 0.06128702757916241,
            "support": 679.0
        },
        "42": {
            "precision": 0.7017114914425427,
            "recall": 0.82,
            "f1-score": 0.7562582345191041,
            "support": 350.0
        },