{
    "acc1": 0.5048562548562548,
    "acc5": [
        0.7957653457653457
    ],
    "mean_per_class_recall": 0.5209387165908564,
    "classification_report": {
        "0": {
            "precision": 0.4,
            "recall": 0.005128205128205128,
            "f1-score": 0.010126582278481013,
            "support": 390.0
        },
        "1": {
            "precision": 0.4205539358600583,
            "recall": 0.9397394136807817,
            "f1-score": 0.581067472306143,
            "support": 614.0
        },
        "2": {
            "precision": 0.8841911764705882,
            "recall": 0.843859649122807,
            "f1-score": 0.8635547576301615,
            "support": 570.0
        },
        "3": {
            "precision": 0.11666666666666667,
            "recall": 0.007164790174002047,
            "f1-score": 0.013500482160077145,
            "support": 977.0
        },
        "4": {
            "precision": 0.0,
            "recall": 0.0,
            "f1-score": 0.0,
            "support": 456.0
        },
        "5": {
            "precision": 0.7342192691029901,
            "recall": 0.7836879432624113,
            "f1-score": 0.758147512864494,
            "support": 564.0
        },
        "6": {
            "precision": 0.1346704871060172,
            "recall": 0.07925801011804384,
            "f1-score": 0.09978768577494693,
            "support": 593.0
        },
        "7": {
            "precision": 0.8484419263456091,
            "recall": 0.8847858197932054,
            "f1-score": 0.866232827187274,
            "support": 677.0
        },
        "8": {
            "precision": 0.4945054945054945,
            "recall": 0.11056511056511056,
            "f1-score": 0.18072289156626506,
            "support": 407.0
        },
        "9": {
            "precision": 0.8235294117647058,
            "recall": 0.5056433408577878,
            "f1-score": 0.6265734265734266,
            "support": 443.0
        },
        "10": {
            "precision": 0.7398373983739838,
            "recall": 0.528046421663443,
            "f1-score": 0.6162528216704289,
            "support": 517.0
        },
        "11": {
            "precision": 0.7393364928909952,
            "recall": 0.9852631578947368,
            "f1-score": 0.8447653429602888,
            "support": 475.0
        },
        "12": {
            "precision": 0.7027027027027027,
            "recall": 0.8644501278772379,
            "f1-score": 0.7752293577981652,
            "support": 391.0
        },
        "13": {
            "precision": 0.7735191637630662,
            "recall": 0.9866666666666667,
            "f1-score": 0.8671875,
            "support": 450.0
        },
        "14": {
            "precision": 0.7316076294277929,
            "recall": 0.9871323529411765,
            "f1-score": 0.8403755868544601,
            "support": 544.0
        },
        "15": {
            "precision": 0.6220472440944882,
            "recall": 0.6914660831509847,
            "f1-score": 0.6549222797927461,
            "support": 457.0
        },
        "16": {
            "precision": 0.4444444444444444,
            "recall": 0.00644122383252818,
            "f1-score": 0.012698412698412698,
            "support": 621.0
        },
        "17": {
            "precision": 0.5087719298245614,
            "recall": 0.04833333333333333,
            "f1-score": 0.0882800608828006,
            "support": 600.0
        },
        "18": {
            "precision": 0.8571428571428571,
            "recall": 0.18532818532818532,
            "f1-score": 0.3047619047619048,
            "support": 518.0
        },
        "19": {
            "precision": 0.9686274509803922,
            "recall": 0.9131238447319778,
            "f1-score": 0.9400570884871551,
            "support": 541.0
        },
        "20": {
            "precision": 0.0390625,
            "recall": 0.008865248226950355,
            "f1-score": 0.014450867052023121,
            "support": 564.0
        },
        "21": {
            "precision": 0.28,
            "recall": 0.03580562659846547,
            "f1-score": 0.06349206349206349,
            "support": 391.0
        },
        "22": {
            "precision": 0.8893617021276595,
            "recall": 0.31101190476190477,
            "f1-score": 0.46085997794928335,
            "support": 672.0
        },
        "23": {
            "precision": 0.8328981723237598,
            "recall": 0.7994987468671679,
            "f1-score": 0.8158567774936062,
            "support": 399.0
        },
        "24": {
            "precision": 0.4853747714808044,
            "recall": 0.9725274725274725,
            "f1-score": 0.6475609756097561,
            "support": 546.0
        },
        "25": {
            "precision": 0.9362880886426593,
            "recall": 0.9657142857142857,
            "f1-score": 0.9507735583684951,
            "support": 350.0
        },
        "26": {
            "precision": 0.9817767653758542,
            "recall": 0.9369565217391305,
            "f1-score": 0.9588431590656284,
            "support": 460.0
        },
        "27": {
            "precision": 0.1111111111111111,
            "recall": 0.0013245033112582781,
            "f1-score": 0.002617801047120419,
            "support": 755.0
        },
        "28": {
            "precision": 0.9007633587786259,
            "recall": 0.5213549337260678,
            "f1-score": 0.6604477611940298,
            "support": 679.0
        },
        "29": {
            "precision": 0.02956989247311828,
            "recall": 0.02029520295202952,
            "f1-score": 0.024070021881838075,
            "support": 542.0
        },
        "30": {
            "precision": 0.5365141187925998,
            "recall": 0.8690851735015773,
            "f1-score": 0.6634557495484648,
            "support": 634.0
        },
        "31": {
            "precision": 0.15,
            "recall": 0.03853211009174312,
            "f1-score": 0.061313868613138686,
            "support": 545.0
        },
        "32": {
            "precision": 0.8018995929443691,
            "recall": 0.9425837320574163,
            "f1-score": 0.8665689149560117,
            "support": 627.0
        },
        "33": {
            "precision": 0.031914893617021274,
            "recall": 0.1794871794871795,
            "f1-score": 0.05419354838709677,
            "support": 468.0
        },
        "34": {
            "precision": 0.930379746835443,
            "recall": 0.38181818181818183,
            "f1-score": 0.5414364640883977,
            "support": 385.0
        },
        "35": {
            "precision": 0.9622641509433962,
            "recall": 0.6675392670157068,
            "f1-score": 0.7882534775888718,
            "support": 382.0
        },
        "36": {
            "precision": 0.9876543209876543,
            "recall": 0.9049773755656109,
            "f1-score": 0.9445100354191264,
            "support": 442.0
        },
        "37": {
            "precision": 0.7560975609756098,
            "recall": 0.07311320754716981,
            "f1-score": 0.13333333333333333,
            "support": 424.0
        },
        "38": {
            "precision": 0.662125340599455,
            "recall": 0.7641509433962265,
            "f1-score": 0.7094890510948905,
            "support": 318.0
        },
        "39": {
            "precision": 0.0,
            "recall": 0.0,
            "f1-score": 0.0,
            "support": 437.0
        },
        "40": {
            "precision": 0.3372177713037145,
            "recall": 0.8768939393939394,
            "f1-score": 0.48711204629142557,
            "support": 528.0
        },
        "41": {
            "precision": 0.10686427457098284,
            "recall": 0.20176730486008837,
            "f1-score": 0.13972463029066803,
            "support": 679.0
        },
        "42": {
            "precision": 0.6684210526315789,
            "recall": 0.7257142857142858,