{
    "acc1": 0.5533553355335533,
    "acc5": [
        0.8154748808214155
    ],
    "mean_per_class_recall": 0.5693780509433308,
    "classification_report": {
        "0": {
            "precision": 0.9834710743801653,
            "recall": 0.9612277867528272,
            "f1-score": 0.9722222222222222,
            "support": 619.0
        },
        "1": {
            "precision": 0.8695652173913043,
            "recall": 0.9523809523809523,
            "f1-score": 0.9090909090909091,
            "support": 441.0
        },
        "2": {
            "precision": 0.0,
            "recall": 0.0,
            "f1-score": 0.0,
            "support": 727.0
        },
        "3": {
            "precision": 0.418200408997955,
            "recall": 0.8910675381263616,
            "f1-score": 0.5692414752957551,
            "support": 459.0
        },
        "4": {
            "precision": 0.5306122448979592,
            "recall": 0.8863636363636364,
            "f1-score": 0.6638297872340425,
            "support": 440.0
        },
        "5": {
            "precision": 0.905295315682281,
            "recall": 0.966304347826087,
            "f1-score": 0.9348054679284963,
            "support": 920.0
        },
        "6": {
            "precision": 0.6216216216216216,
            "recall": 0.08440366972477065,
            "f1-score": 0.14862681744749595,
            "support": 545.0
        },
        "7": {
            "precision": 0.8194444444444444,
            "recall": 0.6570155902004454,
            "f1-score": 0.7292954264524104,
            "support": 449.0
        },
        "8": {
            "precision": 0.5609418282548476,
            "recall": 0.9782608695652174,
            "f1-score": 0.7130281690140845,
            "support": 414.0
        },
        "9": {
            "precision": 0.0,
            "recall": 0.0,
            "f1-score": 0.0,
            "support": 336.0
        },
        "10": {
            "precision": 0.09580838323353294,
            "recall": 0.07643312101910828,
            "f1-score": 0.08503100088573959,
            "support": 628.0
        },
        "11": {
            "precision": 0.3006602336211275,
            "recall": 0.74,
            "f1-score": 0.4275911881545684,
            "support": 800.0
        },
        "12": {
            "precision": 0.8849840255591054,
            "recall": 0.9753521126760564,
            "f1-score": 0.9279731993299832,
            "support": 568.0
        },
        "13": {
            "precision": 0.7544303797468355,
            "recall": 0.7146282973621103,
            "f1-score": 0.7339901477832512,
            "support": 417.0
        },
        "14": {
            "precision": 0.28175895765472314,
            "recall": 0.8693467336683417,
            "f1-score": 0.42558425584255843,
            "support": 597.0
        },
        "15": {
            "precision": 0.5689655172413793,
            "recall": 0.08483290488431877,
            "f1-score": 0.1476510067114094,
            "support": 389.0
        },
        "16": {
            "precision": 0.616519174041298,
            "recall": 0.8636363636363636,
            "f1-score": 0.7194492254733219,
            "support": 484.0
        },
        "17": {
            "precision": 0.6323809523809524,
            "recall": 0.8469387755102041,
            "f1-score": 0.7241003271537623,
            "support": 392.0
        },
        "18": {
            "precision": 0.034482758620689655,
            "recall": 0.002564102564102564,
            "f1-score": 0.00477326968973747,
            "support": 390.0
        },
        "19": {
            "precision": 0.758130081300813,
            "recall": 0.9209876543209876,
            "f1-score": 0.8316610925306578,
            "support": 405.0
        },
        "20": {
            "precision": 0.13793103448275862,
            "recall": 0.07608695652173914,
            "f1-score": 0.09807355516637478,
            "support": 368.0
        },
        "21": {
            "precision": 0.9443099273607748,
            "recall": 0.8823529411764706,
            "f1-score": 0.9122807017543859,
            "support": 442.0
        },
        "22": {
            "precision": 0.8738317757009346,
            "recall": 0.990728476821192,
            "f1-score": 0.9286157666045934,
            "support": 755.0
        },
        "23": {
            "precision": 0.8805460750853242,
            "recall": 0.6683937823834197,
            "f1-score": 0.759941089837997,
            "support": 386.0
        },
        "24": {
            "precision": 0.888095238095238,
            "recall": 0.9119804400977995,
            "f1-score": 0.8998793727382388,
            "support": 409.0
        },
        "25": {
            "precision": 0.2926829268292683,
            "recall": 0.14906832298136646,
            "f1-score": 0.19753086419753085,
            "support": 483.0
        },
        "26": {
            "precision": 0.9533678756476683,
            "recall": 0.2697947214076246,
            "f1-score": 0.4205714285714286,
            "support": 682.0
        },
        "27": {
            "precision": 0.7730307076101469,
            "recall": 0.9507389162561576,
            "f1-score": 0.8527245949926362,
            "support": 609.0
        },
        "28": {
            "precision": 0.545045045045045,
            "recall": 0.9052369077306733,
            "f1-score": 0.6804123711340206,
            "support": 401.0
        },
        "29": {
            "precision": 0.980836236933798,
            "recall": 0.905144694533762,
            "f1-score": 0.9414715719063546,
            "support": 622.0
        },
        "30": {
            "precision": 0.9315315315315316,
            "recall": 0.8103448275862069,
            "f1-score": 0.8667225481978206,
            "support": 638.0
        },
        "31": {
            "precision": 0.2903225806451613,
            "recall": 0.015985790408525755,
            "f1-score": 0.030303030303030304,
            "support": 563.0
        },
        "32": {
            "precision": 0.7613636363636364,
            "recall": 0.5982142857142857,
            "f1-score": 0.67,
            "support": 448.0
        },
        "33": {
            "precision": 0.08451443569553806,
            "recall": 0.23,
            "f1-score": 0.1236084452975048,
            "support": 700.0
        },
        "34": {
            "precision": 0.6790697674418604,
            "recall": 0.7807486631016043,
            "f1-score": 0.7263681592039801,
            "support": 374.0
        },
        "35": {
            "precision": 0.38461538461538464,
            "recall": 0.01201923076923077,
            "f1-score": 0.023310023310023312,
            "support": 416.0
        },
        "36": {
            "precision": 0.927710843373494,
            "recall": 0.4547244094488189,
            "f1-score": 0.6103038309114928,
            "support": 508.0
        },
        "37": {
            "precision": 0.625832223701731,
            "recall": 0.752,
            "f1-score": 0.6831395348837209,
            "support": 625.0
        },
        "38": {
            "precision": 0.9317803660565723,
            "recall": 0.9911504424778761,
            "f1-score": 0.9605488850771869,
            "support": 565.0
        },
        "39": {
            "precision": 0.0,
            "recall": 0.0,
            "f1-score": 0.0,
            "support": 696.0
        },
        "40": {
            "precision": 0.08333333333333333,
            "recall": 0.0051813471502590676,
            "f1-score": 0.00975609756097561,
            "support": 386.0
        },
        "41": {
            "precision": 0.0,
            "recall": 0.0,
            "f1-score": 0.0,
            "support": 594.0
        },
        "42": {
            "precision": 0.29885877318116977,
            "recall": 0.9676674364896074,
            "f1-score": 0.4566757493188011,
            "support": 433.0
        },