{
    "acc1": 0.5188270196257416,
    "acc5": [
        0.6868629240833714
    ],
    "mean_per_class_recall": 0.5027763619474069,
    "classification_report": {
        "0": {
            "precision": 0.6218905472636815,
            "recall": 0.9727626459143969,
            "f1-score": 0.7587253414264037,
            "support": 514.0
        },
        "1": {
            "precision": 0.0,
            "recall": 0.0,
            "f1-score": 0.0,
            "support": 494.0
        },
        "2": {
            "precision": 0.9388646288209607,
            "recall": 0.8902691511387164,
            "f1-score": 0.9139213602550478,
            "support": 483.0
        },
        "3": {
            "precision": 0.2366412213740458,
            "recall": 0.047619047619047616,
            "f1-score": 0.0792838874680307,
            "support": 651.0
        },
        "4": {
            "precision": 0.6252983293556086,
            "recall": 0.3875739644970414,
            "f1-score": 0.4785388127853881,
            "support": 676.0
        },
        "5": {
            "precision": 0.04,
            "recall": 0.0027472527472527475,
            "f1-score": 0.005141388174807198,
            "support": 364.0
        },
        "6": {
            "precision": 0.3071925754060325,
            "recall": 0.9232914923291492,
            "f1-score": 0.4610027855153203,
            "support": 717.0
        },
        "7": {
            "precision": 0.0,
            "recall": 0.0,
            "f1-score": 0.0,
            "support": 429.0
        },
        "8": {
            "precision": 0.0,
            "recall": 0.0,
            "f1-score": 0.0,
            "support": 619.0
        },
        "9": {
            "precision": 0.9098939929328622,
            "recall": 0.9942084942084942,
            "f1-score": 0.9501845018450185,
            "support": 518.0
        },
        "10": {
            "precision": 0.9864864864864865,
            "recall": 0.3295711060948081,
            "f1-score": 0.494077834179357,
            "support": 443.0
        },
        "11": {
            "precision": 0.0,
            "recall": 0.0,
            "f1-score": 0.0,
            "support": 464.0
        },
        "12": {
            "precision": 0.8117913832199547,
            "recall": 0.9396325459317585,
            "f1-score": 0.8710462287104623,
            "support": 381.0
        },
        "13": {
            "precision": 0.3333333333333333,
            "recall": 0.0022222222222222222,
            "f1-score": 0.004415011037527594,
            "support": 450.0
        },
        "14": {
            "precision": 0.953103448275862,
            "recall": 0.9885550786838341,
            "f1-score": 0.9705056179775281,
            "support": 699.0
        },
        "15": {
            "precision": 0.0,
            "recall": 0.0,
            "f1-score": 0.0,
            "support": 541.0
        },
        "16": {
            "precision": 0.79421768707483,
            "recall": 0.9609053497942387,
            "f1-score": 0.8696461824953445,
            "support": 486.0
        },
        "17": {
            "precision": 0.0,
            "recall": 0.0,
            "f1-score": 0.0,
            "support": 490.0
        },
        "18": {
            "precision": 0.0,
            "recall": 0.0,
            "f1-score": 0.0,
            "support": 340.0
        },
        "19": {
            "precision": 0.5033039647577092,
            "recall": 0.9891774891774892,
            "f1-score": 0.6671532846715329,
            "support": 462.0
        },
        "20": {
            "precision": 0.5953757225433526,
            "recall": 0.9427917620137299,
            "f1-score": 0.7298494242692648,
            "support": 437.0
        },
        "21": {
            "precision": 1.0,
            "recall": 0.09610389610389611,
            "f1-score": 0.17535545023696683,
            "support": 385.0
        },
        "22": {
            "precision": 0.9774436090225563,
            "recall": 0.3857566765578635,
            "f1-score": 0.5531914893617021,
            "support": 337.0
        },
        "23": {
            "precision": 0.8839590443686007,
            "recall": 0.7640117994100295,
            "f1-score": 0.819620253164557,
            "support": 339.0
        },
        "24": {
            "precision": 0.6874304783092324,
            "recall": 0.6791208791208792,
            "f1-score": 0.6832504145936982,
            "support": 910.0
        },
        "25": {
            "precision": 0.27360594795539034,
            "recall": 0.7131782945736435,
            "f1-score": 0.3954862976894143,
            "support": 516.0
        },
        "26": {
            "precision": 0.9666666666666667,
            "recall": 0.26851851851851855,
            "f1-score": 0.42028985507246375,
            "support": 432.0
        },
        "27": {
            "precision": 0.8533724340175953,
            "recall": 0.7275,
            "f1-score": 0.7854251012145749,
            "support": 400.0
        },
        "28": {
            "precision": 0.19539551357733176,
            "recall": 0.9093406593406593,
            "f1-score": 0.3216715257531584,
            "support": 364.0
        },
        "29": {
            "precision": 0.9129032258064517,
            "recall": 0.729381443298969,
            "f1-score": 0.8108882521489972,
            "support": 388.0
        },
        "30": {
            "precision": 0.4117647058823529,
            "recall": 0.012567324955116697,
            "f1-score": 0.024390243902439025,
            "support": 557.0
        },
        "31": {
            "precision": 0.9568034557235421,
            "recall": 0.847036328871893,
            "f1-score": 0.8985801217038539,
            "support": 523.0
        },
        "32": {
            "precision": 0.14460656591974988,
            "recall": 0.8512269938650306,
            "f1-score": 0.24721603563474387,
            "support": 652.0
        },
        "33": {
            "precision": 0.38,
            "recall": 0.05397727272727273,
            "f1-score": 0.0945273631840796,
            "support": 352.0
        },
        "34": {
            "precision": 0.6014492753623188,
            "recall": 0.8870229007633588,
            "f1-score": 0.716841455891425,
            "support": 655.0
        },
        "35": {
            "precision": 0.42193308550185876,
            "recall": 0.47390396659707723,
            "f1-score": 0.4464110127826942,
            "support": 479.0
        },
        "36": {
            "precision": 0.6080557707203718,
            "recall": 0.9549878345498783,
            "f1-score": 0.7430194036914339,
            "support": 822.0
        },
        "37": {
            "precision": 0.9762237762237762,
            "recall": 0.94579945799458,
            "f1-score": 0.9607708189951824,
            "support": 738.0
        },
        "38": {
            "precision": 0.4,
            "recall": 0.002777777777777778,
            "f1-score": 0.005517241379310344,
            "support": 720.0
        },
        "39": {
            "precision": 0.06896551724137931,
            "recall": 0.0027739251040221915,
            "f1-score": 0.005333333333333333,
            "support": 721.0
        },
        "40": {
            "precision": 0.3199310740953475,
            "recall": 0.9703832752613241,
            "f1-score": 0.4812095032397408,
            "support": 574.0
        },
        "41": {
            "precision": 0.9647058823529412,
            "recall": 0.5256410256410257,
            "f1-score": 0.6804979253112033,
            "support": 780.0
        },
        "42": {
            "precision": 0.25,
            "recall": 0.0044943820224719105,
            "f1-score": 0.008830022075055188,
            "support": 445.0
        },
        "43": {
            "precision": 0.0,
            "recall": 0.0,
            "f1-score": 0.0,
            "support": 468.0
        },