{
    "acc1": 0.5923601341846121,
    "acc5": [
        0.7956570356743499
    ],
    "mean_per_class_recall": 0.5936233886579595,
    "classification_report": {
        "0": {
            "precision": 0.0,
            "recall": 0.0,
            "f1-score": 0.0,
            "support": 441.0
        },
        "1": {
            "precision": 0.8897849462365591,
            "recall": 0.8779840848806366,
            "f1-score": 0.8838451268357811,
            "support": 377.0
        },
        "2": {
            "precision": 0.8247787610619469,
            "recall": 0.9433198380566802,
            "f1-score": 0.8800755429650614,
            "support": 494.0
        },
        "3": {
            "precision": 0.7811550151975684,
            "recall": 0.7525622254758418,
            "f1-score": 0.7665920954511558,
            "support": 683.0
        },
        "4": {
            "precision": 0.9565217391304348,
            "recall": 0.8990384615384616,
            "f1-score": 0.9268897149938042,
            "support": 416.0
        },
        "5": {
            "precision": 0.8596938775510204,
            "recall": 0.9782293178519593,
            "f1-score": 0.9151391717583164,
            "support": 689.0
        },
        "6": {
            "precision": 0.5068493150684932,
            "recall": 0.10249307479224377,
            "f1-score": 0.17050691244239632,
            "support": 361.0
        },
        "7": {
            "precision": 0.5600505689001264,
            "recall": 0.9932735426008968,
            "f1-score": 0.7162489894907034,
            "support": 446.0
        },
        "8": {
            "precision": 0.0,
            "recall": 0.0,
            "f1-score": 0.0,
            "support": 363.0
        },
        "9": {
            "precision": 0.8134110787172012,
            "recall": 0.9620689655172414,
            "f1-score": 0.8815165876777251,
            "support": 580.0
        },
        "10": {
            "precision": 0.14285714285714285,
            "recall": 0.0016155088852988692,
            "f1-score": 0.003194888178913738,
            "support": 619.0
        },
        "11": {
            "precision": 0.9867549668874173,
            "recall": 0.8514285714285714,
            "f1-score": 0.9141104294478528,
            "support": 525.0
        },
        "12": {
            "precision": 0.9630484988452656,
            "recall": 0.7988505747126436,
            "f1-score": 0.8732984293193717,
            "support": 522.0
        },
        "13": {
            "precision": 0.615625,
            "recall": 0.7740667976424361,
            "f1-score": 0.6858137510879025,
            "support": 509.0
        },
        "14": {
            "precision": 0.8813291139240507,
            "recall": 0.6409666283084005,
            "f1-score": 0.7421718854097269,
            "support": 869.0
        },
        "15": {
            "precision": 0.40625,
            "recall": 0.02127659574468085,
            "f1-score": 0.04043545878693624,
            "support": 611.0
        },
        "16": {
            "precision": 0.37037037037037035,
            "recall": 0.957613814756672,
            "f1-score": 0.5341506129597198,
            "support": 637.0
        },
        "17": {
            "precision": 0.0,
            "recall": 0.0,
            "f1-score": 0.0,
            "support": 707.0
        },
        "18": {
            "precision": 0.0,
            "recall": 0.0,
            "f1-score": 0.0,
            "support": 593.0
        },
        "19": {
            "precision": 0.8552631578947368,
            "recall": 0.9530791788856305,
            "f1-score": 0.9015256588072122,
            "support": 341.0
        },
        "20": {
            "precision": 0.0,
            "recall": 0.0,
            "f1-score": 0.0,
            "support": 554.0
        },
        "21": {
            "precision": 0.8299845440494591,
            "recall": 0.8846787479406919,
            "f1-score": 0.8564593301435407,
            "support": 607.0
        },
        "22": {
            "precision": 0.9591836734693877,
            "recall": 0.8303886925795053,
            "f1-score": 0.8901515151515151,
            "support": 566.0
        },
        "23": {
            "precision": 0.8863328822733424,
            "recall": 0.8698539176626826,
            "f1-score": 0.8780160857908847,
            "support": 753.0
        },
        "24": {
            "precision": 0.3605220228384992,
            "recall": 0.9404255319148936,
            "f1-score": 0.5212264150943396,
            "support": 705.0
        },
        "25": {
            "precision": 0.19939804364183597,
            "recall": 0.8217054263565892,
            "f1-score": 0.3209203754162882,
            "support": 645.0
        },
        "26": {
            "precision": 0.8801089918256131,
            "recall": 0.9022346368715084,
            "f1-score": 0.8910344827586207,
            "support": 716.0
        },
        "27": {
            "precision": 0.626,
            "recall": 0.845945945945946,
            "f1-score": 0.7195402298850575,
            "support": 370.0
        },
        "28": {
            "precision": 0.0,
            "recall": 0.0,
            "f1-score": 0.0,
            "support": 912.0
        },
        "29": {
            "precision": 0.30326295585412666,
            "recall": 0.32577319587628867,
            "f1-score": 0.31411530815109345,
            "support": 485.0
        },
        "30": {
            "precision": 0.9163568773234201,
            "recall": 0.8370118845500849,
            "f1-score": 0.8748890860692103,
            "support": 589.0
        },
        "31": {
            "precision": 0.0,
            "recall": 0.0,
            "f1-score": 0.0,
            "support": 388.0
        },
        "32": {
            "precision": 0.8255451713395638,
            "recall": 0.6479217603911981,
            "f1-score": 0.726027397260274,
            "support": 409.0
        },
        "33": {
            "precision": 0.6017857142857143,
            "recall": 0.6646942800788954,
            "f1-score": 0.6316776007497656,
            "support": 507.0
        },
        "34": {
            "precision": 0.9714285714285714,
            "recall": 0.9611307420494699,
            "f1-score": 0.9662522202486679,
            "support": 566.0
        },
        "35": {
            "precision": 0.35054347826086957,
            "recall": 0.24665391969407266,
            "f1-score": 0.2895622895622896,
            "support": 523.0
        },
        "36": {
            "precision": 0.8124174372523117,
            "recall": 0.9777424483306836,
            "f1-score": 0.8874458874458875,
            "support": 629.0
        },
        "37": {
            "precision": 0.0,
            "recall": 0.0,
            "f1-score": 0.0,
            "support": 491.0
        },
        "38": {
            "precision": 0.47257383966244726,
            "recall": 0.8484848484848485,
            "f1-score": 0.6070460704607046,
            "support": 528.0
        },
        "39": {
            "precision": 0.7300319488817891,
            "recall": 0.865530303030303,
            "f1-score": 0.7920277296360485,
            "support": 528.0
        },
        "40": {
            "precision": 0.9462915601023018,
            "recall": 0.9414758269720102,
            "f1-score": 0.9438775510204082,
            "support": 393.0
        },
        "41": {
            "precision": 0.0,
            "recall": 0.0,
            "f1-score": 0.0,
            "support": 736.0
        },
        "42": {
            "precision": 0.9784735812133072,
            "recall": 0.7342143906020558,
            "f1-score": 0.8389261744966443,
            "support": 681.0
        },
        "43": {
            "precision": 0.1719214753123141,
            "recall": 0.9307568438003221,
            "f1-score": 0.29023349234245543,
            "support": 621.0
        },