{
    "acc1": 0.5645687645687646,
    "acc5": [
        0.8096348096348096
    ],
    "mean_per_class_recall": 0.5888445604297537,
    "classification_report": {
        "0": {
            "precision": 0.7068965517241379,
            "recall": 0.10512820512820513,
            "f1-score": 0.18303571428571427,
            "support": 390.0
        },
        "1": {
            "precision": 0.518095238095238,
            "recall": 0.8859934853420195,
            "f1-score": 0.6538461538461539,
            "support": 614.0
        },
        "2": {
            "precision": 0.9328621908127208,
            "recall": 0.9263157894736842,
            "f1-score": 0.9295774647887324,
            "support": 570.0
        },
        "3": {
            "precision": 0.0,
            "recall": 0.0,
            "f1-score": 0.0,
            "support": 977.0
        },
        "4": {
            "precision": 0.0,
            "recall": 0.0,
            "f1-score": 0.0,
            "support": 456.0
        },
        "5": {
            "precision": 0.6178266178266179,
            "recall": 0.8971631205673759,
            "f1-score": 0.7317425885755604,
            "support": 564.0
        },
        "6": {
            "precision": 0.3152542372881356,
            "recall": 0.15682967959527824,
            "f1-score": 0.20945945945945946,
            "support": 593.0
        },
        "7": {
            "precision": 0.9037593984962407,
            "recall": 0.8877400295420975,
            "f1-score": 0.8956780923994039,
            "support": 677.0
        },
        "8": {
            "precision": 0.44776119402985076,
            "recall": 0.29484029484029484,
            "f1-score": 0.35555555555555557,
            "support": 407.0
        },
        "9": {
            "precision": 0.7347294938917975,
            "recall": 0.9503386004514672,
            "f1-score": 0.8287401574803149,
            "support": 443.0
        },
        "10": {
            "precision": 0.8376288659793815,
            "recall": 0.6286266924564797,
            "f1-score": 0.7182320441988951,
            "support": 517.0
        },
        "11": {
            "precision": 0.9508196721311475,
            "recall": 0.9768421052631578,
            "f1-score": 0.9636552440290758,
            "support": 475.0
        },
        "12": {
            "precision": 0.9449838187702265,
            "recall": 0.7468030690537084,
            "f1-score": 0.8342857142857143,
            "support": 391.0
        },
        "13": {
            "precision": 0.8527131782945736,
            "recall": 0.9777777777777777,
            "f1-score": 0.9109730848861284,
            "support": 450.0
        },
        "14": {
            "precision": 0.7049608355091384,
            "recall": 0.9926470588235294,
            "f1-score": 0.8244274809160306,
            "support": 544.0
        },
        "15": {
            "precision": 0.47315436241610737,
            "recall": 0.925601750547046,
            "f1-score": 0.6262028127313102,
            "support": 457.0
        },
        "16": {
            "precision": 0.868421052631579,
            "recall": 0.05314009661835749,
            "f1-score": 0.10015174506828528,
            "support": 621.0
        },
        "17": {
            "precision": 0.5927601809954751,
            "recall": 0.21833333333333332,
            "f1-score": 0.31912302070645554,
            "support": 600.0
        },
        "18": {
            "precision": 0.9024390243902439,
            "recall": 0.07142857142857142,
            "f1-score": 0.13237924865831843,
            "support": 518.0
        },
        "19": {
            "precision": 0.9379699248120301,
            "recall": 0.922365988909427,
            "f1-score": 0.9301025163094129,
            "support": 541.0
        },
        "20": {
            "precision": 0.03225806451612903,
            "recall": 0.0017730496453900709,
            "f1-score": 0.0033613445378151263,
            "support": 564.0
        },
        "21": {
            "precision": 1.0,
            "recall": 0.01278772378516624,
            "f1-score": 0.025252525252525252,
            "support": 391.0
        },
        "22": {
            "precision": 0.9483568075117371,
            "recall": 0.3005952380952381,
            "f1-score": 0.45649717514124294,
            "support": 672.0
        },
        "23": {
            "precision": 0.9261744966442953,
            "recall": 0.6917293233082706,
            "f1-score": 0.7919655667144907,
            "support": 399.0
        },
        "24": {
            "precision": 0.7682926829268293,
            "recall": 0.9230769230769231,
            "f1-score": 0.8386023294509152,
            "support": 546.0
        },
        "25": {
            "precision": 0.855,
            "recall": 0.9771428571428571,
            "f1-score": 0.912,
            "support": 350.0
        },
        "26": {
            "precision": 0.9733333333333334,
            "recall": 0.9521739130434783,
            "f1-score": 0.9626373626373627,
            "support": 460.0
        },
        "27": {
            "precision": 0.17647058823529413,
            "recall": 0.003973509933774834,
            "f1-score": 0.007772020725388601,
            "support": 755.0
        },
        "28": {
            "precision": 0.9186295503211992,
            "recall": 0.6318114874815906,
            "f1-score": 0.7486910994764397,
            "support": 679.0
        },
        "29": {
            "precision": 0.006024096385542169,
            "recall": 0.0018450184501845018,
            "f1-score": 0.002824858757062147,
            "support": 542.0
        },
        "30": {
            "precision": 0.5225303292894281,
            "recall": 0.9511041009463722,
            "f1-score": 0.674496644295302,
            "support": 634.0
        },
        "31": {
            "precision": 0.16129032258064516,
            "recall": 0.01834862385321101,
            "f1-score": 0.032948929159802305,
            "support": 545.0
        },
        "32": {
            "precision": 0.6940639269406392,
            "recall": 0.9696969696969697,
            "f1-score": 0.8090485695276114,
            "support": 627.0
        },
        "33": {
            "precision": 0.05128205128205128,
            "recall": 0.008547008547008548,
            "f1-score": 0.014652014652014652,
            "support": 468.0
        },
        "34": {
            "precision": 0.9496124031007752,
            "recall": 0.6363636363636364,
            "f1-score": 0.7620528771384136,
            "support": 385.0
        },
        "35": {
            "precision": 0.9496644295302014,
            "recall": 0.7408376963350786,
            "f1-score": 0.8323529411764706,
            "support": 382.0
        },
        "36": {
            "precision": 0.9704433497536946,
            "recall": 0.8914027149321267,
            "f1-score": 0.9292452830188679,
            "support": 442.0
        },
        "37": {
            "precision": 0.9095238095238095,
            "recall": 0.45047169811320753,
            "f1-score": 0.6025236593059937,
            "support": 424.0
        },
        "38": {
            "precision": 0.7948717948717948,
            "recall": 0.6823899371069182,
            "f1-score": 0.7343485617597293,
            "support": 318.0
        },
        "39": {
            "precision": 0.18869209809264306,
            "recall": 0.6338672768878718,
            "f1-score": 0.2908136482939633,
            "support": 437.0
        },
        "40": {
            "precision": 0.22567382366377342,
            "recall": 0.9356060606060606,
            "f1-score": 0.36363636363636365,
            "support": 528.0
        },
        "41": {
            "precision": 0.1111111111111111,
            "recall": 0.016200294550810016,
            "f1-score": 0.028277634961439587,
            "support": 679.0
        },
        "42": {
            "precision": 0.7749287749287749,