{
    "acc1": 0.4720989791869567,
    "acc5": [
        0.6661977419471197
    ],
    "mean_per_class_recall": 0.48431725922365343,
    "classification_report": {
        "0": {
            "precision": 0.0,
            "recall": 0.0,
            "f1-score": 0.0,
            "support": 441.0
        },
        "1": {
            "precision": 0.9546925566343042,
            "recall": 0.7824933687002652,
            "f1-score": 0.8600583090379009,
            "support": 377.0
        },
        "2": {
            "precision": 0.7703349282296651,
            "recall": 0.3259109311740891,
            "f1-score": 0.45803698435277385,
            "support": 494.0
        },
        "3": {
            "precision": 0.5464876033057852,
            "recall": 0.7745241581259151,
            "f1-score": 0.6408237431859479,
            "support": 683.0
        },
        "4": {
            "precision": 0.9749303621169917,
            "recall": 0.8413461538461539,
            "f1-score": 0.9032258064516129,
            "support": 416.0
        },
        "5": {
            "precision": 0.9802731411229135,
            "recall": 0.9375907111756169,
            "f1-score": 0.9584569732937686,
            "support": 689.0
        },
        "6": {
            "precision": 0.13944817300521997,
            "recall": 0.518005540166205,
            "f1-score": 0.21974148061104584,
            "support": 361.0
        },
        "7": {
            "precision": 0.24544953116381688,
            "recall": 0.9977578475336323,
            "f1-score": 0.3939796370075255,
            "support": 446.0
        },
        "8": {
            "precision": 0.0,
            "recall": 0.0,
            "f1-score": 0.0,
            "support": 363.0
        },
        "9": {
            "precision": 0.14145383104125736,
            "recall": 0.12413793103448276,
            "f1-score": 0.1322314049586777,
            "support": 580.0
        },
        "10": {
            "precision": 0.04040404040404041,
            "recall": 0.025848142164781908,
            "f1-score": 0.03152709359605911,
            "support": 619.0
        },
        "11": {
            "precision": 0.9951923076923077,
            "recall": 0.7885714285714286,
            "f1-score": 0.8799149840595112,
            "support": 525.0
        },
        "12": {
            "precision": 0.8384615384615385,
            "recall": 0.8352490421455939,
            "f1-score": 0.836852207293666,
            "support": 522.0
        },
        "13": {
            "precision": 0.41183035714285715,
            "recall": 0.724950884086444,
            "f1-score": 0.5252669039145907,
            "support": 509.0
        },
        "14": {
            "precision": 0.7210884353741497,
            "recall": 0.3659378596087457,
            "f1-score": 0.4854961832061069,
            "support": 869.0
        },
        "15": {
            "precision": 0.13793103448275862,
            "recall": 0.006546644844517185,
            "f1-score": 0.0125,
            "support": 611.0
        },
        "16": {
            "precision": 0.3587837837837838,
            "recall": 0.8335949764521193,
            "f1-score": 0.5016532829475673,
            "support": 637.0
        },
        "17": {
            "precision": 0.0,
            "recall": 0.0,
            "f1-score": 0.0,
            "support": 707.0
        },
        "18": {
            "precision": 0.0,
            "recall": 0.0,
            "f1-score": 0.0,
            "support": 593.0
        },
        "19": {
            "precision": 0.9085714285714286,
            "recall": 0.9325513196480938,
            "f1-score": 0.9204052098408104,
            "support": 341.0
        },
        "20": {
            "precision": 0.0,
            "recall": 0.0,
            "f1-score": 0.0,
            "support": 554.0
        },
        "21": {
            "precision": 0.7598736176935229,
            "recall": 0.7924217462932455,
            "f1-score": 0.7758064516129032,
            "support": 607.0
        },
        "22": {
            "precision": 0.9186991869918699,
            "recall": 0.7985865724381626,
            "f1-score": 0.8544423440453687,
            "support": 566.0
        },
        "23": {
            "precision": 0.7611548556430446,
            "recall": 0.7702523240371846,
            "f1-score": 0.7656765676567657,
            "support": 753.0
        },
        "24": {
            "precision": 0.29316143497757846,
            "recall": 0.7418439716312056,
            "f1-score": 0.420249096022499,
            "support": 705.0
        },
        "25": {
            "precision": 0.20626934984520123,
            "recall": 0.8263565891472868,
            "f1-score": 0.3301331681635181,
            "support": 645.0
        },
        "26": {
            "precision": 1.0,
            "recall": 0.004189944134078212,
            "f1-score": 0.008344923504867872,
            "support": 716.0
        },
        "27": {
            "precision": 0.7611111111111111,
            "recall": 0.7405405405405405,
            "f1-score": 0.7506849315068493,
            "support": 370.0
        },
        "28": {
            "precision": 0.0,
            "recall": 0.0,
            "f1-score": 0.0,
            "support": 912.0
        },
        "29": {
            "precision": 0.0,
            "recall": 0.0,
            "f1-score": 0.0,
            "support": 485.0
        },
        "30": {
            "precision": 0.8235294117647058,
            "recall": 0.66553480475382,
            "f1-score": 0.7361502347417841,
            "support": 589.0
        },
        "31": {
            "precision": 0.0,
            "recall": 0.0,
            "f1-score": 0.0,
            "support": 388.0
        },
        "32": {
            "precision": 0.2549019607843137,
            "recall": 0.06356968215158924,
            "f1-score": 0.10176125244618395,
            "support": 409.0
        },
        "33": {
            "precision": 0.7881040892193308,
            "recall": 0.4181459566074951,
            "f1-score": 0.5463917525773195,
            "support": 507.0
        },
        "34": {
            "precision": 0.9626334519572953,
            "recall": 0.9558303886925795,
            "f1-score": 0.9592198581560284,
            "support": 566.0
        },
        "35": {
            "precision": 0.4266666666666667,
            "recall": 0.2447418738049713,
            "f1-score": 0.3110571081409477,
            "support": 523.0
        },
        "36": {
            "precision": 0.9301972685887708,
            "recall": 0.9745627980922098,
            "f1-score": 0.9518633540372671,
            "support": 629.0
        },
        "37": {
            "precision": 0.015873015873015872,
            "recall": 0.002036659877800407,
            "f1-score": 0.0036101083032490976,
            "support": 491.0
        },
        "38": {
            "precision": 0.4732905982905983,
            "recall": 0.8390151515151515,
            "f1-score": 0.605191256830601,
            "support": 528.0
        },
        "39": {
            "precision": 0.457286432160804,
            "recall": 0.8617424242424242,
            "f1-score": 0.5975049244911359,
            "support": 528.0
        },
        "40": {
            "precision": 0.9436997319034852,
            "recall": 0.8956743002544529,
            "f1-score": 0.9190600522193212,
            "support": 393.0
        },
        "41": {
            "precision": 0.0,
            "recall": 0.0,
            "f1-score": 0.0,
            "support": 736.0
        },
        "42": {
            "precision": 0.4666666666666667,
            "recall": 0.020558002936857563,
            "f1-score": 0.03938115330520394,
            "support": 681.0
        },
        "43": {
            "precision": 0.16395348837209303,
            "recall": 0.9082125603864735,
            "f1-score": 0.27776409751292785,
            "support": 621.0
        },