{
    "acc1": 0.5117704668286844,
    "acc5": [
        0.7445319017737314
    ],
    "mean_per_class_recall": 0.4919731361921143,
    "classification_report": {
        "0": {
            "precision": 0.0,
            "recall": 0.0,
            "f1-score": 0.0,
            "support": 382.0
        },
        "1": {
            "precision": 0.5964497041420118,
            "recall": 0.81421647819063,
            "f1-score": 0.6885245901639344,
            "support": 619.0
        },
        "2": {
            "precision": 0.0,
            "recall": 0.0,
            "f1-score": 0.0,
            "support": 432.0
        },
        "3": {
            "precision": 0.8697183098591549,
            "recall": 0.7232796486090776,
            "f1-score": 0.7897681854516387,
            "support": 683.0
        },
        "4": {
            "precision": 0.4414535666218035,
            "recall": 0.4823529411764706,
            "f1-score": 0.46099789177793393,
            "support": 680.0
        },
        "5": {
            "precision": 0.34099920697858843,
            "recall": 0.9907834101382489,
            "f1-score": 0.5073746312684366,
            "support": 434.0
        },
        "6": {
            "precision": 0.006211180124223602,
            "recall": 0.0023752969121140144,
            "f1-score": 0.003436426116838488,
            "support": 421.0
        },
        "7": {
            "precision": 0.5,
            "recall": 0.002325581395348837,
            "f1-score": 0.004629629629629629,
            "support": 430.0
        },
        "8": {
            "precision": 0.9721518987341772,
            "recall": 0.772635814889336,
            "f1-score": 0.8609865470852018,
            "support": 497.0
        },
        "9": {
            "precision": 0.8181818181818182,
            "recall": 0.2591623036649215,
            "f1-score": 0.39363817097415504,
            "support": 382.0
        },
        "10": {
            "precision": 0.0,
            "recall": 0.0,
            "f1-score": 0.0,
            "support": 447.0
        },
        "11": {
            "precision": 0.9211195928753181,
            "recall": 0.8786407766990292,
            "f1-score": 0.8993788819875776,
            "support": 412.0
        },
        "12": {
            "precision": 0.9882352941176471,
            "recall": 0.3005366726296959,
            "f1-score": 0.4609053497942387,
            "support": 559.0
        },
        "13": {
            "precision": 0.65,
            "recall": 0.03178484107579462,
            "f1-score": 0.06060606060606061,
            "support": 409.0
        },
        "14": {
            "precision": 0.98989898989899,
            "recall": 0.9386973180076629,
            "f1-score": 0.9636184857423795,
            "support": 522.0
        },
        "15": {
            "precision": 0.16079136690647483,
            "recall": 0.8201834862385321,
            "f1-score": 0.2688721804511278,
            "support": 545.0
        },
        "16": {
            "precision": 0.18181818181818182,
            "recall": 0.005509641873278237,
            "f1-score": 0.0106951871657754,
            "support": 363.0
        },
        "17": {
            "precision": 0.0,
            "recall": 0.0,
            "f1-score": 0.0,
            "support": 569.0
        },
        "18": {
            "precision": 0.6190476190476191,
            "recall": 0.025096525096525095,
            "f1-score": 0.04823747680890538,
            "support": 518.0
        },
        "19": {
            "precision": 0.26365237815619497,
            "recall": 0.9911699779249448,
            "f1-score": 0.4165120593692022,
            "support": 453.0
        },
        "20": {
            "precision": 0.944954128440367,
            "recall": 0.5215189873417722,
            "f1-score": 0.6721044045676998,
            "support": 395.0
        },
        "21": {
            "precision": 0.627906976744186,
            "recall": 0.3944805194805195,
            "f1-score": 0.48454636091724823,
            "support": 616.0
        },
        "22": {
            "precision": 0.5299145299145299,
            "recall": 0.11567164179104478,
            "f1-score": 0.18989280245022971,
            "support": 536.0
        },
        "23": {
            "precision": 0.8442408376963351,
            "recall": 0.9402332361516035,
            "f1-score": 0.8896551724137931,
            "support": 686.0
        },
        "24": {
            "precision": 0.9772209567198178,
            "recall": 0.9816933638443935,
            "f1-score": 0.9794520547945206,
            "support": 437.0
        },
        "25": {
            "precision": 0.17775665399239543,
            "recall": 0.8577981651376146,
            "f1-score": 0.29448818897637796,
            "support": 654.0
        },
        "26": {
            "precision": 0.8051470588235294,
            "recall": 0.948051948051948,
            "f1-score": 0.8707753479125249,
            "support": 693.0
        },
        "27": {
            "precision": 0.0,
            "recall": 0.0,
            "f1-score": 0.0,
            "support": 708.0
        },
        "28": {
            "precision": 0.0,
            "recall": 0.0,
            "f1-score": 0.0,
            "support": 477.0
        },
        "29": {
            "precision": 0.0,
            "recall": 0.0,
            "f1-score": 0.0,
            "support": 564.0
        },
        "30": {
            "precision": 0.06666666666666667,
            "recall": 0.008665511265164644,
            "f1-score": 0.015337423312883436,
            "support": 577.0
        },
        "31": {
            "precision": 0.2954324586977648,
            "recall": 0.6454352441613588,
            "f1-score": 0.4053333333333333,
            "support": 471.0
        },
        "32": {
            "precision": 0.9205607476635514,
            "recall": 0.7198538367844093,
            "f1-score": 0.807928913192071,
            "support": 821.0
        },
        "33": {
            "precision": 0.8221288515406162,
            "recall": 0.893455098934551,
            "f1-score": 0.8563092633114515,
            "support": 657.0
        },
        "34": {
            "precision": 0.9852579852579852,
            "recall": 0.723826714801444,
            "f1-score": 0.8345473465140478,
            "support": 554.0
        },
        "35": {
            "precision": 0.30498721227621484,
            "recall": 0.7656500802568218,
            "f1-score": 0.43621399176954734,
            "support": 623.0
        },
        "36": {
            "precision": 0.935064935064935,
            "recall": 0.2158920539730135,
            "f1-score": 0.3507917174177832,
            "support": 667.0
        },
        "37": {
            "precision": 0.7047058823529412,
            "recall": 0.9403453689167975,
            "f1-score": 0.8056489576328177,
            "support": 637.0
        },
        "38": {
            "precision": 0.9758620689655172,
            "recall": 0.9725085910652921,
            "f1-score": 0.9741824440619621,
            "support": 582.0
        },
        "39": {
            "precision": 0.7831541218637993,
            "recall": 0.6796267496111975,
            "f1-score": 0.7277268942547876,
            "support": 643.0
        },
        "40": {
            "precision": 0.46360153256704983,
            "recall": 0.3746130030959752,
            "f1-score": 0.4143835616438356,
            "support": 646.0
        },
        "41": {
            "precision": 0.8321799307958477,
            "recall": 0.900749063670412,
            "f1-score": 0.8651079136690647,
            "support": 534.0
        },
        "42": {
            "precision": 0.9470588235294117,
            "recall": 0.9182509505703422,
            "f1-score": 0.9324324324324325,
            "support": 526.0
        },
        "43": {
            "precision": 0.5694444444444444,
            "recall": 0.48046875,