{
    "acc1": 0.563986013986014,
    "acc5": [
        0.8134809634809634
    ],
    "mean_per_class_recall": 0.5865602047342028,
    "classification_report": {
        "0": {
            "precision": 0.6176470588235294,
            "recall": 0.1076923076923077,
            "f1-score": 0.18340611353711792,
            "support": 390.0
        },
        "1": {
            "precision": 0.5040160642570282,
            "recall": 0.8175895765472313,
            "f1-score": 0.6236024844720497,
            "support": 614.0
        },
        "2": {
            "precision": 0.9237435008665511,
            "recall": 0.9350877192982456,
            "f1-score": 0.9293809938971229,
            "support": 570.0
        },
        "3": {
            "precision": 0.0,
            "recall": 0.0,
            "f1-score": 0.0,
            "support": 977.0
        },
        "4": {
            "precision": 0.0,
            "recall": 0.0,
            "f1-score": 0.0,
            "support": 456.0
        },
        "5": {
            "precision": 0.6002317497103129,
            "recall": 0.9184397163120568,
            "f1-score": 0.7259985984583042,
            "support": 564.0
        },
        "6": {
            "precision": 0.3474178403755869,
            "recall": 0.12478920741989882,
            "f1-score": 0.18362282878411912,
            "support": 593.0
        },
        "7": {
            "precision": 0.9003021148036254,
            "recall": 0.880354505169867,
            "f1-score": 0.8902165795369679,
            "support": 677.0
        },
        "8": {
            "precision": 0.5897435897435898,
            "recall": 0.22604422604422605,
            "f1-score": 0.3268206039076377,
            "support": 407.0
        },
        "9": {
            "precision": 0.6917922948073701,
            "recall": 0.9322799097065463,
            "f1-score": 0.7942307692307692,
            "support": 443.0
        },
        "10": {
            "precision": 0.7959641255605381,
            "recall": 0.6866537717601547,
            "f1-score": 0.7372793354101765,
            "support": 517.0
        },
        "11": {
            "precision": 0.9083820662768031,
            "recall": 0.9810526315789474,
            "f1-score": 0.9433198380566802,
            "support": 475.0
        },
        "12": {
            "precision": 0.9052631578947369,
            "recall": 0.8797953964194374,
            "f1-score": 0.8923476005188068,
            "support": 391.0
        },
        "13": {
            "precision": 0.8105646630236795,
            "recall": 0.9888888888888889,
            "f1-score": 0.8908908908908909,
            "support": 450.0
        },
        "14": {
            "precision": 0.7370572207084468,
            "recall": 0.9944852941176471,
            "f1-score": 0.8466353677621283,
            "support": 544.0
        },
        "15": {
            "precision": 0.6514913657770801,
            "recall": 0.9080962800875274,
            "f1-score": 0.7586837294332724,
            "support": 457.0
        },
        "16": {
            "precision": 0.9313725490196079,
            "recall": 0.1529790660225443,
            "f1-score": 0.2627939142461964,
            "support": 621.0
        },
        "17": {
            "precision": 0.5348837209302325,
            "recall": 0.19166666666666668,
            "f1-score": 0.2822085889570552,
            "support": 600.0
        },
        "18": {
            "precision": 0.8888888888888888,
            "recall": 0.06177606177606178,
            "f1-score": 0.11552346570397112,
            "support": 518.0
        },
        "19": {
            "precision": 0.9446564885496184,
            "recall": 0.9149722735674677,
            "f1-score": 0.9295774647887324,
            "support": 541.0
        },
        "20": {
            "precision": 0.08333333333333333,
            "recall": 0.0035460992907801418,
            "f1-score": 0.006802721088435374,
            "support": 564.0
        },
        "21": {
            "precision": 1.0,
            "recall": 0.010230179028132993,
            "f1-score": 0.020253164556962026,
            "support": 391.0
        },
        "22": {
            "precision": 0.9683257918552036,
            "recall": 0.31845238095238093,
            "f1-score": 0.47928331466965285,
            "support": 672.0
        },
        "23": {
            "precision": 0.9395017793594306,
            "recall": 0.6616541353383458,
            "f1-score": 0.7764705882352941,
            "support": 399.0
        },
        "24": {
            "precision": 0.6393643031784841,
            "recall": 0.9578754578754579,
            "f1-score": 0.7668621700879765,
            "support": 546.0
        },
        "25": {
            "precision": 0.8782383419689119,
            "recall": 0.9685714285714285,
            "f1-score": 0.9211956521739131,
            "support": 350.0
        },
        "26": {
            "precision": 0.9776785714285714,
            "recall": 0.9521739130434783,
            "f1-score": 0.9647577092511013,
            "support": 460.0
        },
        "27": {
            "precision": 0.1951219512195122,
            "recall": 0.010596026490066225,
            "f1-score": 0.020100502512562814,
            "support": 755.0
        },
        "28": {
            "precision": 0.8652751423149905,
            "recall": 0.6715758468335787,
            "f1-score": 0.7562189054726368,
            "support": 679.0
        },
        "29": {
            "precision": 0.0,
            "recall": 0.0,
            "f1-score": 0.0,
            "support": 542.0
        },
        "30": {
            "precision": 0.5105130361648444,
            "recall": 0.9574132492113565,
            "f1-score": 0.6659352715304443,
            "support": 634.0
        },
        "31": {
            "precision": 0.16666666666666666,
            "recall": 0.01651376146788991,
            "f1-score": 0.03005008347245409,
            "support": 545.0
        },
        "32": {
            "precision": 0.7981530343007915,
            "recall": 0.9649122807017544,
            "f1-score": 0.8736462093862816,
            "support": 627.0
        },
        "33": {
            "precision": 0.05128205128205128,
            "recall": 0.042735042735042736,
            "f1-score": 0.046620046620046623,
            "support": 468.0
        },
        "34": {
            "precision": 0.8614457831325302,
            "recall": 0.7428571428571429,
            "f1-score": 0.797768479776848,
            "support": 385.0
        },
        "35": {
            "precision": 0.9455128205128205,
            "recall": 0.7722513089005235,
            "f1-score": 0.8501440922190202,
            "support": 382.0
        },
        "36": {
            "precision": 0.9848484848484849,
            "recall": 0.8823529411764706,
            "f1-score": 0.9307875894988067,
            "support": 442.0
        },
        "37": {
            "precision": 0.9381443298969072,
            "recall": 0.21462264150943397,
            "f1-score": 0.3493282149712092,
            "support": 424.0
        },
        "38": {
            "precision": 0.8138686131386861,
            "recall": 0.7012578616352201,
            "f1-score": 0.7533783783783784,
            "support": 318.0
        },
        "39": {
            "precision": 0.11764705882352941,
            "recall": 0.34324942791762014,
            "f1-score": 0.17523364485981308,
            "support": 437.0
        },
        "40": {
            "precision": 0.19536163522012578,
            "recall": 0.9412878787878788,
            "f1-score": 0.3235677083333333,
            "support": 528.0
        },
        "41": {
            "precision": 0.211864406779661,
            "recall": 0.07363770250368189,
            "f1-score": 0.1092896174863388,
            "support": 679.0
        },
        "42": {
            "precision": 0.6904176904176904,
            "recall": 0.8028571428571428,