{
    "acc1": 0.5662632929959662,
    "acc5": [
        0.8273927392739274
    ],
    "mean_per_class_recall": 0.572009935184769,
    "classification_report": {
        "0": {
            "precision": 0.9703947368421053,
            "recall": 0.9531502423263328,
            "f1-score": 0.9616951915240424,
            "support": 619.0
        },
        "1": {
            "precision": 0.8326693227091634,
            "recall": 0.9478458049886621,
            "f1-score": 0.8865323435843054,
            "support": 441.0
        },
        "2": {
            "precision": 0.0,
            "recall": 0.0,
            "f1-score": 0.0,
            "support": 727.0
        },
        "3": {
            "precision": 0.33927188226181254,
            "recall": 0.954248366013072,
            "f1-score": 0.5005714285714286,
            "support": 459.0
        },
        "4": {
            "precision": 0.5275167785234899,
            "recall": 0.8931818181818182,
            "f1-score": 0.6632911392405063,
            "support": 440.0
        },
        "5": {
            "precision": 0.9172625127681308,
            "recall": 0.9760869565217392,
            "f1-score": 0.9457609268035808,
            "support": 920.0
        },
        "6": {
            "precision": 0.625,
            "recall": 0.09174311926605505,
            "f1-score": 0.16,
            "support": 545.0
        },
        "7": {
            "precision": 0.7647058823529411,
            "recall": 0.6948775055679287,
            "f1-score": 0.7281213535589265,
            "support": 449.0
        },
        "8": {
            "precision": 0.7632575757575758,
            "recall": 0.9734299516908212,
            "f1-score": 0.8556263269639066,
            "support": 414.0
        },
        "9": {
            "precision": 0.0,
            "recall": 0.0,
            "f1-score": 0.0,
            "support": 336.0
        },
        "10": {
            "precision": 0.09195402298850575,
            "recall": 0.050955414012738856,
            "f1-score": 0.06557377049180328,
            "support": 628.0
        },
        "11": {
            "precision": 0.4722222222222222,
            "recall": 0.57375,
            "f1-score": 0.518058690744921,
            "support": 800.0
        },
        "12": {
            "precision": 0.8955954323001631,
            "recall": 0.9665492957746479,
            "f1-score": 0.9297205757832345,
            "support": 568.0
        },
        "13": {
            "precision": 0.7214137214137214,
            "recall": 0.8321342925659473,
            "f1-score": 0.7728285077951003,
            "support": 417.0
        },
        "14": {
            "precision": 0.48773006134969327,
            "recall": 0.7989949748743719,
            "f1-score": 0.6057142857142858,
            "support": 597.0
        },
        "15": {
            "precision": 0.6567164179104478,
            "recall": 0.11311053984575835,
            "f1-score": 0.19298245614035087,
            "support": 389.0
        },
        "16": {
            "precision": 0.594059405940594,
            "recall": 0.8677685950413223,
            "f1-score": 0.7052896725440806,
            "support": 484.0
        },
        "17": {
            "precision": 0.6949891067538126,
            "recall": 0.8137755102040817,
            "f1-score": 0.7497062279670975,
            "support": 392.0
        },
        "18": {
            "precision": 0.0,
            "recall": 0.0,
            "f1-score": 0.0,
            "support": 390.0
        },
        "19": {
            "precision": 0.6188034188034188,
            "recall": 0.8938271604938272,
            "f1-score": 0.7313131313131314,
            "support": 405.0
        },
        "20": {
            "precision": 0.35294117647058826,
            "recall": 0.016304347826086956,
            "f1-score": 0.03116883116883117,
            "support": 368.0
        },
        "21": {
            "precision": 0.9130434782608695,
            "recall": 0.9027149321266968,
            "f1-score": 0.9078498293515358,
            "support": 442.0
        },
        "22": {
            "precision": 0.8850710900473934,
            "recall": 0.9894039735099338,
            "f1-score": 0.9343339587242027,
            "support": 755.0
        },
        "23": {
            "precision": 0.8350515463917526,
            "recall": 0.6295336787564767,
            "f1-score": 0.7178729689807977,
            "support": 386.0
        },
        "24": {
            "precision": 0.8926014319809069,
            "recall": 0.9144254278728606,
            "f1-score": 0.9033816425120773,
            "support": 409.0
        },
        "25": {
            "precision": 0.25692695214105793,
            "recall": 0.2111801242236025,
            "f1-score": 0.2318181818181818,
            "support": 483.0
        },
        "26": {
            "precision": 0.9803921568627451,
            "recall": 0.07331378299120235,
            "f1-score": 0.1364256480218281,
            "support": 682.0
        },
        "27": {
            "precision": 0.7657894736842106,
            "recall": 0.9556650246305419,
            "f1-score": 0.8502556610664719,
            "support": 609.0
        },
        "28": {
            "precision": 0.5694227769110765,
            "recall": 0.9102244389027432,
            "f1-score": 0.7005758157389635,
            "support": 401.0
        },
        "29": {
            "precision": 0.9790575916230366,
            "recall": 0.9019292604501608,
            "f1-score": 0.9389121338912134,
            "support": 622.0
        },
        "30": {
            "precision": 0.9681908548707754,
            "recall": 0.7633228840125392,
            "f1-score": 0.8536371603856266,
            "support": 638.0
        },
        "31": {
            "precision": 0.4444444444444444,
            "recall": 0.06394316163410302,
            "f1-score": 0.11180124223602485,
            "support": 563.0
        },
        "32": {
            "precision": 0.7677419354838709,
            "recall": 0.265625,
            "f1-score": 0.3946932006633499,
            "support": 448.0
        },
        "33": {
            "precision": 0.1354066985645933,
            "recall": 0.4042857142857143,
            "f1-score": 0.2028673835125448,
            "support": 700.0
        },
        "34": {
            "precision": 0.89171974522293,
            "recall": 0.37433155080213903,
            "f1-score": 0.527306967984934,
            "support": 374.0
        },
        "35": {
            "precision": 0.5625,
            "recall": 0.04326923076923077,
            "f1-score": 0.08035714285714286,
            "support": 416.0
        },
        "36": {
            "precision": 0.8996138996138996,
            "recall": 0.45866141732283466,
            "f1-score": 0.6075619295958279,
            "support": 508.0
        },
        "37": {
            "precision": 0.6435374149659864,
            "recall": 0.7568,
            "f1-score": 0.6955882352941176,
            "support": 625.0
        },
        "38": {
            "precision": 0.9226973684210527,
            "recall": 0.9929203539823008,
            "f1-score": 0.9565217391304348,
            "support": 565.0
        },
        "39": {
            "precision": 0.0,
            "recall": 0.0,
            "f1-score": 0.0,
            "support": 696.0
        },
        "40": {
            "precision": 0.18181818181818182,
            "recall": 0.0051813471502590676,
            "f1-score": 0.010075566750629723,
            "support": 386.0
        },
        "41": {
            "precision": 0.0,
            "recall": 0.0,
            "f1-score": 0.0,
            "support": 594.0
        },
        "42": {
            "precision": 0.2972972972972973,
            "recall": 0.9653579676674365,
            "f1-score": 0.45459488852637303,
            "support": 433.0
        },
        "43": {
            "precision": 0.1764874964070135,