{
    "acc1": 0.5984200844064496,
    "acc5": [
        0.7872885329870505
    ],
    "mean_per_class_recall": 0.5976317353813859,
    "classification_report": {
        "0": {
            "precision": 0.0,
            "recall": 0.0,
            "f1-score": 0.0,
            "support": 441.0
        },
        "1": {
            "precision": 0.8825065274151436,
            "recall": 0.896551724137931,
            "f1-score": 0.8894736842105263,
            "support": 377.0
        },
        "2": {
            "precision": 0.8740601503759399,
            "recall": 0.9412955465587044,
            "f1-score": 0.9064327485380117,
            "support": 494.0
        },
        "3": {
            "precision": 0.7547425474254743,
            "recall": 0.8155197657393851,
            "f1-score": 0.7839549612948628,
            "support": 683.0
        },
        "4": {
            "precision": 0.945,
            "recall": 0.9086538461538461,
            "f1-score": 0.9264705882352942,
            "support": 416.0
        },
        "5": {
            "precision": 0.8763020833333334,
            "recall": 0.97677793904209,
            "f1-score": 0.9238160603980783,
            "support": 689.0
        },
        "6": {
            "precision": 0.39622641509433965,
            "recall": 0.05817174515235457,
            "f1-score": 0.10144927536231885,
            "support": 361.0
        },
        "7": {
            "precision": 0.5337349397590362,
            "recall": 0.9932735426008968,
            "f1-score": 0.6943573667711599,
            "support": 446.0
        },
        "8": {
            "precision": 0.0,
            "recall": 0.0,
            "f1-score": 0.0,
            "support": 363.0
        },
        "9": {
            "precision": 0.8214285714285714,
            "recall": 0.9517241379310345,
            "f1-score": 0.8817891373801917,
            "support": 580.0
        },
        "10": {
            "precision": 0.16666666666666666,
            "recall": 0.0016155088852988692,
            "f1-score": 0.0032,
            "support": 619.0
        },
        "11": {
            "precision": 0.9867549668874173,
            "recall": 0.8514285714285714,
            "f1-score": 0.9141104294478528,
            "support": 525.0
        },
        "12": {
            "precision": 0.9477124183006536,
            "recall": 0.8333333333333334,
            "f1-score": 0.8868501529051988,
            "support": 522.0
        },
        "13": {
            "precision": 0.593245227606461,
            "recall": 0.793713163064833,
            "f1-score": 0.6789915966386555,
            "support": 509.0
        },
        "14": {
            "precision": 0.8342541436464088,
            "recall": 0.6950517836593786,
            "f1-score": 0.7583176396735719,
            "support": 869.0
        },
        "15": {
            "precision": 0.6305418719211823,
            "recall": 0.41898527004909986,
            "f1-score": 0.5034414945919371,
            "support": 611.0
        },
        "16": {
            "precision": 0.35135135135135137,
            "recall": 0.9591836734693877,
            "f1-score": 0.5143097643097643,
            "support": 637.0
        },
        "17": {
            "precision": 0.0,
            "recall": 0.0,
            "f1-score": 0.0,
            "support": 707.0
        },
        "18": {
            "precision": 0.0,
            "recall": 0.0,
            "f1-score": 0.0,
            "support": 593.0
        },
        "19": {
            "precision": 0.8620689655172413,
            "recall": 0.9530791788856305,
            "f1-score": 0.9052924791086351,
            "support": 341.0
        },
        "20": {
            "precision": 0.0,
            "recall": 0.0,
            "f1-score": 0.0,
            "support": 554.0
        },
        "21": {
            "precision": 0.8135338345864662,
            "recall": 0.8912685337726524,
            "f1-score": 0.85062893081761,
            "support": 607.0
        },
        "22": {
            "precision": 0.959349593495935,
            "recall": 0.833922261484099,
            "f1-score": 0.8922495274102079,
            "support": 566.0
        },
        "23": {
            "precision": 0.8615591397849462,
            "recall": 0.851261620185923,
            "f1-score": 0.8563794255177021,
            "support": 753.0
        },
        "24": {
            "precision": 0.4123989218328841,
            "recall": 0.8680851063829788,
            "f1-score": 0.5591594335312928,
            "support": 705.0
        },
        "25": {
            "precision": 0.2156409069875058,
            "recall": 0.7224806201550388,
            "f1-score": 0.3321454027084818,
            "support": 645.0
        },
        "26": {
            "precision": 0.8324873096446701,
            "recall": 0.9162011173184358,
            "f1-score": 0.8723404255319149,
            "support": 716.0
        },
        "27": {
            "precision": 0.7694444444444445,
            "recall": 0.7486486486486487,
            "f1-score": 0.7589041095890411,
            "support": 370.0
        },
        "28": {
            "precision": 0.0,
            "recall": 0.0,
            "f1-score": 0.0,
            "support": 912.0
        },
        "29": {
            "precision": 0.3479923518164436,
            "recall": 0.3752577319587629,
            "f1-score": 0.3611111111111111,
            "support": 485.0
        },
        "30": {
            "precision": 0.9194756554307116,
            "recall": 0.833616298811545,
            "f1-score": 0.8744434550311665,
            "support": 589.0
        },
        "31": {
            "precision": 0.0,
            "recall": 0.0,
            "f1-score": 0.0,
            "support": 388.0
        },
        "32": {
            "precision": 0.8164556962025317,
            "recall": 0.6308068459657702,
            "f1-score": 0.7117241379310345,
            "support": 409.0
        },
        "33": {
            "precision": 0.4385775862068966,
            "recall": 0.8027613412228797,
            "f1-score": 0.5672473867595819,
            "support": 507.0
        },
        "34": {
            "precision": 0.9732620320855615,
            "recall": 0.9646643109540636,
            "f1-score": 0.968944099378882,
            "support": 566.0
        },
        "35": {
            "precision": 0.45147679324894513,
            "recall": 0.2045889101338432,
            "f1-score": 0.28157894736842104,
            "support": 523.0
        },
        "36": {
            "precision": 0.853185595567867,
            "recall": 0.9793322734499205,
            "f1-score": 0.9119170984455959,
            "support": 629.0
        },
        "37": {
            "precision": 0.0,
            "recall": 0.0,
            "f1-score": 0.0,
            "support": 491.0
        },
        "38": {
            "precision": 0.48558758314855877,
            "recall": 0.8295454545454546,
            "f1-score": 0.6125874125874126,
            "support": 528.0
        },
        "39": {
            "precision": 0.7278582930756844,
            "recall": 0.8560606060606061,
            "f1-score": 0.7867711053089643,
            "support": 528.0
        },
        "40": {
            "precision": 0.949468085106383,
            "recall": 0.9083969465648855,
            "f1-score": 0.9284785435630689,
            "support": 393.0
        },
        "41": {
            "precision": 0.3333333333333333,
            "recall": 0.001358695652173913,
            "f1-score": 0.0027063599458728013,
            "support": 736.0
        },
        "42": {
            "precision": 0.9872881355932204,
            "recall": 0.684287812041116,
            "f1-score": 0.808326105810928,
            "support": 681.0
        },
        "43": {
            "precision": 0.16897746967071056,
            "recall": 0.9420289855072463,
            "f1-score": 0.28655400440852313,
            "support": 621.0
        },