{
    "acc1": 0.5282019659762777,
    "acc5": [
        0.7619064891726214
    ],
    "mean_per_class_recall": 0.5014325169401926,
    "classification_report": {
        "0": {
            "precision": 0.0,
            "recall": 0.0,
            "f1-score": 0.0,
            "support": 382.0
        },
        "1": {
            "precision": 0.7711038961038961,
            "recall": 0.7673667205169629,
            "f1-score": 0.7692307692307693,
            "support": 619.0
        },
        "2": {
            "precision": 1.0,
            "recall": 0.0023148148148148147,
            "f1-score": 0.004618937644341801,
            "support": 432.0
        },
        "3": {
            "precision": 0.9055232558139535,
            "recall": 0.9121522693997072,
            "f1-score": 0.9088256746900073,
            "support": 683.0
        },
        "4": {
            "precision": 0.21360381861575178,
            "recall": 0.7897058823529411,
            "f1-score": 0.33625547902316844,
            "support": 680.0
        },
        "5": {
            "precision": 0.5679347826086957,
            "recall": 0.9631336405529954,
            "f1-score": 0.7145299145299145,
            "support": 434.0
        },
        "6": {
            "precision": 0.0,
            "recall": 0.0,
            "f1-score": 0.0,
            "support": 421.0
        },
        "7": {
            "precision": 0.8596491228070176,
            "recall": 0.11395348837209303,
            "f1-score": 0.20123203285420946,
            "support": 430.0
        },
        "8": {
            "precision": 0.9488372093023256,
            "recall": 0.8209255533199196,
            "f1-score": 0.8802588996763754,
            "support": 497.0
        },
        "9": {
            "precision": 0.5131578947368421,
            "recall": 0.10209424083769633,
            "f1-score": 0.1703056768558952,
            "support": 382.0
        },
        "10": {
            "precision": 0.0,
            "recall": 0.0,
            "f1-score": 0.0,
            "support": 447.0
        },
        "11": {
            "precision": 0.9516129032258065,
            "recall": 0.8592233009708737,
            "f1-score": 0.9030612244897959,
            "support": 412.0
        },
        "12": {
            "precision": 0.979381443298969,
            "recall": 0.33989266547406083,
            "f1-score": 0.5046480743691899,
            "support": 559.0
        },
        "13": {
            "precision": 0.8333333333333334,
            "recall": 0.08557457212713937,
            "f1-score": 0.15521064301552107,
            "support": 409.0
        },
        "14": {
            "precision": 0.9940357852882704,
            "recall": 0.9578544061302682,
            "f1-score": 0.975609756097561,
            "support": 522.0
        },
        "15": {
            "precision": 0.20674646354733406,
            "recall": 0.6972477064220184,
            "f1-score": 0.3189257238774654,
            "support": 545.0
        },
        "16": {
            "precision": 0.21052631578947367,
            "recall": 0.011019283746556474,
            "f1-score": 0.020942408376963352,
            "support": 363.0
        },
        "17": {
            "precision": 0.0,
            "recall": 0.0,
            "f1-score": 0.0,
            "support": 569.0
        },
        "18": {
            "precision": 0.8461538461538461,
            "recall": 0.021235521235521235,
            "f1-score": 0.04143126177024482,
            "support": 518.0
        },
        "19": {
            "precision": 0.26973684210526316,
            "recall": 0.9955849889624724,
            "f1-score": 0.4244705882352941,
            "support": 453.0
        },
        "20": {
            "precision": 0.949748743718593,
            "recall": 0.47848101265822784,
            "f1-score": 0.6363636363636364,
            "support": 395.0
        },
        "21": {
            "precision": 0.35174418604651164,
            "recall": 0.7857142857142857,
            "f1-score": 0.4859437751004016,
            "support": 616.0
        },
        "22": {
            "precision": 0.770935960591133,
            "recall": 0.5839552238805971,
            "f1-score": 0.6645435244161358,
            "support": 536.0
        },
        "23": {
            "precision": 0.8528645833333334,
            "recall": 0.9548104956268222,
            "f1-score": 0.9009628610729024,
            "support": 686.0
        },
        "24": {
            "precision": 0.9863325740318907,
            "recall": 0.9908466819221968,
            "f1-score": 0.9885844748858448,
            "support": 437.0
        },
        "25": {
            "precision": 0.16361588284990145,
            "recall": 0.8883792048929664,
            "f1-score": 0.27633769322235435,
            "support": 654.0
        },
        "26": {
            "precision": 0.7875586854460094,
            "recall": 0.9682539682539683,
            "f1-score": 0.8686084142394822,
            "support": 693.0
        },
        "27": {
            "precision": 0.192090395480226,
            "recall": 0.0480225988700565,
            "f1-score": 0.0768361581920904,
            "support": 708.0
        },
        "28": {
            "precision": 0.7777777777777778,
            "recall": 0.014675052410901468,
            "f1-score": 0.02880658436213992,
            "support": 477.0
        },
        "29": {
            "precision": 0.0,
            "recall": 0.0,
            "f1-score": 0.0,
            "support": 564.0
        },
        "30": {
            "precision": 0.08695652173913043,
            "recall": 0.006932409012131715,
            "f1-score": 0.012841091492776886,
            "support": 577.0
        },
        "31": {
            "precision": 0.3219178082191781,
            "recall": 0.09978768577494693,
            "f1-score": 0.15235008103727715,
            "support": 471.0
        },
        "32": {
            "precision": 0.9245901639344263,
            "recall": 0.6869671132764921,
            "f1-score": 0.7882599580712788,
            "support": 821.0
        },
        "33": {
            "precision": 0.8137651821862348,
            "recall": 0.9178082191780822,
            "f1-score": 0.8626609442060086,
            "support": 657.0
        },
        "34": {
            "precision": 0.9698375870069605,
            "recall": 0.7545126353790613,
            "f1-score": 0.848730964467005,
            "support": 554.0
        },
        "35": {
            "precision": 0.36314655172413796,
            "recall": 0.5409309791332263,
            "f1-score": 0.4345583494519665,
            "support": 623.0
        },
        "36": {
            "precision": 0.9229166666666667,
            "recall": 0.664167916041979,
            "f1-score": 0.7724498692240628,
            "support": 667.0
        },
        "37": {
            "precision": 0.7153024911032029,
            "recall": 0.9466248037676609,
            "f1-score": 0.8148648648648649,
            "support": 637.0
        },
        "38": {
            "precision": 0.9583333333333334,
            "recall": 0.9879725085910653,
            "f1-score": 0.9729272419627749,
            "support": 582.0
        },
        "39": {
            "precision": 0.8357400722021661,
            "recall": 0.7200622083981337,
            "f1-score": 0.7736006683375104,
            "support": 643.0
        },
        "40": {
            "precision": 0.3782608695652174,
            "recall": 0.2693498452012384,
            "f1-score": 0.31464737793851716,
            "support": 646.0
        },
        "41": {
            "precision": 0.8842504743833017,
            "recall": 0.8726591760299626,
            "f1-score": 0.8784165881244109,
            "support": 534.0
        },
        "42": {
            "precision": 0.9200743494423792,
            "recall": 0.94106463878327,
            "f1-score": 0.9304511278195489,
            "support": 526.0
        },