{
    "acc1": 0.5594792812614595,
    "acc5": [
        0.8163916391639164
    ],
    "mean_per_class_recall": 0.5747717506004235,
    "classification_report": {
        "0": {
            "precision": 0.9816360601001669,
            "recall": 0.9499192245557351,
            "f1-score": 0.9655172413793104,
            "support": 619.0
        },
        "1": {
            "precision": 0.8755186721991701,
            "recall": 0.9569160997732427,
            "f1-score": 0.914409534127844,
            "support": 441.0
        },
        "2": {
            "precision": 0.0,
            "recall": 0.0,
            "f1-score": 0.0,
            "support": 727.0
        },
        "3": {
            "precision": 0.418580375782881,
            "recall": 0.8736383442265795,
            "f1-score": 0.565984474241355,
            "support": 459.0
        },
        "4": {
            "precision": 0.5847076461769115,
            "recall": 0.8863636363636364,
            "f1-score": 0.7046070460704607,
            "support": 440.0
        },
        "5": {
            "precision": 0.9317943336831059,
            "recall": 0.9652173913043478,
            "f1-score": 0.9482114255205553,
            "support": 920.0
        },
        "6": {
            "precision": 0.5909090909090909,
            "recall": 0.07155963302752294,
            "f1-score": 0.1276595744680851,
            "support": 545.0
        },
        "7": {
            "precision": 0.8010752688172043,
            "recall": 0.6636971046770601,
            "f1-score": 0.7259439707673568,
            "support": 449.0
        },
        "8": {
            "precision": 0.578125,
            "recall": 0.9830917874396136,
            "f1-score": 0.7280858676207513,
            "support": 414.0
        },
        "9": {
            "precision": 0.0,
            "recall": 0.0,
            "f1-score": 0.0,
            "support": 336.0
        },
        "10": {
            "precision": 0.17604617604617603,
            "recall": 0.1942675159235669,
            "f1-score": 0.18470855412566237,
            "support": 628.0
        },
        "11": {
            "precision": 0.33840535605599514,
            "recall": 0.695,
            "f1-score": 0.45517805976258696,
            "support": 800.0
        },
        "12": {
            "precision": 0.8714733542319749,
            "recall": 0.9788732394366197,
            "f1-score": 0.9220563847429519,
            "support": 568.0
        },
        "13": {
            "precision": 0.6730401529636711,
            "recall": 0.8441247002398081,
            "f1-score": 0.7489361702127659,
            "support": 417.0
        },
        "14": {
            "precision": 0.3337748344370861,
            "recall": 0.8442211055276382,
            "f1-score": 0.47840531561461797,
            "support": 597.0
        },
        "15": {
            "precision": 0.48,
            "recall": 0.09254498714652956,
            "f1-score": 0.15517241379310345,
            "support": 389.0
        },
        "16": {
            "precision": 0.6186186186186187,
            "recall": 0.8512396694214877,
            "f1-score": 0.7165217391304348,
            "support": 484.0
        },
        "17": {
            "precision": 0.6521739130434783,
            "recall": 0.8418367346938775,
            "f1-score": 0.734966592427617,
            "support": 392.0
        },
        "18": {
            "precision": 0.02631578947368421,
            "recall": 0.002564102564102564,
            "f1-score": 0.004672897196261682,
            "support": 390.0
        },
        "19": {
            "precision": 0.7819706498951782,
            "recall": 0.9209876543209876,
            "f1-score": 0.8458049886621315,
            "support": 405.0
        },
        "20": {
            "precision": 0.16428571428571428,
            "recall": 0.0625,
            "f1-score": 0.09055118110236221,
            "support": 368.0
        },
        "21": {
            "precision": 0.9316037735849056,
            "recall": 0.8936651583710408,
            "f1-score": 0.9122401847575058,
            "support": 442.0
        },
        "22": {
            "precision": 0.8977135980746089,
            "recall": 0.9880794701986755,
            "f1-score": 0.9407313997477932,
            "support": 755.0
        },
        "23": {
            "precision": 0.8827586206896552,
            "recall": 0.6632124352331606,
            "f1-score": 0.757396449704142,
            "support": 386.0
        },
        "24": {
            "precision": 0.8197802197802198,
            "recall": 0.9119804400977995,
            "f1-score": 0.8634259259259259,
            "support": 409.0
        },
        "25": {
            "precision": 0.30451127819548873,
            "recall": 0.16770186335403728,
            "f1-score": 0.2162883845126836,
            "support": 483.0
        },
        "26": {
            "precision": 0.9601328903654485,
            "recall": 0.4237536656891496,
            "f1-score": 0.5879959308240081,
            "support": 682.0
        },
        "27": {
            "precision": 0.7891156462585034,
            "recall": 0.9523809523809523,
            "f1-score": 0.8630952380952381,
            "support": 609.0
        },
        "28": {
            "precision": 0.5140845070422535,
            "recall": 0.9102244389027432,
            "f1-score": 0.6570657065706571,
            "support": 401.0
        },
        "29": {
            "precision": 0.9675767918088737,
            "recall": 0.9115755627009646,
            "f1-score": 0.9387417218543046,
            "support": 622.0
        },
        "30": {
            "precision": 0.9557344064386318,
            "recall": 0.7445141065830722,
            "f1-score": 0.8370044052863436,
            "support": 638.0
        },
        "31": {
            "precision": 0.125,
            "recall": 0.008880994671403197,
            "f1-score": 0.01658374792703151,
            "support": 563.0
        },
        "32": {
            "precision": 0.6808510638297872,
            "recall": 0.6428571428571429,
            "f1-score": 0.661308840413318,
            "support": 448.0
        },
        "33": {
            "precision": 0.08644067796610169,
            "recall": 0.21857142857142858,
            "f1-score": 0.12388663967611337,
            "support": 700.0
        },
        "34": {
            "precision": 0.6674157303370787,
            "recall": 0.7941176470588235,
            "f1-score": 0.7252747252747253,
            "support": 374.0
        },
        "35": {
            "precision": 0.38461538461538464,
            "recall": 0.02403846153846154,
            "f1-score": 0.04524886877828054,
            "support": 416.0
        },
        "36": {
            "precision": 0.9402985074626866,
            "recall": 0.24803149606299213,
            "f1-score": 0.3925233644859813,
            "support": 508.0
        },
        "37": {
            "precision": 0.6306068601583114,
            "recall": 0.7648,
            "f1-score": 0.6912509038322487,
            "support": 625.0
        },
        "38": {
            "precision": 0.9253731343283582,
            "recall": 0.9876106194690265,
            "f1-score": 0.9554794520547946,
            "support": 565.0
        },
        "39": {
            "precision": 0.0,
            "recall": 0.0,
            "f1-score": 0.0,
            "support": 696.0
        },
        "40": {
            "precision": 0.14285714285714285,
            "recall": 0.0051813471502590676,
            "f1-score": 0.01,
            "support": 386.0
        },
        "41": {
            "precision": 0.0,
            "recall": 0.0,
            "f1-score": 0.0,
            "support": 594.0
        },
        "42": {
            "precision": 0.31447963800904977,
            "recall": 0.9630484988452656,
            "f1-score": 0.47413303013075614,
            "support": 433.0
        },