{
    "acc1": 0.5282828282828282,
    "acc5": [
        0.8083916083916084
    ],
    "mean_per_class_recall": 0.5554618812569679,
    "classification_report": {
        "0": {
            "precision": 0.7976190476190477,
            "recall": 0.1717948717948718,
            "f1-score": 0.28270042194092826,
            "support": 390.0
        },
        "1": {
            "precision": 0.6759259259259259,
            "recall": 0.23778501628664495,
            "f1-score": 0.35180722891566263,
            "support": 614.0
        },
        "2": {
            "precision": 0.9458483754512635,
            "recall": 0.9192982456140351,
            "f1-score": 0.9323843416370107,
            "support": 570.0
        },
        "3": {
            "precision": 0.10810810810810811,
            "recall": 0.008188331627430911,
            "f1-score": 0.015223596574690771,
            "support": 977.0
        },
        "4": {
            "precision": 0.0,
            "recall": 0.0,
            "f1-score": 0.0,
            "support": 456.0
        },
        "5": {
            "precision": 0.53125,
            "recall": 0.9343971631205674,
            "f1-score": 0.6773778920308483,
            "support": 564.0
        },
        "6": {
            "precision": 0.536,
            "recall": 0.11298482293423272,
            "f1-score": 0.18662952646239556,
            "support": 593.0
        },
        "7": {
            "precision": 0.9237947122861586,
            "recall": 0.8774002954209749,
            "f1-score": 0.9,
            "support": 677.0
        },
        "8": {
            "precision": 0.465564738292011,
            "recall": 0.4152334152334152,
            "f1-score": 0.43896103896103894,
            "support": 407.0
        },
        "9": {
            "precision": 0.7008695652173913,
            "recall": 0.909706546275395,
            "f1-score": 0.7917485265225933,
            "support": 443.0
        },
        "10": {
            "precision": 0.8547619047619047,
            "recall": 0.6943907156673114,
            "f1-score": 0.7662753468516542,
            "support": 517.0
        },
        "11": {
            "precision": 0.892925430210325,
            "recall": 0.9831578947368421,
            "f1-score": 0.935871743486974,
            "support": 475.0
        },
        "12": {
            "precision": 0.8263888888888888,
            "recall": 0.9130434782608695,
            "f1-score": 0.8675577156743621,
            "support": 391.0
        },
        "13": {
            "precision": 0.8641732283464567,
            "recall": 0.9755555555555555,
            "f1-score": 0.9164926931106472,
            "support": 450.0
        },
        "14": {
            "precision": 0.6065022421524664,
            "recall": 0.9944852941176471,
            "f1-score": 0.7534818941504178,
            "support": 544.0
        },
        "15": {
            "precision": 0.7647058823529411,
            "recall": 0.1137855579868709,
            "f1-score": 0.1980952380952381,
            "support": 457.0
        },
        "16": {
            "precision": 0.6875,
            "recall": 0.017713365539452495,
            "f1-score": 0.03453689167974882,
            "support": 621.0
        },
        "17": {
            "precision": 0.751004016064257,
            "recall": 0.31166666666666665,
            "f1-score": 0.44051825677267376,
            "support": 600.0
        },
        "18": {
            "precision": 0.9,
            "recall": 0.03474903474903475,
            "f1-score": 0.06691449814126393,
            "support": 518.0
        },
        "19": {
            "precision": 0.9299242424242424,
            "recall": 0.9075785582255084,
            "f1-score": 0.9186155285313377,
            "support": 541.0
        },
        "20": {
            "precision": 0.16666666666666666,
            "recall": 0.012411347517730497,
            "f1-score": 0.0231023102310231,
            "support": 564.0
        },
        "21": {
            "precision": 1.0,
            "recall": 0.0076726342710997444,
            "f1-score": 0.015228426395939087,
            "support": 391.0
        },
        "22": {
            "precision": 0.958974358974359,
            "recall": 0.27827380952380953,
            "f1-score": 0.43137254901960786,
            "support": 672.0
        },
        "23": {
            "precision": 0.9613899613899614,
            "recall": 0.6240601503759399,
            "f1-score": 0.756838905775076,
            "support": 399.0
        },
        "24": {
            "precision": 0.6220379146919431,
            "recall": 0.9615384615384616,
            "f1-score": 0.7553956834532374,
            "support": 546.0
        },
        "25": {
            "precision": 0.9157608695652174,
            "recall": 0.9628571428571429,
            "f1-score": 0.9387186629526463,
            "support": 350.0
        },
        "26": {
            "precision": 0.9652173913043478,
            "recall": 0.9652173913043478,
            "f1-score": 0.9652173913043478,
            "support": 460.0
        },
        "27": {
            "precision": 0.16666666666666666,
            "recall": 0.0013245033112582781,
            "f1-score": 0.002628120893561104,
            "support": 755.0
        },
        "28": {
            "precision": 0.8202614379084967,
            "recall": 0.3696612665684831,
            "f1-score": 0.5096446700507614,
            "support": 679.0
        },
        "29": {
            "precision": 0.0,
            "recall": 0.0,
            "f1-score": 0.0,
            "support": 542.0
        },
        "30": {
            "precision": 0.47022428460943544,
            "recall": 0.9589905362776026,
            "f1-score": 0.6310326933056565,
            "support": 634.0
        },
        "31": {
            "precision": 0.0,
            "recall": 0.0,
            "f1-score": 0.0,
            "support": 545.0
        },
        "32": {
            "precision": 0.7792553191489362,
            "recall": 0.9346092503987241,
            "f1-score": 0.8498912255257433,
            "support": 627.0
        },
        "33": {
            "precision": 0.10576923076923077,
            "recall": 0.023504273504273504,
            "f1-score": 0.038461538461538464,
            "support": 468.0
        },
        "34": {
            "precision": 0.8847352024922118,
            "recall": 0.7376623376623377,
            "f1-score": 0.8045325779036827,
            "support": 385.0
        },
        "35": {
            "precision": 0.9550173010380623,
            "recall": 0.7225130890052356,
            "f1-score": 0.8226527570789866,
            "support": 382.0
        },
        "36": {
            "precision": 0.9950980392156863,
            "recall": 0.918552036199095,
            "f1-score": 0.9552941176470588,
            "support": 442.0
        },
        "37": {
            "precision": 0.951048951048951,
            "recall": 0.32075471698113206,
            "f1-score": 0.47971781305114636,
            "support": 424.0
        },
        "38": {
            "precision": 0.824,
            "recall": 0.6477987421383647,
            "f1-score": 0.7253521126760564,
            "support": 318.0
        },
        "39": {
            "precision": 0.1536977491961415,
            "recall": 0.5469107551487414,
            "f1-score": 0.2399598393574297,
            "support": 437.0
        },
        "40": {
            "precision": 0.17956989247311828,
            "recall": 0.9488636363636364,
            "f1-score": 0.30198915009041594,
            "support": 528.0
        },
        "41": {
            "precision": 0.004545454545454545,
            "recall": 0.0029455081001472753,
            "f1-score": 0.0035746201966041107,
            "support": 679.0
        },
        "42": {
            "precision": 0.6705882352941176,
            "recall": 0.8142857142857143,
            "f1-score": 0.7354838709677419,