{
    "acc1": 0.5871287128712871,
    "acc5": [
        0.8258892555922259
    ],
    "mean_per_class_recall": 0.5858006243989271,
    "classification_report": {
        "0": {
            "precision": 0.9641693811074918,
            "recall": 0.9563812600969306,
            "f1-score": 0.9602595296025953,
            "support": 619.0
        },
        "1": {
            "precision": 0.8802521008403361,
            "recall": 0.9501133786848073,
            "f1-score": 0.9138495092693566,
            "support": 441.0
        },
        "2": {
            "precision": 0.5,
            "recall": 0.001375515818431912,
            "f1-score": 0.0027434842249657062,
            "support": 727.0
        },
        "3": {
            "precision": 0.41478439425051333,
            "recall": 0.8801742919389978,
            "f1-score": 0.5638520586182834,
            "support": 459.0
        },
        "4": {
            "precision": 0.5755287009063444,
            "recall": 0.865909090909091,
            "f1-score": 0.691470054446461,
            "support": 440.0
        },
        "5": {
            "precision": 0.970917225950783,
            "recall": 0.9434782608695652,
            "f1-score": 0.9570011025358324,
            "support": 920.0
        },
        "6": {
            "precision": 0.5328947368421053,
            "recall": 0.14862385321100918,
            "f1-score": 0.23242467718794835,
            "support": 545.0
        },
        "7": {
            "precision": 0.7307692307692307,
            "recall": 0.5924276169265034,
            "f1-score": 0.6543665436654367,
            "support": 449.0
        },
        "8": {
            "precision": 0.5575342465753425,
            "recall": 0.9830917874396136,
            "f1-score": 0.7115384615384616,
            "support": 414.0
        },
        "9": {
            "precision": 0.0,
            "recall": 0.0,
            "f1-score": 0.0,
            "support": 336.0
        },
        "10": {
            "precision": 0.0684931506849315,
            "recall": 0.05573248407643312,
            "f1-score": 0.061457418788410885,
            "support": 628.0
        },
        "11": {
            "precision": 0.36,
            "recall": 0.91125,
            "f1-score": 0.5161061946902655,
            "support": 800.0
        },
        "12": {
            "precision": 0.8219584569732937,
            "recall": 0.9753521126760564,
            "f1-score": 0.8921095008051529,
            "support": 568.0
        },
        "13": {
            "precision": 0.7675350701402806,
            "recall": 0.9184652278177458,
            "f1-score": 0.8362445414847162,
            "support": 417.0
        },
        "14": {
            "precision": 0.46944444444444444,
            "recall": 0.8492462311557789,
            "f1-score": 0.6046511627906976,
            "support": 597.0
        },
        "15": {
            "precision": 0.33653846153846156,
            "recall": 0.08997429305912596,
            "f1-score": 0.14198782961460446,
            "support": 389.0
        },
        "16": {
            "precision": 0.7926509186351706,
            "recall": 0.6239669421487604,
            "f1-score": 0.6982658959537572,
            "support": 484.0
        },
        "17": {
            "precision": 0.6434108527131783,
            "recall": 0.8469387755102041,
            "f1-score": 0.7312775330396476,
            "support": 392.0
        },
        "18": {
            "precision": 0.018518518518518517,
            "recall": 0.002564102564102564,
            "f1-score": 0.0045045045045045045,
            "support": 390.0
        },
        "19": {
            "precision": 0.6370967741935484,
            "recall": 0.9753086419753086,
            "f1-score": 0.7707317073170732,
            "support": 405.0
        },
        "20": {
            "precision": 0.20408163265306123,
            "recall": 0.10869565217391304,
            "f1-score": 0.14184397163120568,
            "support": 368.0
        },
        "21": {
            "precision": 0.8596112311015118,
            "recall": 0.9004524886877828,
            "f1-score": 0.8795580110497238,
            "support": 442.0
        },
        "22": {
            "precision": 0.8895486935866983,
            "recall": 0.9920529801324504,
            "f1-score": 0.9380087664370695,
            "support": 755.0
        },
        "23": {
            "precision": 0.9475982532751092,
            "recall": 0.5621761658031088,
            "f1-score": 0.7056910569105691,
            "support": 386.0
        },
        "24": {
            "precision": 0.8864734299516909,
            "recall": 0.8973105134474327,
            "f1-score": 0.8918590522478737,
            "support": 409.0
        },
        "25": {
            "precision": 0.3557692307692308,
            "recall": 0.22981366459627328,
            "f1-score": 0.2792452830188679,
            "support": 483.0
        },
        "26": {
            "precision": 0.9658703071672355,
            "recall": 0.4149560117302053,
            "f1-score": 0.5805128205128205,
            "support": 682.0
        },
        "27": {
            "precision": 0.7952973720608575,
            "recall": 0.9441707717569786,
            "f1-score": 0.8633633633633634,
            "support": 609.0
        },
        "28": {
            "precision": 0.4665825977301387,
            "recall": 0.9226932668329177,
            "f1-score": 0.6197654941373534,
            "support": 401.0
        },
        "29": {
            "precision": 0.9836065573770492,
            "recall": 0.8681672025723473,
            "f1-score": 0.9222886421861657,
            "support": 622.0
        },
        "30": {
            "precision": 0.9189723320158103,
            "recall": 0.7288401253918495,
            "f1-score": 0.8129370629370629,
            "support": 638.0
        },
        "31": {
            "precision": 0.4375,
            "recall": 0.012433392539964476,
            "f1-score": 0.024179620034542316,
            "support": 563.0
        },
        "32": {
            "precision": 0.5963060686015831,
            "recall": 0.5044642857142857,
            "f1-score": 0.5465538089480049,
            "support": 448.0
        },
        "33": {
            "precision": 0.0299625468164794,
            "recall": 0.06857142857142857,
            "f1-score": 0.04170286707211121,
            "support": 700.0
        },
        "34": {
            "precision": 0.7671232876712328,
            "recall": 0.5989304812834224,
            "f1-score": 0.6726726726726727,
            "support": 374.0
        },
        "35": {
            "precision": 0.3488372093023256,
            "recall": 0.036057692307692304,
            "f1-score": 0.06535947712418301,
            "support": 416.0
        },
        "36": {
            "precision": 0.9,
            "recall": 0.24803149606299213,
            "f1-score": 0.3888888888888889,
            "support": 508.0
        },
        "37": {
            "precision": 0.6121134020618557,
            "recall": 0.76,
            "f1-score": 0.6780870806566738,
            "support": 625.0
        },
        "38": {
            "precision": 0.940677966101695,
            "recall": 0.9823008849557522,
            "f1-score": 0.961038961038961,
            "support": 565.0
        },
        "39": {
            "precision": 0.0,
            "recall": 0.0,
            "f1-score": 0.0,
            "support": 696.0
        },
        "40": {
            "precision": 0.05555555555555555,
            "recall": 0.0025906735751295338,
            "f1-score": 0.0049504950495049506,
            "support": 386.0
        },
        "41": {
            "precision": 0.0,
            "recall": 0.0,
            "f1-score": 0.0,
            "support": 594.0
        },
        "42": {
            "precision": 0.28561690524880706,
            "recall": 0.9676674364896074,
            "f1-score": 0.44105263157894736,