{
    "acc1": 0.5386484819906416,
    "acc5": [
        0.757118502666038
    ],
    "mean_per_class_recall": 0.5138512935485088,
    "classification_report": {
        "0": {
            "precision": 0.0,
            "recall": 0.0,
            "f1-score": 0.0,
            "support": 382.0
        },
        "1": {
            "precision": 0.8842975206611571,
            "recall": 0.691437802907916,
            "f1-score": 0.7760652765185857,
            "support": 619.0
        },
        "2": {
            "precision": 1.0,
            "recall": 0.0023148148148148147,
            "f1-score": 0.004618937644341801,
            "support": 432.0
        },
        "3": {
            "precision": 0.8765432098765432,
            "recall": 0.9355783308931186,
            "f1-score": 0.9050991501416431,
            "support": 683.0
        },
        "4": {
            "precision": 0.2946081156197888,
            "recall": 0.7794117647058824,
            "f1-score": 0.42759177087535294,
            "support": 680.0
        },
        "5": {
            "precision": 0.4512325830653805,
            "recall": 0.9700460829493087,
            "f1-score": 0.6159473299195318,
            "support": 434.0
        },
        "6": {
            "precision": 0.0,
            "recall": 0.0,
            "f1-score": 0.0,
            "support": 421.0
        },
        "7": {
            "precision": 0.0,
            "recall": 0.0,
            "f1-score": 0.0,
            "support": 430.0
        },
        "8": {
            "precision": 0.951276102088167,
            "recall": 0.8249496981891348,
            "f1-score": 0.8836206896551724,
            "support": 497.0
        },
        "9": {
            "precision": 0.7818181818181819,
            "recall": 0.450261780104712,
            "f1-score": 0.5714285714285714,
            "support": 382.0
        },
        "10": {
            "precision": 0.0,
            "recall": 0.0,
            "f1-score": 0.0,
            "support": 447.0
        },
        "11": {
            "precision": 0.9116279069767442,
            "recall": 0.9514563106796117,
            "f1-score": 0.9311163895486936,
            "support": 412.0
        },
        "12": {
            "precision": 0.9533898305084746,
            "recall": 0.40250447227191416,
            "f1-score": 0.5660377358490566,
            "support": 559.0
        },
        "13": {
            "precision": 0.7727272727272727,
            "recall": 0.12469437652811736,
            "f1-score": 0.21473684210526317,
            "support": 409.0
        },
        "14": {
            "precision": 0.9901768172888016,
            "recall": 0.9655172413793104,
            "f1-score": 0.9776915615906887,
            "support": 522.0
        },
        "15": {
            "precision": 0.16646919431279622,
            "recall": 0.5155963302752293,
            "f1-score": 0.251679355127631,
            "support": 545.0
        },
        "16": {
            "precision": 0.18181818181818182,
            "recall": 0.005509641873278237,
            "f1-score": 0.0106951871657754,
            "support": 363.0
        },
        "17": {
            "precision": 0.0,
            "recall": 0.0,
            "f1-score": 0.0,
            "support": 569.0
        },
        "18": {
            "precision": 0.0,
            "recall": 0.0,
            "f1-score": 0.0,
            "support": 518.0
        },
        "19": {
            "precision": 0.2748930971288943,
            "recall": 0.9933774834437086,
            "f1-score": 0.430622009569378,
            "support": 453.0
        },
        "20": {
            "precision": 0.9528795811518325,
            "recall": 0.4607594936708861,
            "f1-score": 0.621160409556314,
            "support": 395.0
        },
        "21": {
            "precision": 0.6644518272425249,
            "recall": 0.3246753246753247,
            "f1-score": 0.4362050163576881,
            "support": 616.0
        },
        "22": {
            "precision": 0.8181818181818182,
            "recall": 0.18470149253731344,
            "f1-score": 0.3013698630136986,
            "support": 536.0
        },
        "23": {
            "precision": 0.871313672922252,
            "recall": 0.9475218658892128,
            "f1-score": 0.9078212290502793,
            "support": 686.0
        },
        "24": {
            "precision": 0.9752252252252253,
            "recall": 0.9908466819221968,
            "f1-score": 0.9829738933030647,
            "support": 437.0
        },
        "25": {
            "precision": 0.17135937026945203,
            "recall": 0.8654434250764526,
            "f1-score": 0.2860753095779631,
            "support": 654.0
        },
        "26": {
            "precision": 0.8211678832116789,
            "recall": 0.974025974025974,
            "f1-score": 0.8910891089108911,
            "support": 693.0
        },
        "27": {
            "precision": 0.38412017167381973,
            "recall": 0.2528248587570621,
            "f1-score": 0.3049403747870528,
            "support": 708.0
        },
        "28": {
            "precision": 0.9444444444444444,
            "recall": 0.07127882599580712,
            "f1-score": 0.13255360623781676,
            "support": 477.0
        },
        "29": {
            "precision": 0.0,
            "recall": 0.0,
            "f1-score": 0.0,
            "support": 564.0
        },
        "30": {
            "precision": 0.0625,
            "recall": 0.005199306759098787,
            "f1-score": 0.0096,
            "support": 577.0
        },
        "31": {
            "precision": 0.2128072445019405,
            "recall": 0.6985138004246284,
            "f1-score": 0.3262270699058007,
            "support": 471.0
        },
        "32": {
            "precision": 0.9111111111111111,
            "recall": 0.7490864799025578,
            "f1-score": 0.8221925133689839,
            "support": 821.0
        },
        "33": {
            "precision": 0.8577586206896551,
            "recall": 0.908675799086758,
            "f1-score": 0.8824833702882483,
            "support": 657.0
        },
        "34": {
            "precision": 0.9896907216494846,
            "recall": 0.6931407942238267,
            "f1-score": 0.8152866242038217,
            "support": 554.0
        },
        "35": {
            "precision": 0.35267857142857145,
            "recall": 0.7608346709470305,
            "f1-score": 0.48195221148957806,
            "support": 623.0
        },
        "36": {
            "precision": 0.8860544217687075,
            "recall": 0.7811094452773614,
            "f1-score": 0.8302788844621514,
            "support": 667.0
        },
        "37": {
            "precision": 0.7049180327868853,
            "recall": 0.945054945054945,
            "f1-score": 0.8075117370892019,
            "support": 637.0
        },
        "38": {
            "precision": 0.9600665557404326,
            "recall": 0.9914089347079038,
            "f1-score": 0.9754860524091293,
            "support": 582.0
        },
        "39": {
            "precision": 0.827708703374778,
            "recall": 0.7247278382581649,
            "f1-score": 0.7728026533996684,
            "support": 643.0
        },
        "40": {
            "precision": 0.41304347826086957,
            "recall": 0.2647058823529412,
            "f1-score": 0.32264150943396225,
            "support": 646.0
        },
        "41": {
            "precision": 0.8648648648648649,
            "recall": 0.898876404494382,
            "f1-score": 0.8815426997245179,
            "support": 534.0
        },
        "42": {
            "precision": 0.9095940959409594,
            "recall": 0.9372623574144486,
            "f1-score": 0.9232209737827716,
            "support": 526.0
        },
        "43": {
            "precision": 0.46808510638297873,
            "recall": 0.04296875,
            "f1-score": 0.07871198568872988,