{
    "acc1": 0.5439805578729733,
    "acc5": [
        0.7551960535383946
    ],
    "mean_per_class_recall": 0.5190904064187768,
    "classification_report": {
        "0": {
            "precision": 0.0,
            "recall": 0.0,
            "f1-score": 0.0,
            "support": 382.0
        },
        "1": {
            "precision": 0.8695652173913043,
            "recall": 0.7431340872374798,
            "f1-score": 0.8013937282229965,
            "support": 619.0
        },
        "2": {
            "precision": 0.5,
            "recall": 0.004629629629629629,
            "f1-score": 0.009174311926605505,
            "support": 432.0
        },
        "3": {
            "precision": 0.8639365918097754,
            "recall": 0.9575402635431918,
            "f1-score": 0.9083333333333333,
            "support": 683.0
        },
        "4": {
            "precision": 0.3634361233480176,
            "recall": 0.7279411764705882,
            "f1-score": 0.48481880509304603,
            "support": 680.0
        },
        "5": {
            "precision": 0.670926517571885,
            "recall": 0.967741935483871,
            "f1-score": 0.7924528301886793,
            "support": 434.0
        },
        "6": {
            "precision": 0.0,
            "recall": 0.0,
            "f1-score": 0.0,
            "support": 421.0
        },
        "7": {
            "precision": 0.5,
            "recall": 0.002325581395348837,
            "f1-score": 0.004629629629629629,
            "support": 430.0
        },
        "8": {
            "precision": 0.9452054794520548,
            "recall": 0.8329979879275654,
            "f1-score": 0.8855614973262033,
            "support": 497.0
        },
        "9": {
            "precision": 0.6875,
            "recall": 0.2879581151832461,
            "f1-score": 0.4059040590405904,
            "support": 382.0
        },
        "10": {
            "precision": 0.0,
            "recall": 0.0,
            "f1-score": 0.0,
            "support": 447.0
        },
        "11": {
            "precision": 0.941031941031941,
            "recall": 0.9296116504854369,
            "f1-score": 0.9352869352869353,
            "support": 412.0
        },
        "12": {
            "precision": 0.9595375722543352,
            "recall": 0.29695885509839,
            "f1-score": 0.453551912568306,
            "support": 559.0
        },
        "13": {
            "precision": 0.5454545454545454,
            "recall": 0.014669926650366748,
            "f1-score": 0.02857142857142857,
            "support": 409.0
        },
        "14": {
            "precision": 0.9920477137176938,
            "recall": 0.9559386973180076,
            "f1-score": 0.9736585365853658,
            "support": 522.0
        },
        "15": {
            "precision": 0.1801715919923737,
            "recall": 0.6935779816513762,
            "f1-score": 0.28603859250851305,
            "support": 545.0
        },
        "16": {
            "precision": 0.0,
            "recall": 0.0,
            "f1-score": 0.0,
            "support": 363.0
        },
        "17": {
            "precision": 0.0,
            "recall": 0.0,
            "f1-score": 0.0,
            "support": 569.0
        },
        "18": {
            "precision": 0.6666666666666666,
            "recall": 0.003861003861003861,
            "f1-score": 0.007677543186180422,
            "support": 518.0
        },
        "19": {
            "precision": 0.2805486284289277,
            "recall": 0.9933774834437086,
            "f1-score": 0.4375303840544482,
            "support": 453.0
        },
        "20": {
            "precision": 0.9390862944162437,
            "recall": 0.46835443037974683,
            "f1-score": 0.625,
            "support": 395.0
        },
        "21": {
            "precision": 0.5442043222003929,
            "recall": 0.4496753246753247,
            "f1-score": 0.49244444444444446,
            "support": 616.0
        },
        "22": {
            "precision": 0.8456221198156681,
            "recall": 0.6847014925373134,
            "f1-score": 0.756701030927835,
            "support": 536.0
        },
        "23": {
            "precision": 0.895774647887324,
            "recall": 0.9271137026239067,
            "f1-score": 0.9111747851002865,
            "support": 686.0
        },
        "24": {
            "precision": 0.9907834101382489,
            "recall": 0.9839816933638444,
            "f1-score": 0.9873708381171068,
            "support": 437.0
        },
        "25": {
            "precision": 0.18170144462279295,
            "recall": 0.8654434250764526,
            "f1-score": 0.30034491907667815,
            "support": 654.0
        },
        "26": {
            "precision": 0.7915194346289752,
            "recall": 0.9696969696969697,
            "f1-score": 0.8715953307392996,
            "support": 693.0
        },
        "27": {
            "precision": 0.3583617747440273,
            "recall": 0.1483050847457627,
            "f1-score": 0.2097902097902098,
            "support": 708.0
        },
        "28": {
            "precision": 0.96,
            "recall": 0.050314465408805034,
            "f1-score": 0.09561752988047809,
            "support": 477.0
        },
        "29": {
            "precision": 0.0,
            "recall": 0.0,
            "f1-score": 0.0,
            "support": 564.0
        },
        "30": {
            "precision": 0.12244897959183673,
            "recall": 0.0415944540727903,
            "f1-score": 0.062095730918499355,
            "support": 577.0
        },
        "31": {
            "precision": 0.25787965616045844,
            "recall": 0.7643312101910829,
            "f1-score": 0.38564542046063205,
            "support": 471.0
        },
        "32": {
            "precision": 0.8825214899713467,
            "recall": 0.7503045066991474,
            "f1-score": 0.8110599078341014,
            "support": 821.0
        },
        "33": {
            "precision": 0.8317373461012312,
            "recall": 0.9254185692541856,
            "f1-score": 0.8760806916426513,
            "support": 657.0
        },
        "34": {
            "precision": 0.963276836158192,
            "recall": 0.6155234657039711,
            "f1-score": 0.751101321585903,
            "support": 554.0
        },
        "35": {
            "precision": 0.3904847396768402,
            "recall": 0.6982343499197432,
            "f1-score": 0.5008635578583766,
            "support": 623.0
        },
        "36": {
            "precision": 0.8922558922558923,
            "recall": 0.7946026986506747,
            "f1-score": 0.8406026962727994,
            "support": 667.0
        },
        "37": {
            "precision": 0.6874292185730464,
            "recall": 0.9529042386185244,
            "f1-score": 0.7986842105263158,
            "support": 637.0
        },
        "38": {
            "precision": 0.9697478991596639,
            "recall": 0.9914089347079038,
            "f1-score": 0.9804587935429057,
            "support": 582.0
        },
        "39": {
            "precision": 0.82842287694974,
            "recall": 0.7433903576982893,
            "f1-score": 0.7836065573770492,
            "support": 643.0
        },
        "40": {
            "precision": 0.41402714932126694,
            "recall": 0.28328173374613,
            "f1-score": 0.33639705882352944,
            "support": 646.0
        },
        "41": {
            "precision": 0.8163265306122449,
            "recall": 0.898876404494382,
            "f1-score": 0.8556149732620321,
            "support": 534.0
        },
        "42": {
            "precision": 0.9107468123861566,
            "recall": 0.9505703422053232,
            "f1-score": 0.9302325581395349,
            "support": 526.0
        },
        "43": {
            "precision": 0.2751677852348993,
            "recall": 0.080078125,