{
    "acc1": 0.5756231288100133,
    "acc5": [
        0.7822746456011255
    ],
    "mean_per_class_recall": 0.5771203193247275,
    "classification_report": {
        "0": {
            "precision": 0.0,
            "recall": 0.0,
            "f1-score": 0.0,
            "support": 441.0
        },
        "1": {
            "precision": 0.8864864864864865,
            "recall": 0.870026525198939,
            "f1-score": 0.8781793842034806,
            "support": 377.0
        },
        "2": {
            "precision": 0.7806122448979592,
            "recall": 0.9291497975708503,
            "f1-score": 0.8484288354898336,
            "support": 494.0
        },
        "3": {
            "precision": 0.8258620689655173,
            "recall": 0.7013177159590044,
            "f1-score": 0.7585114806017419,
            "support": 683.0
        },
        "4": {
            "precision": 0.9587628865979382,
            "recall": 0.8942307692307693,
            "f1-score": 0.9253731343283582,
            "support": 416.0
        },
        "5": {
            "precision": 0.9472934472934473,
            "recall": 0.965166908563135,
            "f1-score": 0.9561466570812365,
            "support": 689.0
        },
        "6": {
            "precision": 0.34523809523809523,
            "recall": 0.08033240997229917,
            "f1-score": 0.1303370786516854,
            "support": 361.0
        },
        "7": {
            "precision": 0.5962314939434724,
            "recall": 0.9932735426008968,
            "f1-score": 0.7451640033641715,
            "support": 446.0
        },
        "8": {
            "precision": 0.2631578947368421,
            "recall": 0.027548209366391185,
            "f1-score": 0.04987531172069826,
            "support": 363.0
        },
        "9": {
            "precision": 0.6442417331812998,
            "recall": 0.9741379310344828,
            "f1-score": 0.7755662319835278,
            "support": 580.0
        },
        "10": {
            "precision": 0.4666666666666667,
            "recall": 0.022617124394184167,
            "f1-score": 0.04314329738058552,
            "support": 619.0
        },
        "11": {
            "precision": 0.9910714285714286,
            "recall": 0.8457142857142858,
            "f1-score": 0.9126413155190134,
            "support": 525.0
        },
        "12": {
            "precision": 0.9481981981981982,
            "recall": 0.8065134099616859,
            "f1-score": 0.8716356107660456,
            "support": 522.0
        },
        "13": {
            "precision": 0.5752380952380952,
            "recall": 0.593320235756385,
            "f1-score": 0.5841392649903289,
            "support": 509.0
        },
        "14": {
            "precision": 0.8599562363238512,
            "recall": 0.4522439585730725,
            "f1-score": 0.5927601809954751,
            "support": 869.0
        },
        "15": {
            "precision": 0.6702702702702703,
            "recall": 0.6088379705400983,
            "f1-score": 0.6380789022298456,
            "support": 611.0
        },
        "16": {
            "precision": 0.39349930843706776,
            "recall": 0.8932496075353218,
            "f1-score": 0.5463274123859817,
            "support": 637.0
        },
        "17": {
            "precision": 0.0,
            "recall": 0.0,
            "f1-score": 0.0,
            "support": 707.0
        },
        "18": {
            "precision": 0.0,
            "recall": 0.0,
            "f1-score": 0.0,
            "support": 593.0
        },
        "19": {
            "precision": 0.8861111111111111,
            "recall": 0.9354838709677419,
            "f1-score": 0.9101283880171184,
            "support": 341.0
        },
        "20": {
            "precision": 0.0,
            "recall": 0.0,
            "f1-score": 0.0,
            "support": 554.0
        },
        "21": {
            "precision": 0.8043143297380585,
            "recall": 0.8599670510708401,
            "f1-score": 0.8312101910828026,
            "support": 607.0
        },
        "22": {
            "precision": 0.9651639344262295,
            "recall": 0.8321554770318021,
            "f1-score": 0.8937381404174574,
            "support": 566.0
        },
        "23": {
            "precision": 0.728249194414608,
            "recall": 0.900398406374502,
            "f1-score": 0.8052256532066508,
            "support": 753.0
        },
        "24": {
            "precision": 0.25513765025203566,
            "recall": 0.9333333333333333,
            "f1-score": 0.4007308160779537,
            "support": 705.0
        },
        "25": {
            "precision": 0.2189922480620155,
            "recall": 0.7007751937984497,
            "f1-score": 0.33370247323735697,
            "support": 645.0
        },
        "26": {
            "precision": 0.751458576429405,
            "recall": 0.8994413407821229,
            "f1-score": 0.8188175460902734,
            "support": 716.0
        },
        "27": {
            "precision": 0.6763485477178424,
            "recall": 0.8810810810810811,
            "f1-score": 0.7652582159624414,
            "support": 370.0
        },
        "28": {
            "precision": 0.09090909090909091,
            "recall": 0.0010964912280701754,
            "f1-score": 0.0021668472372697724,
            "support": 912.0
        },
        "29": {
            "precision": 0.5,
            "recall": 0.006185567010309278,
            "f1-score": 0.012219959266802444,
            "support": 485.0
        },
        "30": {
            "precision": 0.9805194805194806,
            "recall": 0.769100169779287,
            "f1-score": 0.8620361560418649,
            "support": 589.0
        },
        "31": {
            "precision": 0.0,
            "recall": 0.0,
            "f1-score": 0.0,
            "support": 388.0
        },
        "32": {
            "precision": 0.698019801980198,
            "recall": 0.6894865525672371,
            "f1-score": 0.6937269372693727,
            "support": 409.0
        },
        "33": {
            "precision": 0.5092460881934566,
            "recall": 0.7061143984220908,
            "f1-score": 0.5917355371900826,
            "support": 507.0
        },
        "34": {
            "precision": 0.9697508896797153,
            "recall": 0.9628975265017667,
            "f1-score": 0.9663120567375887,
            "support": 566.0
        },
        "35": {
            "precision": 0.33429394812680113,
            "recall": 0.22179732313575526,
            "f1-score": 0.26666666666666666,
            "support": 523.0
        },
        "36": {
            "precision": 0.8251001335113485,
            "recall": 0.9825119236883942,
            "f1-score": 0.8969521044992743,
            "support": 629.0
        },
        "37": {
            "precision": 0.0,
            "recall": 0.0,
            "f1-score": 0.0,
            "support": 491.0
        },
        "38": {
            "precision": 0.5204819277108433,
            "recall": 0.8181818181818182,
            "f1-score": 0.6362297496318114,
            "support": 528.0
        },
        "39": {
            "precision": 0.7891891891891892,
            "recall": 0.8295454545454546,
            "f1-score": 0.8088642659279779,
            "support": 528.0
        },
        "40": {
            "precision": 0.953125,
            "recall": 0.9312977099236641,
            "f1-score": 0.9420849420849421,
            "support": 393.0
        },
        "41": {
            "precision": 0.0,
            "recall": 0.0,
            "f1-score": 0.0,
            "support": 736.0
        },
        "42": {
            "precision": 0.9801324503311258,
            "recall": 0.6519823788546255,
            "f1-score": 0.783068783068783,
            "support": 681.0
        },
        "43": {
            "precision": 0.1660919540229885,
            "recall": 0.9307568438003221,