{
    "acc1": 0.5730260155180283,
    "acc5": [
        0.7843450479233227
    ],
    "mean_per_class_recall": 0.5545184619958549,
    "classification_report": {
        "0": {
            "precision": 0.919917864476386,
            "recall": 0.8715953307392996,
            "f1-score": 0.8951048951048951,
            "support": 514.0
        },
        "1": {
            "precision": 0.0,
            "recall": 0.0,
            "f1-score": 0.0,
            "support": 494.0
        },
        "2": {
            "precision": 0.9691629955947136,
            "recall": 0.9109730848861284,
            "f1-score": 0.9391675560298826,
            "support": 483.0
        },
        "3": {
            "precision": 0.375,
            "recall": 0.03225806451612903,
            "f1-score": 0.0594059405940594,
            "support": 651.0
        },
        "4": {
            "precision": 0.6100478468899522,
            "recall": 0.3772189349112426,
            "f1-score": 0.46617915904936014,
            "support": 676.0
        },
        "5": {
            "precision": 0.21212121212121213,
            "recall": 0.019230769230769232,
            "f1-score": 0.03526448362720403,
            "support": 364.0
        },
        "6": {
            "precision": 0.31123388581952116,
            "recall": 0.9428172942817294,
            "f1-score": 0.4679820006922811,
            "support": 717.0
        },
        "7": {
            "precision": 0.0,
            "recall": 0.0,
            "f1-score": 0.0,
            "support": 429.0
        },
        "8": {
            "precision": 0.0,
            "recall": 0.0,
            "f1-score": 0.0,
            "support": 619.0
        },
        "9": {
            "precision": 0.9534450651769087,
            "recall": 0.9884169884169884,
            "f1-score": 0.9706161137440759,
            "support": 518.0
        },
        "10": {
            "precision": 0.994535519125683,
            "recall": 0.4108352144469526,
            "f1-score": 0.5814696485623003,
            "support": 443.0
        },
        "11": {
            "precision": 0.0,
            "recall": 0.0,
            "f1-score": 0.0,
            "support": 464.0
        },
        "12": {
            "precision": 1.0,
            "recall": 0.01837270341207349,
            "f1-score": 0.03608247422680412,
            "support": 381.0
        },
        "13": {
            "precision": 0.16666666666666666,
            "recall": 0.0022222222222222222,
            "f1-score": 0.0043859649122807015,
            "support": 450.0
        },
        "14": {
            "precision": 0.9666203059805285,
            "recall": 0.994277539341917,
            "f1-score": 0.9802538787023978,
            "support": 699.0
        },
        "15": {
            "precision": 0.0,
            "recall": 0.0,
            "f1-score": 0.0,
            "support": 541.0
        },
        "16": {
            "precision": 0.8716981132075472,
            "recall": 0.9506172839506173,
            "f1-score": 0.9094488188976378,
            "support": 486.0
        },
        "17": {
            "precision": 0.02857142857142857,
            "recall": 0.0020408163265306124,
            "f1-score": 0.0038095238095238095,
            "support": 490.0
        },
        "18": {
            "precision": 0.0,
            "recall": 0.0,
            "f1-score": 0.0,
            "support": 340.0
        },
        "19": {
            "precision": 0.638328530259366,
            "recall": 0.9588744588744589,
            "f1-score": 0.7664359861591695,
            "support": 462.0
        },
        "20": {
            "precision": 0.9384615384615385,
            "recall": 0.977116704805492,
            "f1-score": 0.9573991031390134,
            "support": 437.0
        },
        "21": {
            "precision": 0.943127962085308,
            "recall": 0.5168831168831168,
            "f1-score": 0.6677852348993288,
            "support": 385.0
        },
        "22": {
            "precision": 0.8132911392405063,
            "recall": 0.7626112759643917,
            "f1-score": 0.7871362940275651,
            "support": 337.0
        },
        "23": {
            "precision": 0.4357615894039735,
            "recall": 0.9705014749262537,
            "f1-score": 0.6014625228519196,
            "support": 339.0
        },
        "24": {
            "precision": 0.7871690427698574,
            "recall": 0.8494505494505494,
            "f1-score": 0.8171247357293869,
            "support": 910.0
        },
        "25": {
            "precision": 0.22287735849056603,
            "recall": 0.7325581395348837,
            "f1-score": 0.34177215189873417,
            "support": 516.0
        },
        "26": {
            "precision": 0.994535519125683,
            "recall": 0.8425925925925926,
            "f1-score": 0.9122807017543859,
            "support": 432.0
        },
        "27": {
            "precision": 0.7824933687002652,
            "recall": 0.7375,
            "f1-score": 0.7593307593307593,
            "support": 400.0
        },
        "28": {
            "precision": 0.27692307692307694,
            "recall": 0.9395604395604396,
            "f1-score": 0.4277673545966229,
            "support": 364.0
        },
        "29": {
            "precision": 0.9285714285714286,
            "recall": 0.770618556701031,
            "f1-score": 0.8422535211267606,
            "support": 388.0
        },
        "30": {
            "precision": 0.75,
            "recall": 0.005385996409335727,
            "f1-score": 0.0106951871657754,
            "support": 557.0
        },
        "31": {
            "precision": 0.9102333931777379,
            "recall": 0.9694072657743786,
            "f1-score": 0.9388888888888889,
            "support": 523.0
        },
        "32": {
            "precision": 0.16982836495031617,
            "recall": 0.8650306748466258,
            "f1-score": 0.2839164359426126,
            "support": 652.0
        },
        "33": {
            "precision": 0.4367816091954023,
            "recall": 0.10795454545454546,
            "f1-score": 0.17312072892938496,
            "support": 352.0
        },
        "34": {
            "precision": 0.8462686567164179,
            "recall": 0.8656488549618321,
            "f1-score": 0.8558490566037736,
            "support": 655.0
        },
        "35": {
            "precision": 0.9530864197530864,
            "recall": 0.8058455114822547,
            "f1-score": 0.8733031674208145,
            "support": 479.0
        },
        "36": {
            "precision": 0.8076923076923077,
            "recall": 0.8941605839416058,
            "f1-score": 0.848729792147806,
            "support": 822.0
        },
        "37": {
            "precision": 0.9844192634560907,
            "recall": 0.9417344173441734,
            "f1-score": 0.9626038781163435,
            "support": 738.0
        },
        "38": {
            "precision": 0.47540983606557374,
            "recall": 0.04027777777777778,
            "f1-score": 0.07426376440460948,
            "support": 720.0
        },
        "39": {
            "precision": 0.5859649122807018,
            "recall": 0.231622746185853,
            "f1-score": 0.3320079522862823,
            "support": 721.0
        },
        "40": {
            "precision": 0.34100808960796514,
            "recall": 0.9547038327526133,
            "f1-score": 0.5025217790004585,
            "support": 574.0
        },
        "41": {
            "precision": 0.8706697459584296,
            "recall": 0.9666666666666667,
            "f1-score": 0.9161603888213852,
            "support": 780.0
        },
        "42": {
            "precision": 0.4158415841584158,
            "recall": 0.09438202247191012,
            "f1-score": 0.15384615384615385,
            "support": 445.0
        },
        "43": {
            "precision": 0.0,
            "recall": 0.0,
            "f1-score": 0.0,