{
    "acc1": 0.5753841472691313,
    "acc5": [
        0.7633120340788072
    ],
    "mean_per_class_recall": 0.5604069413055478,
    "classification_report": {
        "0": {
            "precision": 0.9653579676674365,
            "recall": 0.8132295719844358,
            "f1-score": 0.8827877507919747,
            "support": 514.0
        },
        "1": {
            "precision": 0.017391304347826087,
            "recall": 0.004048582995951417,
            "f1-score": 0.006568144499178982,
            "support": 494.0
        },
        "2": {
            "precision": 0.9794520547945206,
            "recall": 0.8881987577639752,
            "f1-score": 0.9315960912052117,
            "support": 483.0
        },
        "3": {
            "precision": 0.0,
            "recall": 0.0,
            "f1-score": 0.0,
            "support": 651.0
        },
        "4": {
            "precision": 0.6749435665914221,
            "recall": 0.4423076923076923,
            "f1-score": 0.5344057193923145,
            "support": 676.0
        },
        "5": {
            "precision": 0.5,
            "recall": 0.0027472527472527475,
            "f1-score": 0.00546448087431694,
            "support": 364.0
        },
        "6": {
            "precision": 0.2669260700389105,
            "recall": 0.9567642956764296,
            "f1-score": 0.41740188621843627,
            "support": 717.0
        },
        "7": {
            "precision": 0.0,
            "recall": 0.0,
            "f1-score": 0.0,
            "support": 429.0
        },
        "8": {
            "precision": 0.0,
            "recall": 0.0,
            "f1-score": 0.0,
            "support": 619.0
        },
        "9": {
            "precision": 0.9533582089552238,
            "recall": 0.9864864864864865,
            "f1-score": 0.969639468690702,
            "support": 518.0
        },
        "10": {
            "precision": 1.0,
            "recall": 0.4672686230248307,
            "f1-score": 0.6369230769230769,
            "support": 443.0
        },
        "11": {
            "precision": 0.0,
            "recall": 0.0,
            "f1-score": 0.0,
            "support": 464.0
        },
        "12": {
            "precision": 0.9558823529411765,
            "recall": 0.17060367454068243,
            "f1-score": 0.289532293986637,
            "support": 381.0
        },
        "13": {
            "precision": 0.047619047619047616,
            "recall": 0.0022222222222222222,
            "f1-score": 0.004246284501061571,
            "support": 450.0
        },
        "14": {
            "precision": 0.9466484268125855,
            "recall": 0.9899856938483548,
            "f1-score": 0.9678321678321679,
            "support": 699.0
        },
        "15": {
            "precision": 0.0,
            "recall": 0.0,
            "f1-score": 0.0,
            "support": 541.0
        },
        "16": {
            "precision": 0.7885906040268457,
            "recall": 0.9670781893004116,
            "f1-score": 0.8687615526802218,
            "support": 486.0
        },
        "17": {
            "precision": 0.0,
            "recall": 0.0,
            "f1-score": 0.0,
            "support": 490.0
        },
        "18": {
            "precision": 0.0,
            "recall": 0.0,
            "f1-score": 0.0,
            "support": 340.0
        },
        "19": {
            "precision": 0.554601226993865,
            "recall": 0.9783549783549783,
            "f1-score": 0.7079091620986687,
            "support": 462.0
        },
        "20": {
            "precision": 0.951276102088167,
            "recall": 0.9382151029748284,
            "f1-score": 0.9447004608294931,
            "support": 437.0
        },
        "21": {
            "precision": 0.9578947368421052,
            "recall": 0.4727272727272727,
            "f1-score": 0.6330434782608696,
            "support": 385.0
        },
        "22": {
            "precision": 0.7854984894259819,
            "recall": 0.771513353115727,
            "f1-score": 0.7784431137724551,
            "support": 337.0
        },
        "23": {
            "precision": 0.4669603524229075,
            "recall": 0.9380530973451328,
            "f1-score": 0.6235294117647059,
            "support": 339.0
        },
        "24": {
            "precision": 0.7391688770999116,
            "recall": 0.9186813186813186,
            "f1-score": 0.8192062714355708,
            "support": 910.0
        },
        "25": {
            "precision": 0.26991869918699185,
            "recall": 0.6434108527131783,
            "f1-score": 0.38029782359679265,
            "support": 516.0
        },
        "26": {
            "precision": 0.9872122762148338,
            "recall": 0.8935185185185185,
            "f1-score": 0.9380315917375456,
            "support": 432.0
        },
        "27": {
            "precision": 0.7866666666666666,
            "recall": 0.7375,
            "f1-score": 0.7612903225806451,
            "support": 400.0
        },
        "28": {
            "precision": 0.2945326278659612,
            "recall": 0.9175824175824175,
            "f1-score": 0.4459279038718291,
            "support": 364.0
        },
        "29": {
            "precision": 0.9002770083102493,
            "recall": 0.8376288659793815,
            "f1-score": 0.8678237650200267,
            "support": 388.0
        },
        "30": {
            "precision": 0.8,
            "recall": 0.00718132854578097,
            "f1-score": 0.014234875444839857,
            "support": 557.0
        },
        "31": {
            "precision": 0.9418386491557224,
            "recall": 0.9598470363288719,
            "f1-score": 0.9507575757575758,
            "support": 523.0
        },
        "32": {
            "precision": 0.2111506524317912,
            "recall": 0.8190184049079755,
            "f1-score": 0.3357434768940585,
            "support": 652.0
        },
        "33": {
            "precision": 0.4888888888888889,
            "recall": 0.0625,
            "f1-score": 0.11083123425692695,
            "support": 352.0
        },
        "34": {
            "precision": 0.7340153452685422,
            "recall": 0.8763358778625954,
            "f1-score": 0.7988865692414753,
            "support": 655.0
        },
        "35": {
            "precision": 0.9722222222222222,
            "recall": 0.5845511482254697,
            "f1-score": 0.7301173402868318,
            "support": 479.0
        },
        "36": {
            "precision": 0.8286802030456852,
            "recall": 0.7944038929440389,
            "f1-score": 0.8111801242236025,
            "support": 822.0
        },
        "37": {
            "precision": 0.9871060171919771,
            "recall": 0.9336043360433605,
            "f1-score": 0.9596100278551533,
            "support": 738.0
        },
        "38": {
            "precision": 0.5833333333333334,
            "recall": 0.029166666666666667,
            "f1-score": 0.05555555555555555,
            "support": 720.0
        },
        "39": {
            "precision": 0.5454545454545454,
            "recall": 0.07489597780859916,
            "f1-score": 0.13170731707317074,
            "support": 721.0
        },
        "40": {
            "precision": 0.37057220708446864,
            "recall": 0.9477351916376306,
            "f1-score": 0.5328109696376102,
            "support": 574.0
        },
        "41": {
            "precision": 0.9098660170523751,
            "recall": 0.9576923076923077,
            "f1-score": 0.9331667707682698,
            "support": 780.0
        },
        "42": {
            "precision": 0.23134890730972119,
            "recall": 0.6898876404494382,
            "f1-score": 0.34650112866817157,
            "support": 445.0
        },
        "43": {
            "precision": 0.0,
            "recall": 0.0,
            "f1-score": 0.0,
            "support": 468.0
        },