{
    "acc1": 0.5611592879963487,
    "acc5": [
        0.7505705157462346
    ],
    "mean_per_class_recall": 0.5434613350544025,
    "classification_report": {
        "0": {
            "precision": 0.852112676056338,
            "recall": 0.9416342412451362,
            "f1-score": 0.8946395563770795,
            "support": 514.0
        },
        "1": {
            "precision": 0.0,
            "recall": 0.0,
            "f1-score": 0.0,
            "support": 494.0
        },
        "2": {
            "precision": 0.9794050343249427,
            "recall": 0.8861283643892339,
            "f1-score": 0.9304347826086956,
            "support": 483.0
        },
        "3": {
            "precision": 0.42272727272727273,
            "recall": 0.14285714285714285,
            "f1-score": 0.21354764638346727,
            "support": 651.0
        },
        "4": {
            "precision": 0.608876560332871,
            "recall": 0.6494082840236687,
            "f1-score": 0.6284896206156049,
            "support": 676.0
        },
        "5": {
            "precision": 0.036585365853658534,
            "recall": 0.008241758241758242,
            "f1-score": 0.013452914798206279,
            "support": 364.0
        },
        "6": {
            "precision": 0.3486045286993154,
            "recall": 0.9232914923291492,
            "f1-score": 0.5061162079510704,
            "support": 717.0
        },
        "7": {
            "precision": 0.0,
            "recall": 0.0,
            "f1-score": 0.0,
            "support": 429.0
        },
        "8": {
            "precision": 0.0,
            "recall": 0.0,
            "f1-score": 0.0,
            "support": 619.0
        },
        "9": {
            "precision": 0.9261261261261261,
            "recall": 0.9922779922779923,
            "f1-score": 0.9580615097856477,
            "support": 518.0
        },
        "10": {
            "precision": 0.9928057553956835,
            "recall": 0.3115124153498871,
            "f1-score": 0.4742268041237113,
            "support": 443.0
        },
        "11": {
            "precision": 0.0,
            "recall": 0.0,
            "f1-score": 0.0,
            "support": 464.0
        },
        "12": {
            "precision": 0.921875,
            "recall": 0.7742782152230971,
            "f1-score": 0.8416547788873039,
            "support": 381.0
        },
        "13": {
            "precision": 0.25,
            "recall": 0.0022222222222222222,
            "f1-score": 0.004405286343612335,
            "support": 450.0
        },
        "14": {
            "precision": 0.9625,
            "recall": 0.9914163090128756,
            "f1-score": 0.9767441860465116,
            "support": 699.0
        },
        "15": {
            "precision": 0.3333333333333333,
            "recall": 0.0036968576709796672,
            "f1-score": 0.007312614259597806,
            "support": 541.0
        },
        "16": {
            "precision": 0.7982905982905983,
            "recall": 0.9609053497942387,
            "f1-score": 0.8720821661998133,
            "support": 486.0
        },
        "17": {
            "precision": 0.0,
            "recall": 0.0,
            "f1-score": 0.0,
            "support": 490.0
        },
        "18": {
            "precision": 0.0,
            "recall": 0.0,
            "f1-score": 0.0,
            "support": 340.0
        },
        "19": {
            "precision": 0.6284074605451937,
            "recall": 0.948051948051948,
            "f1-score": 0.7558239861949957,
            "support": 462.0
        },
        "20": {
            "precision": 0.9515738498789347,
            "recall": 0.8993135011441648,
            "f1-score": 0.9247058823529412,
            "support": 437.0
        },
        "21": {
            "precision": 0.976,
            "recall": 0.3168831168831169,
            "f1-score": 0.47843137254901963,
            "support": 385.0
        },
        "22": {
            "precision": 0.9253112033195021,
            "recall": 0.6617210682492581,
            "f1-score": 0.7716262975778547,
            "support": 337.0
        },
        "23": {
            "precision": 0.7487684729064039,
            "recall": 0.8967551622418879,
            "f1-score": 0.8161073825503355,
            "support": 339.0
        },
        "24": {
            "precision": 0.8803317535545023,
            "recall": 0.8164835164835165,
            "f1-score": 0.8472063854047891,
            "support": 910.0
        },
        "25": {
            "precision": 0.2602291325695581,
            "recall": 0.6162790697674418,
            "f1-score": 0.3659378596087457,
            "support": 516.0
        },
        "26": {
            "precision": 0.9498680738786279,
            "recall": 0.8333333333333334,
            "f1-score": 0.8877928483353884,
            "support": 432.0
        },
        "27": {
            "precision": 0.8896103896103896,
            "recall": 0.685,
            "f1-score": 0.7740112994350282,
            "support": 400.0
        },
        "28": {
            "precision": 0.16327543424317617,
            "recall": 0.9038461538461539,
            "f1-score": 0.2765868011769651,
            "support": 364.0
        },
        "29": {
            "precision": 0.8805194805194805,
            "recall": 0.8737113402061856,
            "f1-score": 0.8771021992238034,
            "support": 388.0
        },
        "30": {
            "precision": 0.6666666666666666,
            "recall": 0.00718132854578097,
            "f1-score": 0.014209591474245116,
            "support": 557.0
        },
        "31": {
            "precision": 0.958984375,
            "recall": 0.9388145315487572,
            "f1-score": 0.9487922705314009,
            "support": 523.0
        },
        "32": {
            "precision": 0.1369465279458021,
            "recall": 0.8680981595092024,
            "f1-score": 0.23657262277951932,
            "support": 652.0
        },
        "33": {
            "precision": 0.4444444444444444,
            "recall": 0.03409090909090909,
            "f1-score": 0.0633245382585752,
            "support": 352.0
        },
        "34": {
            "precision": 0.7963483146067416,
            "recall": 0.8656488549618321,
            "f1-score": 0.8295537673738113,
            "support": 655.0
        },
        "35": {
            "precision": 0.7883064516129032,
            "recall": 0.8162839248434238,
            "f1-score": 0.8020512820512821,
            "support": 479.0
        },
        "36": {
            "precision": 0.7053009883198562,
            "recall": 0.9549878345498783,
            "f1-score": 0.8113695090439277,
            "support": 822.0
        },
        "37": {
            "precision": 0.9844851904090268,
            "recall": 0.94579945799458,
            "f1-score": 0.9647546648237734,
            "support": 738.0
        },
        "38": {
            "precision": 0.40540540540540543,
            "recall": 0.020833333333333332,
            "f1-score": 0.03963011889035667,
            "support": 720.0
        },
        "39": {
            "precision": 0.16666666666666666,
            "recall": 0.0027739251040221915,
            "f1-score": 0.005457025920873124,
            "support": 721.0
        },
        "40": {
            "precision": 0.3298717165546732,
            "recall": 0.9407665505226481,
            "f1-score": 0.48846675712347354,
            "support": 574.0
        },
        "41": {
            "precision": 0.9377537212449256,
            "recall": 0.8884615384615384,
            "f1-score": 0.9124423963133641,
            "support": 780.0
        },
        "42": {
            "precision": 0.391304347826087,
            "recall": 0.020224719101123594,
            "f1-score": 0.038461538461538464,
            "support": 445.0
        },
        "43": {
            "precision": 0.0,
            "recall": 0.0,
            "f1-score": 0.0,