{
    "acc1": 0.5924683475814306,
    "acc5": [
        0.7936370522670707
    ],
    "mean_per_class_recall": 0.5945994639448203,
    "classification_report": {
        "0": {
            "precision": 0.0,
            "recall": 0.0,
            "f1-score": 0.0,
            "support": 441.0
        },
        "1": {
            "precision": 0.923728813559322,
            "recall": 0.8673740053050398,
            "f1-score": 0.8946648426812586,
            "support": 377.0
        },
        "2": {
            "precision": 0.8157894736842105,
            "recall": 0.9412955465587044,
            "f1-score": 0.8740601503759399,
            "support": 494.0
        },
        "3": {
            "precision": 0.8054054054054054,
            "recall": 0.6544655929721815,
            "f1-score": 0.7221324717285945,
            "support": 683.0
        },
        "4": {
            "precision": 0.9588688946015425,
            "recall": 0.8966346153846154,
            "f1-score": 0.9267080745341615,
            "support": 416.0
        },
        "5": {
            "precision": 0.874025974025974,
            "recall": 0.97677793904209,
            "f1-score": 0.9225496915695682,
            "support": 689.0
        },
        "6": {
            "precision": 0.4148936170212766,
            "recall": 0.10803324099722991,
            "f1-score": 0.17142857142857143,
            "support": 361.0
        },
        "7": {
            "precision": 0.537621359223301,
            "recall": 0.9932735426008968,
            "f1-score": 0.6976377952755906,
            "support": 446.0
        },
        "8": {
            "precision": 0.0,
            "recall": 0.0,
            "f1-score": 0.0,
            "support": 363.0
        },
        "9": {
            "precision": 0.7298335467349552,
            "recall": 0.9827586206896551,
            "f1-score": 0.8376193975018369,
            "support": 580.0
        },
        "10": {
            "precision": 0.125,
            "recall": 0.0016155088852988692,
            "f1-score": 0.003189792663476874,
            "support": 619.0
        },
        "11": {
            "precision": 0.9824175824175824,
            "recall": 0.8514285714285714,
            "f1-score": 0.9122448979591836,
            "support": 525.0
        },
        "12": {
            "precision": 0.9516483516483516,
            "recall": 0.8295019157088123,
            "f1-score": 0.8863868986693961,
            "support": 522.0
        },
        "13": {
            "precision": 0.7479674796747967,
            "recall": 0.7229862475442044,
            "f1-score": 0.7352647352647352,
            "support": 509.0
        },
        "14": {
            "precision": 0.8759571209800919,
            "recall": 0.6582278481012658,
            "f1-score": 0.7516425755584757,
            "support": 869.0
        },
        "15": {
            "precision": 0.3829787234042553,
            "recall": 0.058919803600654665,
            "f1-score": 0.10212765957446808,
            "support": 611.0
        },
        "16": {
            "precision": 0.34690462911321807,
            "recall": 0.9764521193092621,
            "f1-score": 0.5119341563786008,
            "support": 637.0
        },
        "17": {
            "precision": 0.0,
            "recall": 0.0,
            "f1-score": 0.0,
            "support": 707.0
        },
        "18": {
            "precision": 0.0,
            "recall": 0.0,
            "f1-score": 0.0,
            "support": 593.0
        },
        "19": {
            "precision": 0.8743169398907104,
            "recall": 0.9384164222873901,
            "f1-score": 0.9052333804809052,
            "support": 341.0
        },
        "20": {
            "precision": 0.0,
            "recall": 0.0,
            "f1-score": 0.0,
            "support": 554.0
        },
        "21": {
            "precision": 0.8242612752721618,
            "recall": 0.8731466227347611,
            "f1-score": 0.848,
            "support": 607.0
        },
        "22": {
            "precision": 0.9648033126293996,
            "recall": 0.823321554770318,
            "f1-score": 0.888465204957102,
            "support": 566.0
        },
        "23": {
            "precision": 0.9084507042253521,
            "recall": 0.8565737051792829,
            "f1-score": 0.8817498291182502,
            "support": 753.0
        },
        "24": {
            "precision": 0.3404466501240695,
            "recall": 0.9730496453900709,
            "f1-score": 0.5044117647058823,
            "support": 705.0
        },
        "25": {
            "precision": 0.21753116204262163,
            "recall": 0.8387596899224806,
            "f1-score": 0.3454661558109834,
            "support": 645.0
        },
        "26": {
            "precision": 0.9192825112107623,
            "recall": 0.8589385474860335,
            "f1-score": 0.8880866425992779,
            "support": 716.0
        },
        "27": {
            "precision": 0.5946462715105163,
            "recall": 0.8405405405405405,
            "f1-score": 0.696528555431131,
            "support": 370.0
        },
        "28": {
            "precision": 0.0,
            "recall": 0.0,
            "f1-score": 0.0,
            "support": 912.0
        },
        "29": {
            "precision": 0.290448343079922,
            "recall": 0.30721649484536084,
            "f1-score": 0.2985971943887776,
            "support": 485.0
        },
        "30": {
            "precision": 0.9354838709677419,
            "recall": 0.8370118845500849,
            "f1-score": 0.8835125448028673,
            "support": 589.0
        },
        "31": {
            "precision": 0.0,
            "recall": 0.0,
            "f1-score": 0.0,
            "support": 388.0
        },
        "32": {
            "precision": 0.8626760563380281,
            "recall": 0.5990220048899756,
            "f1-score": 0.7070707070707071,
            "support": 409.0
        },
        "33": {
            "precision": 0.6187845303867403,
            "recall": 0.6627218934911243,
            "f1-score": 0.64,
            "support": 507.0
        },
        "34": {
            "precision": 0.9733570159857904,
            "recall": 0.9681978798586572,
            "f1-score": 0.970770593445527,
            "support": 566.0
        },
        "35": {
            "precision": 0.3231707317073171,
            "recall": 0.30401529636711283,
            "f1-score": 0.3133004926108374,
            "support": 523.0
        },
        "36": {
            "precision": 0.8044619422572179,
            "recall": 0.9745627980922098,
            "f1-score": 0.8813803019410497,
            "support": 629.0
        },
        "37": {
            "precision": 0.0,
            "recall": 0.0,
            "f1-score": 0.0,
            "support": 491.0
        },
        "38": {
            "precision": 0.4977220956719818,
            "recall": 0.8276515151515151,
            "f1-score": 0.6216216216216216,
            "support": 528.0
        },
        "39": {
            "precision": 0.7197452229299363,
            "recall": 0.8560606060606061,
            "f1-score": 0.7820069204152249,
            "support": 528.0
        },
        "40": {
            "precision": 0.9583333333333334,
            "recall": 0.9363867684478372,
            "f1-score": 0.9472329472329473,
            "support": 393.0
        },
        "41": {
            "precision": 0.14285714285714285,
            "recall": 0.001358695652173913,
            "f1-score": 0.0026917900403768506,
            "support": 736.0
        },
        "42": {
            "precision": 0.9779559118236473,
            "recall": 0.7165932452276065,
            "f1-score": 0.8271186440677966,
            "support": 681.0
        },
        "43": {
            "precision": 0.17541729893778452,
            "recall": 0.9307568438003221,
            "f1-score": 0.29519918283963226,
            "support": 621.0
        },