{
    "acc1": 0.5829094975291275,
    "acc5": [
        0.7761064819824695
    ],
    "mean_per_class_recall": 0.5867359752766975,
    "classification_report": {
        "0": {
            "precision": 0.0,
            "recall": 0.0,
            "f1-score": 0.0,
            "support": 441.0
        },
        "1": {
            "precision": 0.888,
            "recall": 0.883289124668435,
            "f1-score": 0.8856382978723404,
            "support": 377.0
        },
        "2": {
            "precision": 0.8243727598566308,
            "recall": 0.9311740890688259,
            "f1-score": 0.8745247148288974,
            "support": 494.0
        },
        "3": {
            "precision": 0.8628841607565012,
            "recall": 0.5344070278184481,
            "f1-score": 0.6600361663652803,
            "support": 683.0
        },
        "4": {
            "precision": 0.9437340153452686,
            "recall": 0.8870192307692307,
            "f1-score": 0.9144981412639405,
            "support": 416.0
        },
        "5": {
            "precision": 0.8378712871287128,
            "recall": 0.9825834542815675,
            "f1-score": 0.9044756179024717,
            "support": 689.0
        },
        "6": {
            "precision": 0.5769230769230769,
            "recall": 0.24930747922437674,
            "f1-score": 0.3481624758220503,
            "support": 361.0
        },
        "7": {
            "precision": 0.6857585139318886,
            "recall": 0.9932735426008968,
            "f1-score": 0.8113553113553114,
            "support": 446.0
        },
        "8": {
            "precision": 0.0,
            "recall": 0.0,
            "f1-score": 0.0,
            "support": 363.0
        },
        "9": {
            "precision": 0.6450511945392492,
            "recall": 0.9775862068965517,
            "f1-score": 0.7772446881425634,
            "support": 580.0
        },
        "10": {
            "precision": 0.3333333333333333,
            "recall": 0.0016155088852988692,
            "f1-score": 0.003215434083601286,
            "support": 619.0
        },
        "11": {
            "precision": 0.9844097995545658,
            "recall": 0.8419047619047619,
            "f1-score": 0.9075975359342916,
            "support": 525.0
        },
        "12": {
            "precision": 0.9150943396226415,
            "recall": 0.7432950191570882,
            "f1-score": 0.8202959830866807,
            "support": 522.0
        },
        "13": {
            "precision": 0.4388020833333333,
            "recall": 0.6620825147347741,
            "f1-score": 0.5277995301487862,
            "support": 509.0
        },
        "14": {
            "precision": 0.7973523421588594,
            "recall": 0.9010356731875719,
            "f1-score": 0.8460291734197731,
            "support": 869.0
        },
        "15": {
            "precision": 0.1796875,
            "recall": 0.03764320785597381,
            "f1-score": 0.06224627875507442,
            "support": 611.0
        },
        "16": {
            "precision": 0.4270353302611367,
            "recall": 0.8728414442700158,
            "f1-score": 0.5734914904589995,
            "support": 637.0
        },
        "17": {
            "precision": 0.0,
            "recall": 0.0,
            "f1-score": 0.0,
            "support": 707.0
        },
        "18": {
            "precision": 0.0,
            "recall": 0.0,
            "f1-score": 0.0,
            "support": 593.0
        },
        "19": {
            "precision": 0.9140401146131805,
            "recall": 0.9354838709677419,
            "f1-score": 0.9246376811594202,
            "support": 341.0
        },
        "20": {
            "precision": 0.0,
            "recall": 0.0,
            "f1-score": 0.0,
            "support": 554.0
        },
        "21": {
            "precision": 0.7663280116110305,
            "recall": 0.8698517298187809,
            "f1-score": 0.8148148148148148,
            "support": 607.0
        },
        "22": {
            "precision": 0.9530201342281879,
            "recall": 0.7526501766784452,
            "f1-score": 0.84106614017769,
            "support": 566.0
        },
        "23": {
            "precision": 0.8649006622516556,
            "recall": 0.8671978751660027,
            "f1-score": 0.8660477453580901,
            "support": 753.0
        },
        "24": {
            "precision": 0.3276434329065908,
            "recall": 0.9801418439716312,
            "f1-score": 0.49111584932480457,
            "support": 705.0
        },
        "25": {
            "precision": 0.21838662790697674,
            "recall": 0.931782945736434,
            "f1-score": 0.3538416249632028,
            "support": 645.0
        },
        "26": {
            "precision": 0.947452229299363,
            "recall": 0.8310055865921788,
            "f1-score": 0.8854166666666666,
            "support": 716.0
        },
        "27": {
            "precision": 0.9351145038167938,
            "recall": 0.6621621621621622,
            "f1-score": 0.7753164556962026,
            "support": 370.0
        },
        "28": {
            "precision": 0.043478260869565216,
            "recall": 0.0010964912280701754,
            "f1-score": 0.0021390374331550803,
            "support": 912.0
        },
        "29": {
            "precision": 0.1935483870967742,
            "recall": 0.3216494845360825,
            "f1-score": 0.24167312161115415,
            "support": 485.0
        },
        "30": {
            "precision": 0.87215411558669,
            "recall": 0.8455008488964346,
            "f1-score": 0.8586206896551725,
            "support": 589.0
        },
        "31": {
            "precision": 0.0,
            "recall": 0.0,
            "f1-score": 0.0,
            "support": 388.0
        },
        "32": {
            "precision": 0.8383458646616542,
            "recall": 0.5452322738386308,
            "f1-score": 0.6607407407407407,
            "support": 409.0
        },
        "33": {
            "precision": 0.5350877192982456,
            "recall": 0.7218934911242604,
            "f1-score": 0.6146095717884131,
            "support": 507.0
        },
        "34": {
            "precision": 0.9715808170515098,
            "recall": 0.9664310954063604,
            "f1-score": 0.9689991142604074,
            "support": 566.0
        },
        "35": {
            "precision": 0.3614103819784525,
            "recall": 0.7055449330783938,
            "f1-score": 0.47797927461139894,
            "support": 523.0
        },
        "36": {
            "precision": 0.7077100115074798,
            "recall": 0.9777424483306836,
            "f1-score": 0.8210947930574098,
            "support": 629.0
        },
        "37": {
            "precision": 0.0,
            "recall": 0.0,
            "f1-score": 0.0,
            "support": 491.0
        },
        "38": {
            "precision": 0.594272076372315,
            "recall": 0.4715909090909091,
            "f1-score": 0.5258711721224921,
            "support": 528.0
        },
        "39": {
            "precision": 0.8268156424581006,
            "recall": 0.8409090909090909,
            "f1-score": 0.8338028169014085,
            "support": 528.0
        },
        "40": {
            "precision": 0.9430051813471503,
            "recall": 0.926208651399491,
            "f1-score": 0.9345314505776636,
            "support": 393.0
        },
        "41": {
            "precision": 0.0,
            "recall": 0.0,
            "f1-score": 0.0,
            "support": 736.0
        },
        "42": {
            "precision": 1.0,
            "recall": 0.07195301027900147,
            "f1-score": 0.13424657534246576,
            "support": 681.0
        },
        "43": {
            "precision": 0.19121023286323385,
            "recall": 0.9388083735909822,
            "f1-score": 0.3177111716621253,
            "support": 621.0
        },