{
    "acc1": 0.6040111099087401,
    "acc5": [
        0.789669227717058
    ],
    "mean_per_class_recall": 0.6072251477975834,
    "classification_report": {
        "0": {
            "precision": 0.0,
            "recall": 0.0,
            "f1-score": 0.0,
            "support": 441.0
        },
        "1": {
            "precision": 0.9100817438692098,
            "recall": 0.8859416445623343,
            "f1-score": 0.8978494623655914,
            "support": 377.0
        },
        "2": {
            "precision": 0.8048359240069085,
            "recall": 0.9433198380566802,
            "f1-score": 0.8685927306616962,
            "support": 494.0
        },
        "3": {
            "precision": 0.7766272189349113,
            "recall": 0.7686676427525623,
            "f1-score": 0.7726269315673289,
            "support": 683.0
        },
        "4": {
            "precision": 0.9476309226932669,
            "recall": 0.9134615384615384,
            "f1-score": 0.9302325581395349,
            "support": 416.0
        },
        "5": {
            "precision": 0.8798955613577023,
            "recall": 0.9782293178519593,
            "f1-score": 0.9264604810996564,
            "support": 689.0
        },
        "6": {
            "precision": 0.6,
            "recall": 0.16620498614958448,
            "f1-score": 0.2603036876355748,
            "support": 361.0
        },
        "7": {
            "precision": 0.5229681978798587,
            "recall": 0.9955156950672646,
            "f1-score": 0.6857142857142857,
            "support": 446.0
        },
        "8": {
            "precision": 0.0,
            "recall": 0.0,
            "f1-score": 0.0,
            "support": 363.0
        },
        "9": {
            "precision": 0.8005738880918221,
            "recall": 0.9620689655172414,
            "f1-score": 0.8739232576350823,
            "support": 580.0
        },
        "10": {
            "precision": 0.3333333333333333,
            "recall": 0.0032310177705977385,
            "f1-score": 0.0064,
            "support": 619.0
        },
        "11": {
            "precision": 0.9889867841409692,
            "recall": 0.8552380952380952,
            "f1-score": 0.9172625127681308,
            "support": 525.0
        },
        "12": {
            "precision": 0.9492273730684326,
            "recall": 0.8237547892720306,
            "f1-score": 0.882051282051282,
            "support": 522.0
        },
        "13": {
            "precision": 0.5587828492392808,
            "recall": 0.793713163064833,
            "f1-score": 0.6558441558441559,
            "support": 509.0
        },
        "14": {
            "precision": 0.8819969742813918,
            "recall": 0.6708860759493671,
            "f1-score": 0.7620915032679738,
            "support": 869.0
        },
        "15": {
            "precision": 0.6228571428571429,
            "recall": 0.1783960720130933,
            "f1-score": 0.27735368956743,
            "support": 611.0
        },
        "16": {
            "precision": 0.3806206459784674,
            "recall": 0.9434850863422292,
            "f1-score": 0.5424187725631769,
            "support": 637.0
        },
        "17": {
            "precision": 0.0,
            "recall": 0.0,
            "f1-score": 0.0,
            "support": 707.0
        },
        "18": {
            "precision": 0.0,
            "recall": 0.0,
            "f1-score": 0.0,
            "support": 593.0
        },
        "19": {
            "precision": 0.8575197889182058,
            "recall": 0.9530791788856305,
            "f1-score": 0.9027777777777778,
            "support": 341.0
        },
        "20": {
            "precision": 0.0,
            "recall": 0.0,
            "f1-score": 0.0,
            "support": 554.0
        },
        "21": {
            "precision": 0.8743545611015491,
            "recall": 0.8369028006589786,
            "f1-score": 0.8552188552188552,
            "support": 607.0
        },
        "22": {
            "precision": 0.9666666666666667,
            "recall": 0.8197879858657244,
            "f1-score": 0.887189292543021,
            "support": 566.0
        },
        "23": {
            "precision": 0.8453738910012675,
            "recall": 0.8857901726427623,
            "f1-score": 0.8651102464332037,
            "support": 753.0
        },
        "24": {
            "precision": 0.3829908675799087,
            "recall": 0.9517730496453901,
            "f1-score": 0.5461945461945462,
            "support": 705.0
        },
        "25": {
            "precision": 0.21428571428571427,
            "recall": 0.8744186046511628,
            "f1-score": 0.34421727189502593,
            "support": 645.0
        },
        "26": {
            "precision": 0.8770270270270271,
            "recall": 0.9064245810055865,
            "f1-score": 0.8914835164835165,
            "support": 716.0
        },
        "27": {
            "precision": 0.6596194503171248,
            "recall": 0.8432432432432433,
            "f1-score": 0.7402135231316725,
            "support": 370.0
        },
        "28": {
            "precision": 0.0,
            "recall": 0.0,
            "f1-score": 0.0,
            "support": 912.0
        },
        "29": {
            "precision": 0.34772182254196643,
            "recall": 0.29896907216494845,
            "f1-score": 0.3215077605321508,
            "support": 485.0
        },
        "30": {
            "precision": 0.936046511627907,
            "recall": 0.8200339558573854,
            "f1-score": 0.8742081447963801,
            "support": 589.0
        },
        "31": {
            "precision": 0.0,
            "recall": 0.0,
            "f1-score": 0.0,
            "support": 388.0
        },
        "32": {
            "precision": 0.8402555910543131,
            "recall": 0.6430317848410758,
            "f1-score": 0.7285318559556787,
            "support": 409.0
        },
        "33": {
            "precision": 0.582258064516129,
            "recall": 0.7120315581854043,
            "f1-score": 0.6406388642413487,
            "support": 507.0
        },
        "34": {
            "precision": 0.9749552772808586,
            "recall": 0.9628975265017667,
            "f1-score": 0.9688888888888889,
            "support": 566.0
        },
        "35": {
            "precision": 0.38338658146964855,
            "recall": 0.2294455066921606,
            "f1-score": 0.28708133971291866,
            "support": 523.0
        },
        "36": {
            "precision": 0.8539638386648123,
            "recall": 0.9761526232114467,
            "f1-score": 0.9109792284866469,
            "support": 629.0
        },
        "37": {
            "precision": 0.0,
            "recall": 0.0,
            "f1-score": 0.0,
            "support": 491.0
        },
        "38": {
            "precision": 0.49448123620309054,
            "recall": 0.8484848484848485,
            "f1-score": 0.6248256624825662,
            "support": 528.0
        },
        "39": {
            "precision": 0.7487603305785124,
            "recall": 0.8579545454545454,
            "f1-score": 0.7996469549867609,
            "support": 528.0
        },
        "40": {
            "precision": 0.9416243654822335,
            "recall": 0.9440203562340967,
            "f1-score": 0.9428208386277002,
            "support": 393.0
        },
        "41": {
            "precision": 0.16666666666666666,
            "recall": 0.001358695652173913,
            "f1-score": 0.0026954177897574125,
            "support": 736.0
        },
        "42": {
            "precision": 0.9820627802690582,
            "recall": 0.6431718061674009,
            "f1-score": 0.7772848269742679,
            "support": 681.0
        },
        "43": {
            "precision": 0.17480035492457852,
            "recall": 0.9516908212560387,
            "f1-score": 0.29535232383808097,