{
    "acc1": 0.49171250458379173,
    "acc5": [
        0.7715071507150715
    ],
    "mean_per_class_recall": 0.507012835947768,
    "classification_report": {
        "0": {
            "precision": 0.9750415973377704,
            "recall": 0.9466882067851373,
            "f1-score": 0.9606557377049181,
            "support": 619.0
        },
        "1": {
            "precision": 0.7642857142857142,
            "recall": 0.9705215419501134,
            "f1-score": 0.8551448551448552,
            "support": 441.0
        },
        "2": {
            "precision": 0.0,
            "recall": 0.0,
            "f1-score": 0.0,
            "support": 727.0
        },
        "3": {
            "precision": 0.38316920322291853,
            "recall": 0.9324618736383442,
            "f1-score": 0.5431472081218274,
            "support": 459.0
        },
        "4": {
            "precision": 0.6471631205673759,
            "recall": 0.8295454545454546,
            "f1-score": 0.7270916334661355,
            "support": 440.0
        },
        "5": {
            "precision": 0.830999066293184,
            "recall": 0.967391304347826,
            "f1-score": 0.8940231039678553,
            "support": 920.0
        },
        "6": {
            "precision": 0.4076923076923077,
            "recall": 0.09724770642201835,
            "f1-score": 0.15703703703703703,
            "support": 545.0
        },
        "7": {
            "precision": 0.8609271523178808,
            "recall": 0.579064587973274,
            "f1-score": 0.6924101198402131,
            "support": 449.0
        },
        "8": {
            "precision": 0.7197106690777577,
            "recall": 0.961352657004831,
            "f1-score": 0.8231644260599793,
            "support": 414.0
        },
        "9": {
            "precision": 0.0,
            "recall": 0.0,
            "f1-score": 0.0,
            "support": 336.0
        },
        "10": {
            "precision": 0.025727069351230425,
            "recall": 0.03662420382165605,
            "f1-score": 0.030223390275952694,
            "support": 628.0
        },
        "11": {
            "precision": 0.4365079365079365,
            "recall": 0.20625,
            "f1-score": 0.2801358234295416,
            "support": 800.0
        },
        "12": {
            "precision": 0.9540636042402827,
            "recall": 0.9507042253521126,
            "f1-score": 0.9523809523809523,
            "support": 568.0
        },
        "13": {
            "precision": 0.5974842767295597,
            "recall": 0.9112709832134293,
            "f1-score": 0.7217473884140551,
            "support": 417.0
        },
        "14": {
            "precision": 0.42754662840746055,
            "recall": 0.4991624790619765,
            "f1-score": 0.4605873261205564,
            "support": 597.0
        },
        "15": {
            "precision": 0.3333333333333333,
            "recall": 0.02056555269922879,
            "f1-score": 0.0387409200968523,
            "support": 389.0
        },
        "16": {
            "precision": 0.5184275184275184,
            "recall": 0.871900826446281,
            "f1-score": 0.650231124807396,
            "support": 484.0
        },
        "17": {
            "precision": 0.6666666666666666,
            "recall": 0.7755102040816326,
            "f1-score": 0.7169811320754716,
            "support": 392.0
        },
        "18": {
            "precision": 0.0,
            "recall": 0.0,
            "f1-score": 0.0,
            "support": 390.0
        },
        "19": {
            "precision": 0.7036199095022625,
            "recall": 0.7679012345679013,
            "f1-score": 0.7343565525383707,
            "support": 405.0
        },
        "20": {
            "precision": 0.0,
            "recall": 0.0,
            "f1-score": 0.0,
            "support": 368.0
        },
        "21": {
            "precision": 0.7888446215139442,
            "recall": 0.8959276018099548,
            "f1-score": 0.8389830508474576,
            "support": 442.0
        },
        "22": {
            "precision": 0.9569752281616688,
            "recall": 0.9721854304635762,
            "f1-score": 0.9645203679369251,
            "support": 755.0
        },
        "23": {
            "precision": 0.6913875598086124,
            "recall": 0.7487046632124352,
            "f1-score": 0.7189054726368159,
            "support": 386.0
        },
        "24": {
            "precision": 0.8391608391608392,
            "recall": 0.8801955990220048,
            "f1-score": 0.8591885441527446,
            "support": 409.0
        },
        "25": {
            "precision": 0.16842105263157894,
            "recall": 0.06625258799171843,
            "f1-score": 0.0950965824665676,
            "support": 483.0
        },
        "26": {
            "precision": 0.9318181818181818,
            "recall": 0.060117302052785926,
            "f1-score": 0.11294765840220386,
            "support": 682.0
        },
        "27": {
            "precision": 0.7972413793103448,
            "recall": 0.9490968801313628,
            "f1-score": 0.8665667166416792,
            "support": 609.0
        },
        "28": {
            "precision": 0.746268656716418,
            "recall": 0.8728179551122195,
            "f1-score": 0.8045977011494253,
            "support": 401.0
        },
        "29": {
            "precision": 0.9866156787762906,
            "recall": 0.8295819935691319,
            "f1-score": 0.9013100436681223,
            "support": 622.0
        },
        "30": {
            "precision": 0.9676258992805755,
            "recall": 0.4216300940438871,
            "f1-score": 0.5873362445414847,
            "support": 638.0
        },
        "31": {
            "precision": 0.012048192771084338,
            "recall": 0.0017761989342806395,
            "f1-score": 0.0030959752321981426,
            "support": 563.0
        },
        "32": {
            "precision": 0.0,
            "recall": 0.0,
            "f1-score": 0.0,
            "support": 448.0
        },
        "33": {
            "precision": 0.10816326530612246,
            "recall": 0.3028571428571429,
            "f1-score": 0.1593984962406015,
            "support": 700.0
        },
        "34": {
            "precision": 0.8695652173913043,
            "recall": 0.053475935828877004,
            "f1-score": 0.10075566750629723,
            "support": 374.0
        },
        "35": {
            "precision": 0.56,
            "recall": 0.0673076923076923,
            "f1-score": 0.12017167381974249,
            "support": 416.0
        },
        "36": {
            "precision": 0.8067632850241546,
            "recall": 0.65748031496063,
            "f1-score": 0.7245119305856833,
            "support": 508.0
        },
        "37": {
            "precision": 0.6352288488210819,
            "recall": 0.7328,
            "f1-score": 0.6805349182763745,
            "support": 625.0
        },
        "38": {
            "precision": 0.88801261829653,
            "recall": 0.9964601769911504,
            "f1-score": 0.939115929941618,
            "support": 565.0
        },
        "39": {
            "precision": 0.0,
            "recall": 0.0,
            "f1-score": 0.0,
            "support": 696.0
        },
        "40": {
            "precision": 0.25,
            "recall": 0.010362694300518135,
            "f1-score": 0.01990049751243781,
            "support": 386.0
        },
        "41": {
            "precision": 0.0,
            "recall": 0.0,
            "f1-score": 0.0,
            "support": 594.0
        },
        "42": {
            "precision": 0.2519449431478157,
            "recall": 0.9722863741339491,
            "f1-score": 0.40019011406844107,
            "support": 433.0
        },
        "43": {
            "precision": 0.1112115732368897,
            "recall": 0.9967585089141004,
            "f1-score": 0.2000976085895559,