{
    "acc1": 0.5719610527917237,
    "acc5": [
        0.7720599421877378
    ],
    "mean_per_class_recall": 0.5524559257463237,
    "classification_report": {
        "0": {
            "precision": 0.9486607142857143,
            "recall": 0.8268482490272373,
            "f1-score": 0.8835758835758836,
            "support": 514.0
        },
        "1": {
            "precision": 0.023255813953488372,
            "recall": 0.0020242914979757085,
            "f1-score": 0.0037243947858473,
            "support": 494.0
        },
        "2": {
            "precision": 0.9862700228832952,
            "recall": 0.8923395445134575,
            "f1-score": 0.9369565217391305,
            "support": 483.0
        },
        "3": {
            "precision": 0.5211267605633803,
            "recall": 0.05683563748079877,
            "f1-score": 0.10249307479224377,
            "support": 651.0
        },
        "4": {
            "precision": 0.6858736059479554,
            "recall": 0.5458579881656804,
            "f1-score": 0.6079077429983526,
            "support": 676.0
        },
        "5": {
            "precision": 0.0,
            "recall": 0.0,
            "f1-score": 0.0,
            "support": 364.0
        },
        "6": {
            "precision": 0.2693061544492356,
            "recall": 0.9581589958158996,
            "f1-score": 0.4204406364749082,
            "support": 717.0
        },
        "7": {
            "precision": 0.0,
            "recall": 0.0,
            "f1-score": 0.0,
            "support": 429.0
        },
        "8": {
            "precision": 0.09090909090909091,
            "recall": 0.0016155088852988692,
            "f1-score": 0.0031746031746031746,
            "support": 619.0
        },
        "9": {
            "precision": 0.9447513812154696,
            "recall": 0.9903474903474904,
            "f1-score": 0.9670122525918945,
            "support": 518.0
        },
        "10": {
            "precision": 1.0,
            "recall": 0.39954853273137697,
            "f1-score": 0.5709677419354838,
            "support": 443.0
        },
        "11": {
            "precision": 0.0,
            "recall": 0.0,
            "f1-score": 0.0,
            "support": 464.0
        },
        "12": {
            "precision": 1.0,
            "recall": 0.028871391076115485,
            "f1-score": 0.05612244897959184,
            "support": 381.0
        },
        "13": {
            "precision": 0.14285714285714285,
            "recall": 0.0022222222222222222,
            "f1-score": 0.00437636761487965,
            "support": 450.0
        },
        "14": {
            "precision": 0.9482288828337875,
            "recall": 0.9957081545064378,
            "f1-score": 0.9713886950453594,
            "support": 699.0
        },
        "15": {
            "precision": 0.0,
            "recall": 0.0,
            "f1-score": 0.0,
            "support": 541.0
        },
        "16": {
            "precision": 0.8226950354609929,
            "recall": 0.9547325102880658,
            "f1-score": 0.8838095238095238,
            "support": 486.0
        },
        "17": {
            "precision": 0.0,
            "recall": 0.0,
            "f1-score": 0.0,
            "support": 490.0
        },
        "18": {
            "precision": 0.0,
            "recall": 0.0,
            "f1-score": 0.0,
            "support": 340.0
        },
        "19": {
            "precision": 0.6636771300448431,
            "recall": 0.961038961038961,
            "f1-score": 0.7851458885941645,
            "support": 462.0
        },
        "20": {
            "precision": 0.8928571428571429,
            "recall": 0.9725400457665904,
            "f1-score": 0.9309967141292442,
            "support": 437.0
        },
        "21": {
            "precision": 0.9847328244274809,
            "recall": 0.33506493506493507,
            "f1-score": 0.5,
            "support": 385.0
        },
        "22": {
            "precision": 0.8409090909090909,
            "recall": 0.7685459940652819,
            "f1-score": 0.8031007751937984,
            "support": 337.0
        },
        "23": {
            "precision": 0.4579710144927536,
            "recall": 0.9321533923303835,
            "f1-score": 0.6141885325558795,
            "support": 339.0
        },
        "24": {
            "precision": 0.9195979899497487,
            "recall": 0.8043956043956044,
            "f1-score": 0.8581477139507621,
            "support": 910.0
        },
        "25": {
            "precision": 0.19433781190019195,
            "recall": 0.7848837209302325,
            "f1-score": 0.31153846153846154,
            "support": 516.0
        },
        "26": {
            "precision": 0.9847328244274809,
            "recall": 0.8958333333333334,
            "f1-score": 0.9381818181818182,
            "support": 432.0
        },
        "27": {
            "precision": 0.8347826086956521,
            "recall": 0.72,
            "f1-score": 0.7731543624161074,
            "support": 400.0
        },
        "28": {
            "precision": 0.27049180327868855,
            "recall": 0.9065934065934066,
            "f1-score": 0.4166666666666667,
            "support": 364.0
        },
        "29": {
            "precision": 0.8721804511278195,
            "recall": 0.8969072164948454,
            "f1-score": 0.8843710292249047,
            "support": 388.0
        },
        "30": {
            "precision": 0.6666666666666666,
            "recall": 0.00718132854578097,
            "f1-score": 0.014209591474245116,
            "support": 557.0
        },
        "31": {
            "precision": 0.9526515151515151,
            "recall": 0.9617590822179732,
            "f1-score": 0.9571836346336822,
            "support": 523.0
        },
        "32": {
            "precision": 0.19851904090267983,
            "recall": 0.8634969325153374,
            "f1-score": 0.3228211009174312,
            "support": 652.0
        },
        "33": {
            "precision": 0.5068493150684932,
            "recall": 0.10511363636363637,
            "f1-score": 0.17411764705882352,
            "support": 352.0
        },
        "34": {
            "precision": 0.8623298033282905,
            "recall": 0.8702290076335878,
            "f1-score": 0.8662613981762918,
            "support": 655.0
        },
        "35": {
            "precision": 0.9147465437788018,
            "recall": 0.8288100208768268,
            "f1-score": 0.8696604600219058,
            "support": 479.0
        },
        "36": {
            "precision": 0.7655786350148368,
            "recall": 0.9416058394160584,
            "f1-score": 0.8445171849427169,
            "support": 822.0
        },
        "37": {
            "precision": 0.9844851904090268,
            "recall": 0.94579945799458,
            "f1-score": 0.9647546648237734,
            "support": 738.0
        },
        "38": {
            "precision": 0.2857142857142857,
            "recall": 0.002777777777777778,
            "f1-score": 0.005502063273727648,
            "support": 720.0
        },
        "39": {
            "precision": 0.4525862068965517,
            "recall": 0.14563106796116504,
            "f1-score": 0.2203567681007345,
            "support": 721.0
        },
        "40": {
            "precision": 0.3152848279751833,
            "recall": 0.9738675958188153,
            "f1-score": 0.47635279079676185,
            "support": 574.0
        },
        "41": {
            "precision": 0.9069767441860465,
            "recall": 0.95,
            "f1-score": 0.9279899812147777,
            "support": 780.0
        },
        "42": {
            "precision": 0.2676056338028169,
            "recall": 0.04269662921348315,
            "f1-score": 0.07364341085271318,
            "support": 445.0
        },
        "43": {
            "precision": 0.0,
            "recall": 0.0,
            "f1-score": 0.0,