{
    "acc1": 0.5893662302059661,
    "acc5": [
        0.7957652490711683
    ],
    "mean_per_class_recall": 0.5927319155231043,
    "classification_report": {
        "0": {
            "precision": 0.0,
            "recall": 0.0,
            "f1-score": 0.0,
            "support": 441.0
        },
        "1": {
            "precision": 0.9046321525885559,
            "recall": 0.8806366047745358,
            "f1-score": 0.8924731182795699,
            "support": 377.0
        },
        "2": {
            "precision": 0.8197879858657244,
            "recall": 0.9392712550607287,
            "f1-score": 0.8754716981132076,
            "support": 494.0
        },
        "3": {
            "precision": 0.845841784989858,
            "recall": 0.6105417276720352,
            "f1-score": 0.7091836734693877,
            "support": 683.0
        },
        "4": {
            "precision": 0.945,
            "recall": 0.9086538461538461,
            "f1-score": 0.9264705882352942,
            "support": 416.0
        },
        "5": {
            "precision": 0.849936948297604,
            "recall": 0.9782293178519593,
            "f1-score": 0.9095816464237517,
            "support": 689.0
        },
        "6": {
            "precision": 0.5742574257425742,
            "recall": 0.16066481994459833,
            "f1-score": 0.2510822510822511,
            "support": 361.0
        },
        "7": {
            "precision": 0.5311004784688995,
            "recall": 0.9955156950672646,
            "f1-score": 0.6926677067082684,
            "support": 446.0
        },
        "8": {
            "precision": 0.0,
            "recall": 0.0,
            "f1-score": 0.0,
            "support": 363.0
        },
        "9": {
            "precision": 0.7954545454545454,
            "recall": 0.9655172413793104,
            "f1-score": 0.8722741433021807,
            "support": 580.0
        },
        "10": {
            "precision": 0.1111111111111111,
            "recall": 0.0016155088852988692,
            "f1-score": 0.0031847133757961785,
            "support": 619.0
        },
        "11": {
            "precision": 0.9866962305986696,
            "recall": 0.8476190476190476,
            "f1-score": 0.9118852459016393,
            "support": 525.0
        },
        "12": {
            "precision": 0.9540229885057471,
            "recall": 0.7950191570881227,
            "f1-score": 0.8672936259143156,
            "support": 522.0
        },
        "13": {
            "precision": 0.7039337474120083,
            "recall": 0.6679764243614931,
            "f1-score": 0.6854838709677419,
            "support": 509.0
        },
        "14": {
            "precision": 0.8883792048929664,
            "recall": 0.6685845799769851,
            "f1-score": 0.762967826657912,
            "support": 869.0
        },
        "15": {
            "precision": 0.6,
            "recall": 0.09328968903436989,
            "f1-score": 0.16147308781869688,
            "support": 611.0
        },
        "16": {
            "precision": 0.3579250720461095,
            "recall": 0.9748822605965463,
            "f1-score": 0.5236087689713322,
            "support": 637.0
        },
        "17": {
            "precision": 0.0,
            "recall": 0.0,
            "f1-score": 0.0,
            "support": 707.0
        },
        "18": {
            "precision": 0.0,
            "recall": 0.0,
            "f1-score": 0.0,
            "support": 593.0
        },
        "19": {
            "precision": 0.8481675392670157,
            "recall": 0.9501466275659824,
            "f1-score": 0.8962655601659751,
            "support": 341.0
        },
        "20": {
            "precision": 0.0,
            "recall": 0.0,
            "f1-score": 0.0,
            "support": 554.0
        },
        "21": {
            "precision": 0.8354430379746836,
            "recall": 0.8698517298187809,
            "f1-score": 0.8523002421307506,
            "support": 607.0
        },
        "22": {
            "precision": 0.9645833333333333,
            "recall": 0.8180212014134276,
            "f1-score": 0.8852772466539197,
            "support": 566.0
        },
        "23": {
            "precision": 0.8649006622516556,
            "recall": 0.8671978751660027,
            "f1-score": 0.8660477453580901,
            "support": 753.0
        },
        "24": {
            "precision": 0.31566713156671317,
            "recall": 0.9631205673758865,
            "f1-score": 0.47549019607843135,
            "support": 705.0
        },
        "25": {
            "precision": 0.19681031557516118,
            "recall": 0.8992248062015504,
            "f1-score": 0.32293986636971045,
            "support": 645.0
        },
        "26": {
            "precision": 0.9111111111111111,
            "recall": 0.8589385474860335,
            "f1-score": 0.884255930984903,
            "support": 716.0
        },
        "27": {
            "precision": 0.6065259117082533,
            "recall": 0.8540540540540541,
            "f1-score": 0.7093153759820426,
            "support": 370.0
        },
        "28": {
            "precision": 0.0,
            "recall": 0.0,
            "f1-score": 0.0,
            "support": 912.0
        },
        "29": {
            "precision": 0.2980769230769231,
            "recall": 0.19175257731958764,
            "f1-score": 0.23337515683814303,
            "support": 485.0
        },
        "30": {
            "precision": 0.9137614678899083,
            "recall": 0.8455008488964346,
            "f1-score": 0.8783068783068783,
            "support": 589.0
        },
        "31": {
            "precision": 0.0,
            "recall": 0.0,
            "f1-score": 0.0,
            "support": 388.0
        },
        "32": {
            "precision": 0.814935064935065,
            "recall": 0.6136919315403423,
            "f1-score": 0.700139470013947,
            "support": 409.0
        },
        "33": {
            "precision": 0.5423728813559322,
            "recall": 0.757396449704142,
            "f1-score": 0.6320987654320988,
            "support": 507.0
        },
        "34": {
            "precision": 0.9714795008912656,
            "recall": 0.9628975265017667,
            "f1-score": 0.9671694764862466,
            "support": 566.0
        },
        "35": {
            "precision": 0.35218508997429304,
            "recall": 0.26195028680688337,
            "f1-score": 0.30043859649122806,
            "support": 523.0
        },
        "36": {
            "precision": 0.8140770252324038,
            "recall": 0.9745627980922098,
            "f1-score": 0.8871201157742402,
            "support": 629.0
        },
        "37": {
            "precision": 0.0,
            "recall": 0.0,
            "f1-score": 0.0,
            "support": 491.0
        },
        "38": {
            "precision": 0.5119617224880383,
            "recall": 0.8106060606060606,
            "f1-score": 0.6275659824046921,
            "support": 528.0
        },
        "39": {
            "precision": 0.7743055555555556,
            "recall": 0.8446969696969697,
            "f1-score": 0.8079710144927537,
            "support": 528.0
        },
        "40": {
            "precision": 0.9386189258312021,
            "recall": 0.9338422391857506,
            "f1-score": 0.9362244897959183,
            "support": 393.0
        },
        "41": {
            "precision": 0.0,
            "recall": 0.0,
            "f1-score": 0.0,
            "support": 736.0
        },
        "42": {
            "precision": 0.9800498753117207,
            "recall": 0.5770925110132159,
            "f1-score": 0.7264325323475046,
            "support": 681.0
        },
        "43": {
            "precision": 0.1843949044585987,
            "recall": 0.9323671497584541,
            "f1-score": 0.3078968359478862,
            "support": 621.0
        },