{
    "acc1": 0.5911337156873354,
    "acc5": [
        0.7958013202034412
    ],
    "mean_per_class_recall": 0.59457034352657,
    "classification_report": {
        "0": {
            "precision": 0.0,
            "recall": 0.0,
            "f1-score": 0.0,
            "support": 441.0
        },
        "1": {
            "precision": 0.9041095890410958,
            "recall": 0.8753315649867374,
            "f1-score": 0.889487870619946,
            "support": 377.0
        },
        "2": {
            "precision": 0.7569786535303776,
            "recall": 0.9331983805668016,
            "f1-score": 0.8359020852221215,
            "support": 494.0
        },
        "3": {
            "precision": 0.818815331010453,
            "recall": 0.6881405563689604,
            "f1-score": 0.7478122513922036,
            "support": 683.0
        },
        "4": {
            "precision": 0.9445843828715366,
            "recall": 0.9014423076923077,
            "f1-score": 0.922509225092251,
            "support": 416.0
        },
        "5": {
            "precision": 0.855146124523507,
            "recall": 0.97677793904209,
            "f1-score": 0.9119241192411924,
            "support": 689.0
        },
        "6": {
            "precision": 0.2972972972972973,
            "recall": 0.030470914127423823,
            "f1-score": 0.05527638190954774,
            "support": 361.0
        },
        "7": {
            "precision": 0.6010854816824966,
            "recall": 0.9932735426008968,
            "f1-score": 0.7489433643279797,
            "support": 446.0
        },
        "8": {
            "precision": 0.0,
            "recall": 0.0,
            "f1-score": 0.0,
            "support": 363.0
        },
        "9": {
            "precision": 0.7908961593172119,
            "recall": 0.9586206896551724,
            "f1-score": 0.8667186282151208,
            "support": 580.0
        },
        "10": {
            "precision": 0.05263157894736842,
            "recall": 0.0016155088852988692,
            "f1-score": 0.003134796238244514,
            "support": 619.0
        },
        "11": {
            "precision": 0.9824175824175824,
            "recall": 0.8514285714285714,
            "f1-score": 0.9122448979591836,
            "support": 525.0
        },
        "12": {
            "precision": 0.9422222222222222,
            "recall": 0.8122605363984674,
            "f1-score": 0.8724279835390947,
            "support": 522.0
        },
        "13": {
            "precision": 0.5824665676077266,
            "recall": 0.7701375245579568,
            "f1-score": 0.6632825719120136,
            "support": 509.0
        },
        "14": {
            "precision": 0.8883161512027491,
            "recall": 0.5949367088607594,
            "f1-score": 0.7126119917298415,
            "support": 869.0
        },
        "15": {
            "precision": 0.32142857142857145,
            "recall": 0.014729950900163666,
            "f1-score": 0.028169014084507043,
            "support": 611.0
        },
        "16": {
            "precision": 0.3827476038338658,
            "recall": 0.9403453689167975,
            "f1-score": 0.5440508628519528,
            "support": 637.0
        },
        "17": {
            "precision": 0.0,
            "recall": 0.0,
            "f1-score": 0.0,
            "support": 707.0
        },
        "18": {
            "precision": 0.0,
            "recall": 0.0,
            "f1-score": 0.0,
            "support": 593.0
        },
        "19": {
            "precision": 0.8702702702702703,
            "recall": 0.9442815249266863,
            "f1-score": 0.9057665260196905,
            "support": 341.0
        },
        "20": {
            "precision": 0.0,
            "recall": 0.0,
            "f1-score": 0.0,
            "support": 554.0
        },
        "21": {
            "precision": 0.863013698630137,
            "recall": 0.8303130148270181,
            "f1-score": 0.8463476070528967,
            "support": 607.0
        },
        "22": {
            "precision": 0.9626556016597511,
            "recall": 0.8197879858657244,
            "f1-score": 0.8854961832061069,
            "support": 566.0
        },
        "23": {
            "precision": 0.9134751773049645,
            "recall": 0.8552456839309429,
            "f1-score": 0.8834019204389575,
            "support": 753.0
        },
        "24": {
            "precision": 0.332036947010209,
            "recall": 0.9687943262411347,
            "f1-score": 0.4945691527878349,
            "support": 705.0
        },
        "25": {
            "precision": 0.1953727506426735,
            "recall": 0.9426356589147287,
            "f1-score": 0.3236624966728773,
            "support": 645.0
        },
        "26": {
            "precision": 0.9106881405563689,
            "recall": 0.8687150837988827,
            "f1-score": 0.8892065761258041,
            "support": 716.0
        },
        "27": {
            "precision": 0.5928030303030303,
            "recall": 0.845945945945946,
            "f1-score": 0.6971046770601337,
            "support": 370.0
        },
        "28": {
            "precision": 0.0,
            "recall": 0.0,
            "f1-score": 0.0,
            "support": 912.0
        },
        "29": {
            "precision": 0.3165322580645161,
            "recall": 0.3237113402061856,
            "f1-score": 0.3200815494393476,
            "support": 485.0
        },
        "30": {
            "precision": 0.9507874015748031,
            "recall": 0.8200339558573854,
            "f1-score": 0.8805834092980857,
            "support": 589.0
        },
        "31": {
            "precision": 0.0,
            "recall": 0.0,
            "f1-score": 0.0,
            "support": 388.0
        },
        "32": {
            "precision": 0.8344594594594594,
            "recall": 0.6039119804400978,
            "f1-score": 0.700709219858156,
            "support": 409.0
        },
        "33": {
            "precision": 0.583916083916084,
            "recall": 0.6587771203155819,
            "f1-score": 0.6190917516218721,
            "support": 507.0
        },
        "34": {
            "precision": 0.9716312056737588,
            "recall": 0.9681978798586572,
            "f1-score": 0.9699115044247788,
            "support": 566.0
        },
        "35": {
            "precision": 0.2734375,
            "recall": 0.20076481835564053,
            "f1-score": 0.23153252480705622,
            "support": 523.0
        },
        "36": {
            "precision": 0.837431693989071,
            "recall": 0.9745627980922098,
            "f1-score": 0.9008082292432035,
            "support": 629.0
        },
        "37": {
            "precision": 0.0,
            "recall": 0.0,
            "f1-score": 0.0,
            "support": 491.0
        },
        "38": {
            "precision": 0.4830508474576271,
            "recall": 0.8636363636363636,
            "f1-score": 0.6195652173913043,
            "support": 528.0
        },
        "39": {
            "precision": 0.810126582278481,
            "recall": 0.8484848484848485,
            "f1-score": 0.8288621646623496,
            "support": 528.0
        },
        "40": {
            "precision": 0.9271356783919598,
            "recall": 0.9389312977099237,
            "f1-score": 0.9329962073324906,
            "support": 393.0
        },
        "41": {
            "precision": 0.0,
            "recall": 0.0,
            "f1-score": 0.0,
            "support": 736.0
        },
        "42": {
            "precision": 0.9822222222222222,
            "recall": 0.6490455212922174,
            "f1-score": 0.7816091954022989,
            "support": 681.0
        },
        "43": {
            "precision": 0.18666666666666668,
            "recall": 0.9468599033816425,
            "f1-score": 0.3118536197295147,
            "support": 621.0
        },