{
    "acc1": 0.5813348001466814,
    "acc5": [
        0.823945727906124
    ],
    "mean_per_class_recall": 0.5857024176955782,
    "classification_report": {
        "0": {
            "precision": 0.9834710743801653,
            "recall": 0.9612277867528272,
            "f1-score": 0.9722222222222222,
            "support": 619.0
        },
        "1": {
            "precision": 0.8618556701030928,
            "recall": 0.9478458049886621,
            "f1-score": 0.9028077753779697,
            "support": 441.0
        },
        "2": {
            "precision": 0.6666666666666666,
            "recall": 0.002751031636863824,
            "f1-score": 0.005479452054794521,
            "support": 727.0
        },
        "3": {
            "precision": 0.4158215010141988,
            "recall": 0.8932461873638344,
            "f1-score": 0.5674740484429066,
            "support": 459.0
        },
        "4": {
            "precision": 0.5758468335787923,
            "recall": 0.8886363636363637,
            "f1-score": 0.6988382484361036,
            "support": 440.0
        },
        "5": {
            "precision": 0.9036511156186613,
            "recall": 0.9684782608695652,
            "f1-score": 0.9349422875131165,
            "support": 920.0
        },
        "6": {
            "precision": 0.6779661016949152,
            "recall": 0.07339449541284404,
            "f1-score": 0.13245033112582782,
            "support": 545.0
        },
        "7": {
            "precision": 0.7968337730870713,
            "recall": 0.6726057906458798,
            "f1-score": 0.7294685990338164,
            "support": 449.0
        },
        "8": {
            "precision": 0.5764872521246459,
            "recall": 0.9830917874396136,
            "f1-score": 0.7267857142857143,
            "support": 414.0
        },
        "9": {
            "precision": 0.09090909090909091,
            "recall": 0.002976190476190476,
            "f1-score": 0.005763688760806916,
            "support": 336.0
        },
        "10": {
            "precision": 0.0972972972972973,
            "recall": 0.08598726114649681,
            "f1-score": 0.09129332206255283,
            "support": 628.0
        },
        "11": {
            "precision": 0.4471830985915493,
            "recall": 0.635,
            "f1-score": 0.5247933884297521,
            "support": 800.0
        },
        "12": {
            "precision": 0.8864,
            "recall": 0.9753521126760564,
            "f1-score": 0.9287510477787091,
            "support": 568.0
        },
        "13": {
            "precision": 0.782716049382716,
            "recall": 0.7601918465227818,
            "f1-score": 0.7712895377128953,
            "support": 417.0
        },
        "14": {
            "precision": 0.3554175293305728,
            "recall": 0.8626465661641541,
            "f1-score": 0.5034213098729228,
            "support": 597.0
        },
        "15": {
            "precision": 0.5846153846153846,
            "recall": 0.09768637532133675,
            "f1-score": 0.16740088105726872,
            "support": 389.0
        },
        "16": {
            "precision": 0.6268656716417911,
            "recall": 0.8677685950413223,
            "f1-score": 0.7279029462738301,
            "support": 484.0
        },
        "17": {
            "precision": 0.6606786427145709,
            "recall": 0.8443877551020408,
            "f1-score": 0.7413213885778276,
            "support": 392.0
        },
        "18": {
            "precision": 0.034482758620689655,
            "recall": 0.002564102564102564,
            "f1-score": 0.00477326968973747,
            "support": 390.0
        },
        "19": {
            "precision": 0.7451737451737451,
            "recall": 0.9530864197530864,
            "f1-score": 0.8364030335861322,
            "support": 405.0
        },
        "20": {
            "precision": 0.0944055944055944,
            "recall": 0.07336956521739131,
            "f1-score": 0.08256880733944955,
            "support": 368.0
        },
        "21": {
            "precision": 0.9334916864608076,
            "recall": 0.8891402714932126,
            "f1-score": 0.9107763615295481,
            "support": 442.0
        },
        "22": {
            "precision": 0.8792497069167644,
            "recall": 0.9933774834437086,
            "f1-score": 0.9328358208955224,
            "support": 755.0
        },
        "23": {
            "precision": 0.928030303030303,
            "recall": 0.6347150259067358,
            "f1-score": 0.7538461538461538,
            "support": 386.0
        },
        "24": {
            "precision": 0.8307349665924276,
            "recall": 0.9119804400977995,
            "f1-score": 0.8694638694638694,
            "support": 409.0
        },
        "25": {
            "precision": 0.31125827814569534,
            "recall": 0.19461697722567287,
            "f1-score": 0.2394904458598726,
            "support": 483.0
        },
        "26": {
            "precision": 0.9425675675675675,
            "recall": 0.4090909090909091,
            "f1-score": 0.5705521472392638,
            "support": 682.0
        },
        "27": {
            "precision": 0.7975206611570248,
            "recall": 0.9507389162561576,
            "f1-score": 0.8674157303370786,
            "support": 609.0
        },
        "28": {
            "precision": 0.5479041916167665,
            "recall": 0.912718204488778,
            "f1-score": 0.6847521047708138,
            "support": 401.0
        },
        "29": {
            "precision": 0.9661590524534687,
            "recall": 0.9180064308681672,
            "f1-score": 0.9414674361088211,
            "support": 622.0
        },
        "30": {
            "precision": 0.9754601226993865,
            "recall": 0.7476489028213166,
            "f1-score": 0.8464951197870453,
            "support": 638.0
        },
        "31": {
            "precision": 0.28888888888888886,
            "recall": 0.023090586145648313,
            "f1-score": 0.04276315789473684,
            "support": 563.0
        },
        "32": {
            "precision": 0.7985611510791367,
            "recall": 0.4955357142857143,
            "f1-score": 0.6115702479338843,
            "support": 448.0
        },
        "33": {
            "precision": 0.11461318051575932,
            "recall": 0.34285714285714286,
            "f1-score": 0.1717967072297781,
            "support": 700.0
        },
        "34": {
            "precision": 0.6982968369829684,
            "recall": 0.767379679144385,
            "f1-score": 0.7312101910828025,
            "support": 374.0
        },
        "35": {
            "precision": 0.2222222222222222,
            "recall": 0.009615384615384616,
            "f1-score": 0.018433179723502304,
            "support": 416.0
        },
        "36": {
            "precision": 0.9367088607594937,
            "recall": 0.29133858267716534,
            "f1-score": 0.4444444444444444,
            "support": 508.0
        },
        "37": {
            "precision": 0.6089171974522293,
            "recall": 0.7648,
            "f1-score": 0.6780141843971631,
            "support": 625.0
        },
        "38": {
            "precision": 0.9240924092409241,
            "recall": 0.9911504424778761,
            "f1-score": 0.9564474807856533,
            "support": 565.0
        },
        "39": {
            "precision": 0.0,
            "recall": 0.0,
            "f1-score": 0.0,
            "support": 696.0
        },
        "40": {
            "precision": 0.1,
            "recall": 0.0051813471502590676,
            "f1-score": 0.009852216748768473,
            "support": 386.0
        },
        "41": {
            "precision": 0.0,
            "recall": 0.0,
            "f1-score": 0.0,
            "support": 594.0
        },
        "42": {
            "precision": 0.2937456078706957,