{
    "acc1": 0.5547121378804547,
    "acc5": [
        0.8233223322332234
    ],
    "mean_per_class_recall": 0.5701776170982236,
    "classification_report": {
        "0": {
            "precision": 0.9849498327759197,
            "recall": 0.9515347334410339,
            "f1-score": 0.9679539852095317,
            "support": 619.0
        },
        "1": {
            "precision": 0.8784067085953878,
            "recall": 0.9501133786848073,
            "f1-score": 0.9128540305010894,
            "support": 441.0
        },
        "2": {
            "precision": 0.5,
            "recall": 0.002751031636863824,
            "f1-score": 0.005471956224350205,
            "support": 727.0
        },
        "3": {
            "precision": 0.4510250569476082,
            "recall": 0.8627450980392157,
            "f1-score": 0.5923709798055348,
            "support": 459.0
        },
        "4": {
            "precision": 0.5882352941176471,
            "recall": 0.8863636363636364,
            "f1-score": 0.7071622846781505,
            "support": 440.0
        },
        "5": {
            "precision": 0.9252336448598131,
            "recall": 0.9684782608695652,
            "f1-score": 0.9463621879978757,
            "support": 920.0
        },
        "6": {
            "precision": 0.5913978494623656,
            "recall": 0.10091743119266056,
            "f1-score": 0.1724137931034483,
            "support": 545.0
        },
        "7": {
            "precision": 0.8473053892215568,
            "recall": 0.6302895322939867,
            "f1-score": 0.722860791826309,
            "support": 449.0
        },
        "8": {
            "precision": 0.5334207077326344,
            "recall": 0.9830917874396136,
            "f1-score": 0.6915887850467289,
            "support": 414.0
        },
        "9": {
            "precision": 0.0,
            "recall": 0.0,
            "f1-score": 0.0,
            "support": 336.0
        },
        "10": {
            "precision": 0.11559633027522936,
            "recall": 0.10031847133757962,
            "f1-score": 0.10741687979539642,
            "support": 628.0
        },
        "11": {
            "precision": 0.3211722488038278,
            "recall": 0.67125,
            "f1-score": 0.4344660194174757,
            "support": 800.0
        },
        "12": {
            "precision": 0.8890675241157556,
            "recall": 0.9735915492957746,
            "f1-score": 0.9294117647058824,
            "support": 568.0
        },
        "13": {
            "precision": 0.6919739696312365,
            "recall": 0.7649880095923262,
            "f1-score": 0.7266514806378133,
            "support": 417.0
        },
        "14": {
            "precision": 0.4079601990049751,
            "recall": 0.8241206030150754,
            "f1-score": 0.5457570715474209,
            "support": 597.0
        },
        "15": {
            "precision": 0.5212765957446809,
            "recall": 0.12596401028277635,
            "f1-score": 0.2028985507246377,
            "support": 389.0
        },
        "16": {
            "precision": 0.6086330935251798,
            "recall": 0.8739669421487604,
            "f1-score": 0.7175572519083969,
            "support": 484.0
        },
        "17": {
            "precision": 0.6534653465346535,
            "recall": 0.8418367346938775,
            "f1-score": 0.7357859531772575,
            "support": 392.0
        },
        "18": {
            "precision": 0.027777777777777776,
            "recall": 0.002564102564102564,
            "f1-score": 0.004694835680751174,
            "support": 390.0
        },
        "19": {
            "precision": 0.7549019607843137,
            "recall": 0.9506172839506173,
            "f1-score": 0.8415300546448088,
            "support": 405.0
        },
        "20": {
            "precision": 0.13089005235602094,
            "recall": 0.06793478260869565,
            "f1-score": 0.08944543828264759,
            "support": 368.0
        },
        "21": {
            "precision": 0.9511002444987775,
            "recall": 0.8800904977375565,
            "f1-score": 0.9142185663924794,
            "support": 442.0
        },
        "22": {
            "precision": 0.9054545454545454,
            "recall": 0.9894039735099338,
            "f1-score": 0.9455696202531646,
            "support": 755.0
        },
        "23": {
            "precision": 0.9144981412639405,
            "recall": 0.6373056994818653,
            "f1-score": 0.751145038167939,
            "support": 386.0
        },
        "24": {
            "precision": 0.8651162790697674,
            "recall": 0.9095354523227384,
            "f1-score": 0.8867699642431466,
            "support": 409.0
        },
        "25": {
            "precision": 0.336996336996337,
            "recall": 0.19047619047619047,
            "f1-score": 0.24338624338624337,
            "support": 483.0
        },
        "26": {
            "precision": 0.9485530546623794,
            "recall": 0.43255131964809385,
            "f1-score": 0.594159113796576,
            "support": 682.0
        },
        "27": {
            "precision": 0.7788203753351206,
            "recall": 0.9540229885057471,
            "f1-score": 0.8575645756457565,
            "support": 609.0
        },
        "28": {
            "precision": 0.5584615384615385,
            "recall": 0.9052369077306733,
            "f1-score": 0.6907706945765937,
            "support": 401.0
        },
        "29": {
            "precision": 0.9486754966887417,
            "recall": 0.9212218649517685,
            "f1-score": 0.9347471451876019,
            "support": 622.0
        },
        "30": {
            "precision": 0.9781659388646288,
            "recall": 0.7021943573667712,
            "f1-score": 0.8175182481751825,
            "support": 638.0
        },
        "31": {
            "precision": 0.08823529411764706,
            "recall": 0.0053285968028419185,
            "f1-score": 0.010050251256281407,
            "support": 563.0
        },
        "32": {
            "precision": 0.6503856041131105,
            "recall": 0.5647321428571429,
            "f1-score": 0.6045400238948626,
            "support": 448.0
        },
        "33": {
            "precision": 0.08801274392672243,
            "recall": 0.3157142857142857,
            "f1-score": 0.13765182186234817,
            "support": 700.0
        },
        "34": {
            "precision": 0.6293103448275862,
            "recall": 0.7807486631016043,
            "f1-score": 0.6968973747016707,
            "support": 374.0
        },
        "35": {
            "precision": 0.38461538461538464,
            "recall": 0.02403846153846154,
            "f1-score": 0.04524886877828054,
            "support": 416.0
        },
        "36": {
            "precision": 0.9038461538461539,
            "recall": 0.4625984251968504,
            "f1-score": 0.6119791666666666,
            "support": 508.0
        },
        "37": {
            "precision": 0.6047430830039525,
            "recall": 0.7344,
            "f1-score": 0.6632947976878613,
            "support": 625.0
        },
        "38": {
            "precision": 0.930116472545757,
            "recall": 0.9893805309734514,
            "f1-score": 0.9588336192109777,
            "support": 565.0
        },
        "39": {
            "precision": 0.0,
            "recall": 0.0,
            "f1-score": 0.0,
            "support": 696.0
        },
        "40": {
            "precision": 0.09090909090909091,
            "recall": 0.0051813471502590676,
            "f1-score": 0.00980392156862745,
            "support": 386.0
        },
        "41": {
            "precision": 0.0,
            "recall": 0.0,
            "f1-score": 0.0,
            "support": 594.0
        },
        "42": {
            "precision": 0.3056163384390955,
            "recall": 0.9676674364896074,