{
    "acc1": 0.528183477863989,
    "acc5": [
        0.7560474669100867
    ],
    "mean_per_class_recall": 0.5146712070489783,
    "classification_report": {
        "0": {
            "precision": 0.906183368869936,
            "recall": 0.8268482490272373,
            "f1-score": 0.8646998982706002,
            "support": 514.0
        },
        "1": {
            "precision": 0.0,
            "recall": 0.0,
            "f1-score": 0.0,
            "support": 494.0
        },
        "2": {
            "precision": 0.9616252821670429,
            "recall": 0.8819875776397516,
            "f1-score": 0.9200863930885529,
            "support": 483.0
        },
        "3": {
            "precision": 0.0,
            "recall": 0.0,
            "f1-score": 0.0,
            "support": 651.0
        },
        "4": {
            "precision": 0.5227963525835866,
            "recall": 0.25443786982248523,
            "f1-score": 0.34228855721393037,
            "support": 676.0
        },
        "5": {
            "precision": 0.0,
            "recall": 0.0,
            "f1-score": 0.0,
            "support": 364.0
        },
        "6": {
            "precision": 0.3992827256425583,
            "recall": 0.9316596931659693,
            "f1-score": 0.5589958158995816,
            "support": 717.0
        },
        "7": {
            "precision": 0.0,
            "recall": 0.0,
            "f1-score": 0.0,
            "support": 429.0
        },
        "8": {
            "precision": 0.05154639175257732,
            "recall": 0.01615508885298869,
            "f1-score": 0.024600246002460024,
            "support": 619.0
        },
        "9": {
            "precision": 0.9499072356215214,
            "recall": 0.9884169884169884,
            "f1-score": 0.9687795648060549,
            "support": 518.0
        },
        "10": {
            "precision": 1.0,
            "recall": 0.09029345372460497,
            "f1-score": 0.16563146997929606,
            "support": 443.0
        },
        "11": {
            "precision": 0.0,
            "recall": 0.0,
            "f1-score": 0.0,
            "support": 464.0
        },
        "12": {
            "precision": 0.34782608695652173,
            "recall": 0.02099737532808399,
            "f1-score": 0.039603960396039604,
            "support": 381.0
        },
        "13": {
            "precision": 0.05263157894736842,
            "recall": 0.0022222222222222222,
            "f1-score": 0.0042643923240938165,
            "support": 450.0
        },
        "14": {
            "precision": 0.9505494505494505,
            "recall": 0.9899856938483548,
            "f1-score": 0.9698668535388928,
            "support": 699.0
        },
        "15": {
            "precision": 0.0,
            "recall": 0.0,
            "f1-score": 0.0,
            "support": 541.0
        },
        "16": {
            "precision": 0.9612403100775194,
            "recall": 0.7654320987654321,
            "f1-score": 0.852233676975945,
            "support": 486.0
        },
        "17": {
            "precision": 0.0,
            "recall": 0.0,
            "f1-score": 0.0,
            "support": 490.0
        },
        "18": {
            "precision": 0.043478260869565216,
            "recall": 0.026470588235294117,
            "f1-score": 0.03290676416819013,
            "support": 340.0
        },
        "19": {
            "precision": 0.5796344647519582,
            "recall": 0.961038961038961,
            "f1-score": 0.7231270358306189,
            "support": 462.0
        },
        "20": {
            "precision": 0.9074889867841409,
            "recall": 0.9427917620137299,
            "f1-score": 0.9248035914702581,
            "support": 437.0
        },
        "21": {
            "precision": 0.9406392694063926,
            "recall": 0.535064935064935,
            "f1-score": 0.6821192052980133,
            "support": 385.0
        },
        "22": {
            "precision": 0.7522123893805309,
            "recall": 0.5044510385756676,
            "f1-score": 0.6039076376554174,
            "support": 337.0
        },
        "23": {
            "precision": 0.3778280542986425,
            "recall": 0.9852507374631269,
            "f1-score": 0.5461978740801309,
            "support": 339.0
        },
        "24": {
            "precision": 0.9850427350427351,
            "recall": 0.5065934065934066,
            "f1-score": 0.6690856313497823,
            "support": 910.0
        },
        "25": {
            "precision": 0.16703056768558952,
            "recall": 0.5930232558139535,
            "f1-score": 0.2606473594548552,
            "support": 516.0
        },
        "26": {
            "precision": 0.8435517970401691,
            "recall": 0.9236111111111112,
            "f1-score": 0.881767955801105,
            "support": 432.0
        },
        "27": {
            "precision": 0.6489028213166145,
            "recall": 0.5175,
            "f1-score": 0.5757997218358831,
            "support": 400.0
        },
        "28": {
            "precision": 0.3625,
            "recall": 0.8763736263736264,
            "f1-score": 0.5128617363344051,
            "support": 364.0
        },
        "29": {
            "precision": 0.7277777777777777,
            "recall": 0.6752577319587629,
            "f1-score": 0.7005347593582888,
            "support": 388.0
        },
        "30": {
            "precision": 0.0,
            "recall": 0.0,
            "f1-score": 0.0,
            "support": 557.0
        },
        "31": {
            "precision": 0.9706498951781971,
            "recall": 0.8852772466539197,
            "f1-score": 0.926,
            "support": 523.0
        },
        "32": {
            "precision": 0.23296703296703297,
            "recall": 0.6503067484662577,
            "f1-score": 0.343042071197411,
            "support": 652.0
        },
        "33": {
            "precision": 0.3684210526315789,
            "recall": 0.019886363636363636,
            "f1-score": 0.03773584905660377,
            "support": 352.0
        },
        "34": {
            "precision": 0.8234295415959253,
            "recall": 0.7404580152671756,
            "f1-score": 0.7797427652733119,
            "support": 655.0
        },
        "35": {
            "precision": 0.6056737588652482,
            "recall": 0.8914405010438413,
            "f1-score": 0.7212837837837838,
            "support": 479.0
        },
        "36": {
            "precision": 0.9419152276295133,
            "recall": 0.7299270072992701,
            "f1-score": 0.8224811514736121,
            "support": 822.0
        },
        "37": {
            "precision": 0.9495225102319236,
            "recall": 0.943089430894309,
            "f1-score": 0.9462950373895309,
            "support": 738.0
        },
        "38": {
            "precision": 0.5070422535211268,
            "recall": 0.05,
            "f1-score": 0.09102402022756005,
            "support": 720.0
        },
        "39": {
            "precision": 0.6113074204946997,
            "recall": 0.23994452149791956,
            "f1-score": 0.34462151394422313,
            "support": 721.0
        },
        "40": {
            "precision": 0.28773318258903335,
            "recall": 0.8867595818815331,
            "f1-score": 0.4344857020913359,
            "support": 574.0
        },
        "41": {
            "precision": 0.8715596330275229,
            "recall": 0.8525641025641025,
            "f1-score": 0.8619572261827608,
            "support": 780.0
        },
        "42": {
            "precision": 0.14859094790777114,
            "recall": 0.39101123595505616,
            "f1-score": 0.21534653465346534,
            "support": 445.0
        },
        "43": {
            "precision": 0.0,
            "recall": 0.0,
            "f1-score": 0.0,
            "support": 468.0
        },
        "44": {
            "precision": 0.16756465517241378,