{
    "acc1": 0.5550421708837551,
    "acc5": [
        0.8009167583425009
    ],
    "mean_per_class_recall": 0.565212515902328,
    "classification_report": {
        "0": {
            "precision": 0.9770867430441899,
            "recall": 0.9644588045234249,
            "f1-score": 0.9707317073170731,
            "support": 619.0
        },
        "1": {
            "precision": 0.8138195777351248,
            "recall": 0.9614512471655329,
            "f1-score": 0.8814968814968815,
            "support": 441.0
        },
        "2": {
            "precision": 0.5,
            "recall": 0.001375515818431912,
            "f1-score": 0.0027434842249657062,
            "support": 727.0
        },
        "3": {
            "precision": 0.39922854387656703,
            "recall": 0.9019607843137255,
            "f1-score": 0.553475935828877,
            "support": 459.0
        },
        "4": {
            "precision": 0.5535465924895688,
            "recall": 0.9045454545454545,
            "f1-score": 0.6867989646246765,
            "support": 440.0
        },
        "5": {
            "precision": 0.9112244897959184,
            "recall": 0.9706521739130435,
            "f1-score": 0.94,
            "support": 920.0
        },
        "6": {
            "precision": 0.5178571428571429,
            "recall": 0.10642201834862386,
            "f1-score": 0.1765601217656012,
            "support": 545.0
        },
        "7": {
            "precision": 0.912,
            "recall": 0.5077951002227171,
            "f1-score": 0.6523605150214592,
            "support": 449.0
        },
        "8": {
            "precision": 0.665016501650165,
            "recall": 0.9734299516908212,
            "f1-score": 0.7901960784313725,
            "support": 414.0
        },
        "9": {
            "precision": 0.0,
            "recall": 0.0,
            "f1-score": 0.0,
            "support": 336.0
        },
        "10": {
            "precision": 0.10160427807486631,
            "recall": 0.09076433121019108,
            "f1-score": 0.095878889823381,
            "support": 628.0
        },
        "11": {
            "precision": 0.3417225950782998,
            "recall": 0.76375,
            "f1-score": 0.4721792890262751,
            "support": 800.0
        },
        "12": {
            "precision": 0.8660436137071651,
            "recall": 0.9788732394366197,
            "f1-score": 0.9190082644628099,
            "support": 568.0
        },
        "13": {
            "precision": 0.8945783132530121,
            "recall": 0.7122302158273381,
            "f1-score": 0.7930574098798397,
            "support": 417.0
        },
        "14": {
            "precision": 0.36510376633358954,
            "recall": 0.7956448911222781,
            "f1-score": 0.5005268703898841,
            "support": 597.0
        },
        "15": {
            "precision": 0.4897959183673469,
            "recall": 0.061696658097686374,
            "f1-score": 0.1095890410958904,
            "support": 389.0
        },
        "16": {
            "precision": 0.6253869969040248,
            "recall": 0.8347107438016529,
            "f1-score": 0.7150442477876107,
            "support": 484.0
        },
        "17": {
            "precision": 0.6488095238095238,
            "recall": 0.8341836734693877,
            "f1-score": 0.7299107142857143,
            "support": 392.0
        },
        "18": {
            "precision": 0.0,
            "recall": 0.0,
            "f1-score": 0.0,
            "support": 390.0
        },
        "19": {
            "precision": 0.773784355179704,
            "recall": 0.9037037037037037,
            "f1-score": 0.8337129840546698,
            "support": 405.0
        },
        "20": {
            "precision": 0.11284046692607004,
            "recall": 0.07880434782608696,
            "f1-score": 0.0928,
            "support": 368.0
        },
        "21": {
            "precision": 0.9507389162561576,
            "recall": 0.8733031674208145,
            "f1-score": 0.910377358490566,
            "support": 442.0
        },
        "22": {
            "precision": 0.8788235294117647,
            "recall": 0.9894039735099338,
            "f1-score": 0.930841121495327,
            "support": 755.0
        },
        "23": {
            "precision": 0.86,
            "recall": 0.6683937823834197,
            "f1-score": 0.7521865889212828,
            "support": 386.0
        },
        "24": {
            "precision": 0.8604118993135011,
            "recall": 0.9193154034229829,
            "f1-score": 0.8888888888888888,
            "support": 409.0
        },
        "25": {
            "precision": 0.3089171974522293,
            "recall": 0.20082815734989648,
            "f1-score": 0.24341279799247176,
            "support": 483.0
        },
        "26": {
            "precision": 0.9523809523809523,
            "recall": 0.3225806451612903,
            "f1-score": 0.4819277108433735,
            "support": 682.0
        },
        "27": {
            "precision": 0.8002773925104022,
            "recall": 0.9474548440065681,
            "f1-score": 0.8676691729323308,
            "support": 609.0
        },
        "28": {
            "precision": 0.5774193548387097,
            "recall": 0.8927680798004988,
            "f1-score": 0.7012732615083251,
            "support": 401.0
        },
        "29": {
            "precision": 0.9532554257095158,
            "recall": 0.9180064308681672,
            "f1-score": 0.9352989352989353,
            "support": 622.0
        },
        "30": {
            "precision": 0.9524752475247524,
            "recall": 0.7539184952978056,
            "f1-score": 0.8416447944007,
            "support": 638.0
        },
        "31": {
            "precision": 0.15384615384615385,
            "recall": 0.017761989342806393,
            "f1-score": 0.03184713375796178,
            "support": 563.0
        },
        "32": {
            "precision": 0.7523809523809524,
            "recall": 0.17633928571428573,
            "f1-score": 0.2857142857142857,
            "support": 448.0
        },
        "33": {
            "precision": 0.05743740795287187,
            "recall": 0.11142857142857143,
            "f1-score": 0.07580174927113703,
            "support": 700.0
        },
        "34": {
            "precision": 0.6893424036281179,
            "recall": 0.8128342245989305,
            "f1-score": 0.7460122699386503,
            "support": 374.0
        },
        "35": {
            "precision": 0.23809523809523808,
            "recall": 0.01201923076923077,
            "f1-score": 0.02288329519450801,
            "support": 416.0
        },
        "36": {
            "precision": 0.9657142857142857,
            "recall": 0.33267716535433073,
            "f1-score": 0.49487554904831627,
            "support": 508.0
        },
        "37": {
            "precision": 0.5857988165680473,
            "recall": 0.792,
            "f1-score": 0.673469387755102,
            "support": 625.0
        },
        "38": {
            "precision": 0.9422750424448217,
            "recall": 0.9823008849557522,
            "f1-score": 0.9618717504332756,
            "support": 565.0
        },
        "39": {
            "precision": 0.0,
            "recall": 0.0,
            "f1-score": 0.0,
            "support": 696.0
        },
        "40": {
            "precision": 0.13333333333333333,
            "recall": 0.0051813471502590676,
            "f1-score": 0.00997506234413965,
            "support": 386.0
        },
        "41": {
            "precision": 0.0,
            "recall": 0.0,
            "f1-score": 0.0,
            "support": 594.0
        },
        "42": {
            "precision": 0.3008011653313911,
            "recall": 0.953810623556582,
            "f1-score": 0.4573643410852713,
            "support": 433.0
        },