{
    "acc1": 0.5662178609462954,
    "acc5": [
        0.7662787159592271
    ],
    "mean_per_class_recall": 0.542643264203567,
    "classification_report": {
        "0": {
            "precision": 0.9659367396593674,
            "recall": 0.7723735408560312,
            "f1-score": 0.8583783783783784,
            "support": 514.0
        },
        "1": {
            "precision": 0.0,
            "recall": 0.0,
            "f1-score": 0.0,
            "support": 494.0
        },
        "2": {
            "precision": 0.9904534606205251,
            "recall": 0.8592132505175983,
            "f1-score": 0.9201773835920177,
            "support": 483.0
        },
        "3": {
            "precision": 0.5215163934426229,
            "recall": 0.7818740399385561,
            "f1-score": 0.6256914566687154,
            "support": 651.0
        },
        "4": {
            "precision": 0.5229166666666667,
            "recall": 0.371301775147929,
            "f1-score": 0.4342560553633218,
            "support": 676.0
        },
        "5": {
            "precision": 0.125,
            "recall": 0.0027472527472527475,
            "f1-score": 0.005376344086021506,
            "support": 364.0
        },
        "6": {
            "precision": 0.30335097001763667,
            "recall": 0.9595536959553695,
            "f1-score": 0.4609715242881072,
            "support": 717.0
        },
        "7": {
            "precision": 0.0,
            "recall": 0.0,
            "f1-score": 0.0,
            "support": 429.0
        },
        "8": {
            "precision": 0.0,
            "recall": 0.0,
            "f1-score": 0.0,
            "support": 619.0
        },
        "9": {
            "precision": 0.9657142857142857,
            "recall": 0.9787644787644788,
            "f1-score": 0.9721955896452541,
            "support": 518.0
        },
        "10": {
            "precision": 0.993421052631579,
            "recall": 0.34085778781038373,
            "f1-score": 0.507563025210084,
            "support": 443.0
        },
        "11": {
            "precision": 0.0,
            "recall": 0.0,
            "f1-score": 0.0,
            "support": 464.0
        },
        "12": {
            "precision": 0.875,
            "recall": 0.01837270341207349,
            "f1-score": 0.03598971722365039,
            "support": 381.0
        },
        "13": {
            "precision": 0.05555555555555555,
            "recall": 0.0022222222222222222,
            "f1-score": 0.004273504273504274,
            "support": 450.0
        },
        "14": {
            "precision": 0.9121887287024901,
            "recall": 0.9957081545064378,
            "f1-score": 0.9521203830369357,
            "support": 699.0
        },
        "15": {
            "precision": 0.0,
            "recall": 0.0,
            "f1-score": 0.0,
            "support": 541.0
        },
        "16": {
            "precision": 0.8,
            "recall": 0.9547325102880658,
            "f1-score": 0.8705440900562852,
            "support": 486.0
        },
        "17": {
            "precision": 0.0,
            "recall": 0.0,
            "f1-score": 0.0,
            "support": 490.0
        },
        "18": {
            "precision": 0.0,
            "recall": 0.0,
            "f1-score": 0.0,
            "support": 340.0
        },
        "19": {
            "precision": 0.5011037527593819,
            "recall": 0.9826839826839827,
            "f1-score": 0.6637426900584795,
            "support": 462.0
        },
        "20": {
            "precision": 0.9597523219814241,
            "recall": 0.7093821510297483,
            "f1-score": 0.8157894736842105,
            "support": 437.0
        },
        "21": {
            "precision": 0.9105058365758755,
            "recall": 0.6077922077922078,
            "f1-score": 0.7289719626168224,
            "support": 385.0
        },
        "22": {
            "precision": 0.8678571428571429,
            "recall": 0.7210682492581603,
            "f1-score": 0.7876823338735819,
            "support": 337.0
        },
        "23": {
            "precision": 0.3935790725326992,
            "recall": 0.976401179941003,
            "f1-score": 0.5610169491525424,
            "support": 339.0
        },
        "24": {
            "precision": 0.8671248568155785,
            "recall": 0.8318681318681319,
            "f1-score": 0.8491306786315199,
            "support": 910.0
        },
        "25": {
            "precision": 0.16354916067146283,
            "recall": 0.6608527131782945,
            "f1-score": 0.2622068435217224,
            "support": 516.0
        },
        "26": {
            "precision": 0.9843342036553525,
            "recall": 0.8726851851851852,
            "f1-score": 0.9251533742331288,
            "support": 432.0
        },
        "27": {
            "precision": 0.7439024390243902,
            "recall": 0.7625,
            "f1-score": 0.7530864197530864,
            "support": 400.0
        },
        "28": {
            "precision": 0.32615083251714005,
            "recall": 0.9148351648351648,
            "f1-score": 0.4808664259927798,
            "support": 364.0
        },
        "29": {
            "precision": 0.8547619047619047,
            "recall": 0.9252577319587629,
            "f1-score": 0.8886138613861386,
            "support": 388.0
        },
        "30": {
            "precision": 0.6666666666666666,
            "recall": 0.003590664272890485,
            "f1-score": 0.007142857142857143,
            "support": 557.0
        },
        "31": {
            "precision": 0.9418386491557224,
            "recall": 0.9598470363288719,
            "f1-score": 0.9507575757575758,
            "support": 523.0
        },
        "32": {
            "precision": 0.18910478834142957,
            "recall": 0.8358895705521472,
            "f1-score": 0.30843237125070744,
            "support": 652.0
        },
        "33": {
            "precision": 0.25,
            "recall": 0.011363636363636364,
            "f1-score": 0.021739130434782608,
            "support": 352.0
        },
        "34": {
            "precision": 0.7254901960784313,
            "recall": 0.9038167938931297,
            "f1-score": 0.8048946295037389,
            "support": 655.0
        },
        "35": {
            "precision": 0.8986301369863013,
            "recall": 0.6847599164926931,
            "f1-score": 0.7772511848341233,
            "support": 479.0
        },
        "36": {
            "precision": 0.6959641255605381,
            "recall": 0.9440389294403893,
            "f1-score": 0.8012390294269489,
            "support": 822.0
        },
        "37": {
            "precision": 0.9774964838255977,
            "recall": 0.9417344173441734,
            "f1-score": 0.9592822636300897,
            "support": 738.0
        },
        "38": {
            "precision": 0.1,
            "recall": 0.001388888888888889,
            "f1-score": 0.0027397260273972603,
            "support": 720.0
        },
        "39": {
            "precision": 0.48372093023255813,
            "recall": 0.2884882108183079,
            "f1-score": 0.36142484795829716,
            "support": 721.0
        },
        "40": {
            "precision": 0.3697657913413769,
            "recall": 0.9076655052264808,
            "f1-score": 0.5254664649520928,
            "support": 574.0
        },
        "41": {
            "precision": 0.9066496163682864,
            "recall": 0.908974358974359,
            "f1-score": 0.9078104993597952,
            "support": 780.0
        },
        "42": {
            "precision": 0.8,
            "recall": 0.017977528089887642,
            "f1-score": 0.035164835164835165,
            "support": 445.0
        },
        "43": {
            "precision": 0.0,
            "recall": 0.0,
            "f1-score": 0.0,
            "support": 468.0
        },