{
    "acc1": 0.5608727539420608,
    "acc5": [
        0.8121378804547121
    ],
    "mean_per_class_recall": 0.577588449214076,
    "classification_report": {
        "0": {
            "precision": 0.988255033557047,
            "recall": 0.9515347334410339,
            "f1-score": 0.9695473251028807,
            "support": 619.0
        },
        "1": {
            "precision": 0.8356713426853707,
            "recall": 0.9455782312925171,
            "f1-score": 0.8872340425531915,
            "support": 441.0
        },
        "2": {
            "precision": 0.3333333333333333,
            "recall": 0.001375515818431912,
            "f1-score": 0.0027397260273972603,
            "support": 727.0
        },
        "3": {
            "precision": 0.4890885750962773,
            "recall": 0.8300653594771242,
            "f1-score": 0.6155088852988692,
            "support": 459.0
        },
        "4": {
            "precision": 0.6530612244897959,
            "recall": 0.8727272727272727,
            "f1-score": 0.7470817120622568,
            "support": 440.0
        },
        "5": {
            "precision": 0.917093142272262,
            "recall": 0.9739130434782609,
            "f1-score": 0.9446494464944649,
            "support": 920.0
        },
        "6": {
            "precision": 0.6557377049180327,
            "recall": 0.07339449541284404,
            "f1-score": 0.132013201320132,
            "support": 545.0
        },
        "7": {
            "precision": 0.7866323907455013,
            "recall": 0.6815144766146993,
            "f1-score": 0.7303102625298329,
            "support": 449.0
        },
        "8": {
            "precision": 0.599112426035503,
            "recall": 0.9782608695652174,
            "f1-score": 0.7431192660550459,
            "support": 414.0
        },
        "9": {
            "precision": 0.15,
            "recall": 0.008928571428571428,
            "f1-score": 0.016853932584269662,
            "support": 336.0
        },
        "10": {
            "precision": 0.08173076923076923,
            "recall": 0.054140127388535034,
            "f1-score": 0.06513409961685823,
            "support": 628.0
        },
        "11": {
            "precision": 0.3196138211382114,
            "recall": 0.78625,
            "f1-score": 0.45447976878612717,
            "support": 800.0
        },
        "12": {
            "precision": 0.8890675241157556,
            "recall": 0.9735915492957746,
            "f1-score": 0.9294117647058824,
            "support": 568.0
        },
        "13": {
            "precision": 0.7842565597667639,
            "recall": 0.645083932853717,
            "f1-score": 0.7078947368421052,
            "support": 417.0
        },
        "14": {
            "precision": 0.3587033121916843,
            "recall": 0.8525963149078727,
            "f1-score": 0.5049603174603174,
            "support": 597.0
        },
        "15": {
            "precision": 0.6475409836065574,
            "recall": 0.20308483290488433,
            "f1-score": 0.30919765166340507,
            "support": 389.0
        },
        "16": {
            "precision": 0.6282245827010622,
            "recall": 0.8553719008264463,
            "f1-score": 0.7244094488188977,
            "support": 484.0
        },
        "17": {
            "precision": 0.6864035087719298,
            "recall": 0.798469387755102,
            "f1-score": 0.7382075471698113,
            "support": 392.0
        },
        "18": {
            "precision": 0.0,
            "recall": 0.0,
            "f1-score": 0.0,
            "support": 390.0
        },
        "19": {
            "precision": 0.7835051546391752,
            "recall": 0.9382716049382716,
            "f1-score": 0.8539325842696629,
            "support": 405.0
        },
        "20": {
            "precision": 0.09501187648456057,
            "recall": 0.10869565217391304,
            "f1-score": 0.10139416983523447,
            "support": 368.0
        },
        "21": {
            "precision": 0.9420289855072463,
            "recall": 0.8823529411764706,
            "f1-score": 0.9112149532710281,
            "support": 442.0
        },
        "22": {
            "precision": 0.9345911949685535,
            "recall": 0.9841059602649007,
            "f1-score": 0.9587096774193549,
            "support": 755.0
        },
        "23": {
            "precision": 0.8969465648854962,
            "recall": 0.6088082901554405,
            "f1-score": 0.7253086419753086,
            "support": 386.0
        },
        "24": {
            "precision": 0.8209606986899564,
            "recall": 0.9193154034229829,
            "f1-score": 0.8673587081891581,
            "support": 409.0
        },
        "25": {
            "precision": 0.41964285714285715,
            "recall": 0.19461697722567287,
            "f1-score": 0.26591230551626593,
            "support": 483.0
        },
        "26": {
            "precision": 0.9351351351351351,
            "recall": 0.5073313782991202,
            "f1-score": 0.6577946768060836,
            "support": 682.0
        },
        "27": {
            "precision": 0.7779273216689099,
            "recall": 0.9490968801313628,
            "f1-score": 0.8550295857988166,
            "support": 609.0
        },
        "28": {
            "precision": 0.5564142194744977,
            "recall": 0.8977556109725686,
            "f1-score": 0.6870229007633588,
            "support": 401.0
        },
        "29": {
            "precision": 0.9144215530903328,
            "recall": 0.927652733118971,
            "f1-score": 0.9209896249002394,
            "support": 622.0
        },
        "30": {
            "precision": 0.9744186046511628,
            "recall": 0.6567398119122257,
            "f1-score": 0.7846441947565543,
            "support": 638.0
        },
        "31": {
            "precision": 0.10416666666666667,
            "recall": 0.008880994671403197,
            "f1-score": 0.016366612111292964,
            "support": 563.0
        },
        "32": {
            "precision": 0.6255813953488372,
            "recall": 0.6004464285714286,
            "f1-score": 0.6127562642369021,
            "support": 448.0
        },
        "33": {
            "precision": 0.062313273580879215,
            "recall": 0.20857142857142857,
            "f1-score": 0.09595793624712455,
            "support": 700.0
        },
        "34": {
            "precision": 0.6129666011787819,
            "recall": 0.8342245989304813,
            "f1-score": 0.7066817667044167,
            "support": 374.0
        },
        "35": {
            "precision": 0.42424242424242425,
            "recall": 0.03365384615384615,
            "f1-score": 0.062360801781737196,
            "support": 416.0
        },
        "36": {
            "precision": 0.8738461538461538,
            "recall": 0.5590551181102362,
            "f1-score": 0.6818727490996399,
            "support": 508.0
        },
        "37": {
            "precision": 0.6190476190476191,
            "recall": 0.728,
            "f1-score": 0.6691176470588235,
            "support": 625.0
        },
        "38": {
            "precision": 0.9104234527687296,
            "recall": 0.9893805309734514,
            "f1-score": 0.9482612383375743,
            "support": 565.0
        },
        "39": {
            "precision": 0.0,
            "recall": 0.0,
            "f1-score": 0.0,
            "support": 696.0
        },
        "40": {
            "precision": 0.18181818181818182,
            "recall": 0.0051813471502590676,
            "f1-score": 0.010075566750629723,
            "support": 386.0
        },
        "41": {
            "precision": 0.0,
            "recall": 0.0,
            "f1-score": 0.0,
            "support": 594.0
        },
        "42": {
            "precision": 0.36621004566210047,
            "recall": 0.9260969976905312,