{
    "acc1": 0.532482135732163,
    "acc5": [
        0.7587144981682324
    ],
    "mean_per_class_recall": 0.5086286841105938,
    "classification_report": {
        "0": {
            "precision": 0.0,
            "recall": 0.0,
            "f1-score": 0.0,
            "support": 382.0
        },
        "1": {
            "precision": 0.9063670411985019,
            "recall": 0.39095315024232635,
            "f1-score": 0.54627539503386,
            "support": 619.0
        },
        "2": {
            "precision": 1.0,
            "recall": 0.0023148148148148147,
            "f1-score": 0.004618937644341801,
            "support": 432.0
        },
        "3": {
            "precision": 0.8937677053824362,
            "recall": 0.9238653001464129,
            "f1-score": 0.9085673146148309,
            "support": 683.0
        },
        "4": {
            "precision": 0.35255135851557323,
            "recall": 0.7823529411764706,
            "f1-score": 0.4860666971219735,
            "support": 680.0
        },
        "5": {
            "precision": 0.48904267589388695,
            "recall": 0.9769585253456221,
            "f1-score": 0.6518063028439662,
            "support": 434.0
        },
        "6": {
            "precision": 0.014285714285714285,
            "recall": 0.004750593824228029,
            "f1-score": 0.0071301247771836,
            "support": 421.0
        },
        "7": {
            "precision": 0.8,
            "recall": 0.027906976744186046,
            "f1-score": 0.05393258426966292,
            "support": 430.0
        },
        "8": {
            "precision": 0.9567198177676538,
            "recall": 0.8450704225352113,
            "f1-score": 0.8974358974358975,
            "support": 497.0
        },
        "9": {
            "precision": 0.6259541984732825,
            "recall": 0.21465968586387435,
            "f1-score": 0.31968810916179335,
            "support": 382.0
        },
        "10": {
            "precision": 0.0,
            "recall": 0.0,
            "f1-score": 0.0,
            "support": 447.0
        },
        "11": {
            "precision": 0.9057471264367816,
            "recall": 0.9563106796116505,
            "f1-score": 0.9303423848878394,
            "support": 412.0
        },
        "12": {
            "precision": 0.9128440366972477,
            "recall": 0.3559928443649374,
            "f1-score": 0.5122265122265123,
            "support": 559.0
        },
        "13": {
            "precision": 0.7391304347826086,
            "recall": 0.12469437652811736,
            "f1-score": 0.21338912133891214,
            "support": 409.0
        },
        "14": {
            "precision": 0.9921104536489151,
            "recall": 0.9636015325670498,
            "f1-score": 0.9776482021379981,
            "support": 522.0
        },
        "15": {
            "precision": 0.18460648148148148,
            "recall": 0.5853211009174312,
            "f1-score": 0.28068631764188295,
            "support": 545.0
        },
        "16": {
            "precision": 0.1875,
            "recall": 0.008264462809917356,
            "f1-score": 0.0158311345646438,
            "support": 363.0
        },
        "17": {
            "precision": 0.0,
            "recall": 0.0,
            "f1-score": 0.0,
            "support": 569.0
        },
        "18": {
            "precision": 1.0,
            "recall": 0.0019305019305019305,
            "f1-score": 0.0038535645472061657,
            "support": 518.0
        },
        "19": {
            "precision": 0.2360020931449503,
            "recall": 0.9955849889624724,
            "f1-score": 0.38155668358714045,
            "support": 453.0
        },
        "20": {
            "precision": 0.9383259911894273,
            "recall": 0.5392405063291139,
            "f1-score": 0.684887459807074,
            "support": 395.0
        },
        "21": {
            "precision": 0.484472049689441,
            "recall": 0.5064935064935064,
            "f1-score": 0.49523809523809526,
            "support": 616.0
        },
        "22": {
            "precision": 0.9039301310043668,
            "recall": 0.38619402985074625,
            "f1-score": 0.5411764705882353,
            "support": 536.0
        },
        "23": {
            "precision": 0.8872077028885832,
            "recall": 0.9402332361516035,
            "f1-score": 0.9129511677282378,
            "support": 686.0
        },
        "24": {
            "precision": 0.9840546697038725,
            "recall": 0.988558352402746,
            "f1-score": 0.9863013698630136,
            "support": 437.0
        },
        "25": {
            "precision": 0.1647025007185973,
            "recall": 0.8761467889908257,
            "f1-score": 0.2772804258407936,
            "support": 654.0
        },
        "26": {
            "precision": 0.835820895522388,
            "recall": 0.9696969696969697,
            "f1-score": 0.8977955911823647,
            "support": 693.0
        },
        "27": {
            "precision": 0.42249240121580545,
            "recall": 0.1963276836158192,
            "f1-score": 0.26808100289296044,
            "support": 708.0
        },
        "28": {
            "precision": 0.9655172413793104,
            "recall": 0.05870020964360587,
            "f1-score": 0.11067193675889328,
            "support": 477.0
        },
        "29": {
            "precision": 0.0,
            "recall": 0.0,
            "f1-score": 0.0,
            "support": 564.0
        },
        "30": {
            "precision": 0.11475409836065574,
            "recall": 0.012131715771230503,
            "f1-score": 0.0219435736677116,
            "support": 577.0
        },
        "31": {
            "precision": 0.2584446190102121,
            "recall": 0.6985138004246284,
            "f1-score": 0.37729357798165136,
            "support": 471.0
        },
        "32": {
            "precision": 0.9282442748091603,
            "recall": 0.7405602923264312,
            "f1-score": 0.8238482384823849,
            "support": 821.0
        },
        "33": {
            "precision": 0.8391608391608392,
            "recall": 0.91324200913242,
            "f1-score": 0.8746355685131195,
            "support": 657.0
        },
        "34": {
            "precision": 0.9828431372549019,
            "recall": 0.723826714801444,
            "f1-score": 0.8336798336798337,
            "support": 554.0
        },
        "35": {
            "precision": 0.3617549668874172,
            "recall": 0.7014446227929374,
            "f1-score": 0.4773347897323867,
            "support": 623.0
        },
        "36": {
            "precision": 0.891500904159132,
            "recall": 0.7391304347826086,
            "f1-score": 0.8081967213114755,
            "support": 667.0
        },
        "37": {
            "precision": 0.7169811320754716,
            "recall": 0.9544740973312402,
            "f1-score": 0.8188552188552188,
            "support": 637.0
        },
        "38": {
            "precision": 0.9730185497470489,
            "recall": 0.9914089347079038,
            "f1-score": 0.9821276595744681,
            "support": 582.0
        },
        "39": {
            "precision": 0.8813905930470347,
            "recall": 0.6702954898911353,
            "f1-score": 0.7614840989399293,
            "support": 643.0
        },
        "40": {
            "precision": 0.40764331210191085,
            "recall": 0.19814241486068113,
            "f1-score": 0.26666666666666666,
            "support": 646.0
        },
        "41": {
            "precision": 0.8740875912408759,
            "recall": 0.897003745318352,
            "f1-score": 0.8853974121996303,
            "support": 534.0
        },
        "42": {
            "precision": 0.9333333333333333,
            "recall": 0.9315589353612167,
            "f1-score": 0.9324452901998097,
            "support": 526.0
        },