{
    "acc1": 0.5754221816522136,
    "acc5": [
        0.7787159592271413
    ],
    "mean_per_class_recall": 0.5577031733400603,
    "classification_report": {
        "0": {
            "precision": 0.9502262443438914,
            "recall": 0.8171206225680934,
            "f1-score": 0.8786610878661087,
            "support": 514.0
        },
        "1": {
            "precision": 0.0,
            "recall": 0.0,
            "f1-score": 0.0,
            "support": 494.0
        },
        "2": {
            "precision": 0.9841269841269841,
            "recall": 0.8985507246376812,
            "f1-score": 0.9393939393939394,
            "support": 483.0
        },
        "3": {
            "precision": 0.5323741007194245,
            "recall": 0.11367127496159754,
            "f1-score": 0.18734177215189873,
            "support": 651.0
        },
        "4": {
            "precision": 0.7149532710280374,
            "recall": 0.4526627218934911,
            "f1-score": 0.5543478260869565,
            "support": 676.0
        },
        "5": {
            "precision": 0.0,
            "recall": 0.0,
            "f1-score": 0.0,
            "support": 364.0
        },
        "6": {
            "precision": 0.29568251199302226,
            "recall": 0.9456066945606695,
            "f1-score": 0.4504983388704319,
            "support": 717.0
        },
        "7": {
            "precision": 0.0,
            "recall": 0.0,
            "f1-score": 0.0,
            "support": 429.0
        },
        "8": {
            "precision": 0.0,
            "recall": 0.0,
            "f1-score": 0.0,
            "support": 619.0
        },
        "9": {
            "precision": 0.9481481481481482,
            "recall": 0.9884169884169884,
            "f1-score": 0.9678638941398866,
            "support": 518.0
        },
        "10": {
            "precision": 1.0,
            "recall": 0.4492099322799097,
            "f1-score": 0.6199376947040498,
            "support": 443.0
        },
        "11": {
            "precision": 0.0,
            "recall": 0.0,
            "f1-score": 0.0,
            "support": 464.0
        },
        "12": {
            "precision": 1.0,
            "recall": 0.09973753280839895,
            "f1-score": 0.18138424821002386,
            "support": 381.0
        },
        "13": {
            "precision": 0.16666666666666666,
            "recall": 0.0022222222222222222,
            "f1-score": 0.0043859649122807015,
            "support": 450.0
        },
        "14": {
            "precision": 0.9391891891891891,
            "recall": 0.994277539341917,
            "f1-score": 0.965948575399583,
            "support": 699.0
        },
        "15": {
            "precision": 0.0,
            "recall": 0.0,
            "f1-score": 0.0,
            "support": 541.0
        },
        "16": {
            "precision": 0.797945205479452,
            "recall": 0.9588477366255144,
            "f1-score": 0.8710280373831776,
            "support": 486.0
        },
        "17": {
            "precision": 0.0,
            "recall": 0.0,
            "f1-score": 0.0,
            "support": 490.0
        },
        "18": {
            "precision": 0.0,
            "recall": 0.0,
            "f1-score": 0.0,
            "support": 340.0
        },
        "19": {
            "precision": 0.6324786324786325,
            "recall": 0.961038961038961,
            "f1-score": 0.7628865979381443,
            "support": 462.0
        },
        "20": {
            "precision": 0.9247787610619469,
            "recall": 0.9565217391304348,
            "f1-score": 0.9403824521934758,
            "support": 437.0
        },
        "21": {
            "precision": 0.9642857142857143,
            "recall": 0.35064935064935066,
            "f1-score": 0.5142857142857142,
            "support": 385.0
        },
        "22": {
            "precision": 0.8248407643312102,
            "recall": 0.7685459940652819,
            "f1-score": 0.7956989247311828,
            "support": 337.0
        },
        "23": {
            "precision": 0.45519203413940257,
            "recall": 0.943952802359882,
            "f1-score": 0.6142034548944337,
            "support": 339.0
        },
        "24": {
            "precision": 0.9022379269729093,
            "recall": 0.8417582417582418,
            "f1-score": 0.8709494030699261,
            "support": 910.0
        },
        "25": {
            "precision": 0.1942186088527552,
            "recall": 0.8333333333333334,
            "f1-score": 0.315018315018315,
            "support": 516.0
        },
        "26": {
            "precision": 0.9846547314578005,
            "recall": 0.8912037037037037,
            "f1-score": 0.9356014580801945,
            "support": 432.0
        },
        "27": {
            "precision": 0.8398791540785498,
            "recall": 0.695,
            "f1-score": 0.7606019151846786,
            "support": 400.0
        },
        "28": {
            "precision": 0.2470414201183432,
            "recall": 0.9175824175824175,
            "f1-score": 0.38927738927738925,
            "support": 364.0
        },
        "29": {
            "precision": 0.8743718592964824,
            "recall": 0.8969072164948454,
            "f1-score": 0.8854961832061069,
            "support": 388.0
        },
        "30": {
            "precision": 0.8571428571428571,
            "recall": 0.010771992818671455,
            "f1-score": 0.02127659574468085,
            "support": 557.0
        },
        "31": {
            "precision": 0.952561669829222,
            "recall": 0.9598470363288719,
            "f1-score": 0.9561904761904761,
            "support": 523.0
        },
        "32": {
            "precision": 0.2060449686693697,
            "recall": 0.8573619631901841,
            "f1-score": 0.33224368499257056,
            "support": 652.0
        },
        "33": {
            "precision": 0.5042016806722689,
            "recall": 0.17045454545454544,
            "f1-score": 0.25477707006369427,
            "support": 352.0
        },
        "34": {
            "precision": 0.8384728340675477,
            "recall": 0.8717557251908397,
            "f1-score": 0.8547904191616766,
            "support": 655.0
        },
        "35": {
            "precision": 0.9135514018691588,
            "recall": 0.8162839248434238,
            "f1-score": 0.8621830209481808,
            "support": 479.0
        },
        "36": {
            "precision": 0.8089647812166488,
            "recall": 0.9221411192214112,
            "f1-score": 0.8618533257532689,
            "support": 822.0
        },
        "37": {
            "precision": 0.983026874115983,
            "recall": 0.9417344173441734,
            "f1-score": 0.9619377162629758,
            "support": 738.0
        },
        "38": {
            "precision": 0.3333333333333333,
            "recall": 0.002777777777777778,
            "f1-score": 0.005509641873278237,
            "support": 720.0
        },
        "39": {
            "precision": 0.5735294117647058,
            "recall": 0.10818307905686546,
            "f1-score": 0.18203033838973162,
            "support": 721.0
        },
        "40": {
            "precision": 0.3249561659848042,
            "recall": 0.9686411149825784,
            "f1-score": 0.4866520787746171,
            "support": 574.0
        },
        "41": {
            "precision": 0.9123456790123456,
            "recall": 0.9474358974358974,
            "f1-score": 0.929559748427673,
            "support": 780.0
        },
        "42": {
            "precision": 0.45077720207253885,
            "recall": 0.19550561797752808,
            "f1-score": 0.2727272727272727,
            "support": 445.0
        },
        "43": {
            "precision": 0.0,
            "recall": 0.0,
            "f1-score": 0.0,
            "support": 468.0
        },