{"acc1": 0.6864172368612608, "acc5": [0.8688309797641578], "mean_per_class_recall": 0.669668504304741, "classification_report": {"0": {"precision": 0.2934947049924357, "recall": 0.8798185941043084, "f1-score": 0.4401588201928531, "support": 441.0}, "1": {"precision": 0.8697368421052631, "recall": 0.9593613933236574, "f1-score": 0.9123533471359558, "support": 689.0}, "2": {"precision": 0.6463414634146342, "recall": 0.29201101928374656, "f1-score": 0.40227703984819735, "support": 363.0}, "3": {"precision": 0.0, "recall": 0.0, "f1-score": 0.0, "support": 619.0}, "4": {"precision": 0.9818913480885312, "recall": 0.9295238095238095, "f1-score": 0.9549902152641878, "support": 525.0}, "5": {"precision": 0.9052224371373307, "recall": 0.896551724137931, "f1-score": 0.9008662175168431, "support": 522.0}, "6": {"precision": 0.5550161812297735, "recall": 0.6738703339882122, "f1-score": 0.6086956521739131, "support": 509.0}, "7": {"precision": 0.4786610878661088, "recall": 0.8979591836734694, "f1-score": 0.6244541484716157, "support": 637.0}, "8": {"precision": 0.034482758620689655, "recall": 0.0016863406408094434, "f1-score": 0.003215434083601286, "support": 593.0}, "9": {"precision": 0.9397590361445783, "recall": 0.9149560117302052, "f1-score": 0.9271916790490342, "support": 341.0}, "10": {"precision": 0.594758064516129, "recall": 0.5324909747292419, "f1-score": 0.5619047619047619, "support": 554.0}, "11": {"precision": 0.863914373088685, "recall": 0.9308072487644151, "f1-score": 0.8961141950832673, "support": 607.0}, "12": {"precision": 0.9024390243902439, "recall": 0.9151943462897526, "f1-score": 0.9087719298245615, "support": 566.0}, "13": {"precision": 0.907051282051282, "recall": 0.751660026560425, "f1-score": 0.8220769789397241, "support": 753.0}, "14": {"precision": 0.776, "recall": 0.9631205673758865, "f1-score": 0.859493670886076, "support": 705.0}, "15": {"precision": 0.5601659751037344, "recall": 0.5567010309278351, "f1-score": 0.5584281282316442, "support": 485.0}, "16": {"precision": 0.924953095684803, "recall": 0.8370118845500849, "f1-score": 0.8787878787878788, "support": 589.0}, "17": {"precision": 0.890295358649789, "recall": 0.5158924205378973, "f1-score": 0.653250773993808, "support": 409.0}, "18": {"precision": 0.5114503816793893, "recall": 0.9250493096646942, "f1-score": 0.6587078651685393, "support": 507.0}, "19": {"precision": 0.9888682745825603, "recall": 0.941696113074205, "f1-score": 0.9647058823529412, "support": 566.0}, "20": {"precision": 0.5475409836065573, "recall": 0.3193116634799235, "f1-score": 0.4033816425120773, "support": 523.0}, "21": {"precision": 0.608615948670944, "recall": 0.9750367107195301, "f1-score": 0.7494356659142212, "support": 681.0}, "22": {"precision": 0.9314194577352473, "recall": 0.9733333333333334, "f1-score": 0.9519152404237978, "support": 600.0}, "23": {"precision": 0.25245901639344265, "recall": 0.1565040650406504, "f1-score": 0.1932245922208281, "support": 492.0}, "24": {"precision": 0.030303030303030304, "recall": 0.0021645021645021645, "f1-score": 0.00404040404040404, "support": 462.0}, "accuracy": 0.6864900276605037, "macro avg": {"precision": 0.6397936050422074, "recall": 0.669668504304741, "f1-score": 0.6335376865608294, "support": 13738.0}, "weighted avg": {"precision": 0.6457931131269932, "recall": 0.6864900276605037, "f1-score": 0.6467935171452328, "support": 13738.0}}}