{"acc1": 0.6001904901457982, "acc5": [0.8651183236867169], "mean_per_class_recall": 0.6072123898352438, "classification_report": {"0": {"precision": 0.7433962264150943, "recall": 0.9516908212560387, "f1-score": 0.8347457627118644, "support": 414.0}, "1": {"precision": 0.28498985801217036, "recall": 0.44745222929936307, "f1-score": 0.34820322180916974, "support": 628.0}, "2": {"precision": 0.3871773522064946, "recall": 0.58125, "f1-score": 0.46476761619190404, "support": 800.0}, "3": {"precision": 0.9636678200692042, "recall": 0.9806338028169014, "f1-score": 0.9720767888307156, "support": 568.0}, "4": {"precision": 0.9859154929577465, "recall": 0.6714628297362111, "f1-score": 0.7988587731811697, "support": 417.0}, "5": {"precision": 0.568659127625202, "recall": 0.5896147403685092, "f1-score": 0.5789473684210527, "support": 597.0}, "6": {"precision": 0.29922779922779924, "recall": 0.39845758354755784, "f1-score": 0.34178610804851156, "support": 389.0}, "7": {"precision": 0.8798449612403101, "recall": 0.9380165289256198, "f1-score": 0.908, "support": 484.0}, "8": {"precision": 0.0, "recall": 0.0, "f1-score": 0.0, "support": 390.0}, "9": {"precision": 0.03424657534246575, "recall": 0.04076086956521739, "f1-score": 0.03722084367245657, "support": 368.0}, "10": {"precision": 0.9566265060240964, "recall": 0.8981900452488688, "f1-score": 0.926487747957993, "support": 442.0}, "11": {"precision": 0.963963963963964, "recall": 0.9920529801324504, "f1-score": 0.9778067885117493, "support": 755.0}, "12": {"precision": 0.2727272727272727, "recall": 0.031055900621118012, "f1-score": 0.055762081784386616, "support": 483.0}, "13": {"precision": 0.8446043165467626, "recall": 0.9638752052545156, "f1-score": 0.9003067484662577, "support": 609.0}, "14": {"precision": 0.9564489112227805, "recall": 0.8949843260188087, "f1-score": 0.9246963562753037, "support": 638.0}, "15": {"precision": 0.7866666666666666, "recall": 0.20959147424511546, "f1-score": 0.33099579242636745, "support": 563.0}, "16": {"precision": 0.7866666666666666, "recall": 0.946524064171123, "f1-score": 0.8592233009708737, "support": 374.0}, "17": {"precision": 0.6757532281205165, "recall": 0.7536, "f1-score": 0.7125567322239031, "support": 625.0}, "18": {"precision": 0.9096774193548387, "recall": 0.9982300884955753, "f1-score": 0.9518987341772152, "support": 565.0}, "19": {"precision": 0.0, "recall": 0.0, "f1-score": 0.0, "support": 696.0}, "20": {"precision": 0.9375, "recall": 0.07772020725388601, "f1-score": 0.14354066985645933, "support": 386.0}, "21": {"precision": 0.47333333333333333, "recall": 0.9838337182448037, "f1-score": 0.6391597899474869, "support": 433.0}, "22": {"precision": 0.3388704318936877, "recall": 0.9918962722852512, "f1-score": 0.5051588939331407, "support": 617.0}, "23": {"precision": 0.0, "recall": 0.0, "f1-score": 0.0, "support": 997.0}, "24": {"precision": 0.7683741648106904, "recall": 0.8394160583941606, "f1-score": 0.8023255813953488, "support": 411.0}, "accuracy": 0.6001904901457982, "macro avg": {"precision": 0.5927335237771106, "recall": 0.6072123898352438, "f1-score": 0.5605810280317333, "support": 13649.0}, "weighted avg": {"precision": 0.5730360619678956, "recall": 0.6001904901457982, "f1-score": 0.5517246933658918, "support": 13649.0}}}