{"acc1": 0.6072241391968284, "acc5": [0.861096835768299], "mean_per_class_recall": 0.6315031462290591, "classification_report": {"0": {"precision": 0.9541864139020537, "recall": 0.975767366720517, "f1-score": 0.9648562300319489, "support": 619.0}, "1": {"precision": 0.7581227436823105, "recall": 0.9523809523809523, "f1-score": 0.8442211055276382, "support": 441.0}, "2": {"precision": 0.05263157894736842, "recall": 0.002751031636863824, "f1-score": 0.00522875816993464, "support": 727.0}, "3": {"precision": 0.49325153374233127, "recall": 0.8758169934640523, "f1-score": 0.631083202511774, "support": 459.0}, "4": {"precision": 0.49008168028004667, "recall": 0.9545454545454546, "f1-score": 0.6476484194294526, "support": 440.0}, "5": {"precision": 0.3191489361702128, "recall": 0.06521739130434782, "f1-score": 0.10830324909747292, "support": 920.0}, "6": {"precision": 0.32051282051282054, "recall": 0.045871559633027525, "f1-score": 0.08025682182985554, "support": 545.0}, "7": {"precision": 0.6247933884297521, "recall": 0.8418708240534521, "f1-score": 0.7172675521821632, "support": 449.0}, "8": {"precision": 0.046875, "recall": 0.008928571428571428, "f1-score": 0.015, "support": 336.0}, "9": {"precision": 0.688588007736944, "recall": 0.9081632653061225, "f1-score": 0.7832783278327833, "support": 392.0}, "10": {"precision": 0.8603104212860311, "recall": 0.9580246913580247, "f1-score": 0.9065420560747663, "support": 405.0}, "11": {"precision": 0.9770642201834863, "recall": 0.5518134715025906, "f1-score": 0.7052980132450332, "support": 386.0}, "12": {"precision": 0.7390476190476191, "recall": 0.9486552567237164, "f1-score": 0.8308351177730193, "support": 409.0}, "13": {"precision": 0.41450777202072536, "recall": 0.11730205278592376, "f1-score": 0.18285714285714286, "support": 682.0}, "14": {"precision": 0.43742690058479533, "recall": 0.9326683291770573, "f1-score": 0.5955414012738853, "support": 401.0}, "15": {"precision": 1.0, "recall": 0.8971061093247589, "f1-score": 0.9457627118644067, "support": 622.0}, "16": {"precision": 0.5578231292517006, "recall": 0.9151785714285714, "f1-score": 0.6931530008453085, "support": 448.0}, "17": {"precision": 0.3301119023397762, "recall": 0.9271428571428572, "f1-score": 0.48687171792948236, "support": 700.0}, "18": {"precision": 0.0, "recall": 0.0, "f1-score": 0.0, "support": 416.0}, "19": {"precision": 0.9514925373134329, "recall": 0.5019685039370079, "f1-score": 0.6572164948453608, "support": 508.0}, "20": {"precision": 0.0, "recall": 0.0, "f1-score": 0.0, "support": 594.0}, "21": {"precision": 0.8648148148148148, "recall": 0.8058671268334772, "f1-score": 0.8343010272443055, "support": 1159.0}, "22": {"precision": 0.8149847094801224, "recall": 0.9779816513761468, "f1-score": 0.8890742285237698, "support": 545.0}, "23": {"precision": 0.3512898330804249, "recall": 0.954639175257732, "f1-score": 0.5135884636716583, "support": 485.0}, "24": {"precision": 0.9368421052631579, "recall": 0.6679174484052532, "f1-score": 0.7798466593647316, "support": 533.0}, "accuracy": 0.6072241391968284, "macro avg": {"precision": 0.5593563227227971, "recall": 0.6315031462290591, "f1-score": 0.5527212680850357, "support": 13621.0}, "weighted avg": {"precision": 0.5600371877547756, "recall": 0.6072241391968284, "f1-score": 0.5401914296301071, "support": 13621.0}}}