{"acc1": 0.5845563832141013, "acc5": [0.8602404307102294], "mean_per_class_recall": 0.572185979398308, "classification_report": {"0": {"precision": 0.0, "recall": 0.0, "f1-score": 0.0, "support": 382.0}, "1": {"precision": 0.5390428211586902, "recall": 0.9861751152073732, "f1-score": 0.6970684039087948, "support": 434.0}, "2": {"precision": 0.9333333333333333, "recall": 0.36649214659685864, "f1-score": 0.5263157894736842, "support": 382.0}, "3": {"precision": 0.0, "recall": 0.0, "f1-score": 0.0, "support": 447.0}, "4": {"precision": 0.7457627118644068, "recall": 0.7084078711985689, "f1-score": 0.726605504587156, "support": 559.0}, "5": {"precision": 0.9980582524271845, "recall": 0.9846743295019157, "f1-score": 0.991321118611379, "support": 522.0}, "6": {"precision": 0.3055555555555556, "recall": 0.03866432337434095, "f1-score": 0.0686427457098284, "support": 569.0}, "7": {"precision": 1.0, "recall": 0.007722007722007722, "f1-score": 0.01532567049808429, "support": 518.0}, "8": {"precision": 0.9609756097560975, "recall": 0.49873417721518987, "f1-score": 0.6566666666666666, "support": 395.0}, "9": {"precision": 0.9653465346534653, "recall": 0.36380597014925375, "f1-score": 0.5284552845528455, "support": 536.0}, "10": {"precision": 0.9931192660550459, "recall": 0.9908466819221968, "f1-score": 0.9919816723940436, "support": 437.0}, "11": {"precision": 0.2180232558139535, "recall": 0.9174311926605505, "f1-score": 0.35231943628890194, "support": 654.0}, "12": {"precision": 0.6607407407407407, "recall": 0.6299435028248588, "f1-score": 0.6449746926970354, "support": 708.0}, "13": {"precision": 0.8391224862888482, "recall": 0.9622641509433962, "f1-score": 0.896484375, "support": 477.0}, "14": {"precision": 0.05188679245283019, "recall": 0.019064124783362217, "f1-score": 0.02788339670468948, "support": 577.0}, "15": {"precision": 0.2161361954108068, "recall": 0.6199575371549894, "f1-score": 0.3205268935236004, "support": 471.0}, "16": {"precision": 0.9322314049586777, "recall": 0.6869671132764921, "f1-score": 0.791023842917251, "support": 821.0}, "17": {"precision": 0.9529780564263323, "recall": 0.9254185692541856, "f1-score": 0.938996138996139, "support": 657.0}, "18": {"precision": 0.3749049429657795, "recall": 0.7913322632423756, "f1-score": 0.5087719298245614, "support": 623.0}, "19": {"precision": 0.9901639344262295, "recall": 0.9481946624803768, "f1-score": 0.9687249398556536, "support": 637.0}, "20": {"precision": 0.9037328094302554, "recall": 0.7153965785381027, "f1-score": 0.7986111111111112, "support": 643.0}, "21": {"precision": 0.8579545454545454, "recall": 0.23374613003095976, "f1-score": 0.36739659367396593, "support": 646.0}, "22": {"precision": 0.943502824858757, "recall": 0.9524714828897338, "f1-score": 0.9479659413434248, "support": 526.0}, "23": {"precision": 1.0, "recall": 0.015625, "f1-score": 0.03076923076923077, "support": 512.0}, "24": {"precision": 0.6140888208269525, "recall": 0.9413145539906104, "f1-score": 0.7432808155699722, "support": 426.0}, "accuracy": 0.5846301349657055, "macro avg": {"precision": 0.6798664357943396, "recall": 0.572185979398308, "f1-score": 0.5416044877871208, "support": 13559.0}, "weighted avg": {"precision": 0.6899177561639095, "recall": 0.5846301349657055, "f1-score": 0.5541964424789841, "support": 13559.0}}}