{"acc1": 0.631241241979497, "acc5": [0.8505789512500922], "mean_per_class_recall": 0.6146416364868379, "classification_report": {"0": {"precision": 0.0, "recall": 0.0, "f1-score": 0.0, "support": 382.0}, "1": {"precision": 0.7874015748031497, "recall": 0.9216589861751152, "f1-score": 0.8492569002123143, "support": 434.0}, "2": {"precision": 0.585, "recall": 0.306282722513089, "f1-score": 0.4020618556701031, "support": 382.0}, "3": {"precision": 0.0, "recall": 0.0, "f1-score": 0.0, "support": 447.0}, "4": {"precision": 0.9188034188034188, "recall": 0.38461538461538464, "f1-score": 0.5422446406052963, "support": 559.0}, "5": {"precision": 0.9866920152091255, "recall": 0.9942528735632183, "f1-score": 0.9904580152671756, "support": 522.0}, "6": {"precision": 0.3326133909287257, "recall": 0.81195079086116, "f1-score": 0.47191011235955055, "support": 569.0}, "7": {"precision": 0.38095238095238093, "recall": 0.015444015444015444, "f1-score": 0.029684601113172542, "support": 518.0}, "8": {"precision": 0.7683215130023641, "recall": 0.8227848101265823, "f1-score": 0.7946210268948656, "support": 395.0}, "9": {"precision": 0.908183632734531, "recall": 0.8488805970149254, "f1-score": 0.8775313404050145, "support": 536.0}, "10": {"precision": 0.9819004524886877, "recall": 0.9931350114416476, "f1-score": 0.987485779294653, "support": 437.0}, "11": {"precision": 0.3283489096573209, "recall": 0.8058103975535168, "f1-score": 0.46657813191677733, "support": 654.0}, "12": {"precision": 0.4215210355987055, "recall": 0.7358757062146892, "f1-score": 0.5360082304526749, "support": 708.0}, "13": {"precision": 0.950207468879668, "recall": 0.960167714884696, "f1-score": 0.9551616266944735, "support": 477.0}, "14": {"precision": 0.12409638554216867, "recall": 0.17850953206239167, "f1-score": 0.14641080312722105, "support": 577.0}, "15": {"precision": 0.46075085324232085, "recall": 0.28662420382165604, "f1-score": 0.35340314136125656, "support": 471.0}, "16": {"precision": 0.9329359165424739, "recall": 0.7624847746650426, "f1-score": 0.839142091152815, "support": 821.0}, "17": {"precision": 0.907624633431085, "recall": 0.9421613394216134, "f1-score": 0.9245705750560119, "support": 657.0}, "18": {"precision": 0.579750346740638, "recall": 0.6709470304975923, "f1-score": 0.6220238095238095, "support": 623.0}, "19": {"precision": 0.9769736842105263, "recall": 0.9324960753532182, "f1-score": 0.9542168674698795, "support": 637.0}, "20": {"precision": 0.7819548872180451, "recall": 0.8087091757387247, "f1-score": 0.7951070336391437, "support": 643.0}, "21": {"precision": 0.8072727272727273, "recall": 0.34365325077399383, "f1-score": 0.4820846905537459, "support": 646.0}, "22": {"precision": 0.969639468690702, "recall": 0.9714828897338403, "f1-score": 0.9705603038936372, "support": 526.0}, "23": {"precision": 0.0456140350877193, "recall": 0.025390625, "f1-score": 0.03262233375156838, "support": 512.0}, "24": {"precision": 0.9782016348773842, "recall": 0.8427230046948356, "f1-score": 0.905422446406053, "support": 426.0}, "accuracy": 0.6313887454827052, "macro avg": {"precision": 0.6365904146365547, "recall": 0.6146416364868379, "f1-score": 0.5971426542728485, "support": 13559.0}, "weighted avg": {"precision": 0.6471734274413043, "recall": 0.6313887454827052, "f1-score": 0.6092248038281438, "support": 13559.0}}}