{"acc1": 0.6344787163894791, "acc5": [0.9101765697120668], "mean_per_class_recall": 0.6312895992514128, "classification_report": {"0": {"precision": 0.6677631578947368, "recall": 0.9806763285024155, "f1-score": 0.7945205479452054, "support": 414.0}, "1": {"precision": 0.2824742268041237, "recall": 0.21815286624203822, "f1-score": 0.24618149146451032, "support": 628.0}, "2": {"precision": 0.5557418273260687, "recall": 0.82875, "f1-score": 0.6653286502759659, "support": 800.0}, "3": {"precision": 0.9637305699481865, "recall": 0.9823943661971831, "f1-score": 0.972972972972973, "support": 568.0}, "4": {"precision": 0.9093567251461988, "recall": 0.7458033573141487, "f1-score": 0.8194993412384717, "support": 417.0}, "5": {"precision": 0.4289568345323741, "recall": 0.7989949748743719, "f1-score": 0.5582211819777648, "support": 597.0}, "6": {"precision": 0.9090909090909091, "recall": 0.46272493573264784, "f1-score": 0.6132879045996593, "support": 389.0}, "7": {"precision": 0.9662921348314607, "recall": 0.8884297520661157, "f1-score": 0.9257265877287406, "support": 484.0}, "8": {"precision": 0.10344827586206896, "recall": 0.007692307692307693, "f1-score": 0.014319809069212411, "support": 390.0}, "9": {"precision": 0.4530386740331492, "recall": 0.22282608695652173, "f1-score": 0.2987249544626594, "support": 368.0}, "10": {"precision": 0.9476190476190476, "recall": 0.9004524886877828, "f1-score": 0.9234338747099768, "support": 442.0}, "11": {"precision": 0.950381679389313, "recall": 0.9894039735099338, "f1-score": 0.9695003244646333, "support": 755.0}, "12": {"precision": 0.7833333333333333, "recall": 0.2919254658385093, "f1-score": 0.4253393665158371, "support": 483.0}, "13": {"precision": 0.827247191011236, "recall": 0.9671592775041051, "f1-score": 0.8917486752460257, "support": 609.0}, "14": {"precision": 0.9814814814814815, "recall": 0.8307210031347962, "f1-score": 0.8998302207130731, "support": 638.0}, "15": {"precision": 0.3548387096774194, "recall": 0.019538188277087035, "f1-score": 0.037037037037037035, "support": 563.0}, "16": {"precision": 0.8228438228438228, "recall": 0.9438502673796791, "f1-score": 0.8792029887920298, "support": 374.0}, "17": {"precision": 0.5863192182410424, "recall": 0.864, "f1-score": 0.6985769728331177, "support": 625.0}, "18": {"precision": 0.9275123558484349, "recall": 0.9964601769911504, "f1-score": 0.9607508532423208, "support": 565.0}, "19": {"precision": 0.0, "recall": 0.0, "f1-score": 0.0, "support": 696.0}, "20": {"precision": 0.09090909090909091, "recall": 0.0051813471502590676, "f1-score": 0.00980392156862745, "support": 386.0}, "21": {"precision": 0.45773874862788144, "recall": 0.9630484988452656, "f1-score": 0.6205357142857143, "support": 433.0}, "22": {"precision": 0.29748062015503873, "recall": 0.9951377633711507, "f1-score": 0.45803804550540844, "support": 617.0}, "23": {"precision": 0.9880478087649402, "recall": 0.24874623871614845, "f1-score": 0.3974358974358974, "support": 997.0}, "24": {"precision": 0.9384057971014492, "recall": 0.6301703163017032, "f1-score": 0.7540029112081513, "support": 411.0}, "accuracy": 0.6344054509487874, "macro avg": {"precision": 0.6477620896189122, "recall": 0.6312895992514128, "f1-score": 0.5933608098117205, "support": 13649.0}, "weighted avg": {"precision": 0.654981760831869, "recall": 0.6344054509487874, "f1-score": 0.5933504065635018, "support": 13649.0}}}