{"acc1": 0.5553127354935946, "acc5": [0.8006782215523738], "mean_per_class_recall": 0.5665604337064256, "classification_report": {"0": {"precision": 0.7278911564625851, "recall": 0.5487179487179488, "f1-score": 0.6257309941520468, "support": 390.0}, "1": {"precision": 0.7954911433172303, "recall": 0.8045602605863192, "f1-score": 0.8, "support": 614.0}, "2": {"precision": 0.9839857651245552, "recall": 0.9701754385964912, "f1-score": 0.9770318021201413, "support": 570.0}, "3": {"precision": 0.3473325766174801, "recall": 0.3132036847492323, "f1-score": 0.3293864370290635, "support": 977.0}, "4": {"precision": 0.0, "recall": 0.0, "f1-score": 0.0, "support": 456.0}, "5": {"precision": 0.34213685474189676, "recall": 0.4806070826306914, "f1-score": 0.3997194950911641, "support": 593.0}, "6": {"precision": 0.7900207900207901, "recall": 0.7350096711798839, "f1-score": 0.7615230460921844, "support": 517.0}, "7": {"precision": 0.9375, "recall": 0.8842105263157894, "f1-score": 0.9100758396533044, "support": 475.0}, "8": {"precision": 0.921875, "recall": 0.9761029411764706, "f1-score": 0.9482142857142857, "support": 544.0}, "9": {"precision": 0.3242320819112628, "recall": 0.1529790660225443, "f1-score": 0.20787746170678337, "support": 621.0}, "10": {"precision": 0.11764705882352941, "recall": 0.0070921985815602835, "f1-score": 0.013377926421404682, "support": 564.0}, "11": {"precision": 0.5459770114942529, "recall": 0.23809523809523808, "f1-score": 0.33158813263525305, "support": 399.0}, "12": {"precision": 0.6716981132075471, "recall": 0.978021978021978, "f1-score": 0.796420581655481, "support": 546.0}, "13": {"precision": 0.8135775862068966, "recall": 1.0, "f1-score": 0.8972073677956031, "support": 755.0}, "14": {"precision": 0.0, "recall": 0.0, "f1-score": 0.0, "support": 542.0}, "15": {"precision": 0.012232415902140673, "recall": 0.017094017094017096, "f1-score": 0.0142602495543672, "support": 468.0}, "16": {"precision": 0.5642965204236006, "recall": 0.8797169811320755, "f1-score": 0.687557603686636, "support": 424.0}, "17": {"precision": 0.2041595925297114, "recall": 0.9109848484848485, "f1-score": 0.33356449375866853, "support": 528.0}, "18": {"precision": 0.06666666666666667, "recall": 0.014727540500736377, "f1-score": 0.024125452352231604, "support": 679.0}, "19": {"precision": 0.7474489795918368, "recall": 0.8371428571428572, "f1-score": 0.7897574123989218, "support": 350.0}, "20": {"precision": 0.9151785714285714, "recall": 0.47785547785547783, "f1-score": 0.6278713629402757, "support": 429.0}, "21": {"precision": 0.9528023598820059, "recall": 0.8682795698924731, "f1-score": 0.9085794655414908, "support": 372.0}, "22": {"precision": 0.6322067594433399, "recall": 0.676595744680851, "f1-score": 0.6536485097636177, "support": 470.0}, "23": {"precision": 0.7936117936117936, "recall": 0.6729166666666667, "f1-score": 0.7282976324689966, "support": 480.0}, "24": {"precision": 0.5812101910828026, "recall": 0.7199211045364892, "f1-score": 0.6431718061674009, "support": 507.0}, "accuracy": 0.5550113036925396, "macro avg": {"precision": 0.5515671595396199, "recall": 0.5665604337064256, "f1-score": 0.5363594943479729, "support": 13270.0}, "weighted avg": {"precision": 0.5332829335549762, "recall": 0.5550113036925396, "f1-score": 0.522331427937457, "support": 13270.0}}}