{"acc1": 0.8013038968736109, "acc5": [0.942435916432064], "mean_per_class_recall": 0.8032920972676856, "classification_report": {"0": {"precision": 0.9195171026156942, "recall": 0.8891050583657587, "f1-score": 0.904055390702275, "support": 514.0}, "1": {"precision": 0.8003731343283582, "recall": 0.868421052631579, "f1-score": 0.8330097087378641, "support": 494.0}, "2": {"precision": 0.8379562043795621, "recall": 0.849112426035503, "f1-score": 0.8434974283614989, "support": 676.0}, "3": {"precision": 0.8073047858942065, "recall": 0.8940027894002789, "f1-score": 0.8484447385837194, "support": 717.0}, "4": {"precision": 0.7091254752851711, "recall": 0.8694638694638694, "f1-score": 0.7811518324607329, "support": 429.0}, "5": {"precision": 0.8768971332209107, "recall": 0.840064620355412, "f1-score": 0.858085808580858, "support": 619.0}, "6": {"precision": 0.5988023952095808, "recall": 0.646551724137931, "f1-score": 0.6217616580310881, "support": 464.0}, "7": {"precision": 0.6913875598086124, "recall": 0.85, "f1-score": 0.762532981530343, "support": 340.0}, "8": {"precision": 0.8229376257545271, "recall": 0.8852813852813853, "f1-score": 0.8529718456725756, "support": 462.0}, "9": {"precision": 0.7782426778242678, "recall": 0.851258581235698, "f1-score": 0.8131147540983606, "support": 437.0}, "10": {"precision": 0.8954248366013072, "recall": 0.9513888888888888, "f1-score": 0.9225589225589226, "support": 432.0}, "11": {"precision": 0.9400630914826499, "recall": 0.745, "f1-score": 0.8312412831241283, "support": 400.0}, "12": {"precision": 0.7995110024449877, "recall": 0.8983516483516484, "f1-score": 0.8460543337645536, "support": 364.0}, "13": {"precision": 0.9254302103250478, "recall": 0.9254302103250478, "f1-score": 0.9254302103250478, "support": 523.0}, "14": {"precision": 0.6403207331042382, "recall": 0.8573619631901841, "f1-score": 0.7331147540983607, "support": 652.0}, "15": {"precision": 0.90744920993228, "recall": 0.6137404580152672, "f1-score": 0.73224043715847, "support": 655.0}, "16": {"precision": 0.7137681159420289, "recall": 0.8225469728601252, "f1-score": 0.7643064985451018, "support": 479.0}, "17": {"precision": 0.7272727272727273, "recall": 0.8759124087591241, "f1-score": 0.7947019867549668, "support": 822.0}, "18": {"precision": 0.8403614457831325, "recall": 0.7739251040221914, "f1-score": 0.8057761732851986, "support": 721.0}, "19": {"precision": 0.8967254408060453, "recall": 0.9128205128205128, "f1-score": 0.9047013977128335, "support": 780.0}, "20": {"precision": 0.6164383561643836, "recall": 0.7078651685393258, "f1-score": 0.6589958158995816, "support": 445.0}, "21": {"precision": 0.7488372093023256, "recall": 0.688034188034188, "f1-score": 0.7171492204899778, "support": 468.0}, "22": {"precision": 0.10526315789473684, "recall": 0.003401360544217687, "f1-score": 0.006589785831960461, "support": 588.0}, "23": {"precision": 0.9940239043824701, "recall": 0.895870736086176, "f1-score": 0.9423984891406988, "support": 557.0}, "24": {"precision": 0.9137577002053389, "recall": 0.967391304347826, "f1-score": 0.9398099260823654, "support": 460.0}, "accuracy": 0.801007556675063, "macro avg": {"precision": 0.7802876494385836, "recall": 0.8032920972676856, "f1-score": 0.7857478152612594, "support": 13498.0}, "weighted avg": {"precision": 0.7815228676271944, "recall": 0.801007556675063, "f1-score": 0.784911714413229, "support": 13498.0}}}