{"acc1": 0.8212370396853772, "acc5": [0.9620307472291741], "mean_per_class_recall": 0.8276778818008562, "classification_report": {"0": {"precision": 0.78515625, "recall": 0.53315649867374, "f1-score": 0.6350710900473934, "support": 377.0}, "1": {"precision": 0.7563025210084033, "recall": 0.9109311740890689, "f1-score": 0.8264462809917356, "support": 494.0}, "2": {"precision": 0.9649122807017544, "recall": 0.9663250366032211, "f1-score": 0.9656181419166057, "support": 683.0}, "3": {"precision": 0.9705093833780161, "recall": 0.8701923076923077, "f1-score": 0.917617237008872, "support": 416.0}, "4": {"precision": 0.7160194174757282, "recall": 0.817174515235457, "f1-score": 0.7632600258732212, "support": 361.0}, "5": {"precision": 0.9498861047835991, "recall": 0.9349775784753364, "f1-score": 0.9423728813559322, "support": 446.0}, "6": {"precision": 0.8067632850241546, "recall": 0.8637931034482759, "f1-score": 0.8343047460449625, "support": 580.0}, "7": {"precision": 0.8745874587458746, "recall": 0.9148446490218642, "f1-score": 0.8942632170978627, "support": 869.0}, "8": {"precision": 0.4699675324675325, "recall": 0.9476268412438625, "f1-score": 0.6283233857840478, "support": 611.0}, "9": {"precision": 0.8852739726027398, "recall": 0.7312588401697313, "f1-score": 0.8009295120061968, "support": 707.0}, "10": {"precision": 0.8311688311688312, "recall": 0.8930232558139535, "f1-score": 0.8609865470852018, "support": 645.0}, "11": {"precision": 0.8987730061349694, "recall": 0.8184357541899442, "f1-score": 0.8567251461988304, "support": 716.0}, "12": {"precision": 0.9031339031339032, "recall": 0.8567567567567568, "f1-score": 0.8793342579750347, "support": 370.0}, "13": {"precision": 0.7274119448698315, "recall": 0.5208333333333334, "f1-score": 0.6070287539936102, "support": 912.0}, "14": {"precision": 0.6790352504638218, "recall": 0.9432989690721649, "f1-score": 0.7896440129449838, "support": 388.0}, "15": {"precision": 0.9219219219219219, "recall": 0.9761526232114467, "f1-score": 0.9482625482625483, "support": 629.0}, "16": {"precision": 0.9488188976377953, "recall": 0.9816700610997964, "f1-score": 0.964964964964965, "support": 491.0}, "17": {"precision": 0.8990825688073395, "recall": 0.928030303030303, "f1-score": 0.9133271202236719, "support": 528.0}, "18": {"precision": 0.7421686746987952, "recall": 0.5833333333333334, "f1-score": 0.6532343584305408, "support": 528.0}, "19": {"precision": 0.79, "recall": 0.8040712468193384, "f1-score": 0.7969735182849937, "support": 393.0}, "20": {"precision": 0.9379947229551451, "recall": 0.9660326086956522, "f1-score": 0.9518072289156626, "support": 736.0}, "21": {"precision": 0.9475982532751092, "recall": 0.6988727858293076, "f1-score": 0.8044485634847081, "support": 621.0}, "22": {"precision": 0.8588709677419355, "recall": 0.3463414634146341, "f1-score": 0.4936268829663963, "support": 615.0}, "23": {"precision": 0.8232848232848233, "recall": 0.9406175771971497, "f1-score": 0.8780487804878049, "support": 421.0}, "24": {"precision": 0.8245614035087719, "recall": 0.9441964285714286, "f1-score": 0.8803329864724245, "support": 448.0}, "accuracy": 0.8211655345012513, "macro avg": {"precision": 0.8365281350316319, "recall": 0.8276778818008562, "f1-score": 0.8194780875527283, "support": 13985.0}, "weighted avg": {"precision": 0.8396131016717536, "recall": 0.8211655345012513, "f1-score": 0.8171876914882805, "support": 13985.0}}}