{"acc1": 0.7881787742029408, "acc5": [0.9652059979618576], "mean_per_class_recall": 0.7848092030239643, "classification_report": {"0": {"precision": 0.7689320388349514, "recall": 0.8979591836734694, "f1-score": 0.8284518828451883, "support": 441.0}, "1": {"precision": 0.923896499238965, "recall": 0.8809869375907112, "f1-score": 0.9019316493313522, "support": 689.0}, "2": {"precision": 0.870253164556962, "recall": 0.7575757575757576, "f1-score": 0.8100147275405007, "support": 363.0}, "3": {"precision": 0.4107142857142857, "recall": 0.11147011308562198, "f1-score": 0.17534942820838628, "support": 619.0}, "4": {"precision": 0.9573333333333334, "recall": 0.6838095238095238, "f1-score": 0.7977777777777778, "support": 525.0}, "5": {"precision": 0.6251768033946252, "recall": 0.8467432950191571, "f1-score": 0.7192839707078926, "support": 522.0}, "6": {"precision": 0.7163461538461539, "recall": 0.8781925343811395, "f1-score": 0.7890556045895851, "support": 509.0}, "7": {"precision": 0.5058823529411764, "recall": 0.8775510204081632, "f1-score": 0.6417910447761194, "support": 637.0}, "8": {"precision": 0.9059561128526645, "recall": 0.9747048903878583, "f1-score": 0.9390739236393176, "support": 593.0}, "9": {"precision": 0.8058510638297872, "recall": 0.8885630498533724, "f1-score": 0.8451882845188284, "support": 341.0}, "10": {"precision": 0.8017857142857143, "recall": 0.8104693140794224, "f1-score": 0.8061041292639138, "support": 554.0}, "11": {"precision": 0.9090909090909091, "recall": 0.85667215815486, "f1-score": 0.8821034775233249, "support": 607.0}, "12": {"precision": 0.7327188940092166, "recall": 0.5618374558303887, "f1-score": 0.636, "support": 566.0}, "13": {"precision": 0.9085714285714286, "recall": 0.8446215139442231, "f1-score": 0.8754301445285616, "support": 753.0}, "14": {"precision": 0.9542857142857143, "recall": 0.9475177304964539, "f1-score": 0.9508896797153025, "support": 705.0}, "15": {"precision": 0.8423423423423423, "recall": 0.7711340206185567, "f1-score": 0.8051668460710442, "support": 485.0}, "16": {"precision": 0.9093198992443325, "recall": 0.6129032258064516, "f1-score": 0.7322515212981744, "support": 589.0}, "17": {"precision": 0.8914473684210527, "recall": 0.6625916870415648, "f1-score": 0.7601683029453016, "support": 409.0}, "18": {"precision": 0.6304700162074555, "recall": 0.7672583826429981, "f1-score": 0.6921708185053381, "support": 507.0}, "19": {"precision": 0.9101497504159733, "recall": 0.9664310954063604, "f1-score": 0.9374464438731791, "support": 566.0}, "20": {"precision": 0.5290519877675841, "recall": 0.6615678776290631, "f1-score": 0.5879354290569244, "support": 523.0}, "21": {"precision": 0.844207723035952, "recall": 0.9309838472834068, "f1-score": 0.8854748603351955, "support": 681.0}, "22": {"precision": 0.9116279069767442, "recall": 0.98, "f1-score": 0.944578313253012, "support": 600.0}, "23": {"precision": 0.8, "recall": 0.7235772357723578, "f1-score": 0.759871931696905, "support": 492.0}, "24": {"precision": 0.7736720554272517, "recall": 0.7251082251082251, "f1-score": 0.7486033519553073, "support": 462.0}, "accuracy": 0.7881059834036978, "macro avg": {"precision": 0.793563340744983, "recall": 0.7848092030239643, "f1-score": 0.7780845417582573, "support": 13738.0}, "weighted avg": {"precision": 0.7959251663140581, "recall": 0.7881059834036978, "f1-score": 0.7804592216599192, "support": 13738.0}}}