{"acc1": 0.6777902716819616, "acc5": [0.8971671079836048], "mean_per_class_recall": 0.6751363425997973, "classification_report": {"0": {"precision": 0.08357348703170028, "recall": 0.07591623036649214, "f1-score": 0.07956104252400549, "support": 382.0}, "1": {"precision": 0.638095238095238, "recall": 0.43295638126009695, "f1-score": 0.5158806544754572, "support": 619.0}, "2": {"precision": 0.782608695652174, "recall": 0.9166666666666666, "f1-score": 0.8443496801705757, "support": 432.0}, "3": {"precision": 0.9039370078740158, "recall": 0.8404099560761347, "f1-score": 0.8710166919575114, "support": 683.0}, "4": {"precision": 0.9165354330708662, "recall": 0.8558823529411764, "f1-score": 0.8851711026615969, "support": 680.0}, "5": {"precision": 0.6502732240437158, "recall": 0.8225806451612904, "f1-score": 0.7263479145473042, "support": 434.0}, "6": {"precision": 0.5409153952843273, "recall": 0.9263657957244655, "f1-score": 0.6830122591943958, "support": 421.0}, "7": {"precision": 0.19272727272727272, "recall": 0.12325581395348838, "f1-score": 0.150354609929078, "support": 430.0}, "8": {"precision": 0.8402366863905325, "recall": 0.8571428571428571, "f1-score": 0.848605577689243, "support": 497.0}, "9": {"precision": 0.6468253968253969, "recall": 0.42670157068062825, "f1-score": 0.5141955835962145, "support": 382.0}, "10": {"precision": 0.7205623901581723, "recall": 0.9172259507829977, "f1-score": 0.8070866141732284, "support": 447.0}, "11": {"precision": 0.7961783439490446, "recall": 0.9101941747572816, "f1-score": 0.8493771234428086, "support": 412.0}, "12": {"precision": 0.34305555555555556, "recall": 0.4418604651162791, "f1-score": 0.3862392494136044, "support": 559.0}, "13": {"precision": 0.6516129032258065, "recall": 0.4938875305623472, "f1-score": 0.5618915159944368, "support": 409.0}, "14": {"precision": 0.8916083916083916, "recall": 0.9770114942528736, "f1-score": 0.9323583180987203, "support": 522.0}, "15": {"precision": 0.47112462006079026, "recall": 0.5688073394495413, "f1-score": 0.515378221113882, "support": 545.0}, "16": {"precision": 0.6048780487804878, "recall": 0.6831955922865014, "f1-score": 0.6416558861578266, "support": 363.0}, "17": {"precision": 0.32293423271500843, "recall": 0.6731107205623902, "f1-score": 0.43646723646723645, "support": 569.0}, "18": {"precision": 0.48191027496382055, "recall": 0.6428571428571429, "f1-score": 0.5508684863523573, "support": 518.0}, "19": {"precision": 0.7631027253668763, "recall": 0.8035320088300221, "f1-score": 0.7827956989247312, "support": 453.0}, "20": {"precision": 0.8773333333333333, "recall": 0.8329113924050633, "f1-score": 0.8545454545454545, "support": 395.0}, "21": {"precision": 0.04477611940298507, "recall": 0.024350649350649352, "f1-score": 0.031545741324921134, "support": 616.0}, "22": {"precision": 0.6336088154269972, "recall": 0.8582089552238806, "f1-score": 0.7290015847860539, "support": 536.0}, "23": {"precision": 0.7865168539325843, "recall": 0.9183673469387755, "f1-score": 0.8473436449226631, "support": 686.0}, "24": {"precision": 0.7256317689530686, "recall": 0.919908466819222, "f1-score": 0.8113017154389506, "support": 437.0}, "25": {"precision": 0.48286604361370716, "recall": 0.4740061162079511, "f1-score": 0.4783950617283951, "support": 654.0}, "26": {"precision": 0.8173455978975033, "recall": 0.8975468975468975, "f1-score": 0.8555708390646493, "support": 693.0}, "27": {"precision": 0.47724620770128356, "recall": 0.577683615819209, "f1-score": 0.5226837060702876, "support": 708.0}, "28": {"precision": 0.8755555555555555, "recall": 0.8259958071278826, "f1-score": 0.8500539374325782, "support": 477.0}, "29": {"precision": 0.8115942028985508, "recall": 0.7943262411347518, "f1-score": 0.8028673835125448, "support": 564.0}, "30": {"precision": 0.6090534979423868, "recall": 0.512998266897747, "f1-score": 0.5569143932267169, "support": 577.0}, "31": {"precision": 0.5552, "recall": 0.7367303609341825, "f1-score": 0.6332116788321168, "support": 471.0}, "32": {"precision": 0.7800687285223368, "recall": 0.8294762484774665, "f1-score": 0.8040141676505312, "support": 821.0}, "33": {"precision": 0.7749510763209393, "recall": 0.6027397260273972, "f1-score": 0.678082191780822, "support": 657.0}, "34": {"precision": 0.566990291262136, "recall": 0.5270758122743683, "f1-score": 0.5463049579045838, "support": 554.0}, "35": {"precision": 0.8893805309734514, "recall": 0.6452648475120385, "f1-score": 0.747906976744186, "support": 623.0}, "36": {"precision": 0.6018518518518519, "recall": 0.09745127436281859, "f1-score": 0.16774193548387098, "support": 667.0}, "37": {"precision": 0.8885350318471338, "recall": 0.8759811616954474, "f1-score": 0.8822134387351779, "support": 637.0}, "38": {"precision": 0.9854014598540146, "recall": 0.9278350515463918, "f1-score": 0.9557522123893806, "support": 582.0}, "39": {"precision": 0.8348623853211009, "recall": 0.7076205287713841, "f1-score": 0.765993265993266, "support": 643.0}, "40": {"precision": 0.7394957983193278, "recall": 0.544891640866873, "f1-score": 0.6274509803921569, "support": 646.0}, "41": {"precision": 0.7809694793536804, "recall": 0.8146067415730337, "f1-score": 0.7974335472043996, "support": 534.0}, "42": {"precision": 0.8566037735849057, "recall": 0.8631178707224335, "f1-score": 0.8598484848484849, "support": 526.0}, "43": {"precision": 0.03056768558951965, "recall": 0.013671875, "f1-score": 0.018893387314439947, "support": 512.0}, "44": {"precision": 0.8314285714285714, "recall": 0.6830985915492958, "f1-score": 0.75, "support": 426.0}, "45": {"precision": 0.9171052631578948, "recall": 0.9457259158751696, "f1-score": 0.9311957247828991, "support": 737.0}, "46": {"precision": 0.6902286902286903, "recall": 0.5228346456692914, "f1-score": 0.5949820788530465, "support": 635.0}, "47": {"precision": 0.8647342995169082, "recall": 0.8087349397590361, "f1-score": 0.8357976653696498, "support": 664.0}, "48": {"precision": 0.7080103359173127, "recall": 0.8712241653418124, "f1-score": 0.7811831789023521, "support": 629.0}, "49": {"precision": 0.6716417910447762, "recall": 0.7128712871287128, "f1-score": 0.69164265129683, "support": 505.0}, "accuracy": 0.6777177264318619, "macro avg": {"precision": 0.6670450072826342, "recall": 0.6751363425997973, "f1-score": 0.6598497090683125, "support": 27569.0}, "weighted avg": {"precision": 0.6766563236622803, "recall": 0.6777177264318619, "f1-score": 0.6655507844297784, "support": 27569.0}}}